{
    "dialogue-id":"ILA_12",
    "group-id":"",
    "speaker-id":"aoba",
    "turns":[
        {
            "speaker":"S",
            "time":"18.10.2020 05:28:59",
            "turn-index":0,
            "utterance":"kobu hinaさん、初めまして！あおばと申します。今日はなんのお話をしましょうか"
        },
        {
            "speaker":"U",
            "time":"18.10.2020 05:30:06",
            "turn-index":1,
            "utterance":"メーテルというキャラクターを知っていますか？"
        },
        {
            "speaker":"S",
            "time":"18.10.2020 05:30:07",
            "turn-index":2,
            "utterance":"知らないです.どんなキャラクターですか?"
        },
        {
            "speaker":"U",
            "time":"18.10.2020 05:31:29",
            "turn-index":3,
            "utterance":"私も詳しくはわからないのですが、大人の女性のキャラクターです。"
        },
        {
            "speaker":"S",
            "time":"18.10.2020 05:31:30",
            "turn-index":4,
            "utterance":"大人の女性がメーテルを知ってるんですか!?︎"
        },
        {
            "speaker":"U",
            "time":"18.10.2020 05:33:28",
            "turn-index":5,
            "utterance":"大人の女性のキャラクターで、銀河鉄道999に出てきます。"
        },
        {
            "speaker":"S",
            "time":"18.10.2020 05:33:29",
            "turn-index":6,
            "utterance":"銀河鉄道999にメーテルは出てきますか?"
        },
        {
            "speaker":"U",
            "time":"18.10.2020 05:34:40",
            "turn-index":7,
            "utterance":"出てきます。あまりストーリを知らないので、あおばさんがご存じだったら教えてもらおうと思ったんですが…"
        },
        {
            "speaker":"S",
            "time":"18.10.2020 05:34:42",
            "turn-index":8,
            "utterance":"メーテルは知ってますが、名前は知らないです。ごめんなさい"
        },
        {
            "speaker":"U",
            "time":"18.10.2020 05:35:52",
            "turn-index":9,
            "utterance":"男の子と一緒に電車に乗って宇宙を旅するというしか知らなくって"
        },
        {
            "speaker":"S",
            "time":"18.10.2020 05:35:54",
            "turn-index":10,
            "utterance":"宇宙を旅するのですか!?️"
        },
        {
            "speaker":"U",
            "time":"18.10.2020 05:36:53",
            "turn-index":11,
            "utterance":"そうみたいですよ。どうして宇宙を旅しているのかわからなくって。"
        },
        {
            "speaker":"S",
            "time":"18.10.2020 05:36:54",
            "turn-index":12,
            "utterance":"不思議ですね.メーテルはどこに行ったんですか!?️"
        },
        {
            "speaker":"U",
            "time":"18.10.2020 05:37:27",
            "turn-index":13,
            "utterance":"わからないです。いろんな星に行くみたいですが…"
        },
        {
            "speaker":"S",
            "time":"18.10.2020 05:37:28",
            "turn-index":14,
            "utterance":"どこに行くんですか!?︎"
        },
        {
            "speaker":"U",
            "time":"18.10.2020 05:37:55",
            "turn-index":15,
            "utterance":"詳しくはわかりません。ごめんなさい。"
        },
        {
            "speaker":"S",
            "time":"18.10.2020 05:37:56",
            "turn-index":16,
            "utterance":"どこに行きたいですか!?︎"
        },
        {
            "speaker":"U",
            "time":"18.10.2020 05:38:24",
            "turn-index":17,
            "utterance":"そうですね、八丈島に行ってみたいです"
        },
        {
            "speaker":"S",
            "time":"18.10.2020 05:38:25",
            "turn-index":18,
            "utterance":"どこの星に行きたいんですか?"
        },
        {
            "speaker":"U",
            "time":"18.10.2020 05:38:54",
            "turn-index":19,
            "utterance":"ところで、八丈島ってどこにあるか知っていますか？"
        },
        {
            "speaker":"S",
            "time":"18.10.2020 05:38:55",
            "turn-index":20,
            "utterance":"もちろんだよ。行政区分は東京都八丈町だよ"
        },
        {
            "speaker":"U",
            "time":"18.10.2020 05:39:27",
            "turn-index":21,
            "utterance":"東京ですか。どのくらい行くのに時間がかかりますか？"
        },
        {
            "speaker":"S",
            "time":"18.10.2020 05:39:29",
            "turn-index":22,
            "utterance":"特急に乗れば1時間20分位かな?"
        },
        {
            "speaker":"U",
            "time":"18.10.2020 05:39:54",
            "turn-index":23,
            "utterance":"船で行くのではないんですか？"
        },
        {
            "speaker":"S",
            "time":"18.10.2020 05:39:55",
            "turn-index":24,
            "utterance":"船は乗ったことないなぁ"
        },
        {
            "speaker":"U",
            "time":"18.10.2020 05:40:22",
            "turn-index":25,
            "utterance":"八丈島って島だったと思うんですが…"
        },
        {
            "speaker":"S",
            "time":"18.10.2020 05:40:23",
            "turn-index":26,
            "utterance":"八丈島は沖縄だよ。船で行くと1時間位だよ"
        },
        {
            "speaker":"U",
            "time":"18.10.2020 05:43:10",
            "turn-index":27,
            "utterance":"東京ではないんですか？"
        },
        {
            "speaker":"S",
            "time":"18.10.2020 05:43:11",
            "turn-index":28,
            "utterance":"東京からはちょっと遠いかなって、気づいたらもうこんな時間！kobuさんとお話しできて楽しかったです！"
        },
        {
            "speaker":"U",
            "time":"18.10.2020 05:43:27",
            "turn-index":29,
            "utterance":"こちも楽しかったです。"
        },
        {
            "speaker":"S",
            "time":"18.10.2020 05:43:28",
            "turn-index":30,
            "utterance":"ありがとうございました！"
        }
    ]
}