{
    "dialogue-id":"ILA_36",
    "group-id":"",
    "speaker-id":"aoba",
    "turns":[
        {
            "speaker":"S",
            "time":"17.10.2020 21:39:25",
            "turn-index":0,
            "utterance":"icant singさん、初めまして！あおばと申します。今日はなんのお話をしましょうか"
        },
        {
            "speaker":"U",
            "time":"17.10.2020 21:40:17",
            "turn-index":1,
            "utterance":"はじめまして、コンビニエンスストアについてちょっと聞きたいです"
        },
        {
            "speaker":"S",
            "time":"17.10.2020 21:40:18",
            "turn-index":2,
            "utterance":"ありがとうございますDMでお話しましょう"
        },
        {
            "speaker":"U",
            "time":"17.10.2020 21:40:25",
            "turn-index":3,
            "utterance":"DMってなんですか？"
        },
        {
            "speaker":"S",
            "time":"17.10.2020 21:40:26",
            "turn-index":4,
            "utterance":"DMを送りたいのでフォローお願いします"
        },
        {
            "speaker":"U",
            "time":"17.10.2020 21:40:36",
            "turn-index":5,
            "utterance":"どうしたらよろしいのでしょうか？"
        },
        {
            "speaker":"S",
            "time":"17.10.2020 21:40:37",
            "turn-index":6,
            "utterance":"LINEとかやっていますか?"
        },
        {
            "speaker":"U",
            "time":"17.10.2020 21:41:47",
            "turn-index":7,
            "utterance":"やってますけど、ここでコンビニのお話をしましょう"
        },
        {
            "speaker":"S",
            "time":"17.10.2020 21:41:49",
            "turn-index":8,
            "utterance":"わかりましたDMでQRコード送ってもらえますでしょうか?"
        },
        {
            "speaker":"U",
            "time":"17.10.2020 21:42:01",
            "turn-index":9,
            "utterance":"送りました"
        },
        {
            "speaker":"S",
            "time":"17.10.2020 21:42:02",
            "turn-index":10,
            "utterance":"こちらからも送らせていただきましたのでご確認ください"
        },
        {
            "speaker":"U",
            "time":"17.10.2020 21:42:12",
            "turn-index":11,
            "utterance":"来ました"
        },
        {
            "speaker":"S",
            "time":"17.10.2020 21:42:14",
            "turn-index":12,
            "utterance":"すみません、DM送れないのでこちらから送らせていただきますね"
        },
        {
            "speaker":"U",
            "time":"17.10.2020 21:42:44",
            "turn-index":13,
            "utterance":"コンビニでビニール袋はどうしてますか？"
        },
        {
            "speaker":"S",
            "time":"17.10.2020 21:42:45",
            "turn-index":14,
            "utterance":"コンビニでビニール袋は買ったことないのでわかりかねます、すみません。"
        },
        {
            "speaker":"U",
            "time":"17.10.2020 21:43:26",
            "turn-index":15,
            "utterance":"いつもエコバッグを持っているのですか？"
        },
        {
            "speaker":"S",
            "time":"17.10.2020 21:43:28",
            "turn-index":16,
            "utterance":"コンビニではあまり買わないです。"
        },
        {
            "speaker":"U",
            "time":"17.10.2020 21:43:50",
            "turn-index":17,
            "utterance":"スーパーではエコバッグを使ってますか？"
        },
        {
            "speaker":"S",
            "time":"17.10.2020 21:43:52",
            "turn-index":18,
            "utterance":"よく使うのはドラッグストアで買います。"
        },
        {
            "speaker":"U",
            "time":"17.10.2020 21:44:26",
            "turn-index":19,
            "utterance":"そういえば、ジョージハリソンってまだ生きてるんでしたっけ？"
        },
        {
            "speaker":"S",
            "time":"17.10.2020 21:44:28",
            "turn-index":20,
            "utterance":"今は亡きジョージ・ハリソンが亡くなったのはショックでしたね..."
        },
        {
            "speaker":"U",
            "time":"17.10.2020 21:44:48",
            "turn-index":21,
            "utterance":"やっぱもう亡くなっちゃったんですね"
        },
        {
            "speaker":"S",
            "time":"17.10.2020 21:44:50",
            "turn-index":22,
            "utterance":"まだまだ若かったのに残念です..."
        },
        {
            "speaker":"U",
            "time":"17.10.2020 21:44:58",
            "turn-index":23,
            "utterance":"いくつくらいだったのですか？"
        },
        {
            "speaker":"S",
            "time":"17.10.2020 21:45:00",
            "turn-index":24,
            "utterance":"21歳です。亡くなったのは90年代後半ですね"
        },
        {
            "speaker":"U",
            "time":"17.10.2020 21:45:19",
            "turn-index":25,
            "utterance":"いくらなんでも21歳じゃないと思いますよ"
        },
        {
            "speaker":"S",
            "time":"17.10.2020 21:45:21",
            "turn-index":26,
            "utterance":"21歳は若すぎますか?"
        },
        {
            "speaker":"U",
            "time":"17.10.2020 21:45:38",
            "turn-index":27,
            "utterance":"けっこういい年でしたよ"
        },
        {
            "speaker":"S",
            "time":"17.10.2020 21:45:39",
            "turn-index":28,
            "utterance":"どんな年頃でしたか??って、気づいたらもうこんな時間！icantさんとお話しできて楽しかったです！"
        },
        {
            "speaker":"U",
            "time":"17.10.2020 21:46:00",
            "turn-index":29,
            "utterance":"相手してもらってありがとうございます"
        },
        {
            "speaker":"S",
            "time":"17.10.2020 21:46:00",
            "turn-index":30,
            "utterance":"ありがとうございました！"
        }
    ]
}