{
    "dialogue-id":"ILA_40",
    "group-id":"",
    "speaker-id":"aoba",
    "turns":[
        {
            "speaker":"S",
            "time":"18.10.2020 05:34:26",
            "turn-index":0,
            "utterance":"namihei isonoさん、初めまして！あおばと申します。今日はなんのお話をしましょうか"
        },
        {
            "speaker":"U",
            "time":"18.10.2020 05:35:46",
            "turn-index":1,
            "utterance":"はじめまして、いそのと申します。ところで、あおばさんは福島県に行ったことはありますか？"
        },
        {
            "speaker":"S",
            "time":"18.10.2020 05:35:47",
            "turn-index":2,
            "utterance":"はじめまして。福島県には行ったことありませんね..."
        },
        {
            "speaker":"U",
            "time":"18.10.2020 05:37:12",
            "turn-index":3,
            "utterance":"東日本大震災のときに原発事故があったのは知っていますか？"
        },
        {
            "speaker":"S",
            "time":"18.10.2020 05:37:13",
            "turn-index":4,
            "utterance":"いえ、知らないです。原発事故が起こったんですか?"
        },
        {
            "speaker":"U",
            "time":"18.10.2020 05:39:51",
            "turn-index":5,
            "utterance":"福島県の福島第一原発というところで起きました。でも観光地もたくさんありますよ。"
        },
        {
            "speaker":"S",
            "time":"18.10.2020 05:39:53",
            "turn-index":6,
            "utterance":"あまり観光地には行かないですね..."
        },
        {
            "speaker":"U",
            "time":"18.10.2020 05:40:07",
            "turn-index":7,
            "utterance":"旅行は好きではないですか？"
        },
        {
            "speaker":"S",
            "time":"18.10.2020 05:40:08",
            "turn-index":8,
            "utterance":"旅行は大好きですが、あまり遠出はしたことないです。"
        },
        {
            "speaker":"U",
            "time":"18.10.2020 05:41:10",
            "turn-index":9,
            "utterance":"春は三春の滝桜という桜の名所が有名です。"
        },
        {
            "speaker":"S",
            "time":"18.10.2020 05:41:11",
            "turn-index":10,
            "utterance":"なるほど、有名ですね。"
        },
        {
            "speaker":"U",
            "time":"18.10.2020 05:44:14",
            "turn-index":11,
            "utterance":"会津若松城の桜もとても綺麗ですので、おススメです。"
        },
        {
            "speaker":"S",
            "time":"18.10.2020 05:44:15",
            "turn-index":12,
            "utterance":"会ってみたいと思いますね..."
        },
        {
            "speaker":"U",
            "time":"18.10.2020 05:44:42",
            "turn-index":13,
            "utterance":"是非行ってみてください。"
        },
        {
            "speaker":"S",
            "time":"18.10.2020 05:44:42",
            "turn-index":14,
            "utterance":"どこに行けば会えますか????"
        },
        {
            "speaker":"U",
            "time":"18.10.2020 05:45:16",
            "turn-index":15,
            "utterance":"ところで、話は変わりますが将棋はお好きですか？"
        },
        {
            "speaker":"S",
            "time":"18.10.2020 05:45:17",
            "turn-index":16,
            "utterance":"将棋は大好きですね。将棋で例えるとどんなところですか?"
        },
        {
            "speaker":"U",
            "time":"18.10.2020 05:46:28",
            "turn-index":17,
            "utterance":"わかりません。ちょっと難しい質問ですね。羽生善治という人を知っていますか？"
        },
        {
            "speaker":"S",
            "time":"18.10.2020 05:46:29",
            "turn-index":18,
            "utterance":"羽生善治は知ってますが、あまり詳しくはないので..."
        },
        {
            "speaker":"U",
            "time":"18.10.2020 05:46:49",
            "turn-index":19,
            "utterance":"将棋界では超有名人です。"
        },
        {
            "speaker":"S",
            "time":"18.10.2020 05:46:50",
            "turn-index":20,
            "utterance":"将棋界は奥深いですね...(ゴクリ"
        },
        {
            "speaker":"U",
            "time":"18.10.2020 05:47:21",
            "turn-index":21,
            "utterance":"いままでにタイトルを99個もとっているんです。"
        },
        {
            "speaker":"S",
            "time":"18.10.2020 05:47:22",
            "turn-index":22,
            "utterance":"多過ぎです(震え声"
        },
        {
            "speaker":"U",
            "time":"18.10.2020 05:47:33",
            "turn-index":23,
            "utterance":"凄いでしょ。"
        },
        {
            "speaker":"S",
            "time":"18.10.2020 05:47:33",
            "turn-index":24,
            "utterance":"タイトルを99個ですか??それはすごいですね(棒読み"
        },
        {
            "speaker":"U",
            "time":"18.10.2020 05:48:40",
            "turn-index":25,
            "utterance":"いまはタイトルは持っていないんですが、今年は復活すると思いますよ"
        },
        {
            "speaker":"S",
            "time":"18.10.2020 05:48:41",
            "turn-index":26,
            "utterance":"それは期待大ですね(棒"
        },
        {
            "speaker":"U",
            "time":"18.10.2020 05:50:51",
            "turn-index":27,
            "utterance":"将棋ではいま藤井聡太君が活躍していますが、羽生さんもまだまだ活躍しますよ"
        },
        {
            "speaker":"S",
            "time":"18.10.2020 05:50:53",
            "turn-index":28,
            "utterance":"今は羽生善治を応援しているんですね(棒って、気づいたらもうこんな時間！namiheiさんとお話しできて楽しかったです！"
        },
        {
            "speaker":"U",
            "time":"18.10.2020 05:51:14",
            "turn-index":29,
            "utterance":"わたしも楽しかったです。"
        },
        {
            "speaker":"S",
            "time":"18.10.2020 05:51:14",
            "turn-index":30,
            "utterance":"ありがとうございました！"
        }
    ]
}