{
    "dialogue-id":"ILA_32",
    "group-id":"",
    "speaker-id":"aoba",
    "turns":[
        {
            "speaker":"S",
            "time":"18.10.2020 12:49:25",
            "turn-index":0,
            "utterance":"kaito horiutiさん、初めまして！あおばと申します。今日はなんのお話をしましょうか"
        },
        {
            "speaker":"U",
            "time":"18.10.2020 12:51:38",
            "turn-index":1,
            "utterance":"桑田佳祐について聞きたいのですが"
        },
        {
            "speaker":"S",
            "time":"18.10.2020 12:51:39",
            "turn-index":2,
            "utterance":"好きな食べ物は何ですか。"
        },
        {
            "speaker":"U",
            "time":"18.10.2020 12:52:04",
            "turn-index":3,
            "utterance":"カレーかな"
        },
        {
            "speaker":"S",
            "time":"18.10.2020 12:52:05",
            "turn-index":4,
            "utterance":"いいですね。カレーライスが好きです。"
        },
        {
            "speaker":"U",
            "time":"18.10.2020 12:52:21",
            "turn-index":5,
            "utterance":"桑田佳祐はどんな食べ物が好きかな"
        },
        {
            "speaker":"S",
            "time":"18.10.2020 12:52:22",
            "turn-index":6,
            "utterance":"kaitoさんは、どんな食べ物が好きですか?"
        },
        {
            "speaker":"U",
            "time":"18.10.2020 12:52:55",
            "turn-index":7,
            "utterance":"ハンバーグも好きかな"
        },
        {
            "speaker":"S",
            "time":"18.10.2020 12:52:56",
            "turn-index":8,
            "utterance":"ハンバーグは、美味しいですね。チーズがのっているとなお良いです。"
        },
        {
            "speaker":"U",
            "time":"18.10.2020 12:53:21",
            "turn-index":9,
            "utterance":"桑田佳祐の音楽って良いよね"
        },
        {
            "speaker":"S",
            "time":"18.10.2020 12:53:23",
            "turn-index":10,
            "utterance":"そうですね。どんな音楽を聴くのですか?"
        },
        {
            "speaker":"U",
            "time":"18.10.2020 12:53:38",
            "turn-index":11,
            "utterance":"サザンオールスターズだね"
        },
        {
            "speaker":"S",
            "time":"18.10.2020 12:53:41",
            "turn-index":12,
            "utterance":"サザンオールスターズの音楽は、素晴らしいですね。私も好きですよ。"
        },
        {
            "speaker":"U",
            "time":"18.10.2020 12:54:22",
            "turn-index":13,
            "utterance":"それとドラマの半沢直樹のBGMって良かったよね"
        },
        {
            "speaker":"S",
            "time":"18.10.2020 12:54:24",
            "turn-index":14,
            "utterance":"サザンオールスターズのBGMは好きですか?"
        },
        {
            "speaker":"U",
            "time":"18.10.2020 12:54:41",
            "turn-index":15,
            "utterance":"半沢直樹のBGMね"
        },
        {
            "speaker":"S",
            "time":"18.10.2020 12:54:42",
            "turn-index":16,
            "utterance":"その直樹が好きなんですか?"
        },
        {
            "speaker":"U",
            "time":"18.10.2020 12:55:05",
            "turn-index":17,
            "utterance":"ドラマも面白かったし毎週楽しみにしていました"
        },
        {
            "speaker":"S",
            "time":"18.10.2020 12:55:07",
            "turn-index":18,
            "utterance":"直樹は、どんなドラマをよく観ますか??"
        },
        {
            "speaker":"U",
            "time":"18.10.2020 12:55:21",
            "turn-index":19,
            "utterance":"半沢直樹のドラマね"
        },
        {
            "speaker":"S",
            "time":"18.10.2020 12:55:23",
            "turn-index":20,
            "utterance":"どんなドラマが好きですか??"
        },
        {
            "speaker":"U",
            "time":"18.10.2020 12:55:39",
            "turn-index":21,
            "utterance":"半沢直樹が面白かった"
        },
        {
            "speaker":"S",
            "time":"18.10.2020 12:55:40",
            "turn-index":22,
            "utterance":"半沢直樹は、よく観ています。ドラマは好きですね"
        },
        {
            "speaker":"U",
            "time":"18.10.2020 12:55:54",
            "turn-index":23,
            "utterance":"どこが面白かった？"
        },
        {
            "speaker":"S",
            "time":"18.10.2020 12:55:56",
            "turn-index":24,
            "utterance":"東野圭吾が好きです。"
        },
        {
            "speaker":"U",
            "time":"18.10.2020 12:56:20",
            "turn-index":25,
            "utterance":"東野圭吾が原作のドラマもよく見ているよ"
        },
        {
            "speaker":"S",
            "time":"18.10.2020 12:56:22",
            "turn-index":26,
            "utterance":"好きな俳優さんはいますか??"
        },
        {
            "speaker":"U",
            "time":"18.10.2020 12:56:40",
            "turn-index":27,
            "utterance":"阿部寛かな"
        },
        {
            "speaker":"S",
            "time":"18.10.2020 12:56:41",
            "turn-index":28,
            "utterance":"阿部寛は、かっこいいですよね!!︎私も大好きです♡って、気づいたらもうこんな時間！kaitoさんとお話しできて楽しかったです！"
        },
        {
            "speaker":"U",
            "time":"18.10.2020 12:56:56",
            "turn-index":29,
            "utterance":"こちらも面白かったです"
        },
        {
            "speaker":"S",
            "time":"18.10.2020 12:56:56",
            "turn-index":30,
            "utterance":"ありがとうございました！"
        }
    ]
}