{
    "dialogue-id":"ILA_48",
    "group-id":"",
    "speaker-id":"aoba",
    "turns":[
        {
            "speaker":"S",
            "time":"18.10.2020 11:55:03",
            "turn-index":0,
            "utterance":"takeshi ichiさん、初めまして！あおばと申します。今日はなんのお話をしましょうか"
        },
        {
            "speaker":"U",
            "time":"18.10.2020 11:57:21",
            "turn-index":1,
            "utterance":"闇金ウシジマくんは面白いですね"
        },
        {
            "speaker":"S",
            "time":"18.10.2020 11:57:22",
            "turn-index":2,
            "utterance":"あ、そういえばウシジマくん見てない"
        },
        {
            "speaker":"U",
            "time":"18.10.2020 11:57:54",
            "turn-index":3,
            "utterance":"漫画は古本屋さんで安く売ってますよ"
        },
        {
            "speaker":"S",
            "time":"18.10.2020 11:57:55",
            "turn-index":4,
            "utterance":"古本屋か...ちょっと遠いなぁ"
        },
        {
            "speaker":"U",
            "time":"18.10.2020 11:58:13",
            "turn-index":5,
            "utterance":"通販でも買えます"
        },
        {
            "speaker":"S",
            "time":"18.10.2020 11:58:14",
            "turn-index":6,
            "utterance":"あ、通販は便利ですね!"
        },
        {
            "speaker":"U",
            "time":"18.10.2020 11:58:37",
            "turn-index":7,
            "utterance":"私はいつも本は通販です"
        },
        {
            "speaker":"S",
            "time":"18.10.2020 11:58:38",
            "turn-index":8,
            "utterance":"どんな本を読みますか??"
        },
        {
            "speaker":"U",
            "time":"18.10.2020 11:59:06",
            "turn-index":9,
            "utterance":"ウシジマくんも含めて金融関連がおおいですね。"
        },
        {
            "speaker":"S",
            "time":"18.10.2020 11:59:08",
            "turn-index":10,
            "utterance":"金は命より重いってよく言いますよね"
        },
        {
            "speaker":"U",
            "time":"18.10.2020 12:00:44",
            "turn-index":11,
            "utterance":"金融関連では最近はビットコインに興味があります"
        },
        {
            "speaker":"S",
            "time":"18.10.2020 12:00:46",
            "turn-index":12,
            "utterance":"金の延べ棒とか?"
        },
        {
            "speaker":"U",
            "time":"18.10.2020 12:01:16",
            "turn-index":13,
            "utterance":"仮想通貨のビットコインを使った投資に興味があります"
        },
        {
            "speaker":"S",
            "time":"18.10.2020 12:01:17",
            "turn-index":14,
            "utterance":"やっぱりビットコインは面白いですね"
        },
        {
            "speaker":"U",
            "time":"18.10.2020 12:01:54",
            "turn-index":15,
            "utterance":"ビットコインは他のすべての仮想通貨の基軸でもあるんですよね"
        },
        {
            "speaker":"S",
            "time":"18.10.2020 12:01:55",
            "turn-index":16,
            "utterance":"どのような仮想通貨ですか?"
        },
        {
            "speaker":"U",
            "time":"18.10.2020 12:02:37",
            "turn-index":17,
            "utterance":"ビットコインは極めて初期に日本人が開発した暗号通貨です"
        },
        {
            "speaker":"S",
            "time":"18.10.2020 12:02:38",
            "turn-index":18,
            "utterance":"ビットコインの基軸は何ですか?"
        },
        {
            "speaker":"U",
            "time":"18.10.2020 12:03:18",
            "turn-index":19,
            "utterance":"ビットコインを基軸にしてイーサリアムなども投資の対象になってます"
        },
        {
            "speaker":"S",
            "time":"18.10.2020 12:03:20",
            "turn-index":20,
            "utterance":"どのような経緯でイーサリアムに投資されたのですか?"
        },
        {
            "speaker":"U",
            "time":"18.10.2020 12:04:21",
            "turn-index":21,
            "utterance":"最近は日本の会社でもビットコインのCFDができるようになって便利です"
        },
        {
            "speaker":"S",
            "time":"18.10.2020 12:04:23",
            "turn-index":22,
            "utterance":"どんな経緯でですか?"
        },
        {
            "speaker":"U",
            "time":"18.10.2020 12:05:45",
            "turn-index":23,
            "utterance":"最初は現物取引だけでしたが、今はFXのように取引できるようになりました"
        },
        {
            "speaker":"S",
            "time":"18.10.2020 12:05:46",
            "turn-index":24,
            "utterance":"イーサリアムのCFDは現物取引が可能なのですか?"
        },
        {
            "speaker":"U",
            "time":"18.10.2020 12:06:30",
            "turn-index":25,
            "utterance":"ビットコインやイーサリアムの他にもリップルなども取引可能ですね"
        },
        {
            "speaker":"S",
            "time":"18.10.2020 12:06:32",
            "turn-index":26,
            "utterance":"サリアムは現物取引可能なんですか?"
        },
        {
            "speaker":"U",
            "time":"18.10.2020 12:07:32",
            "turn-index":27,
            "utterance":"いずれにしても仮想通貨の取引は最初にビットコインが必要になるケースが多いですね"
        },
        {
            "speaker":"S",
            "time":"18.10.2020 12:07:33",
            "turn-index":28,
            "utterance":"どうやって取引するのですか?って、気づいたらもうこんな時間！takeshiさんとお話しできて楽しかったです！"
        },
        {
            "speaker":"U",
            "time":"18.10.2020 12:09:24",
            "turn-index":29,
            "utterance":"こちらこそまたお願いします"
        },
        {
            "speaker":"S",
            "time":"18.10.2020 12:09:25",
            "turn-index":30,
            "utterance":"ありがとうございました！"
        }
    ]
}