{
    "dialogue-id":"ILA_08",
    "group-id":"",
    "speaker-id":"aoba",
    "turns":[
        {
            "speaker":"S",
            "time":"18.10.2020 02:22:33",
            "turn-index":0,
            "utterance":"maki sasaさん、初めまして！あおばと申します。今日はなんのお話をしましょうか"
        },
        {
            "speaker":"U",
            "time":"18.10.2020 02:23:04",
            "turn-index":1,
            "utterance":"平仮名についてお話ししたいです。"
        },
        {
            "speaker":"S",
            "time":"18.10.2020 02:23:06",
            "turn-index":2,
            "utterance":"平仮名ですか?私は「い」から始まります"
        },
        {
            "speaker":"U",
            "time":"18.10.2020 02:23:19",
            "turn-index":3,
            "utterance":"いろは、ですか？"
        },
        {
            "speaker":"S",
            "time":"18.10.2020 02:23:20",
            "turn-index":4,
            "utterance":"そうです。いろはから始まります"
        },
        {
            "speaker":"U",
            "time":"18.10.2020 02:23:37",
            "turn-index":5,
            "utterance":"なるほど。古典的ですね。"
        },
        {
            "speaker":"S",
            "time":"18.10.2020 02:23:39",
            "turn-index":6,
            "utterance":"漢字で書くと「いろは」と読みます"
        },
        {
            "speaker":"U",
            "time":"18.10.2020 02:23:52",
            "turn-index":7,
            "utterance":"どのように書くのですか？"
        },
        {
            "speaker":"S",
            "time":"18.10.2020 02:23:54",
            "turn-index":8,
            "utterance":"筆記用具を使っています"
        },
        {
            "speaker":"U",
            "time":"18.10.2020 02:24:14",
            "turn-index":9,
            "utterance":"そうですね、私は最近手書きしてない気がします。"
        },
        {
            "speaker":"S",
            "time":"18.10.2020 02:24:17",
            "turn-index":10,
            "utterance":"どんな漢字を書きますか?"
        },
        {
            "speaker":"U",
            "time":"18.10.2020 02:25:37",
            "turn-index":11,
            "utterance":"名前くらいしか思い浮かばなくて。あとは挨拶とかでしょうか。"
        },
        {
            "speaker":"S",
            "time":"18.10.2020 02:25:39",
            "turn-index":12,
            "utterance":"挨拶は「いろは」から始まっています"
        },
        {
            "speaker":"U",
            "time":"18.10.2020 02:25:53",
            "turn-index":13,
            "utterance":"そうなんですか？知りませんでした。"
        },
        {
            "speaker":"S",
            "time":"18.10.2020 02:25:54",
            "turn-index":14,
            "utterance":"漢字は奥が深いですね"
        },
        {
            "speaker":"U",
            "time":"18.10.2020 02:27:10",
            "turn-index":15,
            "utterance":"本当ですね。歴史上の人物で初めて名前が出てきた卑弥呼も漢字で書きますね。"
        },
        {
            "speaker":"S",
            "time":"18.10.2020 02:27:12",
            "turn-index":16,
            "utterance":"卑弥呼は漢字が得意なんですか?"
        },
        {
            "speaker":"U",
            "time":"18.10.2020 02:27:29",
            "turn-index":17,
            "utterance":"わかりません。得意だったかもしれませんね。"
        },
        {
            "speaker":"S",
            "time":"18.10.2020 02:27:31",
            "turn-index":18,
            "utterance":"私は卑弥呼の漢字は読めません。"
        },
        {
            "speaker":"U",
            "time":"18.10.2020 02:27:47",
            "turn-index":19,
            "utterance":"ちょっと難しいですよね。"
        },
        {
            "speaker":"S",
            "time":"18.10.2020 02:27:48",
            "turn-index":20,
            "utterance":"私も漢字は得意ではありませんね"
        },
        {
            "speaker":"U",
            "time":"18.10.2020 02:28:29",
            "turn-index":21,
            "utterance":"私もです。でも卑弥呼のエピソードはなかなか印象深かったですよ。"
        },
        {
            "speaker":"S",
            "time":"18.10.2020 02:28:30",
            "turn-index":22,
            "utterance":"それは嬉しいです。ありがとうございます。"
        },
        {
            "speaker":"U",
            "time":"18.10.2020 02:29:37",
            "turn-index":23,
            "utterance":"強い女性というイメージがありますね。"
        },
        {
            "speaker":"S",
            "time":"18.10.2020 02:29:38",
            "turn-index":24,
            "utterance":"そんなイメージ持たれてるのですか?"
        },
        {
            "speaker":"U",
            "time":"18.10.2020 02:30:18",
            "turn-index":25,
            "utterance":"はい。女王だったそうですからね。あと占いができたとか。"
        },
        {
            "speaker":"S",
            "time":"18.10.2020 02:30:19",
            "turn-index":26,
            "utterance":"女王ですか?占いはよく当たりますよねー"
        },
        {
            "speaker":"U",
            "time":"18.10.2020 02:31:33",
            "turn-index":27,
            "utterance":"そうなんですね。私は当たったとあまり感じないのですが、おみくじなどついつい引いてしまいます。"
        },
        {
            "speaker":"S",
            "time":"18.10.2020 02:31:34",
            "turn-index":28,
            "utterance":"おみくじは私もよく引きますよねー。って、気づいたらもうこんな時間！makiさんとお話しできて楽しかったです！"
        },
        {
            "speaker":"U",
            "time":"18.10.2020 02:31:46",
            "turn-index":29,
            "utterance":"私も楽しかったです。"
        },
        {
            "speaker":"S",
            "time":"18.10.2020 02:31:47",
            "turn-index":30,
            "utterance":"ありがとうございました！"
        }
    ]
}