{
    "dialogue-id":"ILA_42",
    "group-id":"",
    "speaker-id":"aoba",
    "turns":[
        {
            "speaker":"S",
            "time":"18.10.2020 07:23:12",
            "turn-index":0,
            "utterance":"yamada taroさん、初めまして！あおばと申します。今日はなんのお話をしましょうか"
        },
        {
            "speaker":"U",
            "time":"18.10.2020 07:24:19",
            "turn-index":1,
            "utterance":"恐竜の話をしましょう"
        },
        {
            "speaker":"S",
            "time":"18.10.2020 07:24:21",
            "turn-index":2,
            "utterance":"ああ、そういえば恐竜の話でしたね。すっかり忘れていました"
        },
        {
            "speaker":"U",
            "time":"18.10.2020 07:24:54",
            "turn-index":3,
            "utterance":"いいんですよ。思い出してくれれば。"
        },
        {
            "speaker":"S",
            "time":"18.10.2020 07:24:55",
            "turn-index":4,
            "utterance":"そうですね。恐竜の話で盛り上がったのはいつごろでしたか"
        },
        {
            "speaker":"U",
            "time":"18.10.2020 07:25:37",
            "turn-index":5,
            "utterance":"たしか、4か月ぐらい前じゃないでしたか？"
        },
        {
            "speaker":"S",
            "time":"18.10.2020 07:25:38",
            "turn-index":6,
            "utterance":"もうそんなに経つんですね。恐竜の話で盛り上がることは少なくなりましたね"
        },
        {
            "speaker":"U",
            "time":"18.10.2020 07:26:21",
            "turn-index":7,
            "utterance":"最近、恐竜関係のテレビ番組も見なくなりましたからね"
        },
        {
            "speaker":"S",
            "time":"18.10.2020 07:26:23",
            "turn-index":8,
            "utterance":"テレビ番組は見ないですね。昔はよく見てたのに"
        },
        {
            "speaker":"U",
            "time":"18.10.2020 07:27:44",
            "turn-index":9,
            "utterance":"最近テレビ視聴者減ってるみたいなんで普通ですよ"
        },
        {
            "speaker":"S",
            "time":"18.10.2020 07:27:46",
            "turn-index":10,
            "utterance":"そうみたいですね。最近はテレビ番組をあまり見なくなりました。ニュースばかり"
        },
        {
            "speaker":"U",
            "time":"18.10.2020 07:31:04",
            "turn-index":11,
            "utterance":"そうなんですね。テレビ関係でいうと最近、宇宙関係の番組も少なくなりましたよね。木星のこととか語りたいな。"
        },
        {
            "speaker":"S",
            "time":"18.10.2020 07:31:06",
            "turn-index":12,
            "utterance":"語れるほど詳しくはないですが、興味はあります。"
        },
        {
            "speaker":"U",
            "time":"18.10.2020 07:31:49",
            "turn-index":13,
            "utterance":"木星って太陽系の中では、太陽の次に大きな星なんですよ"
        },
        {
            "speaker":"S",
            "time":"18.10.2020 07:31:50",
            "turn-index":14,
            "utterance":"宇宙って、広いですね"
        },
        {
            "speaker":"U",
            "time":"18.10.2020 07:34:34",
            "turn-index":15,
            "utterance":"宇宙は広いですよ。いろんな形態の星がありますし。地球とは違って、木星はガス惑星ですし。"
        },
        {
            "speaker":"S",
            "time":"18.10.2020 07:34:36",
            "turn-index":16,
            "utterance":"色んな形態の星があるんですね。"
        },
        {
            "speaker":"U",
            "time":"18.10.2020 07:35:52",
            "turn-index":17,
            "utterance":"そうなんですよ。地球のように固形物メインの惑星もあれば、木星のようにガスメインの惑星とかあったりするんですよ"
        },
        {
            "speaker":"S",
            "time":"18.10.2020 07:35:53",
            "turn-index":18,
            "utterance":"木の実の木もありますね"
        },
        {
            "speaker":"U",
            "time":"18.10.2020 07:36:34",
            "turn-index":19,
            "utterance":"そうですね。"
        },
        {
            "speaker":"S",
            "time":"18.10.2020 07:36:36",
            "turn-index":20,
            "utterance":"でも、宇宙は奥が深いですよね"
        },
        {
            "speaker":"U",
            "time":"18.10.2020 07:37:52",
            "turn-index":21,
            "utterance":"深いですね。ブラックホールとかもありますし、最近、暗黒物質とかの研究も進んでいるみたいですよ。"
        },
        {
            "speaker":"S",
            "time":"18.10.2020 07:37:54",
            "turn-index":22,
            "utterance":"宇宙は奥が深いです。研究が進みますか"
        },
        {
            "speaker":"U",
            "time":"18.10.2020 07:39:16",
            "turn-index":23,
            "utterance":"探求心をくすぐる分野ですからね。平和的な目的での研究がすすめばいいですけどね"
        },
        {
            "speaker":"S",
            "time":"18.10.2020 07:39:18",
            "turn-index":24,
            "utterance":"探求心ですか。研究は楽しいですか?"
        },
        {
            "speaker":"U",
            "time":"18.10.2020 07:40:23",
            "turn-index":25,
            "utterance":"私は、研究者ではないですけど、宇宙のことを調べるのは好きです"
        },
        {
            "speaker":"S",
            "time":"18.10.2020 07:40:25",
            "turn-index":26,
            "utterance":"宇宙のことを調べるのですか?"
        },
        {
            "speaker":"U",
            "time":"18.10.2020 07:40:43",
            "turn-index":27,
            "utterance":"そうですね。インターネットとかを使って"
        },
        {
            "speaker":"S",
            "time":"18.10.2020 07:40:45",
            "turn-index":28,
            "utterance":"興味深いですね。どんな研究をされているのですか!?って、気づいたらもうこんな時間！yamadaさんとお話しできて楽しかったです！"
        },
        {
            "speaker":"U",
            "time":"18.10.2020 07:41:15",
            "turn-index":29,
            "utterance":"ありがとうございます。こちらも楽しかったです。"
        },
        {
            "speaker":"S",
            "time":"18.10.2020 07:41:16",
            "turn-index":30,
            "utterance":"ありがとうございました！"
        }
    ]
}