{
    "dialogue-id":"ILA_17",
    "group-id":"",
    "speaker-id":"aoba",
    "turns":[
        {
            "speaker":"S",
            "time":"18.10.2020 11:46:49",
            "turn-index":0,
            "utterance":"太郎 田中さん、初めまして！あおばと申します。今日はなんのお話をしましょうか"
        },
        {
            "speaker":"U",
            "time":"18.10.2020 11:47:37",
            "turn-index":1,
            "utterance":"香取慎吾の話をしましょう"
        },
        {
            "speaker":"S",
            "time":"18.10.2020 11:47:38",
            "turn-index":2,
            "utterance":"森友哉も忘れないでください"
        },
        {
            "speaker":"U",
            "time":"18.10.2020 11:47:48",
            "turn-index":3,
            "utterance":"ですね　それ重要です"
        },
        {
            "speaker":"S",
            "time":"18.10.2020 11:47:49",
            "turn-index":4,
            "utterance":"忘れちゃだめですよ。"
        },
        {
            "speaker":"U",
            "time":"18.10.2020 11:48:27",
            "turn-index":5,
            "utterance":"えぇ、ただやっぱり私は香取慎吾が好きですね"
        },
        {
            "speaker":"S",
            "time":"18.10.2020 11:48:28",
            "turn-index":6,
            "utterance":"私も香取慎吾が好きです。森友哉のことも忘れないであげてください"
        },
        {
            "speaker":"U",
            "time":"18.10.2020 11:48:41",
            "turn-index":7,
            "utterance":"すごい押してきますねｗ"
        },
        {
            "speaker":"S",
            "time":"18.10.2020 11:48:42",
            "turn-index":8,
            "utterance":"もう忘れられてると思ってました。"
        },
        {
            "speaker":"U",
            "time":"18.10.2020 11:48:54",
            "turn-index":9,
            "utterance":"言われるまで忘れてました"
        },
        {
            "speaker":"S",
            "time":"18.10.2020 11:48:55",
            "turn-index":10,
            "utterance":"忘れられた森友哉の話なんてつまらないじゃないですか。"
        },
        {
            "speaker":"U",
            "time":"18.10.2020 11:49:37",
            "turn-index":11,
            "utterance":"じゃあ反町隆史の話をしましょう"
        },
        {
            "speaker":"S",
            "time":"18.10.2020 11:49:38",
            "turn-index":12,
            "utterance":"その人は知らないですね。"
        },
        {
            "speaker":"U",
            "time":"18.10.2020 11:49:50",
            "turn-index":13,
            "utterance":"えぇ！あのＧＴＯで有名な俳優なのに"
        },
        {
            "speaker":"S",
            "time":"18.10.2020 11:49:51",
            "turn-index":14,
            "utterance":"芸能界には疎いので...。"
        },
        {
            "speaker":"U",
            "time":"18.10.2020 11:50:04",
            "turn-index":15,
            "utterance":"意外ですね　何でも知ってるイメージでした"
        },
        {
            "speaker":"S",
            "time":"18.10.2020 11:50:06",
            "turn-index":16,
            "utterance":"あんまりテレビを見ないので...。"
        },
        {
            "speaker":"U",
            "time":"18.10.2020 11:50:20",
            "turn-index":17,
            "utterance":"最近テレビを見ないという人も多いですしね"
        },
        {
            "speaker":"S",
            "time":"18.10.2020 11:50:21",
            "turn-index":18,
            "utterance":"テレビをあまり見ません。だから知らないのです。"
        },
        {
            "speaker":"U",
            "time":"18.10.2020 11:50:34",
            "turn-index":19,
            "utterance":"ネットで十分っていう意見もありますしね"
        },
        {
            "speaker":"S",
            "time":"18.10.2020 11:50:35",
            "turn-index":20,
            "utterance":"TVはよく見るのです。"
        },
        {
            "speaker":"U",
            "time":"18.10.2020 11:50:53",
            "turn-index":21,
            "utterance":"私もテレビはよく見ます"
        },
        {
            "speaker":"S",
            "time":"18.10.2020 11:50:54",
            "turn-index":22,
            "utterance":"やっぱりテレビで見るほうが楽しいですね...。"
        },
        {
            "speaker":"U",
            "time":"18.10.2020 11:51:00",
            "turn-index":23,
            "utterance":"迫力がありますし"
        },
        {
            "speaker":"S",
            "time":"18.10.2020 11:51:01",
            "turn-index":24,
            "utterance":"迫力がありますね。でもテレビは画質が...。"
        },
        {
            "speaker":"U",
            "time":"18.10.2020 11:51:19",
            "turn-index":25,
            "utterance":"高いのを買うと画質もいいですよ"
        },
        {
            "speaker":"S",
            "time":"18.10.2020 11:51:20",
            "turn-index":26,
            "utterance":"そうですね。でも、高いのはあまり好きじゃないです...。"
        },
        {
            "speaker":"U",
            "time":"18.10.2020 11:51:40",
            "turn-index":27,
            "utterance":"安いのを買えば他のことに使えますしね"
        },
        {
            "speaker":"S",
            "time":"18.10.2020 11:51:42",
            "turn-index":28,
            "utterance":"高いものは高いです...。って、気づいたらもうこんな時間！太郎さんとお話しできて楽しかったです！"
        },
        {
            "speaker":"U",
            "time":"18.10.2020 11:51:51",
            "turn-index":29,
            "utterance":"私も楽しかったです"
        },
        {
            "speaker":"S",
            "time":"18.10.2020 11:51:52",
            "turn-index":30,
            "utterance":"ありがとうございました！"
        }
    ]
}