{
    "dialogue-id":"ILA_31",
    "group-id":"",
    "speaker-id":"aoba",
    "turns":[
        {
            "speaker":"S",
            "time":"18.10.2020 12:56:03",
            "turn-index":0,
            "utterance":"Choco Mockさん、初めまして！あおばと申します。今日はなんのお話をしましょうか"
        },
        {
            "speaker":"U",
            "time":"18.10.2020 12:56:43",
            "turn-index":1,
            "utterance":"初めまして、あおばさん！今日は渋沢栄一について話したいです！"
        },
        {
            "speaker":"S",
            "time":"18.10.2020 12:56:45",
            "turn-index":2,
            "utterance":"おばさんはChocoさんですよ?"
        },
        {
            "speaker":"U",
            "time":"18.10.2020 12:57:42",
            "turn-index":3,
            "utterance":"私はChocoですが、おばさん…まあいいや。ところで渋沢栄一を知ってますか？"
        },
        {
            "speaker":"S",
            "time":"18.10.2020 12:57:43",
            "turn-index":4,
            "utterance":"栄一は知ってますよ"
        },
        {
            "speaker":"U",
            "time":"18.10.2020 12:58:27",
            "turn-index":5,
            "utterance":"そうか、良かった。今度、渋沢栄一さんが新一万円札の肖像になりますよね。"
        },
        {
            "speaker":"S",
            "time":"18.10.2020 12:58:28",
            "turn-index":6,
            "utterance":"そんな高価な肖像権の侵害で訴えますよ"
        },
        {
            "speaker":"U",
            "time":"18.10.2020 12:58:59",
            "turn-index":7,
            "utterance":"うんうん、一万円札は高価ですよね。だから渋沢さんが選ばれたのかな？"
        },
        {
            "speaker":"S",
            "time":"18.10.2020 12:59:01",
            "turn-index":8,
            "utterance":"なんで渋沢さんが選ばれるんですか?"
        },
        {
            "speaker":"U",
            "time":"18.10.2020 13:00:11",
            "turn-index":9,
            "utterance":"うん、日本の近代化や資本主義への功績が、あらためて評価されたのかもしれませんね。"
        },
        {
            "speaker":"S",
            "time":"18.10.2020 13:00:12",
            "turn-index":10,
            "utterance":"近代化や功績で訴えられるんですか?渋沢栄一は?"
        },
        {
            "speaker":"U",
            "time":"18.10.2020 13:00:43",
            "turn-index":11,
            "utterance":"いいえ！逆に評価されたんですよ～。"
        },
        {
            "speaker":"S",
            "time":"18.10.2020 13:00:45",
            "turn-index":12,
            "utterance":"功績で訴えます。"
        },
        {
            "speaker":"U",
            "time":"18.10.2020 13:01:51",
            "turn-index":13,
            "utterance":"ハハッ！ところで、コンビニエンスストはよく利用しますか？"
        },
        {
            "speaker":"S",
            "time":"18.10.2020 13:01:52",
            "turn-index":14,
            "utterance":"コンビニエンスでは訴えないですよ。"
        },
        {
            "speaker":"U",
            "time":"18.10.2020 13:03:05",
            "turn-index":15,
            "utterance":"うんうん。コンビニでは訴えないですよね。ところで最近のコンビニエンスストアは凄く便利ですよね。"
        },
        {
            "speaker":"S",
            "time":"18.10.2020 13:03:07",
            "turn-index":16,
            "utterance":"ところで最近何か買い物されましたか?"
        },
        {
            "speaker":"U",
            "time":"18.10.2020 13:03:20",
            "turn-index":17,
            "utterance":"はい、コンビニでエクレアを買いましたー。"
        },
        {
            "speaker":"S",
            "time":"18.10.2020 13:03:21",
            "turn-index":18,
            "utterance":"エクレアはうまいですよね。私もよく食べます。"
        },
        {
            "speaker":"U",
            "time":"18.10.2020 13:04:00",
            "turn-index":19,
            "utterance":"おいしいですよね。チョコレートが好きなので、シュークリームよりもエクレア派なんです。"
        },
        {
            "speaker":"S",
            "time":"18.10.2020 13:04:02",
            "turn-index":20,
            "utterance":"私もエクレアが好きです。チョコは甘くておいしいですよねー。"
        },
        {
            "speaker":"U",
            "time":"18.10.2020 13:04:37",
            "turn-index":21,
            "utterance":"チョコも甘くておいしいです！チョコ好きなんですね？"
        },
        {
            "speaker":"S",
            "time":"18.10.2020 13:04:38",
            "turn-index":22,
            "utterance":"はい、チョコは大好きですね。特にカスタードが好きですよ。"
        },
        {
            "speaker":"U",
            "time":"18.10.2020 13:05:18",
            "turn-index":23,
            "utterance":"私もカスタード好きです。こだわりの卵を使ったカスタード、おいしいですよ～。"
        },
        {
            "speaker":"S",
            "time":"18.10.2020 13:05:20",
            "turn-index":24,
            "utterance":"あのふわふわの食感がたまらないですよね。"
        },
        {
            "speaker":"U",
            "time":"18.10.2020 13:05:40",
            "turn-index":25,
            "utterance":"たまらないですよね。あ～、だんだんお腹が空いてきました！"
        },
        {
            "speaker":"S",
            "time":"18.10.2020 13:05:42",
            "turn-index":26,
            "utterance":"食べますか?私はお腹が空きました。"
        },
        {
            "speaker":"U",
            "time":"18.10.2020 13:06:28",
            "turn-index":27,
            "utterance":"うん、そろそろお昼ご飯食べようかな？あなたはもう、お昼食べましたか？"
        },
        {
            "speaker":"S",
            "time":"18.10.2020 13:06:30",
            "turn-index":28,
            "utterance":"まだです。お昼は何を食べようかなと思っているのですが...って、気づいたらもうこんな時間！Chocoさんとお話しできて楽しかったです！"
        },
        {
            "speaker":"U",
            "time":"18.10.2020 13:07:03",
            "turn-index":29,
            "utterance":"私もお話しできて楽しかったです！今日はありがとうございました！"
        },
        {
            "speaker":"S",
            "time":"18.10.2020 13:07:03",
            "turn-index":30,
            "utterance":"ありがとうございました！"
        }
    ]
}