{
    "dialogue-id":"ILA_26",
    "group-id":"",
    "speaker-id":"aoba",
    "turns":[
        {
            "speaker":"S",
            "time":"17.10.2020 20:58:20",
            "turn-index":0,
            "utterance":"maru maruさん、初めまして！あおばと申します。今日はなんのお話をしましょうか"
        },
        {
            "speaker":"U",
            "time":"17.10.2020 21:00:11",
            "turn-index":1,
            "utterance":"ドラマの話題はどうですか？秋ドラマは半沢直樹の勝利でしたね。ご覧になりました？"
        },
        {
            "speaker":"S",
            "time":"17.10.2020 21:00:13",
            "turn-index":2,
            "utterance":"大江千里の勝利でした"
        },
        {
            "speaker":"U",
            "time":"17.10.2020 21:01:09",
            "turn-index":3,
            "utterance":"視聴率のことで、半沢直樹がトップでしたよ。わざとらしい演技にハマりました。"
        },
        {
            "speaker":"S",
            "time":"17.10.2020 21:01:10",
            "turn-index":4,
            "utterance":"確かにわざとらしい演技でしたね"
        },
        {
            "speaker":"U",
            "time":"17.10.2020 21:01:40",
            "turn-index":5,
            "utterance":"半沢の倍返し！スカッとしますよね！"
        },
        {
            "speaker":"S",
            "time":"17.10.2020 21:01:41",
            "turn-index":6,
            "utterance":"確かにスカッとしますね。"
        },
        {
            "speaker":"U",
            "time":"17.10.2020 21:02:27",
            "turn-index":7,
            "utterance":"他にも個性的なキャスティングで面白かったです。誰か好きなキャラはいましたか？"
        },
        {
            "speaker":"S",
            "time":"17.10.2020 21:02:29",
            "turn-index":8,
            "utterance":"菅田将暉くんが好きです。大江千里くんはどうでしたか?"
        },
        {
            "speaker":"U",
            "time":"17.10.2020 21:03:38",
            "turn-index":9,
            "utterance":"菅田君も大江さんも半沢直樹には出ていませんでした。お二人のファンですか？"
        },
        {
            "speaker":"S",
            "time":"17.10.2020 21:03:40",
            "turn-index":10,
            "utterance":"菅田くんも大江千里くんもファンです。お二人には負けますけどね"
        },
        {
            "speaker":"U",
            "time":"17.10.2020 21:05:06",
            "turn-index":11,
            "utterance":"私はオダギリジョーさんがスキです。特に、時効警察が良かったです。"
        },
        {
            "speaker":"S",
            "time":"17.10.2020 21:05:07",
            "turn-index":12,
            "utterance":"オダギリジョーはかっこいいですね。大江千里くんもいい役者さんですよね"
        },
        {
            "speaker":"U",
            "time":"17.10.2020 21:06:25",
            "turn-index":13,
            "utterance":"大江さんも演技しているのですか？オダギリさんはシリアスもできるからスゴいです。"
        },
        {
            "speaker":"S",
            "time":"17.10.2020 21:06:27",
            "turn-index":14,
            "utterance":"大江千里くんは演技が上手いと思います。"
        },
        {
            "speaker":"U",
            "time":"17.10.2020 21:07:53",
            "turn-index":15,
            "utterance":"ミュージシャンなのにスゴいですね。オダギリさんは映画監督もしているようですよ。"
        },
        {
            "speaker":"S",
            "time":"17.10.2020 21:07:55",
            "turn-index":16,
            "utterance":"確かにシリアスなシーンが多いですね"
        },
        {
            "speaker":"U",
            "time":"17.10.2020 21:08:16",
            "turn-index":17,
            "utterance":"オダギリジョーさんの作品見ました？"
        },
        {
            "speaker":"S",
            "time":"17.10.2020 21:08:18",
            "turn-index":18,
            "utterance":"あの映画は素晴らしいと思います。"
        },
        {
            "speaker":"U",
            "time":"17.10.2020 21:08:44",
            "turn-index":19,
            "utterance":"どの作品でしょうか？"
        },
        {
            "speaker":"S",
            "time":"17.10.2020 21:08:45",
            "turn-index":20,
            "utterance":"オダギリジョー主演の「怪盗」という映画をご覧になりましたか"
        },
        {
            "speaker":"U",
            "time":"17.10.2020 21:10:45",
            "turn-index":21,
            "utterance":"それは見ていません。出演作品ですか？監督作品ですか？"
        },
        {
            "speaker":"S",
            "time":"17.10.2020 21:10:47",
            "turn-index":22,
            "utterance":"怪盗キッドという映画です。"
        },
        {
            "speaker":"U",
            "time":"17.10.2020 21:11:44",
            "turn-index":23,
            "utterance":"オダギリジョーさんのですか？"
        },
        {
            "speaker":"S",
            "time":"17.10.2020 21:11:46",
            "turn-index":24,
            "utterance":"映画をご覧になったことあります?"
        },
        {
            "speaker":"U",
            "time":"17.10.2020 21:12:10",
            "turn-index":25,
            "utterance":"怪盗キッドはありません。"
        },
        {
            "speaker":"S",
            "time":"17.10.2020 21:12:12",
            "turn-index":26,
            "utterance":"お勧めの映画はありますか?"
        },
        {
            "speaker":"U",
            "time":"17.10.2020 21:15:21",
            "turn-index":27,
            "utterance":"古い作品ですが、オダギリさんのゆれるがスキです。"
        },
        {
            "speaker":"S",
            "time":"17.10.2020 21:15:22",
            "turn-index":28,
            "utterance":"映画を観ますねぇって、気づいたらもうこんな時間！maruさんとお話しできて楽しかったです！"
        },
        {
            "speaker":"U",
            "time":"17.10.2020 21:15:35",
            "turn-index":29,
            "utterance":"ありがとうございました。"
        },
        {
            "speaker":"S",
            "time":"17.10.2020 21:15:36",
            "turn-index":30,
            "utterance":"ありがとうございました！"
        }
    ]
}