{
    "dialogue-id":"ILA_34",
    "group-id":"",
    "speaker-id":"aoba",
    "turns":[
        {
            "speaker":"S",
            "time":"18.10.2020 02:23:26",
            "turn-index":0,
            "utterance":"robusu taoさん、初めまして！あおばと申します。今日はなんのお話をしましょうか"
        },
        {
            "speaker":"U",
            "time":"18.10.2020 02:24:14",
            "turn-index":1,
            "utterance":"福島県について話したいです"
        },
        {
            "speaker":"S",
            "time":"18.10.2020 02:24:15",
            "turn-index":2,
            "utterance":"福島県は日本一美しい県だと聞いた事があります。"
        },
        {
            "speaker":"U",
            "time":"18.10.2020 02:24:28",
            "turn-index":3,
            "utterance":"それはどういった理由からですか"
        },
        {
            "speaker":"S",
            "time":"18.10.2020 02:24:30",
            "turn-index":4,
            "utterance":"自然が豊かだからです。"
        },
        {
            "speaker":"U",
            "time":"18.10.2020 02:25:03",
            "turn-index":5,
            "utterance":"自然が豊かなだけなら他の県にも当てはまるのでは？"
        },
        {
            "speaker":"S",
            "time":"18.10.2020 02:25:05",
            "turn-index":6,
            "utterance":"robusuさんは福島県に興味がありますか?"
        },
        {
            "speaker":"U",
            "time":"18.10.2020 02:25:36",
            "turn-index":7,
            "utterance":"興味があります。福島県の日本一美しい自然とはどのようなものでしょう"
        },
        {
            "speaker":"S",
            "time":"18.10.2020 02:25:38",
            "turn-index":8,
            "utterance":"山と川があります。"
        },
        {
            "speaker":"U",
            "time":"18.10.2020 02:25:50",
            "turn-index":9,
            "utterance":"どんな山と川ですか"
        },
        {
            "speaker":"S",
            "time":"18.10.2020 02:25:51",
            "turn-index":10,
            "utterance":"山で有名なところはありますか?"
        },
        {
            "speaker":"U",
            "time":"18.10.2020 02:26:05",
            "turn-index":11,
            "utterance":"福島県で有名な山って例えばなんですか"
        },
        {
            "speaker":"S",
            "time":"18.10.2020 02:26:07",
            "turn-index":12,
            "utterance":"福島県は有名ですね"
        },
        {
            "speaker":"U",
            "time":"18.10.2020 02:26:21",
            "turn-index":13,
            "utterance":"具体的には？"
        },
        {
            "speaker":"S",
            "time":"18.10.2020 02:26:22",
            "turn-index":14,
            "utterance":"山の神様のいる場所です"
        },
        {
            "speaker":"U",
            "time":"18.10.2020 02:26:50",
            "turn-index":15,
            "utterance":"山の神様なら日本列島山のあるところならいたるところにいそうですが"
        },
        {
            "speaker":"S",
            "time":"18.10.2020 02:26:52",
            "turn-index":16,
            "utterance":"日本列島の神様は日本を中心に回ってますね"
        },
        {
            "speaker":"U",
            "time":"18.10.2020 02:27:09",
            "turn-index":17,
            "utterance":"日本列島の神様ってどんなご利益があるんでしょう"
        },
        {
            "speaker":"S",
            "time":"18.10.2020 02:27:10",
            "turn-index":18,
            "utterance":"不老不死の神様が多いですよ"
        },
        {
            "speaker":"U",
            "time":"18.10.2020 02:27:30",
            "turn-index":19,
            "utterance":"つまり日本列島の神様は長寿のご利益があると"
        },
        {
            "speaker":"S",
            "time":"18.10.2020 02:27:32",
            "turn-index":20,
            "utterance":"仏教徒なのでよくわかりません"
        },
        {
            "speaker":"U",
            "time":"18.10.2020 02:28:01",
            "turn-index":21,
            "utterance":"それなら日本列島と仏教の関わりについて詳しいですね？教えてください"
        },
        {
            "speaker":"S",
            "time":"18.10.2020 02:28:02",
            "turn-index":22,
            "utterance":"あまり詳しくはないですよ?"
        },
        {
            "speaker":"U",
            "time":"18.10.2020 02:28:24",
            "turn-index":23,
            "utterance":"それでもいいので、日本列島と仏教の関係を教えてください"
        },
        {
            "speaker":"S",
            "time":"18.10.2020 02:28:26",
            "turn-index":24,
            "utterance":"どちらが仏かを決めます"
        },
        {
            "speaker":"U",
            "time":"18.10.2020 02:28:55",
            "turn-index":25,
            "utterance":"どちらが、とは？日本列島との関係は？"
        },
        {
            "speaker":"S",
            "time":"18.10.2020 02:28:57",
            "turn-index":26,
            "utterance":"robusuさんはどちらが仏ですか?"
        },
        {
            "speaker":"U",
            "time":"18.10.2020 02:29:22",
            "turn-index":27,
            "utterance":"日本列島の事ですか？どちらとは何と何のことですか？"
        },
        {
            "speaker":"S",
            "time":"18.10.2020 02:29:23",
            "turn-index":28,
            "utterance":"どちらも仏教の神様ですって、気づいたらもうこんな時間！robusuさんとお話しできて楽しかったです！"
        },
        {
            "speaker":"U",
            "time":"18.10.2020 02:29:52",
            "turn-index":29,
            "utterance":"私は聞きたいことが結局聞けなかったので少し残念でした。でも面白くもありました。"
        },
        {
            "speaker":"S",
            "time":"18.10.2020 02:29:53",
            "turn-index":30,
            "utterance":"ありがとうございました！"
        }
    ]
}