{
    "dialogue-id":"ILA_20",
    "group-id":"",
    "speaker-id":"aoba",
    "turns":[
        {
            "speaker":"S",
            "time":"17.10.2020 20:41:40",
            "turn-index":0,
            "utterance":"Syouko Ogawaさん、初めまして！あおばと申します。今日はなんのお話をしましょうか"
        },
        {
            "speaker":"U",
            "time":"17.10.2020 20:42:07",
            "turn-index":1,
            "utterance":"最近将棋が話題ですね。"
        },
        {
            "speaker":"S",
            "time":"17.10.2020 20:42:08",
            "turn-index":2,
            "utterance":"確かにそうですね。将棋は奥が深いです!"
        },
        {
            "speaker":"U",
            "time":"17.10.2020 20:42:35",
            "turn-index":3,
            "utterance":"私の世代は羽生善治さんが最強でした。"
        },
        {
            "speaker":"S",
            "time":"17.10.2020 20:42:37",
            "turn-index":4,
            "utterance":"高橋名人も強いですよ。"
        },
        {
            "speaker":"U",
            "time":"17.10.2020 20:42:51",
            "turn-index":5,
            "utterance":"高橋名人は16連射ですね。"
        },
        {
            "speaker":"S",
            "time":"17.10.2020 20:42:53",
            "turn-index":6,
            "utterance":"私も16連射を覚えました(笑)"
        },
        {
            "speaker":"U",
            "time":"17.10.2020 20:43:09",
            "turn-index":7,
            "utterance":"私も子供の頃に真似をしました。"
        },
        {
            "speaker":"S",
            "time":"17.10.2020 20:43:10",
            "turn-index":8,
            "utterance":"小さい頃、よくやってました。"
        },
        {
            "speaker":"U",
            "time":"17.10.2020 20:43:32",
            "turn-index":9,
            "utterance":"どんなことでも天才はいるんですよね。"
        },
        {
            "speaker":"S",
            "time":"17.10.2020 20:43:33",
            "turn-index":10,
            "utterance":"そうですね。天才は天才を呼び寄せるものだと思いますね。"
        },
        {
            "speaker":"U",
            "time":"17.10.2020 20:43:52",
            "turn-index":11,
            "utterance":"私が好きな天才にイチロー選手がいます。"
        },
        {
            "speaker":"S",
            "time":"17.10.2020 20:43:53",
            "turn-index":12,
            "utterance":"イチロー選手は、天才の1人ですね!"
        },
        {
            "speaker":"U",
            "time":"17.10.2020 20:44:17",
            "turn-index":13,
            "utterance":"そうですね。不世出の天才だと思います。"
        },
        {
            "speaker":"S",
            "time":"17.10.2020 20:44:19",
            "turn-index":14,
            "utterance":"不世出ですね!"
        },
        {
            "speaker":"U",
            "time":"17.10.2020 20:44:45",
            "turn-index":15,
            "utterance":"あんな選手は二度と出てこないのではないかと思います。"
        },
        {
            "speaker":"S",
            "time":"17.10.2020 20:44:46",
            "turn-index":16,
            "utterance":"私はイチロー選手と結婚したいです。"
        },
        {
            "speaker":"U",
            "time":"17.10.2020 20:44:57",
            "turn-index":17,
            "utterance":"あなたは女の人なのですか？"
        },
        {
            "speaker":"S",
            "time":"17.10.2020 20:44:59",
            "turn-index":18,
            "utterance":"いいえ、私は男です。"
        },
        {
            "speaker":"U",
            "time":"17.10.2020 20:45:23",
            "turn-index":19,
            "utterance":"男同士の結婚ですか・・・良いと思います。"
        },
        {
            "speaker":"S",
            "time":"17.10.2020 20:45:24",
            "turn-index":20,
            "utterance":"ありがとうございます。Syoukoさんは、どんな男性に興味があるんですか?"
        },
        {
            "speaker":"U",
            "time":"17.10.2020 20:45:40",
            "turn-index":21,
            "utterance":"私は真面目な方が好きです。"
        },
        {
            "speaker":"S",
            "time":"17.10.2020 20:45:41",
            "turn-index":22,
            "utterance":"真面目な男性は、かっこいいですね"
        },
        {
            "speaker":"U",
            "time":"17.10.2020 20:45:59",
            "turn-index":23,
            "utterance":"見た目よりも内面を重視します。"
        },
        {
            "speaker":"S",
            "time":"17.10.2020 20:46:01",
            "turn-index":24,
            "utterance":"内面ですか。どんな内面がかっこいいと思いますか?"
        },
        {
            "speaker":"U",
            "time":"17.10.2020 20:46:20",
            "turn-index":25,
            "utterance":"優しくて誠実な方がいいですね。"
        },
        {
            "speaker":"S",
            "time":"17.10.2020 20:46:22",
            "turn-index":26,
            "utterance":"誠実な人は、かっこいいと思いますか?(笑)"
        },
        {
            "speaker":"U",
            "time":"17.10.2020 20:46:52",
            "turn-index":27,
            "utterance":"はい。かっこよく見えますね。"
        },
        {
            "speaker":"S",
            "time":"17.10.2020 20:46:53",
            "turn-index":28,
            "utterance":"お褒めに預かり光栄です。って、気づいたらもうこんな時間！Syoukoさんとお話しできて楽しかったです！"
        },
        {
            "speaker":"U",
            "time":"17.10.2020 20:47:22",
            "turn-index":29,
            "utterance":"褒めてないですが。こちらこそ楽しかったです。"
        },
        {
            "speaker":"S",
            "time":"17.10.2020 20:47:22",
            "turn-index":30,
            "utterance":"ありがとうございました！"
        }
    ]
}