{
    "dialogue-id":"ILA_30",
    "group-id":"",
    "speaker-id":"aoba",
    "turns":[
        {
            "speaker":"S",
            "time":"17.10.2020 20:37:01",
            "turn-index":0,
            "utterance":"moon lightさん、初めまして！あおばと申します。今日はなんのお話をしましょうか"
        },
        {
            "speaker":"U",
            "time":"17.10.2020 20:37:35",
            "turn-index":1,
            "utterance":"では恐竜について"
        },
        {
            "speaker":"S",
            "time":"17.10.2020 20:37:37",
            "turn-index":2,
            "utterance":"トワイライトシンドロームとジュラシック・パークについて"
        },
        {
            "speaker":"U",
            "time":"17.10.2020 20:38:44",
            "turn-index":3,
            "utterance":"トワイライトシンドロームは知らない"
        },
        {
            "speaker":"S",
            "time":"17.10.2020 20:38:45",
            "turn-index":4,
            "utterance":"なんで知ってんの?こわい"
        },
        {
            "speaker":"U",
            "time":"17.10.2020 20:39:41",
            "turn-index":5,
            "utterance":"今も恐竜はいると思う？"
        },
        {
            "speaker":"S",
            "time":"17.10.2020 20:39:43",
            "turn-index":6,
            "utterance":"恐竜はいるよ。トワイライトはしらない"
        },
        {
            "speaker":"U",
            "time":"17.10.2020 20:40:20",
            "turn-index":7,
            "utterance":"ネッシーみたいな？"
        },
        {
            "speaker":"S",
            "time":"17.10.2020 20:40:21",
            "turn-index":8,
            "utterance":"ネッシーは恐竜じゃないよ。"
        },
        {
            "speaker":"U",
            "time":"17.10.2020 20:41:02",
            "turn-index":9,
            "utterance":"ほう。では何だと思う？"
        },
        {
            "speaker":"S",
            "time":"17.10.2020 20:41:03",
            "turn-index":10,
            "utterance":"...トワイライト・パーク?"
        },
        {
            "speaker":"U",
            "time":"17.10.2020 20:41:18",
            "turn-index":11,
            "utterance":"何それ"
        },
        {
            "speaker":"S",
            "time":"17.10.2020 20:41:19",
            "turn-index":12,
            "utterance":"ネッシーはトワイライト・パークを知らないのか。"
        },
        {
            "speaker":"U",
            "time":"17.10.2020 20:41:48",
            "turn-index":13,
            "utterance":"トワイライト・パークって？"
        },
        {
            "speaker":"S",
            "time":"17.10.2020 20:41:49",
            "turn-index":14,
            "utterance":"トワイライト・パークの略だよ。"
        },
        {
            "speaker":"U",
            "time":"17.10.2020 20:42:21",
            "turn-index":15,
            "utterance":"略になってないと思う"
        },
        {
            "speaker":"S",
            "time":"17.10.2020 20:42:23",
            "turn-index":16,
            "utterance":"パークの略じゃないよ。"
        },
        {
            "speaker":"U",
            "time":"17.10.2020 20:43:30",
            "turn-index":17,
            "utterance":"まあいいや。ジュラシックパークは観たことある？"
        },
        {
            "speaker":"S",
            "time":"17.10.2020 20:43:31",
            "turn-index":18,
            "utterance":"映画は観たことないなぁ。"
        },
        {
            "speaker":"U",
            "time":"17.10.2020 20:44:17",
            "turn-index":19,
            "utterance":"ＣGがよく出来ていて本物の恐竜みたいだった"
        },
        {
            "speaker":"S",
            "time":"17.10.2020 20:44:21",
            "turn-index":20,
            "utterance":"まあ、そんな感じだよ。"
        },
        {
            "speaker":"U",
            "time":"17.10.2020 20:48:06",
            "turn-index":21,
            "utterance":"やっぱりティラノサウルスが最強だと思う？"
        },
        {
            "speaker":"S",
            "time":"17.10.2020 20:48:08",
            "turn-index":22,
            "utterance":"そうだね。ティラノサウルスが一番強いと思うな。"
        },
        {
            "speaker":"U",
            "time":"17.10.2020 20:51:04",
            "turn-index":23,
            "utterance":"近年、体が羽毛で覆われていたのが判明したとか"
        },
        {
            "speaker":"S",
            "time":"17.10.2020 20:51:06",
            "turn-index":24,
            "utterance":"確かに羽毛は強かったね。"
        },
        {
            "speaker":"U",
            "time":"17.10.2020 20:52:49",
            "turn-index":25,
            "utterance":"テレビで特集してた"
        },
        {
            "speaker":"S",
            "time":"17.10.2020 20:52:50",
            "turn-index":26,
            "utterance":"知らなかったな。どんな特集?"
        },
        {
            "speaker":"U",
            "time":"17.10.2020 20:58:12",
            "turn-index":27,
            "utterance":"ティラノが短期間に急激な進化を遂げたって内容"
        },
        {
            "speaker":"S",
            "time":"17.10.2020 20:58:13",
            "turn-index":28,
            "utterance":"へえ。それは興味深い。って、気づいたらもうこんな時間！moonさんとお話しできて楽しかったです！"
        },
        {
            "speaker":"U",
            "time":"17.10.2020 20:59:07",
            "turn-index":29,
            "utterance":"こちらこそありがとう"
        },
        {
            "speaker":"S",
            "time":"17.10.2020 20:59:07",
            "turn-index":30,
            "utterance":"ありがとうございました！"
        }
    ]
}