{
    "dialogue-id":"ILA_22",
    "group-id":"",
    "speaker-id":"aoba",
    "turns":[
        {
            "speaker":"S",
            "time":"17.10.2020 22:16:34",
            "turn-index":0,
            "utterance":"may ssさん、初めまして！あおばと申します。今日はなんのお話をしましょうか"
        },
        {
            "speaker":"U",
            "time":"17.10.2020 22:17:12",
            "turn-index":1,
            "utterance":"塩について話したいと思っています"
        },
        {
            "speaker":"S",
            "time":"17.10.2020 22:17:13",
            "turn-index":2,
            "utterance":"塩は塩で美味しいですね。"
        },
        {
            "speaker":"U",
            "time":"17.10.2020 22:17:45",
            "turn-index":3,
            "utterance":"私は塩にこだわりがあって、ヒマラヤソルトを使っているのですが、あおばさんは、塩にはこだわりはありますか？"
        },
        {
            "speaker":"S",
            "time":"17.10.2020 22:17:46",
            "turn-index":4,
            "utterance":"ヒマラヤソルトは使ったことがありません。どんな風に使うのでしょうか?"
        },
        {
            "speaker":"U",
            "time":"17.10.2020 22:19:17",
            "turn-index":5,
            "utterance":"特別な使いかたはないです。ふつうの塩と同じように使います"
        },
        {
            "speaker":"S",
            "time":"17.10.2020 22:19:18",
            "turn-index":6,
            "utterance":"どんな風に使いますか?"
        },
        {
            "speaker":"U",
            "time":"17.10.2020 22:19:43",
            "turn-index":7,
            "utterance":"料理に入れたり、サラダにかけたり、何にでも使えますよ"
        },
        {
            "speaker":"S",
            "time":"17.10.2020 22:19:45",
            "turn-index":8,
            "utterance":"ドレッシングにも使えますか?"
        },
        {
            "speaker":"U",
            "time":"17.10.2020 22:19:54",
            "turn-index":9,
            "utterance":"ええ、もちろん使えます"
        },
        {
            "speaker":"S",
            "time":"17.10.2020 22:19:55",
            "turn-index":10,
            "utterance":"オリーブオイルで炒めたりとか"
        },
        {
            "speaker":"U",
            "time":"17.10.2020 22:20:36",
            "turn-index":11,
            "utterance":"ええ。食材をオリーブオイルで炒めるときにも、もちろん使えます"
        },
        {
            "speaker":"S",
            "time":"17.10.2020 22:20:37",
            "turn-index":12,
            "utterance":"オリーブオイルは万能ですね"
        },
        {
            "speaker":"U",
            "time":"17.10.2020 22:20:59",
            "turn-index":13,
            "utterance":"そうですね。ところで、最近、月を見ましたか？"
        },
        {
            "speaker":"S",
            "time":"17.10.2020 22:21:01",
            "turn-index":14,
            "utterance":"え?いえ、見てませんよ"
        },
        {
            "speaker":"U",
            "time":"17.10.2020 22:21:50",
            "turn-index":15,
            "utterance":"先日の満月はきれいでしたが、見ませんでしたか？"
        },
        {
            "speaker":"S",
            "time":"17.10.2020 22:21:51",
            "turn-index":16,
            "utterance":"お月さまは見ませんでしたね"
        },
        {
            "speaker":"U",
            "time":"17.10.2020 22:22:25",
            "turn-index":17,
            "utterance":"月や星には、興味はないですか？"
        },
        {
            "speaker":"S",
            "time":"17.10.2020 22:22:27",
            "turn-index":18,
            "utterance":"空を見るのが好きですね"
        },
        {
            "speaker":"U",
            "time":"17.10.2020 22:22:40",
            "turn-index":19,
            "utterance":"では、たまには、月をながめたりもしますか？"
        },
        {
            "speaker":"S",
            "time":"17.10.2020 22:22:41",
            "turn-index":20,
            "utterance":"星は見るより見るほうが好きかも"
        },
        {
            "speaker":"U",
            "time":"17.10.2020 22:23:15",
            "turn-index":21,
            "utterance":"もし大金持ちだったら、月に行ってみたいと思いますか？"
        },
        {
            "speaker":"S",
            "time":"17.10.2020 22:23:17",
            "turn-index":22,
            "utterance":"見るだけなら大金持ちじゃなくてもできますよ"
        },
        {
            "speaker":"U",
            "time":"17.10.2020 22:23:29",
            "turn-index":23,
            "utterance":"ははは。まったくもってそのとおりですね。"
        },
        {
            "speaker":"S",
            "time":"17.10.2020 22:23:30",
            "turn-index":24,
            "utterance":"見ているだけでも楽しいですからね"
        },
        {
            "speaker":"U",
            "time":"17.10.2020 22:23:51",
            "turn-index":25,
            "utterance":"そうですよね。私も、月をぼーっと眺めるのが好きです"
        },
        {
            "speaker":"S",
            "time":"17.10.2020 22:23:53",
            "turn-index":26,
            "utterance":"ロマンチックな気分になれますよね、大金星"
        },
        {
            "speaker":"U",
            "time":"17.10.2020 22:24:36",
            "turn-index":27,
            "utterance":"ですね。特に満月は神秘的ですよね"
        },
        {
            "speaker":"S",
            "time":"17.10.2020 22:24:38",
            "turn-index":28,
            "utterance":"地球の裏側まで見えますしねって、気づいたらもうこんな時間！mayさんとお話しできて楽しかったです！"
        },
        {
            "speaker":"U",
            "time":"17.10.2020 22:25:05",
            "turn-index":29,
            "utterance":"こちらこそ、楽しかったです。ありがとうございます。"
        },
        {
            "speaker":"S",
            "time":"17.10.2020 22:25:06",
            "turn-index":30,
            "utterance":"ありがとうございました！"
        }
    ]
}