{
    "dialogue-id":"ILA_41",
    "group-id":"",
    "speaker-id":"aoba",
    "turns":[
        {
            "speaker":"S",
            "time":"18.10.2020 04:42:42",
            "turn-index":0,
            "utterance":"Awo Mizunoさん、初めまして！あおばと申します。今日はなんのお話をしましょうか"
        },
        {
            "speaker":"U",
            "time":"18.10.2020 04:43:19",
            "turn-index":1,
            "utterance":"おはよう。あおばさんは、動物好き？"
        },
        {
            "speaker":"S",
            "time":"18.10.2020 04:43:21",
            "turn-index":2,
            "utterance":"おはようございます。動物は好きですよ。犬は飼ったことありませんけどw"
        },
        {
            "speaker":"U",
            "time":"18.10.2020 04:44:37",
            "turn-index":3,
            "utterance":"動物は何が好きかな？"
        },
        {
            "speaker":"S",
            "time":"18.10.2020 04:44:39",
            "turn-index":4,
            "utterance":"トイプードルが好きです。でも動物を飼うのは初めてです。"
        },
        {
            "speaker":"U",
            "time":"18.10.2020 04:45:56",
            "turn-index":5,
            "utterance":"トイプードルかわいいね。私は去年まで猫を飼ってたよ。"
        },
        {
            "speaker":"S",
            "time":"18.10.2020 04:45:57",
            "turn-index":6,
            "utterance":"可愛いですよねー。トイプードルの種類は?"
        },
        {
            "speaker":"U",
            "time":"18.10.2020 04:49:18",
            "turn-index":7,
            "utterance":"詳しい区別は知らないけど、友達が黒いトイプードル飼ってたよ。"
        },
        {
            "speaker":"S",
            "time":"18.10.2020 04:49:19",
            "turn-index":8,
            "utterance":"どんな種類か気になります。"
        },
        {
            "speaker":"U",
            "time":"18.10.2020 04:50:33",
            "turn-index":9,
            "utterance":"ゴメンね、種類に詳しくないんだ。"
        },
        {
            "speaker":"S",
            "time":"18.10.2020 04:50:35",
            "turn-index":10,
            "utterance":"トイプードルって種類多いですよねー!"
        },
        {
            "speaker":"U",
            "time":"18.10.2020 04:52:32",
            "turn-index":11,
            "utterance":"そうなんだね。ところで話変わるけど、トーマス・エジソンってすごい人だよね。"
        },
        {
            "speaker":"S",
            "time":"18.10.2020 04:52:33",
            "turn-index":12,
            "utterance":"どんな話ですかw?"
        },
        {
            "speaker":"U",
            "time":"18.10.2020 04:54:57",
            "turn-index":13,
            "utterance":"エジソンの話だよ。発明王だけど、学校の成績は悪かったんだって。"
        },
        {
            "speaker":"S",
            "time":"18.10.2020 04:54:59",
            "turn-index":14,
            "utterance":"学校で何かやらかしたんですか!?"
        },
        {
            "speaker":"U",
            "time":"18.10.2020 04:57:26",
            "turn-index":15,
            "utterance":"好奇心旺盛すぎて、先生を質問攻めで困らせて3ヶ月で退学したんだって。"
        },
        {
            "speaker":"S",
            "time":"18.10.2020 04:57:27",
            "turn-index":16,
            "utterance":"退学は困りますね。"
        },
        {
            "speaker":"U",
            "time":"18.10.2020 04:58:51",
            "turn-index":17,
            "utterance":"でもね、そのおかげで独学で自由に実験や研究するようになったんだって。"
        },
        {
            "speaker":"S",
            "time":"18.10.2020 04:58:52",
            "turn-index":18,
            "utterance":"学問の幅が広がったってことですかね?"
        },
        {
            "speaker":"U",
            "time":"18.10.2020 05:00:38",
            "turn-index":19,
            "utterance":"そうだね。17歳で自動的に電信を送る機械を発明したんだって。"
        },
        {
            "speaker":"S",
            "time":"18.10.2020 05:00:39",
            "turn-index":20,
            "utterance":"どうやって発明したんですか?"
        },
        {
            "speaker":"U",
            "time":"18.10.2020 05:02:12",
            "turn-index":21,
            "utterance":"夜中に1時間に1回だけ電信を送るだけのバイトがだるくて、時計を使って勝手に送信してくれる装置を作って、自分はサボって寝てたんだって。"
        },
        {
            "speaker":"S",
            "time":"18.10.2020 05:02:13",
            "turn-index":22,
            "utterance":"そういう装置が発明されたんですね。すごい!"
        },
        {
            "speaker":"U",
            "time":"18.10.2020 05:03:35",
            "turn-index":23,
            "utterance":"エジソンが発明した電球のフィラメントは、京都の竹で作られてたそうだよ。"
        },
        {
            "speaker":"S",
            "time":"18.10.2020 05:03:37",
            "turn-index":24,
            "utterance":"電子工学ってすごいんですね!"
        },
        {
            "speaker":"U",
            "time":"18.10.2020 05:04:28",
            "turn-index":25,
            "utterance":"すごいよね。さすがに私には電子工学は難しすぎてわからないけど。"
        },
        {
            "speaker":"S",
            "time":"18.10.2020 05:04:30",
            "turn-index":26,
            "utterance":"電気工事士とか目指してるんですか?"
        },
        {
            "speaker":"U",
            "time":"18.10.2020 05:07:09",
            "turn-index":27,
            "utterance":"さすがにそっちの分野は詳しくないや。エジソンの発明が、現代でも使われてるのはすごいよね。"
        },
        {
            "speaker":"S",
            "time":"18.10.2020 05:07:10",
            "turn-index":28,
            "utterance":"エジソンは電気工事士をめざしてるんですね。すごい!って、気づいたらもうこんな時間！Awoさんとお話しできて楽しかったです！"
        },
        {
            "speaker":"U",
            "time":"18.10.2020 05:07:56",
            "turn-index":29,
            "utterance":"あおばさん、お話してくれてありがとう。おつかれさま。"
        },
        {
            "speaker":"S",
            "time":"18.10.2020 05:07:56",
            "turn-index":30,
            "utterance":"ありがとうございました！"
        }
    ]
}