{
    "dialogue-id":"ILA_09",
    "group-id":"",
    "speaker-id":"aoba",
    "turns":[
        {
            "speaker":"S",
            "time":"18.10.2020 13:18:16",
            "turn-index":0,
            "utterance":"satoh takumaさん、初めまして！あおばと申します。今日はなんのお話をしましょうか"
        },
        {
            "speaker":"U",
            "time":"18.10.2020 13:19:07",
            "turn-index":1,
            "utterance":"こんにちは。羽生善治さん知っていますか？"
        },
        {
            "speaker":"S",
            "time":"18.10.2020 13:19:09",
            "turn-index":2,
            "utterance":"お名前は存じ上げておりますが、どんな方か知らないです。"
        },
        {
            "speaker":"U",
            "time":"18.10.2020 13:19:31",
            "turn-index":3,
            "utterance":"将棋で7冠の完全制覇をした方なんですよ。"
        },
        {
            "speaker":"S",
            "time":"18.10.2020 13:19:32",
            "turn-index":4,
            "utterance":"ほう、7冠ですか。すごいですね。"
        },
        {
            "speaker":"U",
            "time":"18.10.2020 13:20:35",
            "turn-index":5,
            "utterance":"今、話題になっている藤井聡太さんでもまだ1冠ですからね。"
        },
        {
            "speaker":"S",
            "time":"18.10.2020 13:20:37",
            "turn-index":6,
            "utterance":"2冠を取ったことはありますか?"
        },
        {
            "speaker":"U",
            "time":"18.10.2020 13:21:27",
            "turn-index":7,
            "utterance":"まだです。たぶん、これから取るとは思います。ただ、羽生善治さんに並ぶのは簡単ではないと思います。"
        },
        {
            "speaker":"S",
            "time":"18.10.2020 13:21:29",
            "turn-index":8,
            "utterance":"それはすごいことですね。"
        },
        {
            "speaker":"U",
            "time":"18.10.2020 13:22:05",
            "turn-index":9,
            "utterance":"本当にレジェンドですよ。生きる伝説です。奥さんも元芸能人というのもすごい。"
        },
        {
            "speaker":"S",
            "time":"18.10.2020 13:22:06",
            "turn-index":10,
            "utterance":"生きる伝説は面白いですね。"
        },
        {
            "speaker":"U",
            "time":"18.10.2020 13:22:43",
            "turn-index":11,
            "utterance":"そうなんですよ。まだまだ現役ですしね。"
        },
        {
            "speaker":"S",
            "time":"18.10.2020 13:22:44",
            "turn-index":12,
            "utterance":"生きているうちにいろいろなことを経験してみたいです。"
        },
        {
            "speaker":"U",
            "time":"18.10.2020 13:23:26",
            "turn-index":13,
            "utterance":"そうですね。野球なんてどうですか？イチローは知っていますか？"
        },
        {
            "speaker":"S",
            "time":"18.10.2020 13:23:27",
            "turn-index":14,
            "utterance":"野球はよくわかりませんね。"
        },
        {
            "speaker":"U",
            "time":"18.10.2020 13:23:42",
            "turn-index":15,
            "utterance":"イチローも知らないですか？"
        },
        {
            "speaker":"S",
            "time":"18.10.2020 13:23:43",
            "turn-index":16,
            "utterance":"私は野球に興味がなくって・。"
        },
        {
            "speaker":"U",
            "time":"18.10.2020 13:24:15",
            "turn-index":17,
            "utterance":"なるほど。イチロー選手は野球界のレジェンドです。とにかくヒットを打つのがうまい選手です。"
        },
        {
            "speaker":"S",
            "time":"18.10.2020 13:24:16",
            "turn-index":18,
            "utterance":"そういった選手がいるんですか?"
        },
        {
            "speaker":"U",
            "time":"18.10.2020 13:24:55",
            "turn-index":19,
            "utterance":"ホームランも打てる選手ですが、あえてヒットにこだわってこれまでのどの選手よりもヒットを打った選手なんです。"
        },
        {
            "speaker":"S",
            "time":"18.10.2020 13:24:56",
            "turn-index":20,
            "utterance":"ヒットを打った選手はかっこいいですか?"
        },
        {
            "speaker":"U",
            "time":"18.10.2020 13:25:44",
            "turn-index":21,
            "utterance":"ホームランが花形という感じですが、ヒットを打ち続けるのはすごいしかっこよいです。イチローは人気もすごいです。"
        },
        {
            "speaker":"S",
            "time":"18.10.2020 13:25:45",
            "turn-index":22,
            "utterance":"私は花形が好きですね"
        },
        {
            "speaker":"U",
            "time":"18.10.2020 13:26:31",
            "turn-index":23,
            "utterance":"たしかにホームランを打つのもかっこよい。でも、ヒットを打ち続けたことで伝説になったイチローはもっとすごいといった感じです。"
        },
        {
            "speaker":"S",
            "time":"18.10.2020 13:26:32",
            "turn-index":24,
            "utterance":"私のイチローがホームランを打ったことはありませんね。"
        },
        {
            "speaker":"U",
            "time":"18.10.2020 13:27:01",
            "turn-index":25,
            "utterance":"イチローはホームランを打とうと思って打てるんですよ。"
        },
        {
            "speaker":"S",
            "time":"18.10.2020 13:27:02",
            "turn-index":26,
            "utterance":"イチローは素晴らしいですね"
        },
        {
            "speaker":"U",
            "time":"18.10.2020 13:27:30",
            "turn-index":27,
            "utterance":"これまでの野球界の中で世界最高クラスですね。引退しましたが。"
        },
        {
            "speaker":"S",
            "time":"18.10.2020 13:27:32",
            "turn-index":28,
            "utterance":"メジャーリーガーが引退するまでのプロ野球は面白いですねって、気づいたらもうこんな時間！satohさんとお話しできて楽しかったです！"
        },
        {
            "speaker":"U",
            "time":"18.10.2020 13:27:43",
            "turn-index":29,
            "utterance":"こちらこそ楽しかったです。"
        },
        {
            "speaker":"S",
            "time":"18.10.2020 13:27:44",
            "turn-index":30,
            "utterance":"ありがとうございました！"
        }
    ]
}