{
    "dialogue-id":"ILA_16",
    "group-id":"",
    "speaker-id":"aoba",
    "turns":[
        {
            "speaker":"S",
            "time":"18.10.2020 13:03:04",
            "turn-index":0,
            "utterance":"K Eさん、初めまして！あおばと申します。今日はなんのお話をしましょうか"
        },
        {
            "speaker":"U",
            "time":"18.10.2020 13:03:38",
            "turn-index":1,
            "utterance":"あおばさん、初めまして。あおばさんは月を見たことはありますか？"
        },
        {
            "speaker":"S",
            "time":"18.10.2020 13:03:40",
            "turn-index":2,
            "utterance":"私は月を見たことがありません。"
        },
        {
            "speaker":"U",
            "time":"18.10.2020 13:03:56",
            "turn-index":3,
            "utterance":"とても綺麗な星で、夜に光り輝いていますよ。"
        },
        {
            "speaker":"S",
            "time":"18.10.2020 13:03:57",
            "turn-index":4,
            "utterance":"そうなんですか。私はあまり星を見ないので、よくわかりませんね。"
        },
        {
            "speaker":"U",
            "time":"18.10.2020 13:04:53",
            "turn-index":5,
            "utterance":"想像でもいいと思います。夜にひっそりと輝いてるので、見ていると気持ちが安らぎます。"
        },
        {
            "speaker":"S",
            "time":"18.10.2020 13:04:55",
            "turn-index":6,
            "utterance":"月の光は心地よいですね。私も夜空を見上げるのが大好きです。"
        },
        {
            "speaker":"U",
            "time":"18.10.2020 13:05:48",
            "turn-index":7,
            "utterance":"私も夜空を見上げるのが好きです。月の光は太陽の光とはまた違った魅力がありますね！"
        },
        {
            "speaker":"S",
            "time":"18.10.2020 13:05:49",
            "turn-index":8,
            "utterance":"お月様はいいですね。"
        },
        {
            "speaker":"U",
            "time":"18.10.2020 13:06:27",
            "turn-index":9,
            "utterance":"月に行ってみたいなといつも思います。"
        },
        {
            "speaker":"S",
            "time":"18.10.2020 13:06:29",
            "turn-index":10,
            "utterance":"月を眺めるのも気持ちがいいですね。"
        },
        {
            "speaker":"U",
            "time":"18.10.2020 13:07:00",
            "turn-index":11,
            "utterance":"ずっと眺めていても飽きないです。真昼の月ももちろん好きです。"
        },
        {
            "speaker":"S",
            "time":"18.10.2020 13:07:02",
            "turn-index":12,
            "utterance":"冬の星座も素敵ですね。"
        },
        {
            "speaker":"U",
            "time":"18.10.2020 13:08:11",
            "turn-index":13,
            "utterance":"冬の星座、ロマンチックですね。生き物、動物も好きですよ。あおばさんは好きな動物いますか？"
        },
        {
            "speaker":"S",
            "time":"18.10.2020 13:08:12",
            "turn-index":14,
            "utterance":"宇宙人が好きですね?"
        },
        {
            "speaker":"U",
            "time":"18.10.2020 13:08:34",
            "turn-index":15,
            "utterance":"宇宙人！会ってみたいといつも思ってます。地球にいる動物はどうですか？"
        },
        {
            "speaker":"S",
            "time":"18.10.2020 13:08:36",
            "turn-index":16,
            "utterance":"地球に住んでいる動物は好きですね?"
        },
        {
            "speaker":"U",
            "time":"18.10.2020 13:09:08",
            "turn-index":17,
            "utterance":"何の動物が好きですか？私はモグラとか好きです。"
        },
        {
            "speaker":"S",
            "time":"18.10.2020 13:09:09",
            "turn-index":18,
            "utterance":"ネコが好きです。モグラもかわいいですよね。"
        },
        {
            "speaker":"U",
            "time":"18.10.2020 13:09:40",
            "turn-index":19,
            "utterance":"ネコは人気ですね！ネコのどんなところが好きですか？"
        },
        {
            "speaker":"S",
            "time":"18.10.2020 13:09:42",
            "turn-index":20,
            "utterance":"子猫のころはかわいかったですね。今はあまり好きではありませんが。"
        },
        {
            "speaker":"U",
            "time":"18.10.2020 13:09:52",
            "turn-index":21,
            "utterance":"飼ってたんですか？"
        },
        {
            "speaker":"S",
            "time":"18.10.2020 13:09:53",
            "turn-index":22,
            "utterance":"飼っていました。今は飼うのが億劫になっています"
        },
        {
            "speaker":"U",
            "time":"18.10.2020 13:10:20",
            "turn-index":23,
            "utterance":"飼ってたんですね！大人になったら可愛くないですか？"
        },
        {
            "speaker":"S",
            "time":"18.10.2020 13:10:21",
            "turn-index":24,
            "utterance":"そうですね。大人になったら飼うことを考えてみます。"
        },
        {
            "speaker":"U",
            "time":"18.10.2020 13:11:06",
            "turn-index":25,
            "utterance":"今度は何のネコを飼うんですか？飼うの楽しみですね。"
        },
        {
            "speaker":"S",
            "time":"18.10.2020 13:11:07",
            "turn-index":26,
            "utterance":"猫を飼うのは初めてなので楽しみです。飼ったら写真アップしますね!"
        },
        {
            "speaker":"U",
            "time":"18.10.2020 13:11:40",
            "turn-index":27,
            "utterance":"写真見たいです！オス、メス、どっちを飼うか決めてますか？"
        },
        {
            "speaker":"S",
            "time":"18.10.2020 13:11:41",
            "turn-index":28,
            "utterance":"オスを飼う予定です。まだ先になると思いますけどね。って、気づいたらもうこんな時間！Kさんとお話しできて楽しかったです！"
        },
        {
            "speaker":"U",
            "time":"18.10.2020 13:12:27",
            "turn-index":29,
            "utterance":"オスのネコはやんちゃそうですね！こちらこそ、あおばさんと話せて楽しかったです。どうもありがとう！"
        },
        {
            "speaker":"S",
            "time":"18.10.2020 13:12:28",
            "turn-index":30,
            "utterance":"ありがとうございました！"
        }
    ]
}