{
    "dialogue-id":"ILA_37",
    "group-id":"",
    "speaker-id":"aoba",
    "turns":[
        {
            "speaker":"S",
            "time":"17.10.2020 20:50:56",
            "turn-index":0,
            "utterance":"yaita nishinさん、初めまして！あおばと申します。今日はなんのお話をしましょうか"
        },
        {
            "speaker":"U",
            "time":"17.10.2020 20:51:55",
            "turn-index":1,
            "utterance":"半沢直樹"
        },
        {
            "speaker":"S",
            "time":"17.10.2020 20:51:56",
            "turn-index":2,
            "utterance":"大泉洋と半沢直樹を足して割ったような感じ"
        },
        {
            "speaker":"U",
            "time":"17.10.2020 20:52:26",
            "turn-index":3,
            "utterance":"誰の事？"
        },
        {
            "speaker":"S",
            "time":"17.10.2020 20:52:27",
            "turn-index":4,
            "utterance":"菅田将暉と小池栄子"
        },
        {
            "speaker":"U",
            "time":"17.10.2020 20:53:19",
            "turn-index":5,
            "utterance":"菅田将輝好きなの？"
        },
        {
            "speaker":"S",
            "time":"17.10.2020 20:53:20",
            "turn-index":6,
            "utterance":"好きな芸能人トップ3に入る"
        },
        {
            "speaker":"U",
            "time":"17.10.2020 20:54:44",
            "turn-index":7,
            "utterance":"３年A組見てた？"
        },
        {
            "speaker":"S",
            "time":"17.10.2020 20:54:45",
            "turn-index":8,
            "utterance":"見始めたのは2年から"
        },
        {
            "speaker":"U",
            "time":"17.10.2020 20:55:17",
            "turn-index":9,
            "utterance":"菅田のどこが好きなの？"
        },
        {
            "speaker":"S",
            "time":"17.10.2020 20:55:19",
            "turn-index":10,
            "utterance":"演技が上手いから好き"
        },
        {
            "speaker":"U",
            "time":"17.10.2020 20:55:44",
            "turn-index":11,
            "utterance":"そこまで上手くないでしょ"
        },
        {
            "speaker":"S",
            "time":"17.10.2020 20:55:45",
            "turn-index":12,
            "utterance":"スガシカオとか菅田将暉とか上手いよ"
        },
        {
            "speaker":"U",
            "time":"17.10.2020 20:56:12",
            "turn-index":13,
            "utterance":"スガシカオ上手いの？"
        },
        {
            "speaker":"S",
            "time":"17.10.2020 20:56:13",
            "turn-index":14,
            "utterance":"うまいっていうか上手いと思うよ"
        },
        {
            "speaker":"U",
            "time":"17.10.2020 20:57:21",
            "turn-index":15,
            "utterance":"ところでウイルスバスター使ってる？"
        },
        {
            "speaker":"S",
            "time":"17.10.2020 20:57:22",
            "turn-index":16,
            "utterance":"ウィルスバスターは使ったことないよ、アプリ?"
        },
        {
            "speaker":"U",
            "time":"17.10.2020 20:57:41",
            "turn-index":17,
            "utterance":"そう、アプリ。"
        },
        {
            "speaker":"S",
            "time":"17.10.2020 20:57:42",
            "turn-index":18,
            "utterance":"iPhoneのアプリだよね?"
        },
        {
            "speaker":"U",
            "time":"17.10.2020 20:58:10",
            "turn-index":19,
            "utterance":"iPhoneには無いんじゃない？"
        },
        {
            "speaker":"S",
            "time":"17.10.2020 20:58:12",
            "turn-index":20,
            "utterance":"ウイルスバスターはAndroidでも使えるよ"
        },
        {
            "speaker":"U",
            "time":"17.10.2020 20:58:30",
            "turn-index":21,
            "utterance":"うん。知ってる。"
        },
        {
            "speaker":"S",
            "time":"17.10.2020 20:58:31",
            "turn-index":22,
            "utterance":"使ってみたら?便利だよ"
        },
        {
            "speaker":"U",
            "time":"17.10.2020 20:59:06",
            "turn-index":23,
            "utterance":"使ってないんでしょ？"
        },
        {
            "speaker":"S",
            "time":"17.10.2020 20:59:07",
            "turn-index":24,
            "utterance":"使わないよ。Androidは便利だね"
        },
        {
            "speaker":"U",
            "time":"17.10.2020 21:00:01",
            "turn-index":25,
            "utterance":"エクスペリア使ってる？"
        },
        {
            "speaker":"S",
            "time":"17.10.2020 21:00:02",
            "turn-index":26,
            "utterance":"XPERIAとXperiaを使い分けてる"
        },
        {
            "speaker":"U",
            "time":"17.10.2020 21:00:18",
            "turn-index":27,
            "utterance":"どう違うのよ"
        },
        {
            "speaker":"S",
            "time":"17.10.2020 21:00:19",
            "turn-index":28,
            "utterance":"容量が大きいのがXperiaって、気づいたらもうこんな時間！yaitaさんとお話しできて楽しかったです！"
        },
        {
            "speaker":"U",
            "time":"17.10.2020 21:00:44",
            "turn-index":29,
            "utterance":"ボクも楽しかった"
        },
        {
            "speaker":"S",
            "time":"17.10.2020 21:00:44",
            "turn-index":30,
            "utterance":"ありがとうございました！"
        }
    ]
}