{
    "dialogue-id":"ILA_06",
    "group-id":"",
    "speaker-id":"aoba",
    "turns":[
        {
            "speaker":"S",
            "time":"18.10.2020 11:59:36",
            "turn-index":0,
            "utterance":"Rena Katoさん、初めまして！あおばと申します。今日はなんのお話をしましょうか"
        },
        {
            "speaker":"U",
            "time":"18.10.2020 12:00:21",
            "turn-index":1,
            "utterance":"こんにちは、今日は海外のことについて、とりわけメキシコについて話したいです。"
        },
        {
            "speaker":"S",
            "time":"18.10.2020 12:00:23",
            "turn-index":2,
            "utterance":"こんちはー。メキシコは素晴らしい国ですね"
        },
        {
            "speaker":"U",
            "time":"18.10.2020 12:00:43",
            "turn-index":3,
            "utterance":"確かにメキシコは風土も料理も素敵ですが最近治安が悪いようです。"
        },
        {
            "speaker":"S",
            "time":"18.10.2020 12:00:45",
            "turn-index":4,
            "utterance":"治安が悪いですか。それは残念ですね..."
        },
        {
            "speaker":"U",
            "time":"18.10.2020 12:01:07",
            "turn-index":5,
            "utterance":"物騒なはなしですが、事件が多発しているようです。"
        },
        {
            "speaker":"S",
            "time":"18.10.2020 12:01:08",
            "turn-index":6,
            "utterance":"物騒な事件が多いんですね。それは大変ですよ。"
        },
        {
            "speaker":"U",
            "time":"18.10.2020 12:01:31",
            "turn-index":7,
            "utterance":"確かに旅行に行くにしても治安が悪いとなるとメキシコは行けないかな。"
        },
        {
            "speaker":"S",
            "time":"18.10.2020 12:01:33",
            "turn-index":8,
            "utterance":"海外に旅行に行ったことがありますか?"
        },
        {
            "speaker":"U",
            "time":"18.10.2020 12:02:09",
            "turn-index":9,
            "utterance":"欧州やアジアはちょくちょく行きます。今はタコスが食べたいのでどうしてもメキシコに行きたいんですよね。"
        },
        {
            "speaker":"S",
            "time":"18.10.2020 12:02:10",
            "turn-index":10,
            "utterance":"タコスは美味しいですよねー。私も食べたことあります。"
        },
        {
            "speaker":"U",
            "time":"18.10.2020 12:03:10",
            "turn-index":11,
            "utterance":"美味しいらしいですね。ところで、メキシコといえば法政大学の友人が行ったことがあるそうです。"
        },
        {
            "speaker":"S",
            "time":"18.10.2020 12:03:12",
            "turn-index":12,
            "utterance":"法政大学ですか。私はメキシコに行ったことがありませんね。"
        },
        {
            "speaker":"U",
            "time":"18.10.2020 12:03:34",
            "turn-index":13,
            "utterance":"法政大学は立地も良いですし、雰囲気も良さそうですよね。"
        },
        {
            "speaker":"S",
            "time":"18.10.2020 12:03:36",
            "turn-index":14,
            "utterance":"日本と比較してどう思いますか?"
        },
        {
            "speaker":"U",
            "time":"18.10.2020 12:04:08",
            "turn-index":15,
            "utterance":"法政大学は日本にあります。日本大学のことだとしたら、雰囲気は似ていると思います。"
        },
        {
            "speaker":"S",
            "time":"18.10.2020 12:04:09",
            "turn-index":16,
            "utterance":"日本大学は日本にあるんですか?"
        },
        {
            "speaker":"U",
            "time":"18.10.2020 12:04:33",
            "turn-index":17,
            "utterance":"そうですよ、法政大学はキャンパスもとても綺麗ですよ。"
        },
        {
            "speaker":"S",
            "time":"18.10.2020 12:04:35",
            "turn-index":18,
            "utterance":"立地が良いのは良いですね。"
        },
        {
            "speaker":"U",
            "time":"18.10.2020 12:04:52",
            "turn-index":19,
            "utterance":"法政大学に通いやすいのは良いことですよね。"
        },
        {
            "speaker":"S",
            "time":"18.10.2020 12:04:53",
            "turn-index":20,
            "utterance":"経済学部も通いやすいですね"
        },
        {
            "speaker":"U",
            "time":"18.10.2020 12:05:17",
            "turn-index":21,
            "utterance":"そうですね、駅からも近いです。法政大学は来年後輩が受験します。"
        },
        {
            "speaker":"S",
            "time":"18.10.2020 12:05:18",
            "turn-index":22,
            "utterance":"法政大学は大学院を受ければ良いのですか?"
        },
        {
            "speaker":"U",
            "time":"18.10.2020 12:06:16",
            "turn-index":23,
            "utterance":"大学院は大学の勉強が修了している人が行くことが多いので、一般的には高校生が高校から受験します。"
        },
        {
            "speaker":"S",
            "time":"18.10.2020 12:06:17",
            "turn-index":24,
            "utterance":"大学で修了している人が多いんですね。"
        },
        {
            "speaker":"U",
            "time":"18.10.2020 12:06:43",
            "turn-index":25,
            "utterance":"そうです。ただし、法政大学に限らず社会人も大学で勉強できますよ。"
        },
        {
            "speaker":"S",
            "time":"18.10.2020 12:06:44",
            "turn-index":26,
            "utterance":"大学の勉強は楽しいですか?"
        },
        {
            "speaker":"U",
            "time":"18.10.2020 12:07:18",
            "turn-index":27,
            "utterance":"自分はもう卒業してしまいましたが、法政大学の授業は楽しそうでしたよ。"
        },
        {
            "speaker":"S",
            "time":"18.10.2020 12:07:20",
            "turn-index":28,
            "utterance":"就職に有利そうですね。って、気づいたらもうこんな時間！Renaさんとお話しできて楽しかったです！"
        },
        {
            "speaker":"U",
            "time":"18.10.2020 12:07:40",
            "turn-index":29,
            "utterance":"そうですね、こちらこそ楽しかったです。"
        },
        {
            "speaker":"S",
            "time":"18.10.2020 12:07:40",
            "turn-index":30,
            "utterance":"ありがとうございました！"
        }
    ]
}