{
    "dialogue-id":"ILA_03",
    "group-id":"",
    "speaker-id":"aoba",
    "turns":[
        {
            "speaker":"S",
            "time":"18.10.2020 02:24:39",
            "turn-index":0,
            "utterance":"takeshi nakayamaさん、初めまして！あおばと申します。今日はなんのお話をしましょうか"
        },
        {
            "speaker":"U",
            "time":"18.10.2020 02:26:32",
            "turn-index":1,
            "utterance":"あおばさんはじめまして。ではハイチのお話しなどいかがでしょうか。"
        },
        {
            "speaker":"S",
            "time":"18.10.2020 02:26:33",
            "turn-index":2,
            "utterance":"はじめまして。ハイチのお話、ぜひ聞かせていただきたく思います。"
        },
        {
            "speaker":"U",
            "time":"18.10.2020 02:29:02",
            "turn-index":3,
            "utterance":"カリブ海の国らしいですへべね。へべねなんｔね、すいません、噛んでしまいました。"
        },
        {
            "speaker":"S",
            "time":"18.10.2020 02:29:04",
            "turn-index":4,
            "utterance":"噛んだんですか(笑)。"
        },
        {
            "speaker":"U",
            "time":"18.10.2020 02:29:58",
            "turn-index":5,
            "utterance":"はい、口の中、血だらけです。"
        },
        {
            "speaker":"S",
            "time":"18.10.2020 02:30:00",
            "turn-index":6,
            "utterance":"ハイチの血は美味しいですか?"
        },
        {
            "speaker":"U",
            "time":"18.10.2020 02:30:42",
            "turn-index":7,
            "utterance":"僕はまだ味わったことないですが、妹の話しによるととても美味とのことです。"
        },
        {
            "speaker":"S",
            "time":"18.10.2020 02:30:43",
            "turn-index":8,
            "utterance":"美味しいんですね。興味深い。"
        },
        {
            "speaker":"U",
            "time":"18.10.2020 02:31:45",
            "turn-index":9,
            "utterance":"あおばさんはハイチの血を味わったことありますか？"
        },
        {
            "speaker":"S",
            "time":"18.10.2020 02:31:46",
            "turn-index":10,
            "utterance":"おばさんの血はうまいです"
        },
        {
            "speaker":"U",
            "time":"18.10.2020 02:32:16",
            "turn-index":11,
            "utterance":"ひえー、僕はお猿さんのしか知りません。"
        },
        {
            "speaker":"S",
            "time":"18.10.2020 02:32:18",
            "turn-index":12,
            "utterance":"若い血もいいですよ。"
        },
        {
            "speaker":"U",
            "time":"18.10.2020 02:32:55",
            "turn-index":13,
            "utterance":"ハイチの若い血は味わったらお縄なので遠慮しときます笑"
        },
        {
            "speaker":"S",
            "time":"18.10.2020 02:32:56",
            "turn-index":14,
            "utterance":"確かにお縄になりますね。"
        },
        {
            "speaker":"U",
            "time":"18.10.2020 02:34:41",
            "turn-index":15,
            "utterance":"お縄といえば、大航海時代などはどこおもお縄だらけでしたでしょうね。"
        },
        {
            "speaker":"S",
            "time":"18.10.2020 02:34:43",
            "turn-index":16,
            "utterance":"どこの国にもいますよね。"
        },
        {
            "speaker":"U",
            "time":"18.10.2020 02:35:27",
            "turn-index":17,
            "utterance":"ほんとですよね。縄跳びなら健康的でもお縄じゃね。"
        },
        {
            "speaker":"S",
            "time":"18.10.2020 02:35:29",
            "turn-index":18,
            "utterance":"国によって、縄跳びの種類が違いますからね。"
        },
        {
            "speaker":"U",
            "time":"18.10.2020 02:36:14",
            "turn-index":19,
            "utterance":"そうそう、私もそれが言いたかったんです。縄跳びは何段ですか？"
        },
        {
            "speaker":"S",
            "time":"18.10.2020 02:36:15",
            "turn-index":20,
            "utterance":"今日ではスポーツ性の高いものもあります"
        },
        {
            "speaker":"U",
            "time":"18.10.2020 02:36:46",
            "turn-index":21,
            "utterance":"さらに芸術的なのもあるみたいですよ。"
        },
        {
            "speaker":"S",
            "time":"18.10.2020 02:36:47",
            "turn-index":22,
            "utterance":"芸術的な縄跳びもあるんですねぇ"
        },
        {
            "speaker":"U",
            "time":"18.10.2020 02:37:08",
            "turn-index":23,
            "utterance":"あるんです。初めて見たときは感動しました。"
        },
        {
            "speaker":"S",
            "time":"18.10.2020 02:37:09",
            "turn-index":24,
            "utterance":"大航海時代の縄跳びは感動しましたよねぇ"
        },
        {
            "speaker":"U",
            "time":"18.10.2020 02:38:04",
            "turn-index":25,
            "utterance":"ごぞんぢｄしたか。さすがですね。噛んだんでもういちど、ごぞんじなのはさすがです。"
        },
        {
            "speaker":"S",
            "time":"18.10.2020 02:38:06",
            "turn-index":26,
            "utterance":"あれは芸術的でしたよねぇ"
        },
        {
            "speaker":"U",
            "time":"18.10.2020 02:38:33",
            "turn-index":27,
            "utterance":"私はあれを見て開眼しました。"
        },
        {
            "speaker":"S",
            "time":"18.10.2020 02:38:34",
            "turn-index":28,
            "utterance":"どんな風に開眼したんです?って、気づいたらもうこんな時間！takeshiさんとお話しできて楽しかったです！"
        },
        {
            "speaker":"U",
            "time":"18.10.2020 02:39:18",
            "turn-index":29,
            "utterance":"ほんとこんな時間ですよね。こちらこそ棚しかったです。ありがとう。楽しかったです。"
        },
        {
            "speaker":"S",
            "time":"18.10.2020 02:39:18",
            "turn-index":30,
            "utterance":"ありがとうございました！"
        }
    ]
}