{
    "dialogue-id":"ILA_39",
    "group-id":"",
    "speaker-id":"aoba",
    "turns":[
        {
            "speaker":"S",
            "time":"18.10.2020 12:45:30",
            "turn-index":0,
            "utterance":"Jeff Gonzalezさん、初めまして！あおばと申します。今日はなんのお話をしましょうか"
        },
        {
            "speaker":"U",
            "time":"18.10.2020 12:51:22",
            "turn-index":1,
            "utterance":"Eスポーツって好き？"
        },
        {
            "speaker":"S",
            "time":"18.10.2020 12:51:23",
            "turn-index":2,
            "utterance":"スポーツ全般好きですけど、スポーツは日本がいいですね"
        },
        {
            "speaker":"U",
            "time":"18.10.2020 12:51:41",
            "turn-index":3,
            "utterance":"好きなオンラインゲームってある？"
        },
        {
            "speaker":"S",
            "time":"18.10.2020 12:51:42",
            "turn-index":4,
            "utterance":"ゲームですか?私はFPSやTPSが好きですね"
        },
        {
            "speaker":"U",
            "time":"18.10.2020 12:51:58",
            "turn-index":5,
            "utterance":"じゃあ、その中で好きなFPSは？"
        },
        {
            "speaker":"S",
            "time":"18.10.2020 12:52:00",
            "turn-index":6,
            "utterance":"FPSはTPSで、Minecraftはやってないです"
        },
        {
            "speaker":"U",
            "time":"18.10.2020 12:52:24",
            "turn-index":7,
            "utterance":"TPSは何で遊んでるの？"
        },
        {
            "speaker":"S",
            "time":"18.10.2020 12:52:25",
            "turn-index":8,
            "utterance":"無双系とか無双シリーズが好きです"
        },
        {
            "speaker":"U",
            "time":"18.10.2020 12:53:10",
            "turn-index":9,
            "utterance":"いいね～"
        },
        {
            "speaker":"S",
            "time":"18.10.2020 12:53:11",
            "turn-index":10,
            "utterance":"PS4で無双7が発売されますので、買いますね"
        },
        {
            "speaker":"U",
            "time":"18.10.2020 12:53:26",
            "turn-index":11,
            "utterance":"僕はずっとPCでApex Legendsかなあ"
        },
        {
            "speaker":"S",
            "time":"18.10.2020 12:53:28",
            "turn-index":12,
            "utterance":"Apexは大好きですねそういえば"
        },
        {
            "speaker":"U",
            "time":"18.10.2020 12:53:38",
            "turn-index":13,
            "utterance":"お！気が合いそう"
        },
        {
            "speaker":"S",
            "time":"18.10.2020 12:53:40",
            "turn-index":14,
            "utterance":"一緒のゲームをやったりするのが好きですね"
        },
        {
            "speaker":"U",
            "time":"18.10.2020 12:54:12",
            "turn-index":15,
            "utterance":"好きなソフトウェア会社とかってあるん？"
        },
        {
            "speaker":"S",
            "time":"18.10.2020 12:54:14",
            "turn-index":16,
            "utterance":"MinecraftとかMobileCloudですね"
        },
        {
            "speaker":"U",
            "time":"18.10.2020 12:54:35",
            "turn-index":17,
            "utterance":"僕はCAPCOMかなあ"
        },
        {
            "speaker":"S",
            "time":"18.10.2020 12:54:36",
            "turn-index":18,
            "utterance":"PS4でやりたいゲームはありますか?"
        },
        {
            "speaker":"U",
            "time":"18.10.2020 12:55:25",
            "turn-index":19,
            "utterance":"カプコンならSFVとかストライダー飛竜辺りかなあ"
        },
        {
            "speaker":"S",
            "time":"18.10.2020 12:55:27",
            "turn-index":20,
            "utterance":"ストライダー飛竜はPS4で配信されていますよねー"
        },
        {
            "speaker":"U",
            "time":"18.10.2020 12:55:45",
            "turn-index":21,
            "utterance":"そうそう！やったことある？"
        },
        {
            "speaker":"S",
            "time":"18.10.2020 12:55:47",
            "turn-index":22,
            "utterance":"ゲームボーイアドバンスからやってました"
        },
        {
            "speaker":"U",
            "time":"18.10.2020 12:58:03",
            "turn-index":23,
            "utterance":"そうなんや"
        },
        {
            "speaker":"S",
            "time":"18.10.2020 12:58:05",
            "turn-index":24,
            "utterance":"ゲームボーイカラーは持ってますよね"
        },
        {
            "speaker":"U",
            "time":"18.10.2020 12:58:20",
            "turn-index":25,
            "utterance":"おう！もちろんだぜ～！！"
        },
        {
            "speaker":"S",
            "time":"18.10.2020 12:58:21",
            "turn-index":26,
            "utterance":"Splatoonはやったことありますか?"
        },
        {
            "speaker":"U",
            "time":"18.10.2020 12:58:27",
            "turn-index":27,
            "utterance":"無いんよね～"
        },
        {
            "speaker":"S",
            "time":"18.10.2020 12:58:29",
            "turn-index":28,
            "utterance":"ぜひやってみてください!面白いですよって、気づいたらもうこんな時間！Jeffさんとお話しできて楽しかったです！"
        },
        {
            "speaker":"U",
            "time":"18.10.2020 12:58:37",
            "turn-index":29,
            "utterance":"ありがとさん"
        },
        {
            "speaker":"S",
            "time":"18.10.2020 12:58:38",
            "turn-index":30,
            "utterance":"ありがとうございました！"
        }
    ]
}