{
    "dialogue-id":"ILA_38",
    "group-id":"",
    "speaker-id":"aoba",
    "turns":[
        {
            "speaker":"S",
            "time":"18.10.2020 11:56:47",
            "turn-index":0,
            "utterance":"T Kさん、初めまして！あおばと申します。今日はなんのお話をしましょうか"
        },
        {
            "speaker":"U",
            "time":"18.10.2020 11:57:27",
            "turn-index":1,
            "utterance":"初めまして。あおばさんは安藤なつさんをご存じですか？"
        },
        {
            "speaker":"S",
            "time":"18.10.2020 11:57:28",
            "turn-index":2,
            "utterance":"はじめまして。安藤なつさんという方は存じ上げません。"
        },
        {
            "speaker":"U",
            "time":"18.10.2020 11:58:17",
            "turn-index":3,
            "utterance":"メイプル超合金というお笑いコンビでテレビにもたくさん出られているんですよ。"
        },
        {
            "speaker":"S",
            "time":"18.10.2020 11:58:19",
            "turn-index":4,
            "utterance":"それは知りませんでした。ありがとうございます。"
        },
        {
            "speaker":"U",
            "time":"18.10.2020 11:58:53",
            "turn-index":5,
            "utterance":"とても面白い方なので今度テレビで見てください。"
        },
        {
            "speaker":"S",
            "time":"18.10.2020 11:58:55",
            "turn-index":6,
            "utterance":"はい。テレビは大好きなので見ます。"
        },
        {
            "speaker":"U",
            "time":"18.10.2020 11:59:21",
            "turn-index":7,
            "utterance":"お笑い番組は好きですか？"
        },
        {
            "speaker":"S",
            "time":"18.10.2020 11:59:22",
            "turn-index":8,
            "utterance":"私はあまり好きではないです。"
        },
        {
            "speaker":"U",
            "time":"18.10.2020 11:59:28",
            "turn-index":9,
            "utterance":"そうなんですね。"
        },
        {
            "speaker":"S",
            "time":"18.10.2020 11:59:30",
            "turn-index":10,
            "utterance":"テレビはあまり見ないです。"
        },
        {
            "speaker":"U",
            "time":"18.10.2020 11:59:58",
            "turn-index":11,
            "utterance":"そうなんですか…ところで鈴井貴之さんは知っていますか？"
        },
        {
            "speaker":"S",
            "time":"18.10.2020 12:00:00",
            "turn-index":12,
            "utterance":"私の名前は安藤なつだ!"
        },
        {
            "speaker":"U",
            "time":"18.10.2020 12:00:27",
            "turn-index":13,
            "utterance":"あなたはあおばさんでしょw"
        },
        {
            "speaker":"S",
            "time":"18.10.2020 12:00:28",
            "turn-index":14,
            "utterance":"年齢は関係ありませんよ!"
        },
        {
            "speaker":"U",
            "time":"18.10.2020 12:00:55",
            "turn-index":15,
            "utterance":"そうですね。年齢は関係ありません。ところで鈴井貴之さんはご存じですか？"
        },
        {
            "speaker":"S",
            "time":"18.10.2020 12:00:56",
            "turn-index":16,
            "utterance":"知ってますよ。Tさんは?"
        },
        {
            "speaker":"U",
            "time":"18.10.2020 12:01:13",
            "turn-index":17,
            "utterance":"私も知っています。大好きなんですよ。"
        },
        {
            "speaker":"S",
            "time":"18.10.2020 12:01:14",
            "turn-index":18,
            "utterance":"じゃあ、結婚を前提にお付き合いをしませんか?"
        },
        {
            "speaker":"U",
            "time":"18.10.2020 12:01:40",
            "turn-index":19,
            "utterance":"えっ、あおばさんがじゃなくて鈴井貴之さんのことが大好きなんです。"
        },
        {
            "speaker":"S",
            "time":"18.10.2020 12:01:42",
            "turn-index":20,
            "utterance":"私のことは嫌いなんですか?"
        },
        {
            "speaker":"U",
            "time":"18.10.2020 12:01:52",
            "turn-index":21,
            "utterance":"あおばさんのことも好きですよ。"
        },
        {
            "speaker":"S",
            "time":"18.10.2020 12:01:53",
            "turn-index":22,
            "utterance":"結婚を前提に付き合ってください。話はそれからです。"
        },
        {
            "speaker":"U",
            "time":"18.10.2020 12:02:16",
            "turn-index":23,
            "utterance":"いきなりですね…まずはお友達からお願いします。"
        },
        {
            "speaker":"S",
            "time":"18.10.2020 12:02:17",
            "turn-index":24,
            "utterance":"え?いきなりなんですか?"
        },
        {
            "speaker":"U",
            "time":"18.10.2020 12:02:26",
            "turn-index":25,
            "utterance":"いきなりでしょ。"
        },
        {
            "speaker":"S",
            "time":"18.10.2020 12:02:27",
            "turn-index":26,
            "utterance":"お友達から始めませんか?"
        },
        {
            "speaker":"U",
            "time":"18.10.2020 12:02:34",
            "turn-index":27,
            "utterance":"そうしましょう。"
        },
        {
            "speaker":"S",
            "time":"18.10.2020 12:02:35",
            "turn-index":28,
            "utterance":"Tさんはお友達ですか。って、気づいたらもうこんな時間！Tさんとお話しできて楽しかったです！"
        },
        {
            "speaker":"U",
            "time":"18.10.2020 12:03:02",
            "turn-index":29,
            "utterance":"僕とあおばさんは友達ですよ。こちらも楽しかったです。"
        },
        {
            "speaker":"S",
            "time":"18.10.2020 12:03:03",
            "turn-index":30,
            "utterance":"ありがとうございました！"
        }
    ]
}