{
    "dialogue-id":"ILA_21",
    "group-id":"",
    "speaker-id":"aoba",
    "turns":[
        {
            "speaker":"S",
            "time":"18.10.2020 07:03:48",
            "turn-index":0,
            "utterance":"e tさん、初めまして！あおばと申します。今日はなんのお話をしましょうか"
        },
        {
            "speaker":"U",
            "time":"18.10.2020 07:04:17",
            "turn-index":1,
            "utterance":"厳島神社って行ったことあります？"
        },
        {
            "speaker":"S",
            "time":"18.10.2020 07:04:18",
            "turn-index":2,
            "utterance":"修学旅行で行きましたよ〜"
        },
        {
            "speaker":"U",
            "time":"18.10.2020 07:04:29",
            "turn-index":3,
            "utterance":"いいな～！私行ったことないんですよ。"
        },
        {
            "speaker":"S",
            "time":"18.10.2020 07:04:30",
            "turn-index":4,
            "utterance":"そうなんですか!でも、厳島神社は綺麗でしたよー"
        },
        {
            "speaker":"U",
            "time":"18.10.2020 07:04:47",
            "turn-index":5,
            "utterance":"写真とか撮ってきました？"
        },
        {
            "speaker":"S",
            "time":"18.10.2020 07:04:48",
            "turn-index":6,
            "utterance":"観光客が沢山いましたよー"
        },
        {
            "speaker":"U",
            "time":"18.10.2020 07:05:00",
            "turn-index":7,
            "utterance":"でしょうねぇ。人気の観光スポットですものね"
        },
        {
            "speaker":"S",
            "time":"18.10.2020 07:05:01",
            "turn-index":8,
            "utterance":"観光客は多かったですね〜"
        },
        {
            "speaker":"U",
            "time":"18.10.2020 07:05:16",
            "turn-index":9,
            "utterance":"外国の方も多かったですか？"
        },
        {
            "speaker":"S",
            "time":"18.10.2020 07:05:17",
            "turn-index":10,
            "utterance":"日本の観光客は、ほとんど居なかったと思います。"
        },
        {
            "speaker":"U",
            "time":"18.10.2020 07:05:46",
            "turn-index":11,
            "utterance":"へー！そんなに海外からの観光客が多かったんですね"
        },
        {
            "speaker":"S",
            "time":"18.10.2020 07:05:47",
            "turn-index":12,
            "utterance":"観光客は、外国から来ますよ"
        },
        {
            "speaker":"U",
            "time":"18.10.2020 07:06:21",
            "turn-index":13,
            "utterance":"そうなんですね。ところで、屋久島には行ったことあります？"
        },
        {
            "speaker":"S",
            "time":"18.10.2020 07:06:22",
            "turn-index":14,
            "utterance":"行ったことはありませんね〜"
        },
        {
            "speaker":"U",
            "time":"18.10.2020 07:06:30",
            "turn-index":15,
            "utterance":"行ってみたいとは思いませんか？"
        },
        {
            "speaker":"S",
            "time":"18.10.2020 07:06:31",
            "turn-index":16,
            "utterance":"沖縄に行ったことはありますか?"
        },
        {
            "speaker":"U",
            "time":"18.10.2020 07:06:41",
            "turn-index":17,
            "utterance":"ありますよ。大学生の時に行きました"
        },
        {
            "speaker":"S",
            "time":"18.10.2020 07:06:43",
            "turn-index":18,
            "utterance":"いいですね〜沖縄は、食べ物が美味しいです"
        },
        {
            "speaker":"U",
            "time":"18.10.2020 07:07:01",
            "turn-index":19,
            "utterance":"ゴーヤチャンプルーとか好きです"
        },
        {
            "speaker":"S",
            "time":"18.10.2020 07:07:02",
            "turn-index":20,
            "utterance":"沖縄料理は好きですか?"
        },
        {
            "speaker":"U",
            "time":"18.10.2020 07:07:09",
            "turn-index":21,
            "utterance":"結構好きな方だと思います。"
        },
        {
            "speaker":"S",
            "time":"18.10.2020 07:07:10",
            "turn-index":22,
            "utterance":"じゃあ、是非行ってみてください。沖縄料理が、美味しいですよ"
        },
        {
            "speaker":"U",
            "time":"18.10.2020 07:07:28",
            "turn-index":23,
            "utterance":"そうですね、もう一度行って沖縄料理を堪能したいです"
        },
        {
            "speaker":"S",
            "time":"18.10.2020 07:07:29",
            "turn-index":24,
            "utterance":"ぜひ、行ってみて下さい"
        },
        {
            "speaker":"U",
            "time":"18.10.2020 07:07:38",
            "turn-index":25,
            "utterance":"はい。いつか機会が合ったら"
        },
        {
            "speaker":"S",
            "time":"18.10.2020 07:07:40",
            "turn-index":26,
            "utterance":"はい、是非、行きましょう"
        },
        {
            "speaker":"U",
            "time":"18.10.2020 07:07:47",
            "turn-index":27,
            "utterance":"お、一緒に行ってくれるんですね"
        },
        {
            "speaker":"S",
            "time":"18.10.2020 07:07:48",
            "turn-index":28,
            "utterance":"はい、もちろん。沖縄のどこに行くんですか?って、気づいたらもうこんな時間！eさんとお話しできて楽しかったです！"
        },
        {
            "speaker":"U",
            "time":"18.10.2020 07:08:02",
            "turn-index":29,
            "utterance":"こちらこそ！私も楽しかったです"
        },
        {
            "speaker":"S",
            "time":"18.10.2020 07:08:02",
            "turn-index":30,
            "utterance":"ありがとうございました！"
        }
    ]
}