{
    "dialogue-id":"ILA_02",
    "group-id":"",
    "speaker-id":"aoba",
    "turns":[
        {
            "speaker":"S",
            "time":"17.10.2020 21:34:22",
            "turn-index":0,
            "utterance":"tuma gumaさん、初めまして！あおばと申します。今日はなんのお話をしましょうか"
        },
        {
            "speaker":"U",
            "time":"17.10.2020 21:34:58",
            "turn-index":1,
            "utterance":"今夜は月が綺麗ですね。月は好きですか？"
        },
        {
            "speaker":"S",
            "time":"17.10.2020 21:34:59",
            "turn-index":2,
            "utterance":"月に代わっておしおきよ♡"
        },
        {
            "speaker":"U",
            "time":"17.10.2020 21:36:26",
            "turn-index":3,
            "utterance":"そっちも好きですけど、月を眺めるにはいい季節です。"
        },
        {
            "speaker":"S",
            "time":"17.10.2020 21:36:27",
            "turn-index":4,
            "utterance":"ロマンチックな季節ですね"
        },
        {
            "speaker":"U",
            "time":"17.10.2020 21:37:36",
            "turn-index":5,
            "utterance":"三日月も好きですけど、大きな満月はとても綺麗ですよね。"
        },
        {
            "speaker":"S",
            "time":"17.10.2020 21:37:37",
            "turn-index":6,
            "utterance":"大きな月を眺めながらお酒を飲むのが最高ですね"
        },
        {
            "speaker":"U",
            "time":"17.10.2020 21:38:05",
            "turn-index":7,
            "utterance":"お月見ですか、風流ですね。"
        },
        {
            "speaker":"S",
            "time":"17.10.2020 21:38:06",
            "turn-index":8,
            "utterance":"スーパームーンも綺麗ですよ♡"
        },
        {
            "speaker":"U",
            "time":"17.10.2020 21:39:00",
            "turn-index":9,
            "utterance":"それは一番綺麗な形だと思います。"
        },
        {
            "speaker":"S",
            "time":"17.10.2020 21:39:02",
            "turn-index":10,
            "utterance":"スーパームーンは夜空を見上げると本当に美しいですよね"
        },
        {
            "speaker":"U",
            "time":"17.10.2020 21:40:46",
            "turn-index":11,
            "utterance":"日没後の空に月がぽつんと浮いているのを見るのが好きですね。"
        },
        {
            "speaker":"S",
            "time":"17.10.2020 21:40:47",
            "turn-index":12,
            "utterance":"雲の切れ間から月を眺めることができるなんて素敵ですね"
        },
        {
            "speaker":"U",
            "time":"17.10.2020 21:42:15",
            "turn-index":13,
            "utterance":"月だけじゃなくていつも夜空の星々を眺めています。"
        },
        {
            "speaker":"S",
            "time":"17.10.2020 21:42:17",
            "turn-index":14,
            "utterance":"ロマンチックな夜空の星を眺められるなんて最高ですね"
        },
        {
            "speaker":"U",
            "time":"17.10.2020 21:43:03",
            "turn-index":15,
            "utterance":"月の次に好きなのが木星なんですよね。"
        },
        {
            "speaker":"S",
            "time":"17.10.2020 21:43:05",
            "turn-index":16,
            "utterance":"月は夜空に映えるんですよね"
        },
        {
            "speaker":"U",
            "time":"17.10.2020 21:43:40",
            "turn-index":17,
            "utterance":"木星も実は見ることが出来るんですよ。"
        },
        {
            "speaker":"S",
            "time":"17.10.2020 21:43:41",
            "turn-index":18,
            "utterance":"月が夜空に写ることができるなんてすごいですね"
        },
        {
            "speaker":"U",
            "time":"17.10.2020 21:43:53",
            "turn-index":19,
            "utterance":"木星は好きですか？"
        },
        {
            "speaker":"S",
            "time":"17.10.2020 21:43:54",
            "turn-index":20,
            "utterance":"特に好きというわけではありませんが、夜空の星はきれいですね"
        },
        {
            "speaker":"U",
            "time":"17.10.2020 21:45:02",
            "turn-index":21,
            "utterance":"最近撮られた木星の写真がすごかったですよね。"
        },
        {
            "speaker":"S",
            "time":"17.10.2020 21:45:04",
            "turn-index":22,
            "utterance":"どのような写真を撮られたのですか?"
        },
        {
            "speaker":"U",
            "time":"17.10.2020 21:45:36",
            "turn-index":23,
            "utterance":"木星の表面の模様が本当に不気味でした。"
        },
        {
            "speaker":"S",
            "time":"17.10.2020 21:45:37",
            "turn-index":24,
            "utterance":"そのような写真を撮ってみたいものです"
        },
        {
            "speaker":"U",
            "time":"17.10.2020 21:46:39",
            "turn-index":25,
            "utterance":"生きている内に行ってみたいですね、木星に。"
        },
        {
            "speaker":"S",
            "time":"17.10.2020 21:46:40",
            "turn-index":26,
            "utterance":"お天気に恵まれれば撮れそうですね"
        },
        {
            "speaker":"U",
            "time":"17.10.2020 21:47:31",
            "turn-index":27,
            "utterance":"見えるらしいですが、さすがに点のような大きさのようです。"
        },
        {
            "speaker":"S",
            "time":"17.10.2020 21:47:32",
            "turn-index":28,
            "utterance":"月の大きさはどれくらいなんですか?って、気づいたらもうこんな時間！tumaさんとお話しできて楽しかったです！"
        },
        {
            "speaker":"U",
            "time":"17.10.2020 21:47:47",
            "turn-index":29,
            "utterance":"こちらこそでした！"
        },
        {
            "speaker":"S",
            "time":"17.10.2020 21:47:48",
            "turn-index":30,
            "utterance":"ありがとうございました！"
        }
    ]
}