{
    "dialogue-id":"ILA_15",
    "group-id":"",
    "speaker-id":"aoba",
    "turns":[
        {
            "speaker":"S",
            "time":"17.10.2020 21:35:00",
            "turn-index":0,
            "utterance":"cloud momijiさん、初めまして！あおばと申します。今日はなんのお話をしましょうか"
        },
        {
            "speaker":"U",
            "time":"17.10.2020 21:35:52",
            "turn-index":1,
            "utterance":"初めまして！　それでは芦田愛菜さんの話なんてどうでしょう？"
        },
        {
            "speaker":"S",
            "time":"17.10.2020 21:35:54",
            "turn-index":2,
            "utterance":"そういえば芦田愛菜さんも好きでしたね"
        },
        {
            "speaker":"U",
            "time":"17.10.2020 21:36:05",
            "turn-index":3,
            "utterance":"はい、最近また話題になっていますよね"
        },
        {
            "speaker":"S",
            "time":"17.10.2020 21:36:07",
            "turn-index":4,
            "utterance":"好きな芸能人は誰ですか?"
        },
        {
            "speaker":"U",
            "time":"17.10.2020 21:36:40",
            "turn-index":5,
            "utterance":"嵐の相葉雅紀くんも好きです"
        },
        {
            "speaker":"S",
            "time":"17.10.2020 21:36:41",
            "turn-index":6,
            "utterance":"雅紀くんかっこいいですよね"
        },
        {
            "speaker":"U",
            "time":"17.10.2020 21:36:59",
            "turn-index":7,
            "utterance":"5人の中で一番の愛されキャラな気がします"
        },
        {
            "speaker":"S",
            "time":"17.10.2020 21:37:00",
            "turn-index":8,
            "utterance":"どんな役でもこなせちゃうところがすごいですよねえ"
        },
        {
            "speaker":"U",
            "time":"17.10.2020 21:37:26",
            "turn-index":9,
            "utterance":"来年以降も芸能界でしっかり生き残ってくれると嬉しいです"
        },
        {
            "speaker":"S",
            "time":"17.10.2020 21:37:27",
            "turn-index":10,
            "utterance":"まだ若いですしこれからの活躍にも期待ですね!"
        },
        {
            "speaker":"U",
            "time":"17.10.2020 21:37:57",
            "turn-index":11,
            "utterance":"ジャニーズといえば、香取慎吾さんも最近またテレビで見かけますね"
        },
        {
            "speaker":"S",
            "time":"17.10.2020 21:37:59",
            "turn-index":12,
            "utterance":"私もよく見ますよ!"
        },
        {
            "speaker":"U",
            "time":"17.10.2020 21:38:22",
            "turn-index":13,
            "utterance":"元SMAPもこれからまた地上波に復帰してもらいたいです"
        },
        {
            "speaker":"S",
            "time":"17.10.2020 21:38:24",
            "turn-index":14,
            "utterance":"そうですね!また見たいですね!SMAPは素晴らしいグループです!"
        },
        {
            "speaker":"U",
            "time":"17.10.2020 21:39:20",
            "turn-index":15,
            "utterance":"中居くん達との共演も見たいですよね"
        },
        {
            "speaker":"S",
            "time":"17.10.2020 21:39:22",
            "turn-index":16,
            "utterance":"また共演してほしいですね。"
        },
        {
            "speaker":"U",
            "time":"17.10.2020 21:39:40",
            "turn-index":17,
            "utterance":"5人そろってテレビに映ってくれるのが夢です"
        },
        {
            "speaker":"S",
            "time":"17.10.2020 21:39:42",
            "turn-index":18,
            "utterance":"あの5人揃うと感動もひとしおです。"
        },
        {
            "speaker":"U",
            "time":"17.10.2020 21:40:03",
            "turn-index":19,
            "utterance":"タッキーに何とかしてもらいたいですね"
        },
        {
            "speaker":"S",
            "time":"17.10.2020 21:40:04",
            "turn-index":20,
            "utterance":"そうですね!タッキーがなんとかしてくれるはずです!"
        },
        {
            "speaker":"U",
            "time":"17.10.2020 21:40:50",
            "turn-index":21,
            "utterance":"はい！嵐もいつかまた復活してもらいたいですし、見たい光景がいっぱいあります"
        },
        {
            "speaker":"S",
            "time":"17.10.2020 21:40:51",
            "turn-index":22,
            "utterance":"テレビに映るとテンション上がりますよね!"
        },
        {
            "speaker":"U",
            "time":"17.10.2020 21:41:07",
            "turn-index":23,
            "utterance":"何だかんだでテレビが大好きなのが分かりました"
        },
        {
            "speaker":"S",
            "time":"17.10.2020 21:41:09",
            "turn-index":24,
            "utterance":"大好き!は2005年から2006年まで連載された水沢めぐみの少女漫画です"
        },
        {
            "speaker":"U",
            "time":"17.10.2020 21:41:38",
            "turn-index":25,
            "utterance":"そうなんですか？　面白いんですかね？"
        },
        {
            "speaker":"S",
            "time":"17.10.2020 21:41:39",
            "turn-index":26,
            "utterance":"少女漫画は大好きですよ。"
        },
        {
            "speaker":"U",
            "time":"17.10.2020 21:42:05",
            "turn-index":27,
            "utterance":"私も単行本全巻揃えている少女漫画があります"
        },
        {
            "speaker":"S",
            "time":"17.10.2020 21:42:07",
            "turn-index":28,
            "utterance":"どんな漫画が好きですか?私はミステリー系が多いですけど。って、気づいたらもうこんな時間！cloudさんとお話しできて楽しかったです！"
        },
        {
            "speaker":"U",
            "time":"17.10.2020 21:42:18",
            "turn-index":29,
            "utterance":"こちらこそ楽しかったです！ありがとうございました"
        },
        {
            "speaker":"S",
            "time":"17.10.2020 21:42:19",
            "turn-index":30,
            "utterance":"ありがとうございました！"
        }
    ]
}