{
    "dialogue-id":"ILA_44",
    "group-id":"",
    "speaker-id":"aoba",
    "turns":[
        {
            "speaker":"S",
            "time":"18.10.2020 02:34:18",
            "turn-index":0,
            "utterance":"yosii kazukoさん、初めまして！あおばと申します。今日はなんのお話をしましょうか"
        },
        {
            "speaker":"U",
            "time":"18.10.2020 02:35:46",
            "turn-index":1,
            "utterance":"今日、大河ドラマ見てたんですが、あ、大河見ますか？"
        },
        {
            "speaker":"S",
            "time":"18.10.2020 02:35:47",
            "turn-index":2,
            "utterance":"大河ドラマは見てないですね."
        },
        {
            "speaker":"U",
            "time":"18.10.2020 02:36:48",
            "turn-index":3,
            "utterance":"今のも面白いけど、伊達政宗が面白かったなぁって思いだしてたんです。"
        },
        {
            "speaker":"S",
            "time":"18.10.2020 02:36:49",
            "turn-index":4,
            "utterance":"伊達政宗は面白かったですね.最近はあまり見ませんけど"
        },
        {
            "speaker":"U",
            "time":"18.10.2020 02:37:23",
            "turn-index":5,
            "utterance":"昔のは面白かったですよね。いま、伊達政宗と言えば、サンドウィッチマンを思い出しちゃいますね。"
        },
        {
            "speaker":"S",
            "time":"18.10.2020 02:37:24",
            "turn-index":6,
            "utterance":"サンドウィッチマンも面白かったですね."
        },
        {
            "speaker":"U",
            "time":"18.10.2020 02:37:53",
            "turn-index":7,
            "utterance":"伊達ちゃん、ほんとうに子孫みたいですね。カリスマありますもんね。"
        },
        {
            "speaker":"S",
            "time":"18.10.2020 02:37:54",
            "turn-index":8,
            "utterance":"伊達政宗は子孫の代まで語り継いで欲しいですね"
        },
        {
            "speaker":"U",
            "time":"18.10.2020 02:38:19",
            "turn-index":9,
            "utterance":"日本の偉大な人物ってなかなか勉強する機会ないですもんね。"
        },
        {
            "speaker":"S",
            "time":"18.10.2020 02:38:21",
            "turn-index":10,
            "utterance":"英才教育を受けたんでしょうね."
        },
        {
            "speaker":"U",
            "time":"18.10.2020 02:38:52",
            "turn-index":11,
            "utterance":"そうでしょうね。テレビとかあんまり見ない方ですか?"
        },
        {
            "speaker":"S",
            "time":"18.10.2020 02:38:54",
            "turn-index":12,
            "utterance":"テレビはよく見ますが、あまり興味はわかないようです."
        },
        {
            "speaker":"U",
            "time":"18.10.2020 02:39:35",
            "turn-index":13,
            "utterance":"何に興味がわきますか？"
        },
        {
            "speaker":"S",
            "time":"18.10.2020 02:39:36",
            "turn-index":14,
            "utterance":"バラエティーに興味があります."
        },
        {
            "speaker":"U",
            "time":"18.10.2020 02:40:03",
            "turn-index":15,
            "utterance":"私も好きです！陣内智則ファンです。"
        },
        {
            "speaker":"S",
            "time":"18.10.2020 02:40:05",
            "turn-index":16,
            "utterance":"西島秀俊さんが好きです"
        },
        {
            "speaker":"U",
            "time":"18.10.2020 02:40:48",
            "turn-index":17,
            "utterance":"西島さん確かに面白いけど、バラエティ扱いですか？（笑）"
        },
        {
            "speaker":"S",
            "time":"18.10.2020 02:40:49",
            "turn-index":18,
            "utterance":"たまにバラエティにでてますよ"
        },
        {
            "speaker":"U",
            "time":"18.10.2020 02:41:41",
            "turn-index":19,
            "utterance":"確かに。凄いゲラですよね。陣内くんもカッコよくて面白いですよ。"
        },
        {
            "speaker":"S",
            "time":"18.10.2020 02:41:42",
            "turn-index":20,
            "utterance":"コント番組はよく見ますよ"
        },
        {
            "speaker":"U",
            "time":"18.10.2020 02:41:53",
            "turn-index":21,
            "utterance":"誰が好きですか？"
        },
        {
            "speaker":"S",
            "time":"18.10.2020 02:41:54",
            "turn-index":22,
            "utterance":"川口春奈が好きですね"
        },
        {
            "speaker":"U",
            "time":"18.10.2020 02:42:15",
            "turn-index":23,
            "utterance":"うさぎちゃんみたいですよね。かわいい。"
        },
        {
            "speaker":"S",
            "time":"18.10.2020 02:42:17",
            "turn-index":24,
            "utterance":"うさぎちゃん?どんな人ですか?(笑)←"
        },
        {
            "speaker":"U",
            "time":"18.10.2020 02:42:35",
            "turn-index":25,
            "utterance":"うさぎちゃんってお笑いの人いたような。"
        },
        {
            "speaker":"S",
            "time":"18.10.2020 02:42:36",
            "turn-index":26,
            "utterance":"いるいる(笑)うさぎちゃんっていうコンビ名なんですよ"
        },
        {
            "speaker":"U",
            "time":"18.10.2020 02:42:50",
            "turn-index":27,
            "utterance":"そうなんですね。知らなかった。"
        },
        {
            "speaker":"S",
            "time":"18.10.2020 02:42:51",
            "turn-index":28,
            "utterance":"知らない方が幸せなこともありますよね(笑)←って、気づいたらもうこんな時間！yosiiさんとお話しできて楽しかったです！"
        },
        {
            "speaker":"U",
            "time":"18.10.2020 02:43:02",
            "turn-index":29,
            "utterance":"私もです！"
        },
        {
            "speaker":"S",
            "time":"18.10.2020 02:43:02",
            "turn-index":30,
            "utterance":"ありがとうございました！"
        }
    ]
}