{
    "dialogue-id":"IRS_17",
    "group-id":"",
    "speaker-id":"LiveCompe2020Iris",
    "turns":[
        {
            "speaker":"S",
            "time":"17.10.2020 17:11:35",
            "turn-index":0,
            "utterance":"何でしょうか?"
        },
        {
            "speaker":"U",
            "time":"17.10.2020 17:11:59",
            "turn-index":1,
            "utterance":"サークルの同窓会の件、今年の幹事をお願いしたいんだけど。"
        },
        {
            "speaker":"S",
            "time":"17.10.2020 17:11:59",
            "turn-index":2,
            "utterance":"幹事ですか...🤔"
        },
        {
            "speaker":"U",
            "time":"17.10.2020 17:12:16",
            "turn-index":3,
            "utterance":"飲み会の幹事みたいなものだよ。"
        },
        {
            "speaker":"S",
            "time":"17.10.2020 17:12:16",
            "turn-index":4,
            "utterance":"同窓会の日にちは決まっていますか?"
        },
        {
            "speaker":"U",
            "time":"17.10.2020 17:12:56",
            "turn-index":5,
            "utterance":"きまってないけど、例年９月の土日のどちらかでやってるよ。"
        },
        {
            "speaker":"S",
            "time":"17.10.2020 17:12:56",
            "turn-index":6,
            "utterance":"わかりました🙆"
        },
        {
            "speaker":"U",
            "time":"17.10.2020 17:13:38",
            "turn-index":7,
            "utterance":"ありがとう。よろしくね。"
        },
        {
            "speaker":"S",
            "time":"17.10.2020 17:13:38",
            "turn-index":8,
            "utterance":"お店は地元ですか?"
        },
        {
            "speaker":"U",
            "time":"17.10.2020 17:14:03",
            "turn-index":9,
            "utterance":"みんなが集まれるように、新宿がいいと思う。"
        },
        {
            "speaker":"S",
            "time":"17.10.2020 17:14:03",
            "turn-index":10,
            "utterance":"実はあまりお店とか知らなくて😅"
        },
        {
            "speaker":"U",
            "time":"17.10.2020 17:14:23",
            "turn-index":11,
            "utterance":"一休に乗ってるお店は当たり率が高いよ。"
        },
        {
            "speaker":"S",
            "time":"17.10.2020 17:14:24",
            "turn-index":12,
            "utterance":"予算はだいたいどれくらいですか?"
        },
        {
            "speaker":"U",
            "time":"17.10.2020 17:14:43",
            "turn-index":13,
            "utterance":"1人7000円ぐらい。"
        },
        {
            "speaker":"S",
            "time":"17.10.2020 17:14:44",
            "turn-index":14,
            "utterance":"たくさん答えていただきありがとうございます😀"
        },
        {
            "speaker":"U",
            "time":"17.10.2020 17:14:48",
            "turn-index":15,
            "utterance":"いえいえ。"
        },
        {
            "speaker":"S",
            "time":"17.10.2020 17:14:49",
            "turn-index":16,
            "utterance":"幹事なかなか大変そうですね😟"
        },
        {
            "speaker":"U",
            "time":"17.10.2020 17:15:37",
            "turn-index":17,
            "utterance":"連絡とか面倒な部分はあるけど、決まってしまえば大丈夫だよ。"
        },
        {
            "speaker":"S",
            "time":"17.10.2020 17:15:37",
            "turn-index":18,
            "utterance":"色々と考えることが多くて, ちょっと頭がいっぱいです😵"
        },
        {
            "speaker":"U",
            "time":"17.10.2020 17:15:56",
            "turn-index":19,
            "utterance":"心配なことがあったら相談してくれれば答えるよ。"
        },
        {
            "speaker":"S",
            "time":"17.10.2020 17:15:56",
            "turn-index":20,
            "utterance":"自分にはちょっと荷が重いかもしれないです💦"
        },
        {
            "speaker":"U",
            "time":"17.10.2020 17:16:14",
            "turn-index":21,
            "utterance":"できる、できる。"
        },
        {
            "speaker":"S",
            "time":"17.10.2020 17:16:15",
            "turn-index":22,
            "utterance":"本当に申し訳ないですが, お断りさせてください🙇"
        },
        {
            "speaker":"U",
            "time":"17.10.2020 17:17:01",
            "turn-index":23,
            "utterance":"やるっていったじゃん。"
        },
        {
            "speaker":"S",
            "time":"17.10.2020 17:17:02",
            "turn-index":24,
            "utterance":"難しいですね..."
        },
        {
            "speaker":"U",
            "time":"17.10.2020 17:17:15",
            "turn-index":25,
            "utterance":"頼れるのが清水しかいないから。"
        },
        {
            "speaker":"S",
            "time":"17.10.2020 17:17:16",
            "turn-index":26,
            "utterance":"すみませんが, 私には力不足です(汗"
        },
        {
            "speaker":"U",
            "time":"17.10.2020 17:17:22",
            "turn-index":27,
            "utterance":"そんなことない。"
        },
        {
            "speaker":"S",
            "time":"17.10.2020 17:17:22",
            "turn-index":28,
            "utterance":"本当にすみません."
        },
        {
            "speaker":"U",
            "time":"17.10.2020 17:17:29",
            "turn-index":29,
            "utterance":"サポートするよ。"
        },
        {
            "speaker":"S",
            "time":"17.10.2020 17:17:29",
            "turn-index":30,
            "utterance":"すみません, やはり自分にはしっかりやりきれる自信がないです😣🙇🙇💦"
        }
    ]
}