{
    "dialogue-id":"IRS_45",
    "group-id":"",
    "speaker-id":"LiveCompe2020Iris",
    "turns":[
        {
            "speaker":"S",
            "time":"17.10.2020 14:48:31",
            "turn-index":0,
            "utterance":"何でしょうか?"
        },
        {
            "speaker":"U",
            "time":"17.10.2020 14:48:43",
            "turn-index":1,
            "utterance":"元気ですか？"
        },
        {
            "speaker":"S",
            "time":"17.10.2020 14:48:43",
            "turn-index":2,
            "utterance":"そうですね..."
        },
        {
            "speaker":"U",
            "time":"17.10.2020 14:49:42",
            "turn-index":3,
            "utterance":"同窓会の幹事を頼みたいんだけど"
        },
        {
            "speaker":"S",
            "time":"17.10.2020 14:49:43",
            "turn-index":4,
            "utterance":"幹事ですか...🤔"
        },
        {
            "speaker":"U",
            "time":"17.10.2020 14:50:02",
            "turn-index":5,
            "utterance":"やってくれますか？"
        },
        {
            "speaker":"S",
            "time":"17.10.2020 14:50:02",
            "turn-index":6,
            "utterance":"いくつかお尋ねしてもよいでしょうか🙏"
        },
        {
            "speaker":"U",
            "time":"17.10.2020 14:50:08",
            "turn-index":7,
            "utterance":"いいですよ。"
        },
        {
            "speaker":"S",
            "time":"17.10.2020 14:50:08",
            "turn-index":8,
            "utterance":"同窓会の日にちは決まっていますか?"
        },
        {
            "speaker":"U",
            "time":"17.10.2020 14:50:48",
            "turn-index":9,
            "utterance":"決まってますよ。"
        },
        {
            "speaker":"S",
            "time":"17.10.2020 14:50:48",
            "turn-index":10,
            "utterance":"わかりました🙆"
        },
        {
            "speaker":"U",
            "time":"17.10.2020 14:50:55",
            "turn-index":11,
            "utterance":"ありがとう。"
        },
        {
            "speaker":"S",
            "time":"17.10.2020 14:50:55",
            "turn-index":12,
            "utterance":"お店は地元ですか?"
        },
        {
            "speaker":"U",
            "time":"17.10.2020 14:51:01",
            "turn-index":13,
            "utterance":"そうですよ。"
        },
        {
            "speaker":"S",
            "time":"17.10.2020 14:51:01",
            "turn-index":14,
            "utterance":"実はあまりお店とか知らなくて😅"
        },
        {
            "speaker":"U",
            "time":"17.10.2020 14:51:08",
            "turn-index":15,
            "utterance":"どこでもいいですよ"
        },
        {
            "speaker":"S",
            "time":"17.10.2020 14:51:08",
            "turn-index":16,
            "utterance":"たくさん答えていただきありがとうございます😀"
        },
        {
            "speaker":"U",
            "time":"17.10.2020 14:51:18",
            "turn-index":17,
            "utterance":"本当に頼りになるな"
        },
        {
            "speaker":"S",
            "time":"17.10.2020 14:51:18",
            "turn-index":18,
            "utterance":"幹事なかなか大変そうですね😟"
        },
        {
            "speaker":"U",
            "time":"17.10.2020 14:51:23",
            "turn-index":19,
            "utterance":"頑張ってね"
        },
        {
            "speaker":"S",
            "time":"17.10.2020 14:51:24",
            "turn-index":20,
            "utterance":"色々と考えることが多くて, ちょっと頭がいっぱいです😵"
        },
        {
            "speaker":"U",
            "time":"17.10.2020 14:51:30",
            "turn-index":21,
            "utterance":"気楽にいこうよ"
        },
        {
            "speaker":"S",
            "time":"17.10.2020 14:51:31",
            "turn-index":22,
            "utterance":"自分にはちょっと荷が重いかもしれないです💦"
        },
        {
            "speaker":"U",
            "time":"17.10.2020 14:51:35",
            "turn-index":23,
            "utterance":"そういわずに"
        },
        {
            "speaker":"S",
            "time":"17.10.2020 14:51:36",
            "turn-index":24,
            "utterance":"本当に申し訳ないですが, お断りさせてください🙇"
        },
        {
            "speaker":"U",
            "time":"17.10.2020 14:51:45",
            "turn-index":25,
            "utterance":"そこを何とか頼むよ"
        },
        {
            "speaker":"S",
            "time":"17.10.2020 14:51:45",
            "turn-index":26,
            "utterance":"すみませんが, 私には力不足です(汗"
        },
        {
            "speaker":"U",
            "time":"17.10.2020 14:51:50",
            "turn-index":27,
            "utterance":"そんなことないよ"
        },
        {
            "speaker":"S",
            "time":"17.10.2020 14:51:50",
            "turn-index":28,
            "utterance":"本当にすみません."
        },
        {
            "speaker":"U",
            "time":"17.10.2020 14:51:58",
            "turn-index":29,
            "utterance":"お願いだから頼むよ"
        },
        {
            "speaker":"S",
            "time":"17.10.2020 14:51:59",
            "turn-index":30,
            "utterance":"すみません, やはり自分にはしっかりやりきれる自信がないです😣🙇🙇💦"
        }
    ]
}