{
    "dialogue-id":"IRS_22",
    "group-id":"",
    "speaker-id":"LiveCompe2020Iris",
    "turns":[
        {
            "speaker":"S",
            "time":"17.10.2020 14:47:12",
            "turn-index":0,
            "utterance":"何でしょうか?"
        },
        {
            "speaker":"U",
            "time":"17.10.2020 14:47:53",
            "turn-index":1,
            "utterance":"シンジは同窓会に行くの？"
        },
        {
            "speaker":"S",
            "time":"17.10.2020 14:47:53",
            "turn-index":2,
            "utterance":"そうですね..."
        },
        {
            "speaker":"U",
            "time":"17.10.2020 14:48:21",
            "turn-index":3,
            "utterance":"それは良かった"
        },
        {
            "speaker":"S",
            "time":"17.10.2020 14:48:21",
            "turn-index":4,
            "utterance":"そうですね..."
        },
        {
            "speaker":"U",
            "time":"17.10.2020 14:49:34",
            "turn-index":5,
            "utterance":"行くついでに幹事をしてくれないかな？"
        },
        {
            "speaker":"S",
            "time":"17.10.2020 14:49:34",
            "turn-index":6,
            "utterance":"幹事ですか...🤔"
        },
        {
            "speaker":"U",
            "time":"17.10.2020 14:49:42",
            "turn-index":7,
            "utterance":"うん"
        },
        {
            "speaker":"S",
            "time":"17.10.2020 14:49:42",
            "turn-index":8,
            "utterance":"いくつかお尋ねしてもよいでしょうか🙏"
        },
        {
            "speaker":"U",
            "time":"17.10.2020 14:49:54",
            "turn-index":9,
            "utterance":"いいよ"
        },
        {
            "speaker":"S",
            "time":"17.10.2020 14:49:54",
            "turn-index":10,
            "utterance":"同窓会の日にちは決まっていますか?"
        },
        {
            "speaker":"U",
            "time":"17.10.2020 14:50:12",
            "turn-index":11,
            "utterance":"まだだよ"
        },
        {
            "speaker":"S",
            "time":"17.10.2020 14:50:13",
            "turn-index":12,
            "utterance":"規模についてなんですが, どれくらいの人数の予定ですか?"
        },
        {
            "speaker":"U",
            "time":"17.10.2020 14:51:24",
            "turn-index":13,
            "utterance":"例年300人くらいかな"
        },
        {
            "speaker":"S",
            "time":"17.10.2020 14:51:24",
            "turn-index":14,
            "utterance":"そうですか🤔"
        },
        {
            "speaker":"U",
            "time":"17.10.2020 14:51:34",
            "turn-index":15,
            "utterance":"うん"
        },
        {
            "speaker":"S",
            "time":"17.10.2020 14:51:34",
            "turn-index":16,
            "utterance":"お店は地元ですか?"
        },
        {
            "speaker":"U",
            "time":"17.10.2020 14:52:31",
            "turn-index":17,
            "utterance":"そうだよ。学校のある地元だよ"
        },
        {
            "speaker":"S",
            "time":"17.10.2020 14:52:32",
            "turn-index":18,
            "utterance":"そうですね..."
        },
        {
            "speaker":"U",
            "time":"17.10.2020 14:53:21",
            "turn-index":19,
            "utterance":"だから幹事をやってよ"
        },
        {
            "speaker":"S",
            "time":"17.10.2020 14:53:21",
            "turn-index":20,
            "utterance":"幹事ですか...🤔"
        },
        {
            "speaker":"U",
            "time":"17.10.2020 14:53:36",
            "turn-index":21,
            "utterance":"うん"
        },
        {
            "speaker":"S",
            "time":"17.10.2020 14:53:36",
            "turn-index":22,
            "utterance":"そうですか🤔"
        },
        {
            "speaker":"U",
            "time":"17.10.2020 14:54:00",
            "turn-index":23,
            "utterance":"幹事やってくれる？"
        },
        {
            "speaker":"S",
            "time":"17.10.2020 14:54:00",
            "turn-index":24,
            "utterance":"わかりました🙆"
        },
        {
            "speaker":"U",
            "time":"17.10.2020 14:54:24",
            "turn-index":25,
            "utterance":"おお、ありがとう"
        },
        {
            "speaker":"S",
            "time":"17.10.2020 14:54:24",
            "turn-index":26,
            "utterance":"予算はだいたいどれくらいですか?"
        },
        {
            "speaker":"U",
            "time":"17.10.2020 14:55:12",
            "turn-index":27,
            "utterance":"一人5000円"
        },
        {
            "speaker":"S",
            "time":"17.10.2020 14:55:12",
            "turn-index":28,
            "utterance":"自分にはちょっと荷が重いかもしれないです💦"
        },
        {
            "speaker":"U",
            "time":"17.10.2020 14:55:49",
            "turn-index":29,
            "utterance":"そんなことないよ"
        },
        {
            "speaker":"S",
            "time":"17.10.2020 14:55:50",
            "turn-index":30,
            "utterance":"すみません, やはり自分にはしっかりやりきれる自信がないです😣🙇🙇💦"
        }
    ]
}