{
    "dialogue-id":"IRS_30",
    "group-id":"",
    "speaker-id":"LiveCompe2020Iris",
    "turns":[
        {
            "speaker":"S",
            "time":"17.10.2020 14:01:01",
            "turn-index":0,
            "utterance":"何でしょうか?"
        },
        {
            "speaker":"U",
            "time":"17.10.2020 14:01:28",
            "turn-index":1,
            "utterance":"久しぶり、元気にしてた？"
        },
        {
            "speaker":"S",
            "time":"17.10.2020 14:01:28",
            "turn-index":2,
            "utterance":"同窓会の日にちは決まっていますか?"
        },
        {
            "speaker":"U",
            "time":"17.10.2020 14:01:57",
            "turn-index":3,
            "utterance":"決まってるよ。"
        },
        {
            "speaker":"S",
            "time":"17.10.2020 14:01:58",
            "turn-index":4,
            "utterance":"実はあまりお店とか知らなくて😅"
        },
        {
            "speaker":"U",
            "time":"17.10.2020 14:02:52",
            "turn-index":5,
            "utterance":"そうかもしれないけど幹事をお願いしたいんだ。"
        },
        {
            "speaker":"S",
            "time":"17.10.2020 14:02:53",
            "turn-index":6,
            "utterance":"本当に申し訳ないですが, お断りさせてください🙇"
        },
        {
            "speaker":"U",
            "time":"17.10.2020 14:03:24",
            "turn-index":7,
            "utterance":"シンジはサークルの全員と仲良かったから適任だと思うんだ。"
        },
        {
            "speaker":"S",
            "time":"17.10.2020 14:03:25",
            "turn-index":8,
            "utterance":"心苦しいですが, お断りします"
        },
        {
            "speaker":"U",
            "time":"17.10.2020 14:03:47",
            "turn-index":9,
            "utterance":"幹事をしていて困ったこととがあったら助けるからお願い。"
        },
        {
            "speaker":"S",
            "time":"17.10.2020 14:03:48",
            "turn-index":10,
            "utterance":"幹事ですか...🤔"
        },
        {
            "speaker":"U",
            "time":"17.10.2020 14:04:16",
            "turn-index":11,
            "utterance":"お店が分からなかったり仕切り方が分からなかったら教えるから。"
        },
        {
            "speaker":"S",
            "time":"17.10.2020 14:04:17",
            "turn-index":12,
            "utterance":"わかりました🙆"
        },
        {
            "speaker":"U",
            "time":"17.10.2020 14:04:43",
            "turn-index":13,
            "utterance":"本当にありがとう。引き受けてくれるんだね？"
        },
        {
            "speaker":"S",
            "time":"17.10.2020 14:04:43",
            "turn-index":14,
            "utterance":"そうですね..."
        },
        {
            "speaker":"U",
            "time":"17.10.2020 14:04:59",
            "turn-index":15,
            "utterance":"困ったことがあったら遠慮無く言って。"
        },
        {
            "speaker":"S",
            "time":"17.10.2020 14:05:00",
            "turn-index":16,
            "utterance":"そうですね..."
        },
        {
            "speaker":"U",
            "time":"17.10.2020 14:05:26",
            "turn-index":17,
            "utterance":"みんな同窓会を楽しみにしているから頑張ろう。"
        },
        {
            "speaker":"S",
            "time":"17.10.2020 14:05:26",
            "turn-index":18,
            "utterance":"いくつかお尋ねしてもよいでしょうか🙏"
        },
        {
            "speaker":"U",
            "time":"17.10.2020 14:05:32",
            "turn-index":19,
            "utterance":"いいよ。"
        },
        {
            "speaker":"S",
            "time":"17.10.2020 14:05:32",
            "turn-index":20,
            "utterance":"同窓会の日にちは決まっていますか?"
        },
        {
            "speaker":"U",
            "time":"17.10.2020 14:06:11",
            "turn-index":21,
            "utterance":"決まっていて、来月の15日だよ。"
        },
        {
            "speaker":"S",
            "time":"17.10.2020 14:06:11",
            "turn-index":22,
            "utterance":"そうですね..."
        },
        {
            "speaker":"U",
            "time":"17.10.2020 14:06:38",
            "turn-index":23,
            "utterance":"まだ時間の余裕があるからお店探しも焦らなくて大丈夫。"
        },
        {
            "speaker":"S",
            "time":"17.10.2020 14:06:38",
            "turn-index":24,
            "utterance":"そうですか🤔"
        },
        {
            "speaker":"U",
            "time":"17.10.2020 14:07:10",
            "turn-index":25,
            "utterance":"俺の同期にもおすすめのお店がないか聞いておくよ。"
        },
        {
            "speaker":"S",
            "time":"17.10.2020 14:07:10",
            "turn-index":26,
            "utterance":"色々と考えることが多くて, ちょっと頭がいっぱいです😵"
        },
        {
            "speaker":"U",
            "time":"17.10.2020 14:07:35",
            "turn-index":27,
            "utterance":"大丈夫。ひとつひとつ段取つけてやれば大丈夫。"
        },
        {
            "speaker":"S",
            "time":"17.10.2020 14:07:35",
            "turn-index":28,
            "utterance":"本当にすみません."
        },
        {
            "speaker":"U",
            "time":"17.10.2020 14:07:57",
            "turn-index":29,
            "utterance":"謝ることないよ。引き受けてくれてありがとう。"
        },
        {
            "speaker":"S",
            "time":"17.10.2020 14:07:57",
            "turn-index":30,
            "utterance":"すみません, やはり自分にはしっかりやりきれる自信がないです😣🙇🙇💦"
        }
    ]
}