{
    "dialogue-id":"IRS_37",
    "group-id":"",
    "speaker-id":"LiveCompe2020Iris",
    "turns":[
        {
            "speaker":"S",
            "time":"17.10.2020 19:40:55",
            "turn-index":0,
            "utterance":"何でしょうか?"
        },
        {
            "speaker":"U",
            "time":"17.10.2020 19:41:20",
            "turn-index":1,
            "utterance":"今度、同窓会があるんだけど"
        },
        {
            "speaker":"S",
            "time":"17.10.2020 19:41:21",
            "turn-index":2,
            "utterance":"そうですね..."
        },
        {
            "speaker":"U",
            "time":"17.10.2020 19:41:38",
            "turn-index":3,
            "utterance":"幹事をやってくれる人を探してるんだよね"
        },
        {
            "speaker":"S",
            "time":"17.10.2020 19:41:39",
            "turn-index":4,
            "utterance":"幹事ですか...🤔"
        },
        {
            "speaker":"U",
            "time":"17.10.2020 19:41:54",
            "turn-index":5,
            "utterance":"どう？幹事やってみない？"
        },
        {
            "speaker":"S",
            "time":"17.10.2020 19:41:54",
            "turn-index":6,
            "utterance":"いくつかお尋ねしてもよいでしょうか🙏"
        },
        {
            "speaker":"U",
            "time":"17.10.2020 19:41:59",
            "turn-index":7,
            "utterance":"いいよ"
        },
        {
            "speaker":"S",
            "time":"17.10.2020 19:41:59",
            "turn-index":8,
            "utterance":"同窓会の日にちは決まっていますか?"
        },
        {
            "speaker":"U",
            "time":"17.10.2020 19:42:35",
            "turn-index":9,
            "utterance":"まだ決まってない"
        },
        {
            "speaker":"S",
            "time":"17.10.2020 19:42:35",
            "turn-index":10,
            "utterance":"未定ですか😅"
        },
        {
            "speaker":"U",
            "time":"17.10.2020 19:43:10",
            "turn-index":11,
            "utterance":"場所も日時もこれから決めるとこ"
        },
        {
            "speaker":"S",
            "time":"17.10.2020 19:43:11",
            "turn-index":12,
            "utterance":"規模についてなんですが, どれくらいの人数の予定ですか?"
        },
        {
            "speaker":"U",
            "time":"17.10.2020 19:44:15",
            "turn-index":13,
            "utterance":"どれくらいになるかな？"
        },
        {
            "speaker":"S",
            "time":"17.10.2020 19:44:15",
            "turn-index":14,
            "utterance":"わかりました🙆"
        },
        {
            "speaker":"U",
            "time":"17.10.2020 19:44:35",
            "turn-index":15,
            "utterance":"やってくれる？"
        },
        {
            "speaker":"S",
            "time":"17.10.2020 19:44:36",
            "turn-index":16,
            "utterance":"お店は地元ですか?"
        },
        {
            "speaker":"U",
            "time":"17.10.2020 19:44:43",
            "turn-index":17,
            "utterance":"地元でいいと思う"
        },
        {
            "speaker":"S",
            "time":"17.10.2020 19:44:43",
            "turn-index":18,
            "utterance":"実はあまりお店とか知らなくて😅"
        },
        {
            "speaker":"U",
            "time":"17.10.2020 19:45:09",
            "turn-index":19,
            "utterance":"そんなに変わったお店じゃなくていいよ"
        },
        {
            "speaker":"S",
            "time":"17.10.2020 19:45:09",
            "turn-index":20,
            "utterance":"予算はだいたいどれくらいですか?"
        },
        {
            "speaker":"U",
            "time":"17.10.2020 19:45:31",
            "turn-index":21,
            "utterance":"去年と同じくらいかな"
        },
        {
            "speaker":"S",
            "time":"17.10.2020 19:45:32",
            "turn-index":22,
            "utterance":"たくさん答えていただきありがとうございます😀"
        },
        {
            "speaker":"U",
            "time":"17.10.2020 19:45:51",
            "turn-index":23,
            "utterance":"やってくれるんだね"
        },
        {
            "speaker":"S",
            "time":"17.10.2020 19:45:51",
            "turn-index":24,
            "utterance":"幹事なかなか大変そうですね😟"
        },
        {
            "speaker":"U",
            "time":"17.10.2020 19:46:13",
            "turn-index":25,
            "utterance":"そんなことないよ"
        },
        {
            "speaker":"S",
            "time":"17.10.2020 19:46:13",
            "turn-index":26,
            "utterance":"色々と考えることが多くて, ちょっと頭がいっぱいです😵"
        },
        {
            "speaker":"U",
            "time":"17.10.2020 19:46:34",
            "turn-index":27,
            "utterance":"そんなに難しく考えなくても大丈夫"
        },
        {
            "speaker":"S",
            "time":"17.10.2020 19:46:35",
            "turn-index":28,
            "utterance":"自分にはちょっと荷が重いかもしれないです💦"
        },
        {
            "speaker":"U",
            "time":"17.10.2020 19:47:07",
            "turn-index":29,
            "utterance":"分からないことがあったら、いつでも相談して"
        },
        {
            "speaker":"S",
            "time":"17.10.2020 19:47:08",
            "turn-index":30,
            "utterance":"すみません, やはり自分にはしっかりやりきれる自信がないです😣🙇🙇💦"
        }
    ]
}