{
    "dialogue-id":"IRS_42",
    "group-id":"",
    "speaker-id":"LiveCompe2020Iris",
    "turns":[
        {
            "speaker":"S",
            "time":"17.10.2020 15:37:00",
            "turn-index":0,
            "utterance":"何でしょうか?"
        },
        {
            "speaker":"U",
            "time":"17.10.2020 15:37:15",
            "turn-index":1,
            "utterance":"同窓会の幹事やってもらいたいんだけれどどうかな？"
        },
        {
            "speaker":"S",
            "time":"17.10.2020 15:37:15",
            "turn-index":2,
            "utterance":"幹事ですか...🤔"
        },
        {
            "speaker":"U",
            "time":"17.10.2020 15:37:27",
            "turn-index":3,
            "utterance":"そう幹事。お願いしても良いかな。"
        },
        {
            "speaker":"S",
            "time":"17.10.2020 15:37:27",
            "turn-index":4,
            "utterance":"いくつもすみませんが, まだ質問よいですか🙇"
        },
        {
            "speaker":"U",
            "time":"17.10.2020 15:37:39",
            "turn-index":5,
            "utterance":"大丈夫だよ。"
        },
        {
            "speaker":"S",
            "time":"17.10.2020 15:37:39",
            "turn-index":6,
            "utterance":"お店は地元ですか?"
        },
        {
            "speaker":"U",
            "time":"17.10.2020 15:37:58",
            "turn-index":7,
            "utterance":"出来れば地元でお願いしたいけれど、無理なら別の場所でも良いよ。"
        },
        {
            "speaker":"S",
            "time":"17.10.2020 15:37:59",
            "turn-index":8,
            "utterance":"予算はだいたいどれくらいですか?"
        },
        {
            "speaker":"U",
            "time":"17.10.2020 15:38:31",
            "turn-index":9,
            "utterance":"1人4000円から5000円くらいかね。"
        },
        {
            "speaker":"S",
            "time":"17.10.2020 15:38:32",
            "turn-index":10,
            "utterance":"本当に申し訳ないですが, お断りさせてください🙇"
        },
        {
            "speaker":"U",
            "time":"17.10.2020 15:38:48",
            "turn-index":11,
            "utterance":"そう言わずに引き受けてくれないかな？"
        },
        {
            "speaker":"S",
            "time":"17.10.2020 15:38:49",
            "turn-index":12,
            "utterance":"本当にすみません."
        },
        {
            "speaker":"U",
            "time":"17.10.2020 15:39:02",
            "turn-index":13,
            "utterance":"君しか頼める人がいないんだよね。"
        },
        {
            "speaker":"S",
            "time":"17.10.2020 15:39:02",
            "turn-index":14,
            "utterance":"難しいですね..."
        },
        {
            "speaker":"U",
            "time":"17.10.2020 15:39:27",
            "turn-index":15,
            "utterance":"すぐに返事しなくて良いからさ、数日考えてみてよ。"
        },
        {
            "speaker":"S",
            "time":"17.10.2020 15:39:27",
            "turn-index":16,
            "utterance":"本当にすみません."
        },
        {
            "speaker":"U",
            "time":"17.10.2020 15:39:44",
            "turn-index":17,
            "utterance":"数日考えてみて無理なら諦めるから。"
        },
        {
            "speaker":"S",
            "time":"17.10.2020 15:39:45",
            "turn-index":18,
            "utterance":"心苦しいですが, お断りします"
        },
        {
            "speaker":"U",
            "time":"17.10.2020 15:40:10",
            "turn-index":19,
            "utterance":"誰かサポートに付けても良いからさ、お願い。"
        },
        {
            "speaker":"S",
            "time":"17.10.2020 15:40:11",
            "turn-index":20,
            "utterance":"すみませんが, 私には力不足です(汗"
        },
        {
            "speaker":"U",
            "time":"17.10.2020 15:40:33",
            "turn-index":21,
            "utterance":"そんな事ないって、絶対できるよ。"
        },
        {
            "speaker":"S",
            "time":"17.10.2020 15:40:34",
            "turn-index":22,
            "utterance":"心苦しいですが, お断りします"
        },
        {
            "speaker":"U",
            "time":"17.10.2020 15:40:47",
            "turn-index":23,
            "utterance":"もう一度考え直してよ。"
        },
        {
            "speaker":"S",
            "time":"17.10.2020 15:40:48",
            "turn-index":24,
            "utterance":"そうですね..."
        },
        {
            "speaker":"U",
            "time":"17.10.2020 15:41:14",
            "turn-index":25,
            "utterance":"適当でも良いからさ、お願いできない？"
        },
        {
            "speaker":"S",
            "time":"17.10.2020 15:41:14",
            "turn-index":26,
            "utterance":"いくつかお尋ねしてもよいでしょうか🙏"
        },
        {
            "speaker":"U",
            "time":"17.10.2020 15:41:29",
            "turn-index":27,
            "utterance":"なんでも聞いて。"
        },
        {
            "speaker":"S",
            "time":"17.10.2020 15:41:29",
            "turn-index":28,
            "utterance":"そうですか🤔"
        },
        {
            "speaker":"U",
            "time":"17.10.2020 15:41:47",
            "turn-index":29,
            "utterance":"幹事引き受けてもらえるかな。"
        },
        {
            "speaker":"S",
            "time":"17.10.2020 15:41:47",
            "turn-index":30,
            "utterance":"すみません, やはり自分にはしっかりやりきれる自信がないです😣🙇🙇💦"
        }
    ]
}