{
    "dialogue-id":"IRS_29",
    "group-id":"",
    "speaker-id":"LiveCompe2020Iris",
    "turns":[
        {
            "speaker":"S",
            "time":"17.10.2020 15:48:52",
            "turn-index":0,
            "utterance":"何でしょうか?"
        },
        {
            "speaker":"U",
            "time":"17.10.2020 15:57:06",
            "turn-index":1,
            "utterance":"同窓会の幹事、やっ"
        },
        {
            "speaker":"S",
            "time":"17.10.2020 15:57:07",
            "turn-index":2,
            "utterance":"心苦しいですが, お断りします"
        },
        {
            "speaker":"U",
            "time":"17.10.2020 15:57:37",
            "turn-index":3,
            "utterance":"先輩のお願いでも聞いてくれないわけ？"
        },
        {
            "speaker":"S",
            "time":"17.10.2020 15:57:37",
            "turn-index":4,
            "utterance":"本当にすみません."
        },
        {
            "speaker":"U",
            "time":"17.10.2020 15:58:39",
            "turn-index":5,
            "utterance":"他の人と一緒なら大丈夫でしょう？"
        },
        {
            "speaker":"S",
            "time":"17.10.2020 15:58:40",
            "turn-index":6,
            "utterance":"すみませんが, 私には力不足です(汗"
        },
        {
            "speaker":"U",
            "time":"17.10.2020 15:59:24",
            "turn-index":7,
            "utterance":"本当は俺がやろうと思ったんだけど、仕事の都合がつかなくてさ。"
        },
        {
            "speaker":"S",
            "time":"17.10.2020 15:59:25",
            "turn-index":8,
            "utterance":"本当にすみません."
        },
        {
            "speaker":"U",
            "time":"17.10.2020 16:00:03",
            "turn-index":9,
            "utterance":"自分も出来るだけ参加するから、少しでも協力してよ！"
        },
        {
            "speaker":"S",
            "time":"17.10.2020 16:00:04",
            "turn-index":10,
            "utterance":"難しいですね..."
        },
        {
            "speaker":"U",
            "time":"17.10.2020 16:00:37",
            "turn-index":11,
            "utterance":"そんなにきっぱり言わないでよ。"
        },
        {
            "speaker":"S",
            "time":"17.10.2020 16:00:38",
            "turn-index":12,
            "utterance":"本当にすみません."
        },
        {
            "speaker":"U",
            "time":"17.10.2020 16:01:03",
            "turn-index":13,
            "utterance":"じゃあ少しでも手伝えないかな？困ってるんだ。"
        },
        {
            "speaker":"S",
            "time":"17.10.2020 16:01:03",
            "turn-index":14,
            "utterance":"すみませんが, 私には力不足です(汗"
        },
        {
            "speaker":"U",
            "time":"17.10.2020 16:01:37",
            "turn-index":15,
            "utterance":"君なら適任だと思ってるから頼んでるんだよ。"
        },
        {
            "speaker":"S",
            "time":"17.10.2020 16:01:37",
            "turn-index":16,
            "utterance":"本当にすみません."
        },
        {
            "speaker":"U",
            "time":"17.10.2020 16:02:03",
            "turn-index":17,
            "utterance":"なんで力不足だなんて思うの？"
        },
        {
            "speaker":"S",
            "time":"17.10.2020 16:02:04",
            "turn-index":18,
            "utterance":"難しいですね..."
        },
        {
            "speaker":"U",
            "time":"17.10.2020 16:02:26",
            "turn-index":19,
            "utterance":"難しく思わないで一緒にやってくれないかな？"
        },
        {
            "speaker":"S",
            "time":"17.10.2020 16:02:26",
            "turn-index":20,
            "utterance":"すみませんが, 私には力不足です(汗"
        },
        {
            "speaker":"U",
            "time":"17.10.2020 16:03:22",
            "turn-index":21,
            "utterance":"いい思い出に"
        },
        {
            "speaker":"S",
            "time":"17.10.2020 16:03:22",
            "turn-index":22,
            "utterance":"規模についてなんですが, どれくらいの人数の予定ですか?"
        },
        {
            "speaker":"U",
            "time":"17.10.2020 16:04:22",
            "turn-index":23,
            "utterance":"大体30人前後だと思うよ。"
        },
        {
            "speaker":"S",
            "time":"17.10.2020 16:04:22",
            "turn-index":24,
            "utterance":"自分にはちょっと荷が重いかもしれないです💦"
        },
        {
            "speaker":"U",
            "time":"17.10.2020 16:04:51",
            "turn-index":25,
            "utterance":"知った顔も揃うから安心して。"
        },
        {
            "speaker":"S",
            "time":"17.10.2020 16:04:52",
            "turn-index":26,
            "utterance":"心苦しいですが, お断りします"
        },
        {
            "speaker":"U",
            "time":"17.10.2020 16:05:12",
            "turn-index":27,
            "utterance":"いや、そこを何とか一緒にやってくれないか？"
        },
        {
            "speaker":"S",
            "time":"17.10.2020 16:05:13",
            "turn-index":28,
            "utterance":"そうですね..."
        },
        {
            "speaker":"U",
            "time":"17.10.2020 16:05:53",
            "turn-index":29,
            "utterance":"うん、ちゃんとお礼も"
        },
        {
            "speaker":"S",
            "time":"17.10.2020 16:05:53",
            "turn-index":30,
            "utterance":"すみません, やはり自分にはしっかりやりきれる自信がないです😣🙇🙇💦"
        }
    ]
}