{
    "dialogue-id":"IRS_36",
    "group-id":"",
    "speaker-id":"LiveCompe2020Iris",
    "turns":[
        {
            "speaker":"S",
            "time":"17.10.2020 14:25:24",
            "turn-index":0,
            "utterance":"何でしょうか?"
        },
        {
            "speaker":"U",
            "time":"17.10.2020 14:25:41",
            "turn-index":1,
            "utterance":"同窓会の幹事をお願いできる？"
        },
        {
            "speaker":"S",
            "time":"17.10.2020 14:25:41",
            "turn-index":2,
            "utterance":"幹事ですか...🤔"
        },
        {
            "speaker":"U",
            "time":"17.10.2020 14:25:45",
            "turn-index":3,
            "utterance":"そうそう。"
        },
        {
            "speaker":"S",
            "time":"17.10.2020 14:25:45",
            "turn-index":4,
            "utterance":"そうですね..."
        },
        {
            "speaker":"U",
            "time":"17.10.2020 14:26:00",
            "turn-index":5,
            "utterance":"そんなに大変じゃないよ。"
        },
        {
            "speaker":"S",
            "time":"17.10.2020 14:26:00",
            "turn-index":6,
            "utterance":"そうですね..."
        },
        {
            "speaker":"U",
            "time":"17.10.2020 14:26:18",
            "turn-index":7,
            "utterance":"すごく楽だから、やってみてくれない？"
        },
        {
            "speaker":"S",
            "time":"17.10.2020 14:26:18",
            "turn-index":8,
            "utterance":"そうですね..."
        },
        {
            "speaker":"U",
            "time":"17.10.2020 14:26:33",
            "turn-index":9,
            "utterance":"他に頼める人いないし。"
        },
        {
            "speaker":"S",
            "time":"17.10.2020 14:26:34",
            "turn-index":10,
            "utterance":"そうですね..."
        },
        {
            "speaker":"U",
            "time":"17.10.2020 14:26:45",
            "turn-index":11,
            "utterance":"清水が適任だよ。"
        },
        {
            "speaker":"S",
            "time":"17.10.2020 14:26:45",
            "turn-index":12,
            "utterance":"いくつかお尋ねしてもよいでしょうか🙏"
        },
        {
            "speaker":"U",
            "time":"17.10.2020 14:26:51",
            "turn-index":13,
            "utterance":"なんでも聞いて。"
        },
        {
            "speaker":"S",
            "time":"17.10.2020 14:26:51",
            "turn-index":14,
            "utterance":"そうですね..."
        },
        {
            "speaker":"U",
            "time":"17.10.2020 14:26:58",
            "turn-index":15,
            "utterance":"何が聞きたいの？"
        },
        {
            "speaker":"S",
            "time":"17.10.2020 14:26:58",
            "turn-index":16,
            "utterance":"同窓会の日にちは決まっていますか?"
        },
        {
            "speaker":"U",
            "time":"17.10.2020 14:27:06",
            "turn-index":17,
            "utterance":"いや、好きに決めて。"
        },
        {
            "speaker":"S",
            "time":"17.10.2020 14:27:06",
            "turn-index":18,
            "utterance":"わかりました🙆"
        },
        {
            "speaker":"U",
            "time":"17.10.2020 14:27:31",
            "turn-index":19,
            "utterance":"ありがとう、引き受けてくれるんだね。"
        },
        {
            "speaker":"S",
            "time":"17.10.2020 14:27:31",
            "turn-index":20,
            "utterance":"たくさん答えていただきありがとうございます😀"
        },
        {
            "speaker":"U",
            "time":"17.10.2020 14:27:48",
            "turn-index":21,
            "utterance":"いやいや、引き受けてくれるなら、安心だ。"
        },
        {
            "speaker":"S",
            "time":"17.10.2020 14:27:49",
            "turn-index":22,
            "utterance":"幹事なかなか大変そうですね😟"
        },
        {
            "speaker":"U",
            "time":"17.10.2020 14:27:58",
            "turn-index":23,
            "utterance":"だから、楽だって。"
        },
        {
            "speaker":"S",
            "time":"17.10.2020 14:27:59",
            "turn-index":24,
            "utterance":"本当に申し訳ないですが, お断りさせてください🙇"
        },
        {
            "speaker":"U",
            "time":"17.10.2020 14:28:06",
            "turn-index":25,
            "utterance":"え、なんで？"
        },
        {
            "speaker":"S",
            "time":"17.10.2020 14:28:07",
            "turn-index":26,
            "utterance":"難しいですね..."
        },
        {
            "speaker":"U",
            "time":"17.10.2020 14:28:24",
            "turn-index":27,
            "utterance":"清水にしか頼めないんだよ。"
        },
        {
            "speaker":"S",
            "time":"17.10.2020 14:28:24",
            "turn-index":28,
            "utterance":"本当にすみません."
        },
        {
            "speaker":"U",
            "time":"17.10.2020 14:28:35",
            "turn-index":29,
            "utterance":"いや、断られたら困るよ。"
        },
        {
            "speaker":"S",
            "time":"17.10.2020 14:28:36",
            "turn-index":30,
            "utterance":"すみません, やはり自分にはしっかりやりきれる自信がないです😣🙇🙇💦"
        }
    ]
}