{
    "dialogue-id":"IRS_35",
    "group-id":"",
    "speaker-id":"LiveCompe2020Iris",
    "turns":[
        {
            "speaker":"S",
            "time":"17.10.2020 13:57:43",
            "turn-index":0,
            "utterance":"何でしょうか?"
        },
        {
            "speaker":"U",
            "time":"17.10.2020 14:06:02",
            "turn-index":1,
            "utterance":"今年もそろそろサークルの同窓会の季節じゃん"
        },
        {
            "speaker":"S",
            "time":"17.10.2020 14:06:03",
            "turn-index":2,
            "utterance":"そうですね..."
        },
        {
            "speaker":"U",
            "time":"17.10.2020 14:06:33",
            "turn-index":3,
            "utterance":"そこでお前に幹事を頼みたいんだけど"
        },
        {
            "speaker":"S",
            "time":"17.10.2020 14:06:33",
            "turn-index":4,
            "utterance":"幹事ですか...🤔"
        },
        {
            "speaker":"U",
            "time":"17.10.2020 14:07:58",
            "turn-index":5,
            "utterance":"3月末あたりで調整できないかな"
        },
        {
            "speaker":"S",
            "time":"17.10.2020 14:07:58",
            "turn-index":6,
            "utterance":"心苦しいですが, お断りします"
        },
        {
            "speaker":"U",
            "time":"17.10.2020 14:08:18",
            "turn-index":7,
            "utterance":"やっぱり忙しい？"
        },
        {
            "speaker":"S",
            "time":"17.10.2020 14:08:18",
            "turn-index":8,
            "utterance":"会社の研修とかありますが, そんなに忙しくはないですよ😄"
        },
        {
            "speaker":"U",
            "time":"17.10.2020 14:09:15",
            "turn-index":9,
            "utterance":"それほど忙しくないならなんとかやってくれないかな"
        },
        {
            "speaker":"S",
            "time":"17.10.2020 14:09:16",
            "turn-index":10,
            "utterance":"予算はだいたいどれくらいですか?"
        },
        {
            "speaker":"U",
            "time":"17.10.2020 14:09:43",
            "turn-index":11,
            "utterance":"一人あたり5000円くらい"
        },
        {
            "speaker":"S",
            "time":"17.10.2020 14:09:43",
            "turn-index":12,
            "utterance":"幹事なかなか大変そうですね😟"
        },
        {
            "speaker":"U",
            "time":"17.10.2020 14:10:08",
            "turn-index":13,
            "utterance":"確かにそうだけどけっこうやりがいあるよ"
        },
        {
            "speaker":"S",
            "time":"17.10.2020 14:10:09",
            "turn-index":14,
            "utterance":"すみませんが, 私には力不足です(汗"
        },
        {
            "speaker":"U",
            "time":"17.10.2020 14:10:33",
            "turn-index":15,
            "utterance":"いやそんなことない大丈夫だよ"
        },
        {
            "speaker":"S",
            "time":"17.10.2020 14:10:33",
            "turn-index":16,
            "utterance":"本当にすみません."
        },
        {
            "speaker":"U",
            "time":"17.10.2020 14:10:55",
            "turn-index":17,
            "utterance":"幹事は社会に出てからもきっと役に立つよ"
        },
        {
            "speaker":"S",
            "time":"17.10.2020 14:10:55",
            "turn-index":18,
            "utterance":"本当にすみません."
        },
        {
            "speaker":"U",
            "time":"17.10.2020 14:11:17",
            "turn-index":19,
            "utterance":"わからないことがあったらいつでも質問してくれていいし"
        },
        {
            "speaker":"S",
            "time":"17.10.2020 14:11:18",
            "turn-index":20,
            "utterance":"すみませんが, 私には力不足です(汗"
        },
        {
            "speaker":"U",
            "time":"17.10.2020 14:11:55",
            "turn-index":21,
            "utterance":"誰でも最初は大変だけどそのうちなれるよ"
        },
        {
            "speaker":"S",
            "time":"17.10.2020 14:11:56",
            "turn-index":22,
            "utterance":"本当にすみません."
        },
        {
            "speaker":"U",
            "time":"17.10.2020 14:12:32",
            "turn-index":23,
            "utterance":"そんなこといわずにやってくれないかな"
        },
        {
            "speaker":"S",
            "time":"17.10.2020 14:12:33",
            "turn-index":24,
            "utterance":"本当にすみません."
        },
        {
            "speaker":"U",
            "time":"17.10.2020 14:13:06",
            "turn-index":25,
            "utterance":"お前に何か困ったことがあったら、俺なんでも手伝うからさ"
        },
        {
            "speaker":"S",
            "time":"17.10.2020 14:13:06",
            "turn-index":26,
            "utterance":"そうですね..."
        },
        {
            "speaker":"U",
            "time":"17.10.2020 14:13:33",
            "turn-index":27,
            "utterance":"今度、飯おごるよ"
        },
        {
            "speaker":"S",
            "time":"17.10.2020 14:13:33",
            "turn-index":28,
            "utterance":"お店は地元ですか?"
        },
        {
            "speaker":"U",
            "time":"17.10.2020 14:13:52",
            "turn-index":29,
            "utterance":"そのとおり、どこでもいいよ"
        },
        {
            "speaker":"S",
            "time":"17.10.2020 14:13:53",
            "turn-index":30,
            "utterance":"すみません, やはり自分にはしっかりやりきれる自信がないです😣🙇🙇💦"
        }
    ]
}