{
    "dialogue-id":"IRS_09",
    "group-id":"",
    "speaker-id":"LiveCompe2020Iris",
    "turns":[
        {
            "speaker":"S",
            "time":"17.10.2020 12:03:02",
            "turn-index":0,
            "utterance":"何でしょうか?"
        },
        {
            "speaker":"U",
            "time":"17.10.2020 12:04:05",
            "turn-index":1,
            "utterance":"実はさ、同窓会の幹事、引き受けてもらえないかと思って"
        },
        {
            "speaker":"S",
            "time":"17.10.2020 12:04:06",
            "turn-index":2,
            "utterance":"幹事ですか...🤔"
        },
        {
            "speaker":"U",
            "time":"17.10.2020 12:05:07",
            "turn-index":3,
            "utterance":"そうなんだよ、お前なら完璧だと思って。"
        },
        {
            "speaker":"S",
            "time":"17.10.2020 12:05:07",
            "turn-index":4,
            "utterance":"そうですか🤔"
        },
        {
            "speaker":"U",
            "time":"17.10.2020 12:05:52",
            "turn-index":5,
            "utterance":"顔広いし、手際いいから、幹事にうってつけだな、って思ってさ。"
        },
        {
            "speaker":"S",
            "time":"17.10.2020 12:05:52",
            "turn-index":6,
            "utterance":"わかりました🙆"
        },
        {
            "speaker":"U",
            "time":"17.10.2020 12:06:06",
            "turn-index":7,
            "utterance":"え、ほんと、引き受けてくれるの"
        },
        {
            "speaker":"S",
            "time":"17.10.2020 12:06:07",
            "turn-index":8,
            "utterance":"実はあまりお店とか知らなくて😅"
        },
        {
            "speaker":"U",
            "time":"17.10.2020 12:06:43",
            "turn-index":9,
            "utterance":"それは大丈夫、候補になるお店のリストあるから。"
        },
        {
            "speaker":"S",
            "time":"17.10.2020 12:06:43",
            "turn-index":10,
            "utterance":"たくさん答えていただきありがとうございます😀"
        },
        {
            "speaker":"U",
            "time":"17.10.2020 12:07:11",
            "turn-index":11,
            "utterance":"いやー、引き受けてもらえなかったらどうしよう、って心配してたんだよ、実は。"
        },
        {
            "speaker":"S",
            "time":"17.10.2020 12:07:11",
            "turn-index":12,
            "utterance":"色々と考えることが多くて, ちょっと頭がいっぱいです😵"
        },
        {
            "speaker":"U",
            "time":"17.10.2020 12:07:27",
            "turn-index":13,
            "utterance":"いや、そんな堅苦しく考える必要ないから。"
        },
        {
            "speaker":"S",
            "time":"17.10.2020 12:07:27",
            "turn-index":14,
            "utterance":"自分にはちょっと荷が重いかもしれないです💦"
        },
        {
            "speaker":"U",
            "time":"17.10.2020 12:07:51",
            "turn-index":15,
            "utterance":"そんなことないって。幹事は人柄がいちばん大切だし。"
        },
        {
            "speaker":"S",
            "time":"17.10.2020 12:07:51",
            "turn-index":16,
            "utterance":"難しいですね..."
        },
        {
            "speaker":"U",
            "time":"17.10.2020 12:08:16",
            "turn-index":17,
            "utterance":"俺たち、みんなでサポートするから。"
        },
        {
            "speaker":"S",
            "time":"17.10.2020 12:08:17",
            "turn-index":18,
            "utterance":"すみませんが, 私には力不足です(汗"
        },
        {
            "speaker":"U",
            "time":"17.10.2020 12:08:33",
            "turn-index":19,
            "utterance":"まだやる前から力不足ってなんだよ。"
        },
        {
            "speaker":"S",
            "time":"17.10.2020 12:08:33",
            "turn-index":20,
            "utterance":"心苦しいですが, お断りします"
        },
        {
            "speaker":"U",
            "time":"17.10.2020 12:08:54",
            "turn-index":21,
            "utterance":"え、"
        },
        {
            "speaker":"S",
            "time":"17.10.2020 12:08:55",
            "turn-index":22,
            "utterance":"難しいですね..."
        },
        {
            "speaker":"U",
            "time":"17.10.2020 12:09:30",
            "turn-index":23,
            "utterance":"さっきは引き受けるって言ってくれたのに。"
        },
        {
            "speaker":"S",
            "time":"17.10.2020 12:09:30",
            "turn-index":24,
            "utterance":"そうですね..."
        },
        {
            "speaker":"U",
            "time":"17.10.2020 12:09:39",
            "turn-index":25,
            "utterance":"そうだよ。"
        },
        {
            "speaker":"S",
            "time":"17.10.2020 12:09:40",
            "turn-index":26,
            "utterance":"そうですね..."
        },
        {
            "speaker":"U",
            "time":"17.10.2020 12:10:06",
            "turn-index":27,
            "utterance":"お前なら絶対できるから引き受けてくれよ。"
        },
        {
            "speaker":"S",
            "time":"17.10.2020 12:10:06",
            "turn-index":28,
            "utterance":"そうですね..."
        },
        {
            "speaker":"U",
            "time":"17.10.2020 12:10:53",
            "turn-index":29,
            "utterance":"じゃあ、引き受けてくれるってことで。"
        },
        {
            "speaker":"S",
            "time":"17.10.2020 12:10:53",
            "turn-index":30,
            "utterance":"すみません, やはり自分にはしっかりやりきれる自信がないです😣🙇🙇💦"
        }
    ]
}