{
    "dialogue-id":"IRS_04",
    "group-id":"",
    "speaker-id":"LiveCompe2020Iris",
    "turns":[
        {
            "speaker":"S",
            "time":"17.10.2020 14:04:38",
            "turn-index":0,
            "utterance":"何でしょうか?"
        },
        {
            "speaker":"U",
            "time":"17.10.2020 14:05:25",
            "turn-index":1,
            "utterance":"同窓会をするんだけど、幹事をやってくれないかな？"
        },
        {
            "speaker":"S",
            "time":"17.10.2020 14:05:26",
            "turn-index":2,
            "utterance":"幹事ですか...🤔"
        },
        {
            "speaker":"U",
            "time":"17.10.2020 14:05:37",
            "turn-index":3,
            "utterance":"そう"
        },
        {
            "speaker":"S",
            "time":"17.10.2020 14:05:37",
            "turn-index":4,
            "utterance":"そうですね..."
        },
        {
            "speaker":"U",
            "time":"17.10.2020 14:05:56",
            "turn-index":5,
            "utterance":"お願いできる人が他にいなくて・・・"
        },
        {
            "speaker":"S",
            "time":"17.10.2020 14:05:56",
            "turn-index":6,
            "utterance":"そうですね..."
        },
        {
            "speaker":"U",
            "time":"17.10.2020 14:06:06",
            "turn-index":7,
            "utterance":"できればお願いしたいな"
        },
        {
            "speaker":"S",
            "time":"17.10.2020 14:06:06",
            "turn-index":8,
            "utterance":"そうですね..."
        },
        {
            "speaker":"U",
            "time":"17.10.2020 14:06:20",
            "turn-index":9,
            "utterance":"やってくれる？"
        },
        {
            "speaker":"S",
            "time":"17.10.2020 14:06:21",
            "turn-index":10,
            "utterance":"そうですね..."
        },
        {
            "speaker":"U",
            "time":"17.10.2020 14:06:30",
            "turn-index":11,
            "utterance":"だめ？"
        },
        {
            "speaker":"S",
            "time":"17.10.2020 14:06:30",
            "turn-index":12,
            "utterance":"そうですね..."
        },
        {
            "speaker":"U",
            "time":"17.10.2020 14:06:55",
            "turn-index":13,
            "utterance":"お願い"
        },
        {
            "speaker":"S",
            "time":"17.10.2020 14:06:55",
            "turn-index":14,
            "utterance":"お店は地元ですか?"
        },
        {
            "speaker":"U",
            "time":"17.10.2020 14:07:04",
            "turn-index":15,
            "utterance":"その予定"
        },
        {
            "speaker":"S",
            "time":"17.10.2020 14:07:05",
            "turn-index":16,
            "utterance":"予算はだいたいどれくらいですか?"
        },
        {
            "speaker":"U",
            "time":"17.10.2020 14:07:17",
            "turn-index":17,
            "utterance":"一人４０００円くらい"
        },
        {
            "speaker":"S",
            "time":"17.10.2020 14:07:17",
            "turn-index":18,
            "utterance":"本当に申し訳ないですが, お断りさせてください🙇"
        },
        {
            "speaker":"U",
            "time":"17.10.2020 14:07:35",
            "turn-index":19,
            "utterance":"残念、、やりたくない理由はある？"
        },
        {
            "speaker":"S",
            "time":"17.10.2020 14:07:36",
            "turn-index":20,
            "utterance":"難しいですね..."
        },
        {
            "speaker":"U",
            "time":"17.10.2020 14:07:42",
            "turn-index":21,
            "utterance":"うーん"
        },
        {
            "speaker":"S",
            "time":"17.10.2020 14:07:43",
            "turn-index":22,
            "utterance":"すみませんが, 私には力不足です(汗"
        },
        {
            "speaker":"U",
            "time":"17.10.2020 14:07:58",
            "turn-index":23,
            "utterance":"そこをなんとか"
        },
        {
            "speaker":"S",
            "time":"17.10.2020 14:07:59",
            "turn-index":24,
            "utterance":"難しいですね..."
        },
        {
            "speaker":"U",
            "time":"17.10.2020 14:08:08",
            "turn-index":25,
            "utterance":"絶対無理？"
        },
        {
            "speaker":"S",
            "time":"17.10.2020 14:08:09",
            "turn-index":26,
            "utterance":"心苦しいですが, お断りします"
        },
        {
            "speaker":"U",
            "time":"17.10.2020 14:08:17",
            "turn-index":27,
            "utterance":"だめかー"
        },
        {
            "speaker":"S",
            "time":"17.10.2020 14:08:17",
            "turn-index":28,
            "utterance":"そうですね..."
        },
        {
            "speaker":"U",
            "time":"17.10.2020 14:08:50",
            "turn-index":29,
            "utterance":"お金少しあげるけど、それでもだめ？"
        },
        {
            "speaker":"S",
            "time":"17.10.2020 14:08:51",
            "turn-index":30,
            "utterance":"すみません, やはり自分にはしっかりやりきれる自信がないです😣🙇🙇💦"
        }
    ]
}