{
    "dialogue-id":"IRS_31",
    "group-id":"",
    "speaker-id":"LiveCompe2020Iris",
    "turns":[
        {
            "speaker":"S",
            "time":"17.10.2020 17:03:25",
            "turn-index":0,
            "utterance":"何でしょうか?"
        },
        {
            "speaker":"U",
            "time":"17.10.2020 17:04:36",
            "turn-index":1,
            "utterance":"元気ですか"
        },
        {
            "speaker":"S",
            "time":"17.10.2020 17:04:36",
            "turn-index":2,
            "utterance":"そうですね..."
        },
        {
            "speaker":"U",
            "time":"17.10.2020 17:04:54",
            "turn-index":3,
            "utterance":"昨日何してた"
        },
        {
            "speaker":"S",
            "time":"17.10.2020 17:04:54",
            "turn-index":4,
            "utterance":"そうですね..."
        },
        {
            "speaker":"U",
            "time":"17.10.2020 17:05:27",
            "turn-index":5,
            "utterance":"次いつ会えますか"
        },
        {
            "speaker":"S",
            "time":"17.10.2020 17:05:27",
            "turn-index":6,
            "utterance":"そうですね..."
        },
        {
            "speaker":"U",
            "time":"17.10.2020 17:08:29",
            "turn-index":7,
            "utterance":"幹事はやってもらえないと困るんだけど"
        },
        {
            "speaker":"S",
            "time":"17.10.2020 17:08:29",
            "turn-index":8,
            "utterance":"幹事ですか...🤔"
        },
        {
            "speaker":"U",
            "time":"17.10.2020 17:25:52",
            "turn-index":9,
            "utterance":"同窓会に参加したことあるよね"
        },
        {
            "speaker":"S",
            "time":"17.10.2020 17:25:52",
            "turn-index":10,
            "utterance":"規模についてなんですが, どれくらいの人数の予定ですか?"
        },
        {
            "speaker":"U",
            "time":"17.10.2020 17:26:04",
            "turn-index":11,
            "utterance":"15人ぐらいだよ"
        },
        {
            "speaker":"S",
            "time":"17.10.2020 17:26:05",
            "turn-index":12,
            "utterance":"わかりました🙆"
        },
        {
            "speaker":"U",
            "time":"17.10.2020 17:26:12",
            "turn-index":13,
            "utterance":"やってくれるんだね"
        },
        {
            "speaker":"S",
            "time":"17.10.2020 17:26:13",
            "turn-index":14,
            "utterance":"お店は地元ですか?"
        },
        {
            "speaker":"U",
            "time":"17.10.2020 17:26:26",
            "turn-index":15,
            "utterance":"そう地元だよ"
        },
        {
            "speaker":"S",
            "time":"17.10.2020 17:26:26",
            "turn-index":16,
            "utterance":"予算はだいたいどれくらいですか?"
        },
        {
            "speaker":"U",
            "time":"17.10.2020 17:26:34",
            "turn-index":17,
            "utterance":"5000円でどうかな"
        },
        {
            "speaker":"S",
            "time":"17.10.2020 17:26:34",
            "turn-index":18,
            "utterance":"たくさん答えていただきありがとうございます😀"
        },
        {
            "speaker":"U",
            "time":"17.10.2020 17:26:45",
            "turn-index":19,
            "utterance":"こちらこそ引き受けてくれてありがとう"
        },
        {
            "speaker":"S",
            "time":"17.10.2020 17:26:45",
            "turn-index":20,
            "utterance":"幹事なかなか大変そうですね😟"
        },
        {
            "speaker":"U",
            "time":"17.10.2020 17:26:54",
            "turn-index":21,
            "utterance":"君なら大丈夫だよ"
        },
        {
            "speaker":"S",
            "time":"17.10.2020 17:26:55",
            "turn-index":22,
            "utterance":"色々と考えることが多くて, ちょっと頭がいっぱいです😵"
        },
        {
            "speaker":"U",
            "time":"17.10.2020 17:27:03",
            "turn-index":23,
            "utterance":"なんかあったら相談してね"
        },
        {
            "speaker":"S",
            "time":"17.10.2020 17:27:03",
            "turn-index":24,
            "utterance":"自分にはちょっと荷が重いかもしれないです💦"
        },
        {
            "speaker":"U",
            "time":"17.10.2020 17:27:22",
            "turn-index":25,
            "utterance":"困ったことがあれば相談してよ"
        },
        {
            "speaker":"S",
            "time":"17.10.2020 17:27:22",
            "turn-index":26,
            "utterance":"難しいですね..."
        },
        {
            "speaker":"U",
            "time":"17.10.2020 17:27:34",
            "turn-index":27,
            "utterance":"何が難しいのかな"
        },
        {
            "speaker":"S",
            "time":"17.10.2020 17:27:35",
            "turn-index":28,
            "utterance":"すみませんが, 私には力不足です(汗"
        },
        {
            "speaker":"U",
            "time":"17.10.2020 17:27:46",
            "turn-index":29,
            "utterance":"君にならできるよ"
        },
        {
            "speaker":"S",
            "time":"17.10.2020 17:27:46",
            "turn-index":30,
            "utterance":"すみません, やはり自分にはしっかりやりきれる自信がないです😣🙇🙇💦"
        }
    ]
}