{
    "dialogue-id":"IRS_38",
    "group-id":"",
    "speaker-id":"LiveCompe2020Iris",
    "turns":[
        {
            "speaker":"S",
            "time":"17.10.2020 14:56:15",
            "turn-index":0,
            "utterance":"何でしょうか?"
        },
        {
            "speaker":"U",
            "time":"17.10.2020 14:56:34",
            "turn-index":1,
            "utterance":"今度の同窓会の幹事頼めるかな？"
        },
        {
            "speaker":"S",
            "time":"17.10.2020 14:56:35",
            "turn-index":2,
            "utterance":"幹事ですか...🤔"
        },
        {
            "speaker":"U",
            "time":"17.10.2020 14:56:43",
            "turn-index":3,
            "utterance":"お願いします。"
        },
        {
            "speaker":"S",
            "time":"17.10.2020 14:56:44",
            "turn-index":4,
            "utterance":"規模についてなんですが, どれくらいの人数の予定ですか?"
        },
        {
            "speaker":"U",
            "time":"17.10.2020 14:56:54",
            "turn-index":5,
            "utterance":"いつもと同じくらいだよ。"
        },
        {
            "speaker":"S",
            "time":"17.10.2020 14:56:55",
            "turn-index":6,
            "utterance":"実はあまりお店とか知らなくて😅"
        },
        {
            "speaker":"U",
            "time":"17.10.2020 14:57:10",
            "turn-index":7,
            "utterance":"お店は皆で決めようよ。"
        },
        {
            "speaker":"S",
            "time":"17.10.2020 14:57:10",
            "turn-index":8,
            "utterance":"自分にはちょっと荷が重いかもしれないです💦"
        },
        {
            "speaker":"U",
            "time":"17.10.2020 14:57:21",
            "turn-index":9,
            "utterance":"大丈夫できるよ。"
        },
        {
            "speaker":"S",
            "time":"17.10.2020 14:57:21",
            "turn-index":10,
            "utterance":"すみませんが, 私には力不足です(汗"
        },
        {
            "speaker":"U",
            "time":"17.10.2020 14:57:36",
            "turn-index":11,
            "utterance":"そんなことないって。みんな協力するから。"
        },
        {
            "speaker":"S",
            "time":"17.10.2020 14:57:36",
            "turn-index":12,
            "utterance":"本当にすみません."
        },
        {
            "speaker":"U",
            "time":"17.10.2020 14:58:03",
            "turn-index":13,
            "utterance":"絶対に出来るから大丈夫だよ。"
        },
        {
            "speaker":"S",
            "time":"17.10.2020 14:58:04",
            "turn-index":14,
            "utterance":"心苦しいですが, お断りします"
        },
        {
            "speaker":"U",
            "time":"17.10.2020 14:58:28",
            "turn-index":15,
            "utterance":"清水が断ると同窓会ができないんだ。頼むよ。"
        },
        {
            "speaker":"S",
            "time":"17.10.2020 14:58:29",
            "turn-index":16,
            "utterance":"難しいですね..."
        },
        {
            "speaker":"U",
            "time":"17.10.2020 14:58:41",
            "turn-index":17,
            "utterance":"協力するから、お願い。"
        },
        {
            "speaker":"S",
            "time":"17.10.2020 14:58:42",
            "turn-index":18,
            "utterance":"心苦しいですが, お断りします"
        },
        {
            "speaker":"U",
            "time":"17.10.2020 14:58:57",
            "turn-index":19,
            "utterance":"何かできない理由でもあるの？"
        },
        {
            "speaker":"S",
            "time":"17.10.2020 14:58:58",
            "turn-index":20,
            "utterance":"すみませんが, 私には力不足です(汗"
        },
        {
            "speaker":"U",
            "time":"17.10.2020 14:59:14",
            "turn-index":21,
            "utterance":"そんな大変なことじゃないから。"
        },
        {
            "speaker":"S",
            "time":"17.10.2020 14:59:14",
            "turn-index":22,
            "utterance":"難しいですね..."
        },
        {
            "speaker":"U",
            "time":"17.10.2020 14:59:22",
            "turn-index":23,
            "utterance":"頼むよ。"
        },
        {
            "speaker":"S",
            "time":"17.10.2020 14:59:22",
            "turn-index":24,
            "utterance":"すみませんが, 私には力不足です(汗"
        },
        {
            "speaker":"U",
            "time":"17.10.2020 15:00:22",
            "turn-index":25,
            "utterance":"清水に是非やって欲しいんだ。"
        },
        {
            "speaker":"S",
            "time":"17.10.2020 15:00:23",
            "turn-index":26,
            "utterance":"心苦しいですが, お断りします"
        },
        {
            "speaker":"U",
            "time":"17.10.2020 15:00:38",
            "turn-index":27,
            "utterance":"清水しかいないんだよ。お願いします。"
        },
        {
            "speaker":"S",
            "time":"17.10.2020 15:00:38",
            "turn-index":28,
            "utterance":"難しいですね..."
        },
        {
            "speaker":"U",
            "time":"17.10.2020 15:00:53",
            "turn-index":29,
            "utterance":"そんなこと言わずに…ねっ。"
        },
        {
            "speaker":"S",
            "time":"17.10.2020 15:00:53",
            "turn-index":30,
            "utterance":"すみません, やはり自分にはしっかりやりきれる自信がないです😣🙇🙇💦"
        }
    ]
}