{
    "dialogue-id":"IRS_16",
    "group-id":"",
    "speaker-id":"LiveCompe2020Iris",
    "turns":[
        {
            "speaker":"S",
            "time":"17.10.2020 14:35:30",
            "turn-index":0,
            "utterance":"何でしょうか?"
        },
        {
            "speaker":"U",
            "time":"17.10.2020 14:35:43",
            "turn-index":1,
            "utterance":"そろそろ同窓会の季節じゃん？"
        },
        {
            "speaker":"S",
            "time":"17.10.2020 14:35:43",
            "turn-index":2,
            "utterance":"そうですね..."
        },
        {
            "speaker":"U",
            "time":"17.10.2020 14:36:02",
            "turn-index":3,
            "utterance":"それで、今年の幹事をお願いしたいなーって思ってるんだけど"
        },
        {
            "speaker":"S",
            "time":"17.10.2020 14:36:03",
            "turn-index":4,
            "utterance":"幹事ですか...🤔"
        },
        {
            "speaker":"U",
            "time":"17.10.2020 14:36:08",
            "turn-index":5,
            "utterance":"うん。できそう？"
        },
        {
            "speaker":"S",
            "time":"17.10.2020 14:36:09",
            "turn-index":6,
            "utterance":"いくつかお尋ねしてもよいでしょうか🙏"
        },
        {
            "speaker":"U",
            "time":"17.10.2020 14:36:17",
            "turn-index":7,
            "utterance":"いいよ"
        },
        {
            "speaker":"S",
            "time":"17.10.2020 14:36:18",
            "turn-index":8,
            "utterance":"同窓会の日にちは決まっていますか?"
        },
        {
            "speaker":"U",
            "time":"17.10.2020 14:36:39",
            "turn-index":9,
            "utterance":"一応、毎年5月の連休にってことにはなってるよ"
        },
        {
            "speaker":"S",
            "time":"17.10.2020 14:36:40",
            "turn-index":10,
            "utterance":"なるほどそうですか🤔"
        },
        {
            "speaker":"U",
            "time":"17.10.2020 14:36:55",
            "turn-index":11,
            "utterance":"まーそのへんは変更可能だけどね"
        },
        {
            "speaker":"S",
            "time":"17.10.2020 14:36:56",
            "turn-index":12,
            "utterance":"そうですね..."
        },
        {
            "speaker":"U",
            "time":"17.10.2020 14:37:01",
            "turn-index":13,
            "utterance":"で、どう？"
        },
        {
            "speaker":"S",
            "time":"17.10.2020 14:37:02",
            "turn-index":14,
            "utterance":"そうですね..."
        },
        {
            "speaker":"U",
            "time":"17.10.2020 14:37:07",
            "turn-index":15,
            "utterance":"考え中？"
        },
        {
            "speaker":"S",
            "time":"17.10.2020 14:37:07",
            "turn-index":16,
            "utterance":"同窓会の日にちは決まっていますか?"
        },
        {
            "speaker":"U",
            "time":"17.10.2020 14:37:29",
            "turn-index":17,
            "utterance":"5月の連休ごろだよ"
        },
        {
            "speaker":"S",
            "time":"17.10.2020 14:37:30",
            "turn-index":18,
            "utterance":"規模についてなんですが, どれくらいの人数の予定ですか?"
        },
        {
            "speaker":"U",
            "time":"17.10.2020 14:37:43",
            "turn-index":19,
            "utterance":"ちょっとそこはよくわかんない"
        },
        {
            "speaker":"S",
            "time":"17.10.2020 14:37:44",
            "turn-index":20,
            "utterance":"予算はだいたいどれくらいですか?"
        },
        {
            "speaker":"U",
            "time":"17.10.2020 14:37:58",
            "turn-index":21,
            "utterance":"えーそのへんの詳しい話は別の人に聞いてほしいんだけど"
        },
        {
            "speaker":"S",
            "time":"17.10.2020 14:37:58",
            "turn-index":22,
            "utterance":"色々と考えることが多くて, ちょっと頭がいっぱいです😵"
        },
        {
            "speaker":"U",
            "time":"17.10.2020 14:38:05",
            "turn-index":23,
            "utterance":"いや、返事は急がないよ"
        },
        {
            "speaker":"S",
            "time":"17.10.2020 14:38:06",
            "turn-index":24,
            "utterance":"本当に申し訳ないですが, お断りさせてください🙇"
        },
        {
            "speaker":"U",
            "time":"17.10.2020 14:38:11",
            "turn-index":25,
            "utterance":"えー！なんで？"
        },
        {
            "speaker":"S",
            "time":"17.10.2020 14:38:12",
            "turn-index":26,
            "utterance":"難しいですね..."
        },
        {
            "speaker":"U",
            "time":"17.10.2020 14:38:29",
            "turn-index":27,
            "utterance":"何が難しいの？"
        },
        {
            "speaker":"S",
            "time":"17.10.2020 14:38:29",
            "turn-index":28,
            "utterance":"難しいですね..."
        },
        {
            "speaker":"U",
            "time":"17.10.2020 14:38:37",
            "turn-index":29,
            "utterance":"なんだよ、はっきり言えよ"
        },
        {
            "speaker":"S",
            "time":"17.10.2020 14:38:38",
            "turn-index":30,
            "utterance":"すみません, やはり自分にはしっかりやりきれる自信がないです😣🙇🙇💦"
        }
    ]
}