{
    "dialogue-id":"IRS_26",
    "group-id":"",
    "speaker-id":"LiveCompe2020Iris",
    "turns":[
        {
            "speaker":"S",
            "time":"17.10.2020 15:52:26",
            "turn-index":0,
            "utterance":"何でしょうか?"
        },
        {
            "speaker":"U",
            "time":"17.10.2020 15:53:32",
            "turn-index":1,
            "utterance":"実は今年の同窓会の幹事を頼みたいんだけど"
        },
        {
            "speaker":"S",
            "time":"17.10.2020 15:53:32",
            "turn-index":2,
            "utterance":"同窓会の日にちは決まっていますか?"
        },
        {
            "speaker":"U",
            "time":"17.10.2020 15:54:39",
            "turn-index":3,
            "utterance":"５月で考えてる"
        },
        {
            "speaker":"S",
            "time":"17.10.2020 15:54:39",
            "turn-index":4,
            "utterance":"たくさん答えていただきありがとうございます😀"
        },
        {
            "speaker":"U",
            "time":"17.10.2020 15:54:59",
            "turn-index":5,
            "utterance":"じゃ幹事やってくれるね"
        },
        {
            "speaker":"S",
            "time":"17.10.2020 15:54:59",
            "turn-index":6,
            "utterance":"色々と考えることが多くて, ちょっと頭がいっぱいです😵"
        },
        {
            "speaker":"U",
            "time":"17.10.2020 15:55:19",
            "turn-index":7,
            "utterance":"そんなに難しく考えることはないよ"
        },
        {
            "speaker":"S",
            "time":"17.10.2020 15:55:19",
            "turn-index":8,
            "utterance":"難しいですね..."
        },
        {
            "speaker":"U",
            "time":"17.10.2020 15:55:50",
            "turn-index":9,
            "utterance":"幹事は引き受けてくれるんでしょ？"
        },
        {
            "speaker":"S",
            "time":"17.10.2020 15:55:51",
            "turn-index":10,
            "utterance":"すみませんが, 私には力不足です(汗"
        },
        {
            "speaker":"U",
            "time":"17.10.2020 15:56:30",
            "turn-index":11,
            "utterance":"そんなことはないよ。清水なら大丈夫だよ"
        },
        {
            "speaker":"S",
            "time":"17.10.2020 15:56:31",
            "turn-index":12,
            "utterance":"本当にすみません."
        },
        {
            "speaker":"U",
            "time":"17.10.2020 15:57:10",
            "turn-index":13,
            "utterance":"頼むよ。一人で無理なら、何人かで協力してやればいい"
        },
        {
            "speaker":"S",
            "time":"17.10.2020 15:57:10",
            "turn-index":14,
            "utterance":"難しいですね..."
        },
        {
            "speaker":"U",
            "time":"17.10.2020 15:57:22",
            "turn-index":15,
            "utterance":"そういうなよ"
        },
        {
            "speaker":"S",
            "time":"17.10.2020 15:57:22",
            "turn-index":16,
            "utterance":"すみませんが, 私には力不足です(汗"
        },
        {
            "speaker":"U",
            "time":"17.10.2020 15:57:44",
            "turn-index":17,
            "utterance":"他に誰か協力してくれそうな奴いないか？"
        },
        {
            "speaker":"S",
            "time":"17.10.2020 15:57:44",
            "turn-index":18,
            "utterance":"心苦しいですが, お断りします"
        },
        {
            "speaker":"U",
            "time":"17.10.2020 15:58:13",
            "turn-index":19,
            "utterance":"君たちの年代で幹事やるのは決まりだから"
        },
        {
            "speaker":"S",
            "time":"17.10.2020 15:58:14",
            "turn-index":20,
            "utterance":"難しいですね..."
        },
        {
            "speaker":"U",
            "time":"17.10.2020 15:59:36",
            "turn-index":21,
            "utterance":"君たちの年代で責任もって幹事やってくれないと困るよ"
        },
        {
            "speaker":"S",
            "time":"17.10.2020 15:59:36",
            "turn-index":22,
            "utterance":"心苦しいですが, お断りします"
        },
        {
            "speaker":"U",
            "time":"17.10.2020 16:00:21",
            "turn-index":23,
            "utterance":"サークルの決まりだから、無理なら他のメンバー出してくれよ"
        },
        {
            "speaker":"S",
            "time":"17.10.2020 16:00:21",
            "turn-index":24,
            "utterance":"すみませんが, 私には力不足です(汗"
        },
        {
            "speaker":"U",
            "time":"17.10.2020 16:00:41",
            "turn-index":25,
            "utterance":"君が無理なら、誰なら出来るの？"
        },
        {
            "speaker":"S",
            "time":"17.10.2020 16:00:42",
            "turn-index":26,
            "utterance":"心苦しいですが, お断りします"
        },
        {
            "speaker":"U",
            "time":"17.10.2020 16:01:53",
            "turn-index":27,
            "utterance":"君たちの年代で責任もって幹事を決めてくれ"
        },
        {
            "speaker":"S",
            "time":"17.10.2020 16:01:53",
            "turn-index":28,
            "utterance":"心苦しいですが, お断りします"
        },
        {
            "speaker":"U",
            "time":"17.10.2020 16:02:15",
            "turn-index":29,
            "utterance":"それじゃ、無責任すぎるぞ"
        },
        {
            "speaker":"S",
            "time":"17.10.2020 16:02:15",
            "turn-index":30,
            "utterance":"すみません, やはり自分にはしっかりやりきれる自信がないです😣🙇🙇💦"
        }
    ]
}