{
    "dialogue-id":"IRS_14",
    "group-id":"",
    "speaker-id":"LiveCompe2020Iris",
    "turns":[
        {
            "speaker":"S",
            "time":"17.10.2020 14:36:44",
            "turn-index":0,
            "utterance":"何でしょうか?"
        },
        {
            "speaker":"U",
            "time":"17.10.2020 14:37:05",
            "turn-index":1,
            "utterance":"今度一緒にごはん行こうよ。"
        },
        {
            "speaker":"S",
            "time":"17.10.2020 14:37:05",
            "turn-index":2,
            "utterance":"いくつかお尋ねしてもよいでしょうか🙏"
        },
        {
            "speaker":"U",
            "time":"17.10.2020 14:37:20",
            "turn-index":3,
            "utterance":"急にどうしたの？"
        },
        {
            "speaker":"S",
            "time":"17.10.2020 14:37:20",
            "turn-index":4,
            "utterance":"そうですか🤔"
        },
        {
            "speaker":"U",
            "time":"17.10.2020 14:37:39",
            "turn-index":5,
            "utterance":"ねえ、ごはん一緒に行ってくれるの？"
        },
        {
            "speaker":"S",
            "time":"17.10.2020 14:37:39",
            "turn-index":6,
            "utterance":"お店は地元ですか?"
        },
        {
            "speaker":"U",
            "time":"17.10.2020 14:37:56",
            "turn-index":7,
            "utterance":"できたら近場がいいと思ってる。"
        },
        {
            "speaker":"S",
            "time":"17.10.2020 14:37:56",
            "turn-index":8,
            "utterance":"幹事なかなか大変そうですね😟"
        },
        {
            "speaker":"U",
            "time":"17.10.2020 14:38:17",
            "turn-index":9,
            "utterance":"大井と大変だし、2.３人にしようよ。"
        },
        {
            "speaker":"S",
            "time":"17.10.2020 14:38:18",
            "turn-index":10,
            "utterance":"本当にすみません."
        },
        {
            "speaker":"U",
            "time":"17.10.2020 14:38:44",
            "turn-index":11,
            "utterance":"コースと単品料理どっちがいいと思う？"
        },
        {
            "speaker":"S",
            "time":"17.10.2020 14:38:45",
            "turn-index":12,
            "utterance":"心苦しいですが, お断りします"
        },
        {
            "speaker":"U",
            "time":"17.10.2020 14:39:33",
            "turn-index":13,
            "utterance":"えっ、行けない事情があるの？"
        },
        {
            "speaker":"S",
            "time":"17.10.2020 14:39:34",
            "turn-index":14,
            "utterance":"難しいですね..."
        },
        {
            "speaker":"U",
            "time":"17.10.2020 14:40:01",
            "turn-index":15,
            "utterance":"残念だな。じゃあ、また別の機会に出かけようよ。"
        },
        {
            "speaker":"S",
            "time":"17.10.2020 14:40:02",
            "turn-index":16,
            "utterance":"すみませんが, 私には力不足です(汗"
        },
        {
            "speaker":"U",
            "time":"17.10.2020 14:40:22",
            "turn-index":17,
            "utterance":"気になってるお店があるんだ。"
        },
        {
            "speaker":"S",
            "time":"17.10.2020 14:40:22",
            "turn-index":18,
            "utterance":"本当にすみません."
        },
        {
            "speaker":"U",
            "time":"17.10.2020 14:40:34",
            "turn-index":19,
            "utterance":"仕事じゃないんだから。"
        },
        {
            "speaker":"S",
            "time":"17.10.2020 14:40:34",
            "turn-index":20,
            "utterance":"心苦しいですが, お断りします"
        },
        {
            "speaker":"U",
            "time":"17.10.2020 14:41:02",
            "turn-index":21,
            "utterance":"何か忙しいみたいだね。"
        },
        {
            "speaker":"S",
            "time":"17.10.2020 14:41:02",
            "turn-index":22,
            "utterance":"難しいですね..."
        },
        {
            "speaker":"U",
            "time":"17.10.2020 14:41:36",
            "turn-index":23,
            "utterance":"最近なんかはまってることはないの？"
        },
        {
            "speaker":"S",
            "time":"17.10.2020 14:41:36",
            "turn-index":24,
            "utterance":"すみませんが, 私には力不足です(汗"
        },
        {
            "speaker":"U",
            "time":"17.10.2020 14:41:50",
            "turn-index":25,
            "utterance":"趣味を持つ方が楽しいよ。"
        },
        {
            "speaker":"S",
            "time":"17.10.2020 14:41:51",
            "turn-index":26,
            "utterance":"本当にすみません."
        },
        {
            "speaker":"U",
            "time":"17.10.2020 14:42:08",
            "turn-index":27,
            "utterance":"またの機会にお供するよ。"
        },
        {
            "speaker":"S",
            "time":"17.10.2020 14:42:08",
            "turn-index":28,
            "utterance":"心苦しいですが, お断りします"
        },
        {
            "speaker":"U",
            "time":"17.10.2020 14:42:31",
            "turn-index":29,
            "utterance":"残念だな。"
        },
        {
            "speaker":"S",
            "time":"17.10.2020 14:42:31",
            "turn-index":30,
            "utterance":"すみません, やはり自分にはしっかりやりきれる自信がないです😣🙇🙇💦"
        }
    ]
}