{
    "dialogue-id":"IRS_23",
    "group-id":"",
    "speaker-id":"LiveCompe2020Iris",
    "turns":[
        {
            "speaker":"S",
            "time":"17.10.2020 17:59:27",
            "turn-index":0,
            "utterance":"何でしょうか?"
        },
        {
            "speaker":"U",
            "time":"17.10.2020 17:59:50",
            "turn-index":1,
            "utterance":"今年のサークルの同窓会の幹事をやってほしいなって思ってて"
        },
        {
            "speaker":"S",
            "time":"17.10.2020 17:59:50",
            "turn-index":2,
            "utterance":"幹事ですか...🤔"
        },
        {
            "speaker":"U",
            "time":"17.10.2020 18:00:34",
            "turn-index":3,
            "utterance":"そうちょっと大変かもしれないけどお願いできないかな？"
        },
        {
            "speaker":"S",
            "time":"17.10.2020 18:00:35",
            "turn-index":4,
            "utterance":"いくつかお尋ねしてもよいでしょうか🙏"
        },
        {
            "speaker":"U",
            "time":"17.10.2020 18:00:43",
            "turn-index":5,
            "utterance":"うんいいよ"
        },
        {
            "speaker":"S",
            "time":"17.10.2020 18:00:44",
            "turn-index":6,
            "utterance":"同窓会の日にちは決まっていますか?"
        },
        {
            "speaker":"U",
            "time":"17.10.2020 18:01:00",
            "turn-index":7,
            "utterance":"日にちはまだ決まってないんだよね"
        },
        {
            "speaker":"S",
            "time":"17.10.2020 18:01:00",
            "turn-index":8,
            "utterance":"未定ですか😅"
        },
        {
            "speaker":"U",
            "time":"17.10.2020 18:01:07",
            "turn-index":9,
            "utterance":"そうまだね"
        },
        {
            "speaker":"S",
            "time":"17.10.2020 18:01:07",
            "turn-index":10,
            "utterance":"規模についてなんですが, どれくらいの人数の予定ですか?"
        },
        {
            "speaker":"U",
            "time":"17.10.2020 18:03:15",
            "turn-index":11,
            "utterance":"20人くらいかな"
        },
        {
            "speaker":"S",
            "time":"17.10.2020 18:03:15",
            "turn-index":12,
            "utterance":"それくらいの規模なんですね🧐"
        },
        {
            "speaker":"U",
            "time":"17.10.2020 18:03:42",
            "turn-index":13,
            "utterance":"うん"
        },
        {
            "speaker":"S",
            "time":"17.10.2020 18:03:42",
            "turn-index":14,
            "utterance":"お店は地元ですか?"
        },
        {
            "speaker":"U",
            "time":"17.10.2020 18:04:07",
            "turn-index":15,
            "utterance":"うん地元のお店になると思う"
        },
        {
            "speaker":"S",
            "time":"17.10.2020 18:04:07",
            "turn-index":16,
            "utterance":"実はあまりお店とか知らなくて😅"
        },
        {
            "speaker":"U",
            "time":"17.10.2020 18:04:42",
            "turn-index":17,
            "utterance":"お店を決めるのは相談に乗るよ"
        },
        {
            "speaker":"S",
            "time":"17.10.2020 18:04:42",
            "turn-index":18,
            "utterance":"予算はだいたいどれくらいですか?"
        },
        {
            "speaker":"U",
            "time":"17.10.2020 18:07:25",
            "turn-index":19,
            "utterance":"これから計算しないといけない"
        },
        {
            "speaker":"S",
            "time":"17.10.2020 18:07:26",
            "turn-index":20,
            "utterance":"そうですか🤔"
        },
        {
            "speaker":"U",
            "time":"17.10.2020 18:08:04",
            "turn-index":21,
            "utterance":"ごめんね、あんまりちゃんと決まってなくて"
        },
        {
            "speaker":"S",
            "time":"17.10.2020 18:08:04",
            "turn-index":22,
            "utterance":"そうですね..."
        },
        {
            "speaker":"U",
            "time":"17.10.2020 18:08:40",
            "turn-index":23,
            "utterance":"幹事できそう？"
        },
        {
            "speaker":"S",
            "time":"17.10.2020 18:08:40",
            "turn-index":24,
            "utterance":"わかりました🙆"
        },
        {
            "speaker":"U",
            "time":"17.10.2020 18:09:13",
            "turn-index":25,
            "utterance":"やってくれるの？うれしい"
        },
        {
            "speaker":"S",
            "time":"17.10.2020 18:09:13",
            "turn-index":26,
            "utterance":"自分にはちょっと荷が重いかもしれないです💦"
        },
        {
            "speaker":"U",
            "time":"17.10.2020 18:09:51",
            "turn-index":27,
            "utterance":"幹事は大変だよね。手伝うし相談にも乗るから"
        },
        {
            "speaker":"S",
            "time":"17.10.2020 18:09:51",
            "turn-index":28,
            "utterance":"難しいですね..."
        },
        {
            "speaker":"U",
            "time":"17.10.2020 18:10:12",
            "turn-index":29,
            "utterance":"難しいかー"
        },
        {
            "speaker":"S",
            "time":"17.10.2020 18:10:12",
            "turn-index":30,
            "utterance":"すみません, やはり自分にはしっかりやりきれる自信がないです😣🙇🙇💦"
        }
    ]
}