{
    "dialogue-id":"IRS_15",
    "group-id":"",
    "speaker-id":"LiveCompe2020Iris",
    "turns":[
        {
            "speaker":"S",
            "time":"17.10.2020 13:52:53",
            "turn-index":0,
            "utterance":"何でしょうか?"
        },
        {
            "speaker":"U",
            "time":"17.10.2020 13:53:26",
            "turn-index":1,
            "utterance":"同窓会があるんだけど、幹事をしてもらえないかな？"
        },
        {
            "speaker":"S",
            "time":"17.10.2020 13:53:26",
            "turn-index":2,
            "utterance":"幹事ですか...🤔"
        },
        {
            "speaker":"U",
            "time":"17.10.2020 13:53:40",
            "turn-index":3,
            "utterance":"うん、君ならうってつけだと思って"
        },
        {
            "speaker":"S",
            "time":"17.10.2020 13:53:41",
            "turn-index":4,
            "utterance":"いくつかお尋ねしてもよいでしょうか🙏"
        },
        {
            "speaker":"U",
            "time":"17.10.2020 13:53:47",
            "turn-index":5,
            "utterance":"なに？"
        },
        {
            "speaker":"S",
            "time":"17.10.2020 13:53:48",
            "turn-index":6,
            "utterance":"同窓会の日にちは決まっていますか?"
        },
        {
            "speaker":"U",
            "time":"17.10.2020 13:54:44",
            "turn-index":7,
            "utterance":"春休みの夜とか考えてるけど、暇な時でいいよ"
        },
        {
            "speaker":"S",
            "time":"17.10.2020 13:54:45",
            "turn-index":8,
            "utterance":"わかりました🙆"
        },
        {
            "speaker":"U",
            "time":"17.10.2020 13:55:01",
            "turn-index":9,
            "utterance":"受けてくれるの？"
        },
        {
            "speaker":"S",
            "time":"17.10.2020 13:55:01",
            "turn-index":10,
            "utterance":"実はあまりお店とか知らなくて😅"
        },
        {
            "speaker":"U",
            "time":"17.10.2020 13:55:17",
            "turn-index":11,
            "utterance":"自宅でやるから大丈夫だよ"
        },
        {
            "speaker":"S",
            "time":"17.10.2020 13:55:17",
            "turn-index":12,
            "utterance":"たくさん答えていただきありがとうございます😀"
        },
        {
            "speaker":"U",
            "time":"17.10.2020 13:55:36",
            "turn-index":13,
            "utterance":"もう任せちゃっていいかな？"
        },
        {
            "speaker":"S",
            "time":"17.10.2020 13:55:36",
            "turn-index":14,
            "utterance":"幹事なかなか大変そうですね😟"
        },
        {
            "speaker":"U",
            "time":"17.10.2020 13:56:00",
            "turn-index":15,
            "utterance":"俺もやったんだから順番だと思って頼むよ"
        },
        {
            "speaker":"S",
            "time":"17.10.2020 13:56:01",
            "turn-index":16,
            "utterance":"自分にはちょっと荷が重いかもしれないです💦"
        },
        {
            "speaker":"U",
            "time":"17.10.2020 13:56:24",
            "turn-index":17,
            "utterance":"誰かと一緒にやってもいいよ"
        },
        {
            "speaker":"S",
            "time":"17.10.2020 13:56:25",
            "turn-index":18,
            "utterance":"本当に申し訳ないですが, お断りさせてください🙇"
        },
        {
            "speaker":"U",
            "time":"17.10.2020 13:56:41",
            "turn-index":19,
            "utterance":"えー、まいったなー"
        },
        {
            "speaker":"S",
            "time":"17.10.2020 13:56:42",
            "turn-index":20,
            "utterance":"そうですね..."
        },
        {
            "speaker":"U",
            "time":"17.10.2020 13:57:08",
            "turn-index":21,
            "utterance":"なんとかならんかなー"
        },
        {
            "speaker":"S",
            "time":"17.10.2020 13:57:08",
            "turn-index":22,
            "utterance":"そうですね..."
        },
        {
            "speaker":"U",
            "time":"17.10.2020 13:57:34",
            "turn-index":23,
            "utterance":"じゃ、一緒にやろうか"
        },
        {
            "speaker":"S",
            "time":"17.10.2020 13:57:34",
            "turn-index":24,
            "utterance":"そうですね..."
        },
        {
            "speaker":"U",
            "time":"17.10.2020 13:57:44",
            "turn-index":25,
            "utterance":"じゃ決まりだね"
        },
        {
            "speaker":"S",
            "time":"17.10.2020 13:57:45",
            "turn-index":26,
            "utterance":"そうですね..."
        },
        {
            "speaker":"U",
            "time":"17.10.2020 13:57:54",
            "turn-index":27,
            "utterance":"ちゃんと聞いてるの？"
        },
        {
            "speaker":"S",
            "time":"17.10.2020 13:57:54",
            "turn-index":28,
            "utterance":"そうですね..."
        },
        {
            "speaker":"U",
            "time":"17.10.2020 13:58:04",
            "turn-index":29,
            "utterance":"そうですねじゃなくて"
        },
        {
            "speaker":"S",
            "time":"17.10.2020 13:58:04",
            "turn-index":30,
            "utterance":"すみません, やはり自分にはしっかりやりきれる自信がないです😣🙇🙇💦"
        }
    ]
}