{
    "dialogue-id":"IRS_44",
    "group-id":"",
    "speaker-id":"LiveCompe2020Iris",
    "turns":[
        {
            "speaker":"S",
            "time":"17.10.2020 14:54:01",
            "turn-index":0,
            "utterance":"何でしょうか?"
        },
        {
            "speaker":"U",
            "time":"17.10.2020 14:54:14",
            "turn-index":1,
            "utterance":"もう卒業年だったっけ？"
        },
        {
            "speaker":"S",
            "time":"17.10.2020 14:54:14",
            "turn-index":2,
            "utterance":"そうですね..."
        },
        {
            "speaker":"U",
            "time":"17.10.2020 14:54:45",
            "turn-index":3,
            "utterance":"なら、同窓会の幹事をやってよ。"
        },
        {
            "speaker":"S",
            "time":"17.10.2020 14:54:46",
            "turn-index":4,
            "utterance":"幹事ですか...🤔"
        },
        {
            "speaker":"U",
            "time":"17.10.2020 14:55:16",
            "turn-index":5,
            "utterance":"みんな忙しくてさ"
        },
        {
            "speaker":"S",
            "time":"17.10.2020 14:55:16",
            "turn-index":6,
            "utterance":"お店は地元ですか?"
        },
        {
            "speaker":"U",
            "time":"17.10.2020 14:55:23",
            "turn-index":7,
            "utterance":"地元でいいと思うよ。"
        },
        {
            "speaker":"S",
            "time":"17.10.2020 14:55:23",
            "turn-index":8,
            "utterance":"実はあまりお店とか知らなくて😅"
        },
        {
            "speaker":"U",
            "time":"17.10.2020 14:55:46",
            "turn-index":9,
            "utterance":"そっか、それじゃ情報あつめを頑張ってね。"
        },
        {
            "speaker":"S",
            "time":"17.10.2020 14:55:46",
            "turn-index":10,
            "utterance":"たくさん答えていただきありがとうございます😀"
        },
        {
            "speaker":"U",
            "time":"17.10.2020 14:55:54",
            "turn-index":11,
            "utterance":"いえいえ、じゃ頼むよ。"
        },
        {
            "speaker":"S",
            "time":"17.10.2020 14:55:55",
            "turn-index":12,
            "utterance":"幹事なかなか大変そうですね😟"
        },
        {
            "speaker":"U",
            "time":"17.10.2020 14:56:02",
            "turn-index":13,
            "utterance":"大変だけど、いい経験になるよ。"
        },
        {
            "speaker":"S",
            "time":"17.10.2020 14:56:03",
            "turn-index":14,
            "utterance":"色々と考えることが多くて, ちょっと頭がいっぱいです😵"
        },
        {
            "speaker":"U",
            "time":"17.10.2020 14:56:22",
            "turn-index":15,
            "utterance":"そうでしょう。同期とも相談してみてよ。"
        },
        {
            "speaker":"S",
            "time":"17.10.2020 14:56:23",
            "turn-index":16,
            "utterance":"そうですね..."
        },
        {
            "speaker":"U",
            "time":"17.10.2020 14:56:39",
            "turn-index":17,
            "utterance":"先輩たちとも連絡とってみてね。"
        },
        {
            "speaker":"S",
            "time":"17.10.2020 14:56:40",
            "turn-index":18,
            "utterance":"同窓会の日にちは決まっていますか?"
        },
        {
            "speaker":"U",
            "time":"17.10.2020 14:56:47",
            "turn-index":19,
            "utterance":"まだなのよ。いつがいい？"
        },
        {
            "speaker":"S",
            "time":"17.10.2020 14:56:47",
            "turn-index":20,
            "utterance":"お店は地元ですか?"
        },
        {
            "speaker":"U",
            "time":"17.10.2020 14:56:57",
            "turn-index":21,
            "utterance":"地元は嫌なの？"
        },
        {
            "speaker":"S",
            "time":"17.10.2020 14:56:57",
            "turn-index":22,
            "utterance":"予算はだいたいどれくらいですか?"
        },
        {
            "speaker":"U",
            "time":"17.10.2020 14:57:08",
            "turn-index":23,
            "utterance":"五千円でどうかな？"
        },
        {
            "speaker":"S",
            "time":"17.10.2020 14:57:08",
            "turn-index":24,
            "utterance":"色々と考えることが多くて, ちょっと頭がいっぱいです😵"
        },
        {
            "speaker":"U",
            "time":"17.10.2020 14:57:19",
            "turn-index":25,
            "utterance":"困ったら連絡してよ。"
        },
        {
            "speaker":"S",
            "time":"17.10.2020 14:57:19",
            "turn-index":26,
            "utterance":"難しいですね..."
        },
        {
            "speaker":"U",
            "time":"17.10.2020 14:57:30",
            "turn-index":27,
            "utterance":"あなたなら出来る！"
        },
        {
            "speaker":"S",
            "time":"17.10.2020 14:57:31",
            "turn-index":28,
            "utterance":"すみませんが, 私には力不足です(汗"
        },
        {
            "speaker":"U",
            "time":"17.10.2020 14:57:43",
            "turn-index":29,
            "utterance":"いや、適任だと思うんだよね。"
        },
        {
            "speaker":"S",
            "time":"17.10.2020 14:57:43",
            "turn-index":30,
            "utterance":"すみません, やはり自分にはしっかりやりきれる自信がないです😣🙇🙇💦"
        }
    ]
}