{
    "dialogue-id":"IRS_47",
    "group-id":"",
    "speaker-id":"LiveCompe2020Iris",
    "turns":[
        {
            "speaker":"S",
            "time":"17.10.2020 14:54:31",
            "turn-index":0,
            "utterance":"何でしょうか?"
        },
        {
            "speaker":"U",
            "time":"17.10.2020 14:54:39",
            "turn-index":1,
            "utterance":"こんにちは"
        },
        {
            "speaker":"S",
            "time":"17.10.2020 14:54:40",
            "turn-index":2,
            "utterance":"そうですね..."
        },
        {
            "speaker":"U",
            "time":"17.10.2020 14:54:54",
            "turn-index":3,
            "utterance":"お元気ですか?"
        },
        {
            "speaker":"S",
            "time":"17.10.2020 14:54:55",
            "turn-index":4,
            "utterance":"同窓会の日にちは決まっていますか?"
        },
        {
            "speaker":"U",
            "time":"17.10.2020 14:55:14",
            "turn-index":5,
            "utterance":"同窓会は決まっていませんよ"
        },
        {
            "speaker":"S",
            "time":"17.10.2020 14:55:14",
            "turn-index":6,
            "utterance":"規模についてなんですが, どれくらいの人数の予定ですか?"
        },
        {
            "speaker":"U",
            "time":"17.10.2020 14:55:42",
            "turn-index":7,
            "utterance":"予定、無いですよ"
        },
        {
            "speaker":"S",
            "time":"17.10.2020 14:55:43",
            "turn-index":8,
            "utterance":"予算はだいたいどれくらいですか?"
        },
        {
            "speaker":"U",
            "time":"17.10.2020 14:56:03",
            "turn-index":9,
            "utterance":"だから同窓会の予定はないです"
        },
        {
            "speaker":"S",
            "time":"17.10.2020 14:56:03",
            "turn-index":10,
            "utterance":"自分にはちょっと荷が重いかもしれないです💦"
        },
        {
            "speaker":"U",
            "time":"17.10.2020 14:56:18",
            "turn-index":11,
            "utterance":"そうですか"
        },
        {
            "speaker":"S",
            "time":"17.10.2020 14:56:19",
            "turn-index":12,
            "utterance":"そうですね..."
        },
        {
            "speaker":"U",
            "time":"17.10.2020 14:56:44",
            "turn-index":13,
            "utterance":"今日は雨が降っていてとても寒いですね"
        },
        {
            "speaker":"S",
            "time":"17.10.2020 14:56:44",
            "turn-index":14,
            "utterance":"わかりました🙆"
        },
        {
            "speaker":"U",
            "time":"17.10.2020 14:57:06",
            "turn-index":15,
            "utterance":"何がわかったのですか?"
        },
        {
            "speaker":"S",
            "time":"17.10.2020 14:57:06",
            "turn-index":16,
            "utterance":"幹事なかなか大変そうですね😟"
        },
        {
            "speaker":"U",
            "time":"17.10.2020 14:57:24",
            "turn-index":17,
            "utterance":"幹事は大変ですよ"
        },
        {
            "speaker":"S",
            "time":"17.10.2020 14:57:24",
            "turn-index":18,
            "utterance":"心苦しいですが, お断りします"
        },
        {
            "speaker":"U",
            "time":"17.10.2020 14:57:37",
            "turn-index":19,
            "utterance":"そうした方が良いですね"
        },
        {
            "speaker":"S",
            "time":"17.10.2020 14:57:38",
            "turn-index":20,
            "utterance":"心苦しいですが, お断りします"
        },
        {
            "speaker":"U",
            "time":"17.10.2020 14:57:56",
            "turn-index":21,
            "utterance":"そうしてください"
        },
        {
            "speaker":"S",
            "time":"17.10.2020 14:57:57",
            "turn-index":22,
            "utterance":"本当にすみません."
        },
        {
            "speaker":"U",
            "time":"17.10.2020 14:58:11",
            "turn-index":23,
            "utterance":"いえいえ、どう致しまして"
        },
        {
            "speaker":"S",
            "time":"17.10.2020 14:58:12",
            "turn-index":24,
            "utterance":"難しいですね..."
        },
        {
            "speaker":"U",
            "time":"17.10.2020 14:58:24",
            "turn-index":25,
            "utterance":"難しいですね"
        },
        {
            "speaker":"S",
            "time":"17.10.2020 14:58:24",
            "turn-index":26,
            "utterance":"本当にすみません."
        },
        {
            "speaker":"U",
            "time":"17.10.2020 14:58:33",
            "turn-index":27,
            "utterance":"どう致しまして"
        },
        {
            "speaker":"S",
            "time":"17.10.2020 14:58:34",
            "turn-index":28,
            "utterance":"すみませんが, 私には力不足です(汗"
        },
        {
            "speaker":"U",
            "time":"17.10.2020 14:58:46",
            "turn-index":29,
            "utterance":"そんなことないですよ"
        },
        {
            "speaker":"S",
            "time":"17.10.2020 14:58:47",
            "turn-index":30,
            "utterance":"すみません, やはり自分にはしっかりやりきれる自信がないです😣🙇🙇💦"
        }
    ]
}