{
    "dialogue-id":"IRS_33",
    "group-id":"",
    "speaker-id":"LiveCompe2020Iris",
    "turns":[
        {
            "speaker":"S",
            "time":"17.10.2020 18:06:20",
            "turn-index":0,
            "utterance":"何でしょうか?"
        },
        {
            "speaker":"U",
            "time":"17.10.2020 18:06:26",
            "turn-index":1,
            "utterance":"こんにちは"
        },
        {
            "speaker":"S",
            "time":"17.10.2020 18:06:26",
            "turn-index":2,
            "utterance":"そうですね..."
        },
        {
            "speaker":"U",
            "time":"17.10.2020 18:06:34",
            "turn-index":3,
            "utterance":"今日は暑いですね"
        },
        {
            "speaker":"S",
            "time":"17.10.2020 18:06:35",
            "turn-index":4,
            "utterance":"そうですね..."
        },
        {
            "speaker":"U",
            "time":"17.10.2020 18:06:51",
            "turn-index":5,
            "utterance":"今日は何をしていましたか？"
        },
        {
            "speaker":"S",
            "time":"17.10.2020 18:06:51",
            "turn-index":6,
            "utterance":"そうですね..."
        },
        {
            "speaker":"U",
            "time":"17.10.2020 18:07:21",
            "turn-index":7,
            "utterance":"私は回転ずしを食べにおでかけしました"
        },
        {
            "speaker":"S",
            "time":"17.10.2020 18:07:21",
            "turn-index":8,
            "utterance":"同窓会の日にちは決まっていますか?"
        },
        {
            "speaker":"U",
            "time":"17.10.2020 18:07:37",
            "turn-index":9,
            "utterance":"来月の予定ですよ"
        },
        {
            "speaker":"S",
            "time":"17.10.2020 18:07:37",
            "turn-index":10,
            "utterance":"規模についてなんですが, どれくらいの人数の予定ですか?"
        },
        {
            "speaker":"U",
            "time":"17.10.2020 18:07:43",
            "turn-index":11,
            "utterance":"３０人です"
        },
        {
            "speaker":"S",
            "time":"17.10.2020 18:07:44",
            "turn-index":12,
            "utterance":"お店は地元ですか?"
        },
        {
            "speaker":"U",
            "time":"17.10.2020 18:07:51",
            "turn-index":13,
            "utterance":"そうですよ"
        },
        {
            "speaker":"S",
            "time":"17.10.2020 18:07:51",
            "turn-index":14,
            "utterance":"実はあまりお店とか知らなくて😅"
        },
        {
            "speaker":"U",
            "time":"17.10.2020 18:08:12",
            "turn-index":15,
            "utterance":"安くて美味しいところがあるので任せてください"
        },
        {
            "speaker":"S",
            "time":"17.10.2020 18:08:13",
            "turn-index":16,
            "utterance":"そうですね..."
        },
        {
            "speaker":"U",
            "time":"17.10.2020 18:08:25",
            "turn-index":17,
            "utterance":"駅からも近いので便利ですよ"
        },
        {
            "speaker":"S",
            "time":"17.10.2020 18:08:26",
            "turn-index":18,
            "utterance":"いくつかお尋ねしてもよいでしょうか🙏"
        },
        {
            "speaker":"U",
            "time":"17.10.2020 18:08:29",
            "turn-index":19,
            "utterance":"どうぞ"
        },
        {
            "speaker":"S",
            "time":"17.10.2020 18:08:29",
            "turn-index":20,
            "utterance":"そうですか🤔"
        },
        {
            "speaker":"U",
            "time":"17.10.2020 18:08:47",
            "turn-index":21,
            "utterance":"何かしてほしいことありますか？"
        },
        {
            "speaker":"S",
            "time":"17.10.2020 18:08:47",
            "turn-index":22,
            "utterance":"実はあまりお店とか知らなくて😅"
        },
        {
            "speaker":"U",
            "time":"17.10.2020 18:09:11",
            "turn-index":23,
            "utterance":"みんなの好きそうなお店を選んだので安心してください。"
        },
        {
            "speaker":"S",
            "time":"17.10.2020 18:09:11",
            "turn-index":24,
            "utterance":"色々と考えることが多くて, ちょっと頭がいっぱいです😵"
        },
        {
            "speaker":"U",
            "time":"17.10.2020 18:09:21",
            "turn-index":25,
            "utterance":"大丈夫ですよ。"
        },
        {
            "speaker":"S",
            "time":"17.10.2020 18:09:21",
            "turn-index":26,
            "utterance":"難しいですね..."
        },
        {
            "speaker":"U",
            "time":"17.10.2020 18:09:29",
            "turn-index":27,
            "utterance":"そんなことありませんよ"
        },
        {
            "speaker":"S",
            "time":"17.10.2020 18:09:29",
            "turn-index":28,
            "utterance":"本当にすみません."
        },
        {
            "speaker":"U",
            "time":"17.10.2020 18:09:36",
            "turn-index":29,
            "utterance":"幹事はまかせてください"
        },
        {
            "speaker":"S",
            "time":"17.10.2020 18:09:37",
            "turn-index":30,
            "utterance":"すみません, やはり自分にはしっかりやりきれる自信がないです😣🙇🙇💦"
        }
    ]
}