{
    "dialogue-id":"IRS_03",
    "group-id":"",
    "speaker-id":"LiveCompe2020Iris",
    "turns":[
        {
            "speaker":"S",
            "time":"17.10.2020 16:18:37",
            "turn-index":0,
            "utterance":"何でしょうか?"
        },
        {
            "speaker":"U",
            "time":"17.10.2020 16:19:37",
            "turn-index":1,
            "utterance":"お前に大学のサークルの同窓会の幹事をやって欲しい"
        },
        {
            "speaker":"S",
            "time":"17.10.2020 16:19:37",
            "turn-index":2,
            "utterance":"幹事ですか...🤔"
        },
        {
            "speaker":"U",
            "time":"17.10.2020 16:19:48",
            "turn-index":3,
            "utterance":"そう"
        },
        {
            "speaker":"S",
            "time":"17.10.2020 16:19:48",
            "turn-index":4,
            "utterance":"同窓会の日にちは決まっていますか?"
        },
        {
            "speaker":"U",
            "time":"17.10.2020 16:20:00",
            "turn-index":5,
            "utterance":"２ヶ月後"
        },
        {
            "speaker":"S",
            "time":"17.10.2020 16:20:00",
            "turn-index":6,
            "utterance":"規模についてなんですが, どれくらいの人数の予定ですか?"
        },
        {
            "speaker":"U",
            "time":"17.10.2020 16:20:18",
            "turn-index":7,
            "utterance":"１０人くらいかな"
        },
        {
            "speaker":"S",
            "time":"17.10.2020 16:20:18",
            "turn-index":8,
            "utterance":"お店は地元ですか?"
        },
        {
            "speaker":"U",
            "time":"17.10.2020 16:20:32",
            "turn-index":9,
            "utterance":"店はまだ決めてないよ"
        },
        {
            "speaker":"S",
            "time":"17.10.2020 16:20:32",
            "turn-index":10,
            "utterance":"実はあまりお店とか知らなくて😅"
        },
        {
            "speaker":"U",
            "time":"17.10.2020 16:20:51",
            "turn-index":11,
            "utterance":"店なんてどこでもいいよ"
        },
        {
            "speaker":"S",
            "time":"17.10.2020 16:20:51",
            "turn-index":12,
            "utterance":"予算はだいたいどれくらいですか?"
        },
        {
            "speaker":"U",
            "time":"17.10.2020 16:21:11",
            "turn-index":13,
            "utterance":"１人５千円くらいかな"
        },
        {
            "speaker":"S",
            "time":"17.10.2020 16:21:12",
            "turn-index":14,
            "utterance":"たくさん答えていただきありがとうございます😀"
        },
        {
            "speaker":"U",
            "time":"17.10.2020 16:21:24",
            "turn-index":15,
            "utterance":"やってくれるか"
        },
        {
            "speaker":"S",
            "time":"17.10.2020 16:21:24",
            "turn-index":16,
            "utterance":"幹事なかなか大変そうですね😟"
        },
        {
            "speaker":"U",
            "time":"17.10.2020 16:21:42",
            "turn-index":17,
            "utterance":"まあ簡単ではないと思うができない事はないよ"
        },
        {
            "speaker":"S",
            "time":"17.10.2020 16:21:43",
            "turn-index":18,
            "utterance":"色々と考えることが多くて, ちょっと頭がいっぱいです😵"
        },
        {
            "speaker":"U",
            "time":"17.10.2020 16:22:11",
            "turn-index":19,
            "utterance":"そう難しく考えなくて良いよ"
        },
        {
            "speaker":"S",
            "time":"17.10.2020 16:22:11",
            "turn-index":20,
            "utterance":"自分にはちょっと荷が重いかもしれないです💦"
        },
        {
            "speaker":"U",
            "time":"17.10.2020 16:22:54",
            "turn-index":21,
            "utterance":"分からない事があったら俺に聞いてくれていいからさ"
        },
        {
            "speaker":"S",
            "time":"17.10.2020 16:22:55",
            "turn-index":22,
            "utterance":"本当に申し訳ないですが, お断りさせてください🙇"
        },
        {
            "speaker":"U",
            "time":"17.10.2020 16:23:11",
            "turn-index":23,
            "utterance":"なんでよ"
        },
        {
            "speaker":"S",
            "time":"17.10.2020 16:23:11",
            "turn-index":24,
            "utterance":"難しいですね..."
        },
        {
            "speaker":"U",
            "time":"17.10.2020 16:23:42",
            "turn-index":25,
            "utterance":"やってみないうちから諦めるなよ"
        },
        {
            "speaker":"S",
            "time":"17.10.2020 16:23:43",
            "turn-index":26,
            "utterance":"すみませんが, 私には力不足です(汗"
        },
        {
            "speaker":"U",
            "time":"17.10.2020 16:24:24",
            "turn-index":27,
            "utterance":"俺はそう思わないんだけどな"
        },
        {
            "speaker":"S",
            "time":"17.10.2020 16:24:24",
            "turn-index":28,
            "utterance":"本当にすみません."
        },
        {
            "speaker":"U",
            "time":"17.10.2020 16:24:43",
            "turn-index":29,
            "utterance":"幹事は一度経験した方がいいよ思うよ"
        },
        {
            "speaker":"S",
            "time":"17.10.2020 16:24:44",
            "turn-index":30,
            "utterance":"すみません, やはり自分にはしっかりやりきれる自信がないです😣🙇🙇💦"
        }
    ]
}