{
    "dialogue-id":"IRS_48",
    "group-id":"",
    "speaker-id":"LiveCompe2020Iris",
    "turns":[
        {
            "speaker":"S",
            "time":"17.10.2020 15:03:58",
            "turn-index":0,
            "utterance":"何でしょうか?"
        },
        {
            "speaker":"U",
            "time":"17.10.2020 15:04:27",
            "turn-index":1,
            "utterance":"うん、実は今年のサークルの同窓会の件なんだけど。"
        },
        {
            "speaker":"S",
            "time":"17.10.2020 15:04:28",
            "turn-index":2,
            "utterance":"いくつかお尋ねしてもよいでしょうか🙏"
        },
        {
            "speaker":"U",
            "time":"17.10.2020 15:04:46",
            "turn-index":3,
            "utterance":"何でもどうぞ！"
        },
        {
            "speaker":"S",
            "time":"17.10.2020 15:04:46",
            "turn-index":4,
            "utterance":"同窓会の日にちは決まっていますか?"
        },
        {
            "speaker":"U",
            "time":"17.10.2020 15:05:44",
            "turn-index":5,
            "utterance":"いや、まだ決まってないよ。"
        },
        {
            "speaker":"S",
            "time":"17.10.2020 15:05:44",
            "turn-index":6,
            "utterance":"規模についてなんですが, どれくらいの人数の予定ですか?"
        },
        {
            "speaker":"U",
            "time":"17.10.2020 15:05:55",
            "turn-index":7,
            "utterance":"15人くらいかな。"
        },
        {
            "speaker":"S",
            "time":"17.10.2020 15:05:55",
            "turn-index":8,
            "utterance":"お店は地元ですか?"
        },
        {
            "speaker":"U",
            "time":"17.10.2020 15:06:18",
            "turn-index":9,
            "utterance":"一応、地元を考えてるけど。でもまだ決めてないし、お前はどこがいい？"
        },
        {
            "speaker":"S",
            "time":"17.10.2020 15:06:18",
            "turn-index":10,
            "utterance":"予算はだいたいどれくらいですか?"
        },
        {
            "speaker":"U",
            "time":"17.10.2020 15:07:03",
            "turn-index":11,
            "utterance":"大体3,000円くらいかな。でも学生はもう少し安いほうがいいよね。"
        },
        {
            "speaker":"S",
            "time":"17.10.2020 15:07:03",
            "turn-index":12,
            "utterance":"幹事なかなか大変そうですね😟"
        },
        {
            "speaker":"U",
            "time":"17.10.2020 15:07:39",
            "turn-index":13,
            "utterance":"う～ん。でも困ったらサポートするから、今年の幹事引き受けてくれる？"
        },
        {
            "speaker":"S",
            "time":"17.10.2020 15:07:39",
            "turn-index":14,
            "utterance":"本当に申し訳ないですが, お断りさせてください🙇"
        },
        {
            "speaker":"U",
            "time":"17.10.2020 15:08:26",
            "turn-index":15,
            "utterance":"アレ？何でまた？"
        },
        {
            "speaker":"S",
            "time":"17.10.2020 15:08:26",
            "turn-index":16,
            "utterance":"本当にすみません."
        },
        {
            "speaker":"U",
            "time":"17.10.2020 15:09:11",
            "turn-index":17,
            "utterance":"俺もできるだけサポートするし、引き受けてもらえないかな？"
        },
        {
            "speaker":"S",
            "time":"17.10.2020 15:09:12",
            "turn-index":18,
            "utterance":"そうですね..."
        },
        {
            "speaker":"U",
            "time":"17.10.2020 15:09:35",
            "turn-index":19,
            "utterance":"ほら、清水はしっかり者で頼りになるからさ。"
        },
        {
            "speaker":"S",
            "time":"17.10.2020 15:09:36",
            "turn-index":20,
            "utterance":"そうですね..."
        },
        {
            "speaker":"U",
            "time":"17.10.2020 15:09:49",
            "turn-index":21,
            "utterance":"でしょ？前向きに考えてくれない？"
        },
        {
            "speaker":"S",
            "time":"17.10.2020 15:09:49",
            "turn-index":22,
            "utterance":"そうですね..."
        },
        {
            "speaker":"U",
            "time":"17.10.2020 15:10:38",
            "turn-index":23,
            "utterance":"引き受けてくれるなら、俺ご飯奢っちゃうぞー。"
        },
        {
            "speaker":"S",
            "time":"17.10.2020 15:10:38",
            "turn-index":24,
            "utterance":"そうですね..."
        },
        {
            "speaker":"U",
            "time":"17.10.2020 15:12:18",
            "turn-index":25,
            "utterance":"おいおい、なんとか言ってよぉ。幹事、やってくれるでしょ？"
        },
        {
            "speaker":"S",
            "time":"17.10.2020 15:12:18",
            "turn-index":26,
            "utterance":"いくつもすみませんが, まだ質問よいですか🙇"
        },
        {
            "speaker":"U",
            "time":"17.10.2020 15:12:34",
            "turn-index":27,
            "utterance":"いいよ。何でも聞いてよ。"
        },
        {
            "speaker":"S",
            "time":"17.10.2020 15:12:34",
            "turn-index":28,
            "utterance":"たくさん答えていただきありがとうございます😀"
        },
        {
            "speaker":"U",
            "time":"17.10.2020 15:12:59",
            "turn-index":29,
            "utterance":"それで、どう？引き受けてもらえる？"
        },
        {
            "speaker":"S",
            "time":"17.10.2020 15:12:59",
            "turn-index":30,
            "utterance":"すみません, やはり自分にはしっかりやりきれる自信がないです😣🙇🙇💦"
        }
    ]
}