{
    "dialogue-id":"IRS_13",
    "group-id":"",
    "speaker-id":"LiveCompe2020Iris",
    "turns":[
        {
            "speaker":"S",
            "time":"17.10.2020 15:10:42",
            "turn-index":0,
            "utterance":"何でしょうか?"
        },
        {
            "speaker":"U",
            "time":"17.10.2020 15:16:52",
            "turn-index":1,
            "utterance":"同窓会のことなんだけど"
        },
        {
            "speaker":"S",
            "time":"17.10.2020 15:16:53",
            "turn-index":2,
            "utterance":"そうですね..."
        },
        {
            "speaker":"U",
            "time":"17.10.2020 15:17:39",
            "turn-index":3,
            "utterance":"いつも出てなかった？"
        },
        {
            "speaker":"S",
            "time":"17.10.2020 15:17:39",
            "turn-index":4,
            "utterance":"いくつかお尋ねしてもよいでしょうか🙏"
        },
        {
            "speaker":"U",
            "time":"17.10.2020 15:17:53",
            "turn-index":5,
            "utterance":"どんなこと？"
        },
        {
            "speaker":"S",
            "time":"17.10.2020 15:17:53",
            "turn-index":6,
            "utterance":"規模についてなんですが, どれくらいの人数の予定ですか?"
        },
        {
            "speaker":"U",
            "time":"17.10.2020 15:18:09",
            "turn-index":7,
            "utterance":"１５人くらいだよ"
        },
        {
            "speaker":"S",
            "time":"17.10.2020 15:18:09",
            "turn-index":8,
            "utterance":"お店は地元ですか?"
        },
        {
            "speaker":"U",
            "time":"17.10.2020 15:18:38",
            "turn-index":9,
            "utterance":"地元でやるよ"
        },
        {
            "speaker":"S",
            "time":"17.10.2020 15:18:39",
            "turn-index":10,
            "utterance":"色々と考えることが多くて, ちょっと頭がいっぱいです😵"
        },
        {
            "speaker":"U",
            "time":"17.10.2020 15:18:57",
            "turn-index":11,
            "utterance":"そんなこと言わないで同窓会やろうよ"
        },
        {
            "speaker":"S",
            "time":"17.10.2020 15:18:57",
            "turn-index":12,
            "utterance":"そうですね..."
        },
        {
            "speaker":"U",
            "time":"17.10.2020 15:19:28",
            "turn-index":13,
            "utterance":"そこでお願いだけど幹事やってくれない？"
        },
        {
            "speaker":"S",
            "time":"17.10.2020 15:19:29",
            "turn-index":14,
            "utterance":"実はあまりお店とか知らなくて😅"
        },
        {
            "speaker":"U",
            "time":"17.10.2020 15:19:42",
            "turn-index":15,
            "utterance":"大丈夫。サポートするから"
        },
        {
            "speaker":"S",
            "time":"17.10.2020 15:19:43",
            "turn-index":16,
            "utterance":"幹事なかなか大変そうですね😟"
        },
        {
            "speaker":"U",
            "time":"17.10.2020 15:19:56",
            "turn-index":17,
            "utterance":"人生経験だよ"
        },
        {
            "speaker":"S",
            "time":"17.10.2020 15:19:57",
            "turn-index":18,
            "utterance":"本当に申し訳ないですが, お断りさせてください🙇"
        },
        {
            "speaker":"U",
            "time":"17.10.2020 15:20:42",
            "turn-index":19,
            "utterance":"そこをなんとか頼むは。他には頼れんで"
        },
        {
            "speaker":"S",
            "time":"17.10.2020 15:20:42",
            "turn-index":20,
            "utterance":"難しいですね..."
        },
        {
            "speaker":"U",
            "time":"17.10.2020 15:20:59",
            "turn-index":21,
            "utterance":"そこをなんとかお願い"
        },
        {
            "speaker":"S",
            "time":"17.10.2020 15:21:00",
            "turn-index":22,
            "utterance":"すみませんが, 私には力不足です(汗"
        },
        {
            "speaker":"U",
            "time":"17.10.2020 15:21:29",
            "turn-index":23,
            "utterance":"そんなことないよ。絶対できる"
        },
        {
            "speaker":"S",
            "time":"17.10.2020 15:21:30",
            "turn-index":24,
            "utterance":"本当にすみません."
        },
        {
            "speaker":"U",
            "time":"17.10.2020 15:21:56",
            "turn-index":25,
            "utterance":"一生のお願いだで"
        },
        {
            "speaker":"S",
            "time":"17.10.2020 15:21:56",
            "turn-index":26,
            "utterance":"本当にすみません."
        },
        {
            "speaker":"U",
            "time":"17.10.2020 15:22:05",
            "turn-index":27,
            "utterance":"頼むよ頼むよ"
        },
        {
            "speaker":"S",
            "time":"17.10.2020 15:22:05",
            "turn-index":28,
            "utterance":"心苦しいですが, お断りします"
        },
        {
            "speaker":"U",
            "time":"17.10.2020 15:22:18",
            "turn-index":29,
            "utterance":"本当にだめ？"
        },
        {
            "speaker":"S",
            "time":"17.10.2020 15:22:18",
            "turn-index":30,
            "utterance":"すみません, やはり自分にはしっかりやりきれる自信がないです😣🙇🙇💦"
        }
    ]
}