{
    "dialogue-id":"IRS_11",
    "group-id":"",
    "speaker-id":"LiveCompe2020Iris",
    "turns":[
        {
            "speaker":"S",
            "time":"17.10.2020 15:13:22",
            "turn-index":0,
            "utterance":"何でしょうか?"
        },
        {
            "speaker":"U",
            "time":"17.10.2020 15:14:35",
            "turn-index":1,
            "utterance":"今年のサークルの同窓会の幹事を引き受けてくれないかな"
        },
        {
            "speaker":"S",
            "time":"17.10.2020 15:14:35",
            "turn-index":2,
            "utterance":"幹事ですか...🤔"
        },
        {
            "speaker":"U",
            "time":"17.10.2020 15:15:26",
            "turn-index":3,
            "utterance":"うん。清水なら適任だと思うんだ。"
        },
        {
            "speaker":"S",
            "time":"17.10.2020 15:15:27",
            "turn-index":4,
            "utterance":"規模についてなんですが, どれくらいの人数の予定ですか?"
        },
        {
            "speaker":"U",
            "time":"17.10.2020 15:16:54",
            "turn-index":5,
            "utterance":"参加できる人がどのくらいになるかによるから一概には言えないけど、去年は30人くらいだったんじゃないかな。"
        },
        {
            "speaker":"S",
            "time":"17.10.2020 15:16:55",
            "turn-index":6,
            "utterance":"そうですね..."
        },
        {
            "speaker":"U",
            "time":"17.10.2020 15:17:20",
            "turn-index":7,
            "utterance":"頼むよ。清水なら絶対にできるって。"
        },
        {
            "speaker":"S",
            "time":"17.10.2020 15:17:21",
            "turn-index":8,
            "utterance":"そうですね..."
        },
        {
            "speaker":"U",
            "time":"17.10.2020 15:18:41",
            "turn-index":9,
            "utterance":"今でも俺の同期と清水の話題が出るんだけど、みんな「清水はしっかりしてて頼りがいがあるやつだ」って言ってるぜ。毎年やるわけじゃないんだから頼むよ。"
        },
        {
            "speaker":"S",
            "time":"17.10.2020 15:18:42",
            "turn-index":10,
            "utterance":"本当に申し訳ないですが, お断りさせてください🙇"
        },
        {
            "speaker":"U",
            "time":"17.10.2020 15:19:02",
            "turn-index":11,
            "utterance":"なんで？何か理由があるなら教えてくれよ。"
        },
        {
            "speaker":"S",
            "time":"17.10.2020 15:19:03",
            "turn-index":12,
            "utterance":"同窓会の日にちは決まっていますか?"
        },
        {
            "speaker":"U",
            "time":"17.10.2020 15:20:11",
            "turn-index":13,
            "utterance":"決まってないよ。いくつか候補日をピックアップしてそれぞれの日付で参加者がどれだけいるかによって決めることになるだろうから。"
        },
        {
            "speaker":"S",
            "time":"17.10.2020 15:20:11",
            "turn-index":14,
            "utterance":"すみませんが, 私には力不足です(汗"
        },
        {
            "speaker":"U",
            "time":"17.10.2020 15:21:10",
            "turn-index":15,
            "utterance":"そんなことないよ。清水ならできるって。清水の同期にサポートしてもらえばいいんだからさ。頼む。"
        },
        {
            "speaker":"S",
            "time":"17.10.2020 15:21:10",
            "turn-index":16,
            "utterance":"心苦しいですが, お断りします"
        },
        {
            "speaker":"U",
            "time":"17.10.2020 15:21:48",
            "turn-index":17,
            "utterance":"だから理由があるなら教えてくれないか。俺に手助けできることはないか？"
        },
        {
            "speaker":"S",
            "time":"17.10.2020 15:21:49",
            "turn-index":18,
            "utterance":"すみませんが, 私には力不足です(汗"
        },
        {
            "speaker":"U",
            "time":"17.10.2020 15:22:36",
            "turn-index":19,
            "utterance":"そんなことないって。清水ならできるよ。引き受けてくれよ。みんな感謝するよ。"
        },
        {
            "speaker":"S",
            "time":"17.10.2020 15:22:37",
            "turn-index":20,
            "utterance":"そうですね..."
        },
        {
            "speaker":"U",
            "time":"17.10.2020 15:23:01",
            "turn-index":21,
            "utterance":"そうだよ。大丈夫だって。"
        },
        {
            "speaker":"S",
            "time":"17.10.2020 15:23:01",
            "turn-index":22,
            "utterance":"そうですね..."
        },
        {
            "speaker":"U",
            "time":"17.10.2020 15:23:38",
            "turn-index":23,
            "utterance":"こういう経験をしておけば社会人になっても役立つと思うよ。"
        },
        {
            "speaker":"S",
            "time":"17.10.2020 15:23:38",
            "turn-index":24,
            "utterance":"そうですね..."
        },
        {
            "speaker":"U",
            "time":"17.10.2020 15:24:31",
            "turn-index":25,
            "utterance":"そう。一人でいろんな作業を全部やらなくても周りに助けを求めてもいいんだから。"
        },
        {
            "speaker":"S",
            "time":"17.10.2020 15:24:31",
            "turn-index":26,
            "utterance":"いくつかお尋ねしてもよいでしょうか🙏"
        },
        {
            "speaker":"U",
            "time":"17.10.2020 15:24:38",
            "turn-index":27,
            "utterance":"いいよ。"
        },
        {
            "speaker":"S",
            "time":"17.10.2020 15:24:38",
            "turn-index":28,
            "utterance":"同窓会の日にちは決まっていますか?"
        },
        {
            "speaker":"U",
            "time":"17.10.2020 15:26:29",
            "turn-index":29,
            "utterance":"さっきも伝えたけどまだ決まってないよ。清水の都合がいい候補日をピックアップしてくれればいいから。"
        },
        {
            "speaker":"S",
            "time":"17.10.2020 15:26:29",
            "turn-index":30,
            "utterance":"すみません, やはり自分にはしっかりやりきれる自信がないです😣🙇🙇💦"
        }
    ]
}