{
    "dialogue-id":"IRS_01",
    "group-id":"",
    "speaker-id":"LiveCompe2020Iris",
    "turns":[
        {
            "speaker":"S",
            "time":"17.10.2020 14:00:56",
            "turn-index":0,
            "utterance":"何でしょうか?"
        },
        {
            "speaker":"U",
            "time":"17.10.2020 14:02:17",
            "turn-index":1,
            "utterance":"今時間は"
        },
        {
            "speaker":"S",
            "time":"17.10.2020 14:02:18",
            "turn-index":2,
            "utterance":"幹事なかなか大変そうですね😟"
        },
        {
            "speaker":"U",
            "time":"17.10.2020 14:03:07",
            "turn-index":3,
            "utterance":"そうなんだよ。"
        },
        {
            "speaker":"S",
            "time":"17.10.2020 14:03:08",
            "turn-index":4,
            "utterance":"すみませんが, 私には力不足です(汗"
        },
        {
            "speaker":"U",
            "time":"17.10.2020 14:04:20",
            "turn-index":5,
            "utterance":"うーん、むりにとはいわないんだけど・・・"
        },
        {
            "speaker":"S",
            "time":"17.10.2020 14:04:21",
            "turn-index":6,
            "utterance":"実はあまりお店とか知らなくて😅"
        },
        {
            "speaker":"U",
            "time":"17.10.2020 14:05:08",
            "turn-index":7,
            "utterance":"あ、それならだいじょうぶだよ。いっしょにさがすからさ。"
        },
        {
            "speaker":"S",
            "time":"17.10.2020 14:05:09",
            "turn-index":8,
            "utterance":"そうですね..."
        },
        {
            "speaker":"U",
            "time":"17.10.2020 14:05:38",
            "turn-index":9,
            "utterance":"俺もそんなに詳しくはないんだけどね。"
        },
        {
            "speaker":"S",
            "time":"17.10.2020 14:05:38",
            "turn-index":10,
            "utterance":"そうですね..."
        },
        {
            "speaker":"U",
            "time":"17.10.2020 14:06:13",
            "turn-index":11,
            "utterance":"もちろん協力はするからさ。"
        },
        {
            "speaker":"S",
            "time":"17.10.2020 14:06:14",
            "turn-index":12,
            "utterance":"そうですね..."
        },
        {
            "speaker":"U",
            "time":"17.10.2020 14:06:49",
            "turn-index":13,
            "utterance":"幹事、と言ってもそんなに大変なことでもないよ？"
        },
        {
            "speaker":"S",
            "time":"17.10.2020 14:06:50",
            "turn-index":14,
            "utterance":"わかりました🙆"
        },
        {
            "speaker":"U",
            "time":"17.10.2020 14:07:26",
            "turn-index":15,
            "utterance":"どう？やれそうかな。"
        },
        {
            "speaker":"S",
            "time":"17.10.2020 14:07:27",
            "turn-index":16,
            "utterance":"難しいですね..."
        },
        {
            "speaker":"U",
            "time":"17.10.2020 14:08:01",
            "turn-index":17,
            "utterance":"難しいんかい。まあ、無理もないわな。うん。"
        },
        {
            "speaker":"S",
            "time":"17.10.2020 14:08:01",
            "turn-index":18,
            "utterance":"本当にすみません."
        },
        {
            "speaker":"U",
            "time":"17.10.2020 14:08:53",
            "turn-index":19,
            "utterance":"じゃあさ、やってくれたら俺が何か驕るから、てのはどう？"
        },
        {
            "speaker":"S",
            "time":"17.10.2020 14:08:53",
            "turn-index":20,
            "utterance":"規模についてなんですが, どれくらいの人数の予定ですか?"
        },
        {
            "speaker":"U",
            "time":"17.10.2020 14:09:13",
            "turn-index":21,
            "utterance":"だいたい30人くらいかな。"
        },
        {
            "speaker":"S",
            "time":"17.10.2020 14:09:13",
            "turn-index":22,
            "utterance":"実はあまりお店とか知らなくて😅"
        },
        {
            "speaker":"U",
            "time":"17.10.2020 14:09:47",
            "turn-index":23,
            "utterance":"大丈夫大丈夫。その辺はネットで調べれば一発だよ。"
        },
        {
            "speaker":"S",
            "time":"17.10.2020 14:09:48",
            "turn-index":24,
            "utterance":"自分にはちょっと荷が重いかもしれないです💦"
        },
        {
            "speaker":"U",
            "time":"17.10.2020 14:10:24",
            "turn-index":25,
            "utterance":"そんなことないって。気軽に考えてくれればいいからさ。"
        },
        {
            "speaker":"S",
            "time":"17.10.2020 14:10:24",
            "turn-index":26,
            "utterance":"難しいですね..."
        },
        {
            "speaker":"U",
            "time":"17.10.2020 14:11:02",
            "turn-index":27,
            "utterance":"何事も経験だよ。一回やってみたら案外楽かもしれないよ？"
        },
        {
            "speaker":"S",
            "time":"17.10.2020 14:11:02",
            "turn-index":28,
            "utterance":"心苦しいですが, お断りします"
        },
        {
            "speaker":"U",
            "time":"17.10.2020 14:11:47",
            "turn-index":29,
            "utterance":"うーん、そうかあ。仕方ないね。無理行ってごめんね。"
        },
        {
            "speaker":"S",
            "time":"17.10.2020 14:11:47",
            "turn-index":30,
            "utterance":"すみません, やはり自分にはしっかりやりきれる自信がないです😣🙇🙇💦"
        }
    ]
}