{
    "dialogue-id":"IRS_27",
    "group-id":"",
    "speaker-id":"LiveCompe2020Iris",
    "turns":[
        {
            "speaker":"S",
            "time":"17.10.2020 17:23:23",
            "turn-index":0,
            "utterance":"何でしょうか?"
        },
        {
            "speaker":"U",
            "time":"17.10.2020 17:24:22",
            "turn-index":1,
            "utterance":"同窓会の幹事頼みたいんだけどいいかな？"
        },
        {
            "speaker":"S",
            "time":"17.10.2020 17:24:22",
            "turn-index":2,
            "utterance":"幹事ですか...🤔"
        },
        {
            "speaker":"U",
            "time":"17.10.2020 17:24:49",
            "turn-index":3,
            "utterance":"そうなんだ。都合つく？"
        },
        {
            "speaker":"S",
            "time":"17.10.2020 17:24:49",
            "turn-index":4,
            "utterance":"いくつかお尋ねしてもよいでしょうか🙏"
        },
        {
            "speaker":"U",
            "time":"17.10.2020 17:24:58",
            "turn-index":5,
            "utterance":"いいよ。なに？"
        },
        {
            "speaker":"S",
            "time":"17.10.2020 17:24:58",
            "turn-index":6,
            "utterance":"同窓会の日にちは決まっていますか?"
        },
        {
            "speaker":"U",
            "time":"17.10.2020 17:25:15",
            "turn-index":7,
            "utterance":"いや、まだ決まってない。"
        },
        {
            "speaker":"S",
            "time":"17.10.2020 17:25:15",
            "turn-index":8,
            "utterance":"未定ですか😅"
        },
        {
            "speaker":"U",
            "time":"17.10.2020 17:26:17",
            "turn-index":9,
            "utterance":"そう。お願いできる？"
        },
        {
            "speaker":"S",
            "time":"17.10.2020 17:26:17",
            "turn-index":10,
            "utterance":"実はあまりお店とか知らなくて😅"
        },
        {
            "speaker":"U",
            "time":"17.10.2020 17:27:13",
            "turn-index":11,
            "utterance":"好きな店選んでいいよ"
        },
        {
            "speaker":"S",
            "time":"17.10.2020 17:27:13",
            "turn-index":12,
            "utterance":"本当に申し訳ないですが, お断りさせてください🙇"
        },
        {
            "speaker":"U",
            "time":"17.10.2020 17:28:08",
            "turn-index":13,
            "utterance":"お前ならできる。何事も経験だよ。"
        },
        {
            "speaker":"S",
            "time":"17.10.2020 17:28:09",
            "turn-index":14,
            "utterance":"本当にすみません."
        },
        {
            "speaker":"U",
            "time":"17.10.2020 17:30:01",
            "turn-index":15,
            "utterance":"無理にとは言わないけどさ、やってみたら？"
        },
        {
            "speaker":"S",
            "time":"17.10.2020 17:30:02",
            "turn-index":16,
            "utterance":"心苦しいですが, お断りします"
        },
        {
            "speaker":"U",
            "time":"17.10.2020 17:30:54",
            "turn-index":17,
            "utterance":"弱気にならなくて大丈夫。幹事なんて簡単だよ。"
        },
        {
            "speaker":"S",
            "time":"17.10.2020 17:30:54",
            "turn-index":18,
            "utterance":"難しいですね..."
        },
        {
            "speaker":"U",
            "time":"17.10.2020 17:32:01",
            "turn-index":19,
            "utterance":"難しく考えることなんてないよ。協力するからさ。"
        },
        {
            "speaker":"S",
            "time":"17.10.2020 17:32:01",
            "turn-index":20,
            "utterance":"すみませんが, 私には力不足です(汗"
        },
        {
            "speaker":"U",
            "time":"17.10.2020 17:34:27",
            "turn-index":21,
            "utterance":"俺の顔を立ててどうか引き受けてくれ。頼む。"
        },
        {
            "speaker":"S",
            "time":"17.10.2020 17:34:27",
            "turn-index":22,
            "utterance":"本当にすみません."
        },
        {
            "speaker":"U",
            "time":"17.10.2020 17:39:14",
            "turn-index":23,
            "utterance":"お前の事を信頼している。だから任せたい。"
        },
        {
            "speaker":"S",
            "time":"17.10.2020 17:39:15",
            "turn-index":24,
            "utterance":"心苦しいですが, お断りします"
        },
        {
            "speaker":"U",
            "time":"17.10.2020 17:39:42",
            "turn-index":25,
            "utterance":"今すぐ結論出す必要ないよ。少し考えといて。"
        },
        {
            "speaker":"S",
            "time":"17.10.2020 17:39:42",
            "turn-index":26,
            "utterance":"難しいですね..."
        },
        {
            "speaker":"U",
            "time":"17.10.2020 17:40:30",
            "turn-index":27,
            "utterance":"不安なのは分かるけどさ。何とかなるもんだよ。"
        },
        {
            "speaker":"S",
            "time":"17.10.2020 17:40:30",
            "turn-index":28,
            "utterance":"すみませんが, 私には力不足です(汗"
        },
        {
            "speaker":"U",
            "time":"17.10.2020 17:41:37",
            "turn-index":29,
            "utterance":"過小評価はよくないよ。お前ならできる。"
        },
        {
            "speaker":"S",
            "time":"17.10.2020 17:41:38",
            "turn-index":30,
            "utterance":"すみません, やはり自分にはしっかりやりきれる自信がないです😣🙇🙇💦"
        }
    ]
}