{
    "dialogue-id":"AKT_07",
    "group-id":"",
    "speaker-id":"Akitaka",
    "turns":[
        {
            "speaker":"S",
            "time":"17.10.2020 14:43:18",
            "turn-index":0,
            "utterance":"なんでしょう？？"
        },
        {
            "speaker":"U",
            "time":"17.10.2020 14:44:52",
            "turn-index":1,
            "utterance":"湯川です。"
        },
        {
            "speaker":"S",
            "time":"17.10.2020 14:44:58",
            "turn-index":2,
            "utterance":"３年生は呼ぶんですか？"
        },
        {
            "speaker":"U",
            "time":"17.10.2020 14:46:08",
            "turn-index":3,
            "utterance":"私にはわかりません。"
        },
        {
            "speaker":"S",
            "time":"17.10.2020 14:46:17",
            "turn-index":4,
            "utterance":"僕には申し訳ないと思わないんですか笑"
        },
        {
            "speaker":"U",
            "time":"17.10.2020 14:47:04",
            "turn-index":5,
            "utterance":"と言われても困ります。"
        },
        {
            "speaker":"S",
            "time":"17.10.2020 14:47:13",
            "turn-index":6,
            "utterance":"あー"
        },
        {
            "speaker":"U",
            "time":"17.10.2020 14:47:57",
            "turn-index":7,
            "utterance":"ご自分で考えるか、他のメンバーに聞いてみたらどうですか。"
        },
        {
            "speaker":"S",
            "time":"17.10.2020 14:48:06",
            "turn-index":8,
            "utterance":"うーん、先輩の代の方々いらっしゃるんですよね？"
        },
        {
            "speaker":"U",
            "time":"17.10.2020 14:48:46",
            "turn-index":9,
            "utterance":"私は行かないのでわかりません"
        },
        {
            "speaker":"S",
            "time":"17.10.2020 14:48:53",
            "turn-index":10,
            "utterance":"そうなんですね"
        },
        {
            "speaker":"U",
            "time":"17.10.2020 14:50:14",
            "turn-index":11,
            "utterance":"私以外の先輩に聞いてみたらどうですか"
        },
        {
            "speaker":"S",
            "time":"17.10.2020 14:50:22",
            "turn-index":12,
            "utterance":"いやー厳しいです😭"
        },
        {
            "speaker":"U",
            "time":"17.10.2020 14:51:35",
            "turn-index":13,
            "utterance":"いっしょに幹事をする人はいないのですか"
        },
        {
            "speaker":"S",
            "time":"17.10.2020 14:51:43",
            "turn-index":14,
            "utterance":"幹事やるイメージが全然わかないんですけど"
        },
        {
            "speaker":"U",
            "time":"17.10.2020 14:52:16",
            "turn-index":15,
            "utterance":"会話がちょっとかみ合わないのだけど。"
        },
        {
            "speaker":"S",
            "time":"17.10.2020 14:52:25",
            "turn-index":16,
            "utterance":"大変ですね……"
        },
        {
            "speaker":"U",
            "time":"17.10.2020 14:52:43",
            "turn-index":17,
            "utterance":"大変なのはそっちだと思いますが。"
        },
        {
            "speaker":"S",
            "time":"17.10.2020 14:52:49",
            "turn-index":18,
            "utterance":"応援してます🙏"
        },
        {
            "speaker":"U",
            "time":"17.10.2020 14:53:28",
            "turn-index":19,
            "utterance":"幹事をするのはあなたでしょ。"
        },
        {
            "speaker":"S",
            "time":"17.10.2020 14:53:34",
            "turn-index":20,
            "utterance":"マジですか……"
        },
        {
            "speaker":"U",
            "time":"17.10.2020 14:53:57",
            "turn-index":21,
            "utterance":"頼まれているのだからしっかりやれよ。"
        },
        {
            "speaker":"S",
            "time":"17.10.2020 14:54:04",
            "turn-index":22,
            "utterance":"了解です"
        },
        {
            "speaker":"U",
            "time":"17.10.2020 14:54:27",
            "turn-index":23,
            "utterance":"がんばってね。"
        },
        {
            "speaker":"S",
            "time":"17.10.2020 14:54:36",
            "turn-index":24,
            "utterance":"予算って決まってるんですか？"
        },
        {
            "speaker":"U",
            "time":"17.10.2020 14:55:11",
            "turn-index":25,
            "utterance":"私はよく知らないので、他の人に聞いて下さい。"
        },
        {
            "speaker":"S",
            "time":"17.10.2020 14:55:18",
            "turn-index":26,
            "utterance":"あーなるほど"
        },
        {
            "speaker":"U",
            "time":"17.10.2020 14:56:51",
            "turn-index":27,
            "utterance":"本当にわかってるのか。"
        },
        {
            "speaker":"S",
            "time":"17.10.2020 14:57:00",
            "turn-index":28,
            "utterance":"本当に申し訳ないんですが……"
        },
        {
            "speaker":"U",
            "time":"17.10.2020 14:57:23",
            "turn-index":29,
            "utterance":"何を謝りたいのですか。"
        },
        {
            "speaker":"S",
            "time":"17.10.2020 14:57:32",
            "turn-index":30,
            "utterance":"すみません、内定者インターンが忙しくて手が回りそうにないです"
        }
    ]
}