{
    "dialogue-id":"AKT_15",
    "group-id":"",
    "speaker-id":"Akitaka",
    "turns":[
        {
            "speaker":"S",
            "time":"17.10.2020 14:12:08",
            "turn-index":0,
            "utterance":"なんでしょう？？"
        },
        {
            "speaker":"U",
            "time":"17.10.2020 14:12:22",
            "turn-index":1,
            "utterance":"うん、今年のサークルの同窓会なんだけどさぁ"
        },
        {
            "speaker":"S",
            "time":"17.10.2020 14:12:26",
            "turn-index":2,
            "utterance":"ええ"
        },
        {
            "speaker":"U",
            "time":"17.10.2020 14:12:42",
            "turn-index":3,
            "utterance":"同窓会の幹事がなかなか決まらなくてね"
        },
        {
            "speaker":"S",
            "time":"17.10.2020 14:12:48",
            "turn-index":4,
            "utterance":"僕にですか？"
        },
        {
            "speaker":"U",
            "time":"17.10.2020 14:13:21",
            "turn-index":5,
            "utterance":"うん、それで清水にお願いしたいんだ"
        },
        {
            "speaker":"S",
            "time":"17.10.2020 14:13:30",
            "turn-index":6,
            "utterance":"あーなるほど"
        },
        {
            "speaker":"U",
            "time":"17.10.2020 14:13:41",
            "turn-index":7,
            "utterance":"幹事やってもらえる？"
        },
        {
            "speaker":"S",
            "time":"17.10.2020 14:13:47",
            "turn-index":8,
            "utterance":"春休みですよね？　うーん"
        },
        {
            "speaker":"U",
            "time":"17.10.2020 14:14:06",
            "turn-index":9,
            "utterance":"春休みだから暇でしょ"
        },
        {
            "speaker":"S",
            "time":"17.10.2020 14:14:13",
            "turn-index":10,
            "utterance":"形的には空いてるんですけど……"
        },
        {
            "speaker":"U",
            "time":"17.10.2020 14:14:36",
            "turn-index":11,
            "utterance":"それは良かった！ぜひ幹事をお願いしたいんだけど"
        },
        {
            "speaker":"S",
            "time":"17.10.2020 14:14:45",
            "turn-index":12,
            "utterance":"おっしゃる通りです……"
        },
        {
            "speaker":"U",
            "time":"17.10.2020 14:15:23",
            "turn-index":13,
            "utterance":"やってくれたらお礼はするからさ"
        },
        {
            "speaker":"S",
            "time":"17.10.2020 14:15:31",
            "turn-index":14,
            "utterance":"予算って決まってるんですか？"
        },
        {
            "speaker":"U",
            "time":"17.10.2020 14:15:50",
            "turn-index":15,
            "utterance":"予算はひとり3,000円くらいかな"
        },
        {
            "speaker":"S",
            "time":"17.10.2020 14:15:59",
            "turn-index":16,
            "utterance":"結構するんですね……"
        },
        {
            "speaker":"U",
            "time":"17.10.2020 14:16:45",
            "turn-index":17,
            "utterance":"うん、清水はまだ学生だもんな。それでお願いしてもいい？"
        },
        {
            "speaker":"S",
            "time":"17.10.2020 14:16:56",
            "turn-index":18,
            "utterance":"すみません、内定者インターンが忙しくて手が回りそうにないです"
        },
        {
            "speaker":"U",
            "time":"17.10.2020 14:17:31",
            "turn-index":19,
            "utterance":"そうか、今大事な時期だもんな。でも、ちょっとした気晴らしになるんじゃない？"
        },
        {
            "speaker":"S",
            "time":"17.10.2020 14:17:40",
            "turn-index":20,
            "utterance":"今回は幹事はできそうにないです😭"
        },
        {
            "speaker":"U",
            "time":"17.10.2020 14:18:13",
            "turn-index":21,
            "utterance":"そうなのー？こっちも泣けてくるわぁ"
        },
        {
            "speaker":"S",
            "time":"17.10.2020 14:18:18",
            "turn-index":22,
            "utterance":"そうなんですね"
        },
        {
            "speaker":"U",
            "time":"17.10.2020 14:18:55",
            "turn-index":23,
            "utterance":"そうだよ。誰も幹事引き受けてくれないからさあ。清水君、お願いします！！"
        },
        {
            "speaker":"S",
            "time":"17.10.2020 14:19:02",
            "turn-index":24,
            "utterance":"先輩の代で出来る方いらっしゃらないんですか？"
        },
        {
            "speaker":"U",
            "time":"17.10.2020 14:19:15",
            "turn-index":25,
            "utterance":"それがみんな仕事で忙しいって断られちゃってね"
        },
        {
            "speaker":"S",
            "time":"17.10.2020 14:19:25",
            "turn-index":26,
            "utterance":"大変ですね……"
        },
        {
            "speaker":"U",
            "time":"17.10.2020 14:20:09",
            "turn-index":27,
            "utterance":"うん、社会人になるといろいろ大変なんだよ"
        },
        {
            "speaker":"S",
            "time":"17.10.2020 14:20:15",
            "turn-index":28,
            "utterance":"ちなみに、開催地とか決まっているんですか？"
        },
        {
            "speaker":"U",
            "time":"17.10.2020 14:20:58",
            "turn-index":29,
            "utterance":"うん、大学の近くに決めてある。"
        },
        {
            "speaker":"S",
            "time":"17.10.2020 14:21:06",
            "turn-index":30,
            "utterance":"なるほど"
        }
    ]
}