{
    "dialogue-id":"AKT_05",
    "group-id":"",
    "speaker-id":"Akitaka",
    "turns":[
        {
            "speaker":"S",
            "time":"17.10.2020 14:31:00",
            "turn-index":0,
            "utterance":"なんでしょう？？"
        },
        {
            "speaker":"U",
            "time":"17.10.2020 14:31:14",
            "turn-index":1,
            "utterance":"そろそろ同窓会の季節だと思ってね"
        },
        {
            "speaker":"S",
            "time":"17.10.2020 14:31:22",
            "turn-index":2,
            "utterance":"いいっすね。楽しそう"
        },
        {
            "speaker":"U",
            "time":"17.10.2020 14:31:53",
            "turn-index":3,
            "utterance":"春休みにやるんだけど暇な夜とかある？"
        },
        {
            "speaker":"S",
            "time":"17.10.2020 14:32:03",
            "turn-index":4,
            "utterance":"形的には空いてるんですけど……"
        },
        {
            "speaker":"U",
            "time":"17.10.2020 14:32:45",
            "turn-index":5,
            "utterance":"そりゃ良かった　幹事をお願いしたいんだけど、頼むよ"
        },
        {
            "speaker":"S",
            "time":"17.10.2020 14:32:54",
            "turn-index":6,
            "utterance":"先輩の代で出来る方いらっしゃらないんですか？"
        },
        {
            "speaker":"U",
            "time":"17.10.2020 14:33:25",
            "turn-index":7,
            "utterance":"俺らの代はもうやったもん　今回は君たちの代の番だよ"
        },
        {
            "speaker":"S",
            "time":"17.10.2020 14:33:35",
            "turn-index":8,
            "utterance":"後輩何人か紹介しましょうか？"
        },
        {
            "speaker":"U",
            "time":"17.10.2020 14:34:00",
            "turn-index":9,
            "utterance":"いやいや、後輩は来年再来年にお願いするから"
        },
        {
            "speaker":"S",
            "time":"17.10.2020 14:34:09",
            "turn-index":10,
            "utterance":"なるほど"
        },
        {
            "speaker":"U",
            "time":"17.10.2020 14:34:20",
            "turn-index":11,
            "utterance":"そうそう　順番にやってるの"
        },
        {
            "speaker":"S",
            "time":"17.10.2020 14:34:26",
            "turn-index":12,
            "utterance":"ちなみにどなたがいらっしゃるんですか？"
        },
        {
            "speaker":"U",
            "time":"17.10.2020 14:34:41",
            "turn-index":13,
            "utterance":"皆くるよ"
        },
        {
            "speaker":"S",
            "time":"17.10.2020 14:34:51",
            "turn-index":14,
            "utterance":"結構集まりそうですね"
        },
        {
            "speaker":"U",
            "time":"17.10.2020 14:35:03",
            "turn-index":15,
            "utterance":"今回も盛り上げるから頼んだよ"
        },
        {
            "speaker":"S",
            "time":"17.10.2020 14:35:12",
            "turn-index":16,
            "utterance":"予算って決まってるんですか？"
        },
        {
            "speaker":"U",
            "time":"17.10.2020 14:35:48",
            "turn-index":17,
            "utterance":"予算は幹事の都合でいつも決めてる"
        },
        {
            "speaker":"S",
            "time":"17.10.2020 14:35:52",
            "turn-index":18,
            "utterance":"なるほど"
        },
        {
            "speaker":"U",
            "time":"17.10.2020 14:36:05",
            "turn-index":19,
            "utterance":"幹事の特権だね"
        },
        {
            "speaker":"S",
            "time":"17.10.2020 14:36:12",
            "turn-index":20,
            "utterance":"うーん、春休みですよね😥"
        },
        {
            "speaker":"U",
            "time":"17.10.2020 14:36:40",
            "turn-index":21,
            "utterance":"暇な夜でいいんだよ　あんま難しく考えないでいいよ"
        },
        {
            "speaker":"S",
            "time":"17.10.2020 14:36:46",
            "turn-index":22,
            "utterance":"ええ"
        },
        {
            "speaker":"U",
            "time":"17.10.2020 14:37:05",
            "turn-index":23,
            "utterance":"じゃ決まりでいいかな？"
        },
        {
            "speaker":"S",
            "time":"17.10.2020 14:37:10",
            "turn-index":24,
            "utterance":"できそうにないです、すみません"
        },
        {
            "speaker":"U",
            "time":"17.10.2020 14:37:39",
            "turn-index":25,
            "utterance":"そんな事いうなよ　誰かにサポートしてもらいながらやってよ"
        },
        {
            "speaker":"S",
            "time":"17.10.2020 14:37:47",
            "turn-index":26,
            "utterance":"ちょっと忙しいので・・・"
        },
        {
            "speaker":"U",
            "time":"17.10.2020 14:38:04",
            "turn-index":27,
            "utterance":"さっきそんな事言ってなかったじゃない"
        },
        {
            "speaker":"S",
            "time":"17.10.2020 14:38:09",
            "turn-index":28,
            "utterance":"そういわれましても……"
        },
        {
            "speaker":"U",
            "time":"17.10.2020 14:38:37",
            "turn-index":29,
            "utterance":"ゆるく考えて"
        },
        {
            "speaker":"S",
            "time":"17.10.2020 14:38:44",
            "turn-index":30,
            "utterance":"そもそもどんな会なんですか？"
        }
    ]
}