{
    "dialogue-id":"AKT_16",
    "group-id":"",
    "speaker-id":"Akitaka",
    "turns":[
        {
            "speaker":"S",
            "time":"17.10.2020 14:33:09",
            "turn-index":0,
            "utterance":"なんでしょう？？"
        },
        {
            "speaker":"U",
            "time":"17.10.2020 14:33:28",
            "turn-index":1,
            "utterance":"今度の同窓会の幹事をお願いできないかな？"
        },
        {
            "speaker":"S",
            "time":"17.10.2020 14:33:38",
            "turn-index":2,
            "utterance":"僕にですか？"
        },
        {
            "speaker":"U",
            "time":"17.10.2020 14:33:58",
            "turn-index":3,
            "utterance":"そう、君に。"
        },
        {
            "speaker":"S",
            "time":"17.10.2020 14:34:11",
            "turn-index":4,
            "utterance":"結構時間ないですし、入社したばかりでバタバタしてると思うので厳しいです……"
        },
        {
            "speaker":"U",
            "time":"17.10.2020 14:35:11",
            "turn-index":5,
            "utterance":"お前まだ大学生だろw"
        },
        {
            "speaker":"S",
            "time":"17.10.2020 14:35:18",
            "turn-index":6,
            "utterance":"そうなんですね"
        },
        {
            "speaker":"U",
            "time":"17.10.2020 14:35:24",
            "turn-index":7,
            "utterance":"そうだよw"
        },
        {
            "speaker":"S",
            "time":"17.10.2020 14:35:35",
            "turn-index":8,
            "utterance":"場所って決まってるんですか？"
        },
        {
            "speaker":"U",
            "time":"17.10.2020 14:35:46",
            "turn-index":9,
            "utterance":"まだ決まってないよ。"
        },
        {
            "speaker":"S",
            "time":"17.10.2020 14:35:54",
            "turn-index":10,
            "utterance":"３年生に幹事お願いするのはどうですか？"
        },
        {
            "speaker":"U",
            "time":"17.10.2020 14:36:10",
            "turn-index":11,
            "utterance":"3年生は就活で忙しいだろうから…"
        },
        {
            "speaker":"S",
            "time":"17.10.2020 14:36:19",
            "turn-index":12,
            "utterance":"前期中なら大丈夫だと思います"
        },
        {
            "speaker":"U",
            "time":"17.10.2020 14:36:38",
            "turn-index":13,
            "utterance":"いや、暇な4年生の方がいいと思うよ。"
        },
        {
            "speaker":"S",
            "time":"17.10.2020 14:36:46",
            "turn-index":14,
            "utterance":"あーなるほど"
        },
        {
            "speaker":"U",
            "time":"17.10.2020 14:36:54",
            "turn-index":15,
            "utterance":"だからお願い。"
        },
        {
            "speaker":"S",
            "time":"17.10.2020 14:37:01",
            "turn-index":16,
            "utterance":"ちなみにどなたがいらっしゃるんですか？"
        },
        {
            "speaker":"U",
            "time":"17.10.2020 14:37:14",
            "turn-index":17,
            "utterance":"まだ具体的には決まってないかな。"
        },
        {
            "speaker":"S",
            "time":"17.10.2020 14:37:21",
            "turn-index":18,
            "utterance":"そうですそうです"
        },
        {
            "speaker":"U",
            "time":"17.10.2020 14:37:54",
            "turn-index":19,
            "utterance":"そんなに仕事もないからお願いできるかな？"
        },
        {
            "speaker":"S",
            "time":"17.10.2020 14:38:00",
            "turn-index":20,
            "utterance":"僕にですか？"
        },
        {
            "speaker":"U",
            "time":"17.10.2020 14:38:07",
            "turn-index":21,
            "utterance":"そうだよ。"
        },
        {
            "speaker":"S",
            "time":"17.10.2020 14:38:18",
            "turn-index":22,
            "utterance":"僕幹事とか苦手なので😂"
        },
        {
            "speaker":"U",
            "time":"17.10.2020 14:38:44",
            "turn-index":23,
            "utterance":"苦手かもしれないけど経験しとくとあとで役立つよ。"
        },
        {
            "speaker":"S",
            "time":"17.10.2020 14:38:52",
            "turn-index":24,
            "utterance":"それはわかってるんですけど……"
        },
        {
            "speaker":"U",
            "time":"17.10.2020 14:39:01",
            "turn-index":25,
            "utterance":"お願いします。"
        },
        {
            "speaker":"S",
            "time":"17.10.2020 14:39:05",
            "turn-index":26,
            "utterance":"うーん……"
        },
        {
            "speaker":"U",
            "time":"17.10.2020 14:39:16",
            "turn-index":27,
            "utterance":"みんな協力するからさ。"
        },
        {
            "speaker":"S",
            "time":"17.10.2020 14:39:24",
            "turn-index":28,
            "utterance":"うーん、先輩の代の方々いらっしゃるんですよね？"
        },
        {
            "speaker":"U",
            "time":"17.10.2020 14:39:46",
            "turn-index":29,
            "utterance":"多分来ると思うよ。"
        },
        {
            "speaker":"S",
            "time":"17.10.2020 14:39:56",
            "turn-index":30,
            "utterance":"申し訳ないんですが、幹事の件は他の方にお願いしてもらえませんか？"
        }
    ]
}