{
    "dialogue-id":"AKT_02",
    "group-id":"",
    "speaker-id":"Akitaka",
    "turns":[
        {
            "speaker":"S",
            "time":"17.10.2020 14:53:41",
            "turn-index":0,
            "utterance":"なんでしょう？？"
        },
        {
            "speaker":"U",
            "time":"17.10.2020 14:54:00",
            "turn-index":1,
            "utterance":"今年のサークルの同窓会の幹事をお願いできないかな？"
        },
        {
            "speaker":"S",
            "time":"17.10.2020 14:54:08",
            "turn-index":2,
            "utterance":"僕にですか？"
        },
        {
            "speaker":"U",
            "time":"17.10.2020 14:54:18",
            "turn-index":3,
            "utterance":"そう"
        },
        {
            "speaker":"S",
            "time":"17.10.2020 14:54:27",
            "turn-index":4,
            "utterance":"結構時間ないですし、入社したばかりでバタバタしてると思うので厳しいです……"
        },
        {
            "speaker":"U",
            "time":"17.10.2020 14:54:53",
            "turn-index":5,
            "utterance":"そうだよな、でもこれを頼めるのはお前しかいないんだよ、頼む"
        },
        {
            "speaker":"S",
            "time":"17.10.2020 14:55:02",
            "turn-index":6,
            "utterance":"ちょっと忙しいので・・・"
        },
        {
            "speaker":"U",
            "time":"17.10.2020 14:55:11",
            "turn-index":7,
            "utterance":"そこをなんとかお願いできないかな"
        },
        {
            "speaker":"S",
            "time":"17.10.2020 14:55:23",
            "turn-index":8,
            "utterance":"最近忙しくて余裕がないんです😭"
        },
        {
            "speaker":"U",
            "time":"17.10.2020 14:55:51",
            "turn-index":9,
            "utterance":"困ってることがあるなら手伝うからさ"
        },
        {
            "speaker":"S",
            "time":"17.10.2020 14:55:58",
            "turn-index":10,
            "utterance":"お手伝いしたいとは思っているんですが……"
        },
        {
            "speaker":"U",
            "time":"17.10.2020 14:56:34",
            "turn-index":11,
            "utterance":"頼むよ～本当お前しかいないんだって"
        },
        {
            "speaker":"S",
            "time":"17.10.2020 14:56:40",
            "turn-index":12,
            "utterance":"そうなんですね"
        },
        {
            "speaker":"U",
            "time":"17.10.2020 14:56:49",
            "turn-index":13,
            "utterance":"頼まれてくれるかな？"
        },
        {
            "speaker":"S",
            "time":"17.10.2020 14:56:56",
            "turn-index":14,
            "utterance":"仕事に影響がでそうなので．．．"
        },
        {
            "speaker":"U",
            "time":"17.10.2020 14:57:18",
            "turn-index":15,
            "utterance":"影響が出ないようにこっちもサポートするから"
        },
        {
            "speaker":"S",
            "time":"17.10.2020 14:57:25",
            "turn-index":16,
            "utterance":"了解です"
        },
        {
            "speaker":"U",
            "time":"17.10.2020 14:57:39",
            "turn-index":17,
            "utterance":"本当か！"
        },
        {
            "speaker":"S",
            "time":"17.10.2020 14:57:45",
            "turn-index":18,
            "utterance":"まだ配属先決まってなくてわからないそうです😇"
        },
        {
            "speaker":"U",
            "time":"17.10.2020 14:58:18",
            "turn-index":19,
            "utterance":"なら配属先が決まってもっと忙しくなる前になんとかしよう"
        },
        {
            "speaker":"S",
            "time":"17.10.2020 14:58:27",
            "turn-index":20,
            "utterance":"その時期になってみないとわからないので……"
        },
        {
            "speaker":"U",
            "time":"17.10.2020 14:58:44",
            "turn-index":21,
            "utterance":"じゃあいますぐ動こう"
        },
        {
            "speaker":"S",
            "time":"17.10.2020 14:58:55",
            "turn-index":22,
            "utterance":"次にインターン行った時に聞いてみます"
        },
        {
            "speaker":"U",
            "time":"17.10.2020 14:59:09",
            "turn-index":23,
            "utterance":"お前だけが頼りなんだ"
        },
        {
            "speaker":"S",
            "time":"17.10.2020 14:59:16",
            "turn-index":24,
            "utterance":"じゃあ僕の方からお願いしましょうか？"
        },
        {
            "speaker":"U",
            "time":"17.10.2020 15:00:05",
            "turn-index":25,
            "utterance":"いや、お前に同窓会の幹事を頼みたいんだって"
        },
        {
            "speaker":"S",
            "time":"17.10.2020 15:00:12",
            "turn-index":26,
            "utterance":"ええ"
        },
        {
            "speaker":"U",
            "time":"17.10.2020 15:00:50",
            "turn-index":27,
            "utterance":"サークルの同窓会の幹事、頼むよ"
        },
        {
            "speaker":"S",
            "time":"17.10.2020 15:00:55",
            "turn-index":28,
            "utterance":"マジですか……"
        },
        {
            "speaker":"U",
            "time":"17.10.2020 15:01:01",
            "turn-index":29,
            "utterance":"マジです"
        },
        {
            "speaker":"S",
            "time":"17.10.2020 15:01:08",
            "turn-index":30,
            "utterance":"正直嫌です"
        }
    ]
}