{
    "dialogue-id":"AKT_52",
    "group-id":"",
    "speaker-id":"Akitaka",
    "turns":[
        {
            "speaker":"S",
            "time":"17.10.2020 16:03:32",
            "turn-index":0,
            "utterance":"なんでしょう？？"
        },
        {
            "speaker":"U",
            "time":"17.10.2020 16:04:33",
            "turn-index":1,
            "utterance":"久しぶり　今日は寒いね"
        },
        {
            "speaker":"S",
            "time":"17.10.2020 16:04:41",
            "turn-index":2,
            "utterance":"ええ"
        },
        {
            "speaker":"U",
            "time":"17.10.2020 16:05:28",
            "turn-index":3,
            "utterance":"もうすぐ卒業だよね？"
        },
        {
            "speaker":"S",
            "time":"17.10.2020 16:05:38",
            "turn-index":4,
            "utterance":"開催時期は決まってるんですか？"
        },
        {
            "speaker":"U",
            "time":"17.10.2020 16:06:30",
            "turn-index":5,
            "utterance":"サークルの同窓会は秋にどうかと話はでているんだよね"
        },
        {
            "speaker":"S",
            "time":"17.10.2020 16:06:41",
            "turn-index":6,
            "utterance":"僕たちの代も参加できるやつですか？"
        },
        {
            "speaker":"U",
            "time":"17.10.2020 16:07:00",
            "turn-index":7,
            "utterance":"もちろん、そこでちょっと頼みたいことがあるんだけどさ"
        },
        {
            "speaker":"S",
            "time":"17.10.2020 16:07:09",
            "turn-index":8,
            "utterance":"あーなるほど"
        },
        {
            "speaker":"U",
            "time":"17.10.2020 16:07:27",
            "turn-index":9,
            "utterance":"サークルの同窓会幹事頼みたいんだよね"
        },
        {
            "speaker":"S",
            "time":"17.10.2020 16:07:39",
            "turn-index":10,
            "utterance":"うーん、先輩の代の方々いらっしゃるんですよね？"
        },
        {
            "speaker":"U",
            "time":"17.10.2020 16:07:58",
            "turn-index":11,
            "utterance":"そうだね　OBも来るらしいよ"
        },
        {
            "speaker":"S",
            "time":"17.10.2020 16:08:04",
            "turn-index":12,
            "utterance":"後輩何人か紹介しましょうか？"
        },
        {
            "speaker":"U",
            "time":"17.10.2020 16:08:33",
            "turn-index":13,
            "utterance":"いやいや　キャプテンだった清水に幹事を頼みたいんだよね"
        },
        {
            "speaker":"S",
            "time":"17.10.2020 16:08:41",
            "turn-index":14,
            "utterance":"あーなるほど"
        },
        {
            "speaker":"U",
            "time":"17.10.2020 16:08:49",
            "turn-index":15,
            "utterance":"どう？やってくれる？"
        },
        {
            "speaker":"S",
            "time":"17.10.2020 16:09:00",
            "turn-index":16,
            "utterance":"春休みですよね？　うーん"
        },
        {
            "speaker":"U",
            "time":"17.10.2020 16:09:20",
            "turn-index":17,
            "utterance":"春じゃなくて秋開催だよ"
        },
        {
            "speaker":"S",
            "time":"17.10.2020 16:09:26",
            "turn-index":18,
            "utterance":"結構時間ないですね"
        },
        {
            "speaker":"U",
            "time":"17.10.2020 16:09:38",
            "turn-index":19,
            "utterance":"えー、何とかならない？？"
        },
        {
            "speaker":"S",
            "time":"17.10.2020 16:09:47",
            "turn-index":20,
            "utterance":"仕事に影響がでそうなので．．．"
        },
        {
            "speaker":"U",
            "time":"17.10.2020 16:10:45",
            "turn-index":21,
            "utterance":"当日幹事やってくれるだけでいいからさ"
        },
        {
            "speaker":"S",
            "time":"17.10.2020 16:10:51",
            "turn-index":22,
            "utterance":"困りますね😅"
        },
        {
            "speaker":"U",
            "time":"17.10.2020 16:11:06",
            "turn-index":23,
            "utterance":"1人じゃ大変ならほかのやつ誘ってもいいよ"
        },
        {
            "speaker":"S",
            "time":"17.10.2020 16:11:17",
            "turn-index":24,
            "utterance":"すみません、内定者インターンが忙しくて手が回りそうにないです"
        },
        {
            "speaker":"U",
            "time":"17.10.2020 16:12:00",
            "turn-index":25,
            "utterance":"そっかー、同窓会来るのはできそう？"
        },
        {
            "speaker":"S",
            "time":"17.10.2020 16:12:08",
            "turn-index":26,
            "utterance":"結構はっちゃける方いた気がするんですか．．．．．．．"
        },
        {
            "speaker":"U",
            "time":"17.10.2020 16:13:08",
            "turn-index":27,
            "utterance":"先輩も清水が来てくれること楽しみにしてるんだよね"
        },
        {
            "speaker":"S",
            "time":"17.10.2020 16:13:17",
            "turn-index":28,
            "utterance":"先輩の代で出来る方いらっしゃらないんですか？"
        },
        {
            "speaker":"U",
            "time":"17.10.2020 16:13:34",
            "turn-index":29,
            "utterance":"今年は清水の代が幹事の当番だよ"
        },
        {
            "speaker":"S",
            "time":"17.10.2020 16:13:38",
            "turn-index":30,
            "utterance":"そうなんですね"
        }
    ]
}