{
    "dialogue-id":"AKT_14",
    "group-id":"",
    "speaker-id":"Akitaka",
    "turns":[
        {
            "speaker":"S",
            "time":"17.10.2020 14:33:33",
            "turn-index":0,
            "utterance":"なんでしょう？？"
        },
        {
            "speaker":"U",
            "time":"17.10.2020 14:33:52",
            "turn-index":1,
            "utterance":"サークルの同窓会いつもやってるじゃん"
        },
        {
            "speaker":"S",
            "time":"17.10.2020 14:33:57",
            "turn-index":2,
            "utterance":"ええ"
        },
        {
            "speaker":"U",
            "time":"17.10.2020 14:34:30",
            "turn-index":3,
            "utterance":"出来ればその幹事をやってもらいたいんだけど"
        },
        {
            "speaker":"S",
            "time":"17.10.2020 14:34:39",
            "turn-index":4,
            "utterance":"ちなみにどなたがいらっしゃるんですか？"
        },
        {
            "speaker":"U",
            "time":"17.10.2020 14:35:01",
            "turn-index":5,
            "utterance":"俺とか俺の先輩とかいろいろなやつがくるよ"
        },
        {
            "speaker":"S",
            "time":"17.10.2020 14:35:10",
            "turn-index":6,
            "utterance":"結構集まりそうですね"
        },
        {
            "speaker":"U",
            "time":"17.10.2020 14:35:21",
            "turn-index":7,
            "utterance":"毎年大所帯だわ"
        },
        {
            "speaker":"S",
            "time":"17.10.2020 14:35:30",
            "turn-index":8,
            "utterance":"申し訳ないです😭"
        },
        {
            "speaker":"U",
            "time":"17.10.2020 14:35:38",
            "turn-index":9,
            "utterance":"え？無理なん？"
        },
        {
            "speaker":"S",
            "time":"17.10.2020 14:35:44",
            "turn-index":10,
            "utterance":"正直嫌です"
        },
        {
            "speaker":"U",
            "time":"17.10.2020 14:36:09",
            "turn-index":11,
            "utterance":"そこをなんとか頼むよ。なかなかやってくれる人いなくてさ"
        },
        {
            "speaker":"S",
            "time":"17.10.2020 14:36:18",
            "turn-index":12,
            "utterance":"ちょっと忙しいので・・・"
        },
        {
            "speaker":"U",
            "time":"17.10.2020 14:36:36",
            "turn-index":13,
            "utterance":"大学でいろいろ融通利かせてやったろ？"
        },
        {
            "speaker":"S",
            "time":"17.10.2020 14:36:49",
            "turn-index":14,
            "utterance":"結構はっちゃける方いた気がするんですか．．．．．．．"
        },
        {
            "speaker":"U",
            "time":"17.10.2020 14:37:06",
            "turn-index":15,
            "utterance":"大丈夫、そういうやつは俺が相手するからさ"
        },
        {
            "speaker":"S",
            "time":"17.10.2020 14:37:19",
            "turn-index":16,
            "utterance":"先輩の代で出来る方いらっしゃらないんですか？"
        },
        {
            "speaker":"U",
            "time":"17.10.2020 14:37:43",
            "turn-index":17,
            "utterance":"みんな仕事が忙しくてな、幹事やってる暇がないんだわ"
        },
        {
            "speaker":"S",
            "time":"17.10.2020 14:37:49",
            "turn-index":18,
            "utterance":"大変ですね……"
        },
        {
            "speaker":"U",
            "time":"17.10.2020 14:38:05",
            "turn-index":19,
            "utterance":"まぁなぁ　お前もそのうち経験するさ"
        },
        {
            "speaker":"S",
            "time":"17.10.2020 14:38:14",
            "turn-index":20,
            "utterance":"後輩何人か紹介しましょうか？"
        },
        {
            "speaker":"U",
            "time":"17.10.2020 14:38:36",
            "turn-index":21,
            "utterance":"いやぁ　信頼できる奴じゃないと任せられないからお前出来ないか？"
        },
        {
            "speaker":"S",
            "time":"17.10.2020 14:38:42",
            "turn-index":22,
            "utterance":"あー"
        },
        {
            "speaker":"U",
            "time":"17.10.2020 14:38:58",
            "turn-index":23,
            "utterance":"今度なんかおごってやるからさ理よ"
        },
        {
            "speaker":"S",
            "time":"17.10.2020 14:39:06",
            "turn-index":24,
            "utterance":"ええ"
        },
        {
            "speaker":"U",
            "time":"17.10.2020 14:39:16",
            "turn-index":25,
            "utterance":"焼肉でもなんでもいいぞ"
        },
        {
            "speaker":"S",
            "time":"17.10.2020 14:39:25",
            "turn-index":26,
            "utterance":"了解です"
        },
        {
            "speaker":"U",
            "time":"17.10.2020 14:39:41",
            "turn-index":27,
            "utterance":"おぉやってくれるか"
        },
        {
            "speaker":"S",
            "time":"17.10.2020 14:39:48",
            "turn-index":28,
            "utterance":"予算って決まってるんですか？"
        },
        {
            "speaker":"U",
            "time":"17.10.2020 14:40:13",
            "turn-index":29,
            "utterance":"一人一万円ってところかな"
        },
        {
            "speaker":"S",
            "time":"17.10.2020 14:40:22",
            "turn-index":30,
            "utterance":"結構するんですね……"
        }
    ]
}