{
    "dialogue-id":"AKT_13",
    "group-id":"",
    "speaker-id":"Akitaka",
    "turns":[
        {
            "speaker":"S",
            "time":"17.10.2020 15:37:21",
            "turn-index":0,
            "utterance":"なんでしょう？？"
        },
        {
            "speaker":"U",
            "time":"17.10.2020 15:38:32",
            "turn-index":1,
            "utterance":"今度の同窓会のことなんだけど"
        },
        {
            "speaker":"S",
            "time":"17.10.2020 15:38:37",
            "turn-index":2,
            "utterance":"ええ"
        },
        {
            "speaker":"U",
            "time":"17.10.2020 15:39:02",
            "turn-index":3,
            "utterance":"幹事をお願いできるかな"
        },
        {
            "speaker":"S",
            "time":"17.10.2020 15:39:10",
            "turn-index":4,
            "utterance":"先輩はできない感じですか？"
        },
        {
            "speaker":"U",
            "time":"17.10.2020 15:40:01",
            "turn-index":5,
            "utterance":"俺は一昨年やったから"
        },
        {
            "speaker":"S",
            "time":"17.10.2020 15:40:10",
            "turn-index":6,
            "utterance":"結構集まりそうですね"
        },
        {
            "speaker":"U",
            "time":"17.10.2020 15:40:48",
            "turn-index":7,
            "utterance":"節目の年だしね"
        },
        {
            "speaker":"S",
            "time":"17.10.2020 15:40:55",
            "turn-index":8,
            "utterance":"なるほど"
        },
        {
            "speaker":"U",
            "time":"17.10.2020 15:41:43",
            "turn-index":9,
            "utterance":"それで、君が幹事に適任だと思うんだ"
        },
        {
            "speaker":"S",
            "time":"17.10.2020 15:41:51",
            "turn-index":10,
            "utterance":"あまり詳しくないんですよ"
        },
        {
            "speaker":"U",
            "time":"17.10.2020 15:42:19",
            "turn-index":11,
            "utterance":"何かわからないことがあればサポートするよ"
        },
        {
            "speaker":"S",
            "time":"17.10.2020 15:42:29",
            "turn-index":12,
            "utterance":"少々お待ち下さい"
        },
        {
            "speaker":"U",
            "time":"17.10.2020 15:42:41",
            "turn-index":13,
            "utterance":"うん"
        },
        {
            "speaker":"S",
            "time":"17.10.2020 15:42:48",
            "turn-index":14,
            "utterance":"きちんとできなくてご迷惑かけるのも申し訳ないですし"
        },
        {
            "speaker":"U",
            "time":"17.10.2020 15:43:24",
            "turn-index":15,
            "utterance":"それはみんな一緒だから大丈夫"
        },
        {
            "speaker":"S",
            "time":"17.10.2020 15:43:32",
            "turn-index":16,
            "utterance":"そういうわけには……"
        },
        {
            "speaker":"U",
            "time":"17.10.2020 15:43:55",
            "turn-index":17,
            "utterance":"君ならできるよ"
        },
        {
            "speaker":"S",
            "time":"17.10.2020 15:44:01",
            "turn-index":18,
            "utterance":"うーん……"
        },
        {
            "speaker":"U",
            "time":"17.10.2020 15:44:17",
            "turn-index":19,
            "utterance":"良い経験になるよ"
        },
        {
            "speaker":"S",
            "time":"17.10.2020 15:44:25",
            "turn-index":20,
            "utterance":"うーん、先輩の代の方々いらっしゃるんですよね？"
        },
        {
            "speaker":"U",
            "time":"17.10.2020 15:44:53",
            "turn-index":21,
            "utterance":"多分ね"
        },
        {
            "speaker":"S",
            "time":"17.10.2020 15:45:01",
            "turn-index":22,
            "utterance":"どうでしょう？"
        },
        {
            "speaker":"U",
            "time":"17.10.2020 15:45:41",
            "turn-index":23,
            "utterance":"俺もサポートするし、頼むよ"
        },
        {
            "speaker":"S",
            "time":"17.10.2020 15:45:48",
            "turn-index":24,
            "utterance":"ええ"
        },
        {
            "speaker":"U",
            "time":"17.10.2020 15:46:03",
            "turn-index":25,
            "utterance":"ありがとう"
        },
        {
            "speaker":"S",
            "time":"17.10.2020 15:46:13",
            "turn-index":26,
            "utterance":"うーん、春休みですよね😥"
        },
        {
            "speaker":"U",
            "time":"17.10.2020 15:47:02",
            "turn-index":27,
            "utterance":"日程が決まり次第、連絡するよ"
        },
        {
            "speaker":"S",
            "time":"17.10.2020 15:47:12",
            "turn-index":28,
            "utterance":"その時期になってみないとわからないので……"
        },
        {
            "speaker":"U",
            "time":"17.10.2020 15:48:00",
            "turn-index":29,
            "utterance":"君の都合も考えて日程を決めよう"
        },
        {
            "speaker":"S",
            "time":"17.10.2020 15:48:11",
            "turn-index":30,
            "utterance":"そうすると日程調整からやり直しですよね"
        }
    ]
}