{
    "dialogue-id":"AKT_06",
    "group-id":"",
    "speaker-id":"Akitaka",
    "turns":[
        {
            "speaker":"S",
            "time":"17.10.2020 16:00:51",
            "turn-index":0,
            "utterance":"なんでしょう？？"
        },
        {
            "speaker":"U",
            "time":"17.10.2020 16:02:05",
            "turn-index":1,
            "utterance":"今度同窓会を開くんだけど、ちょっと幹事を受けてもらえないかなぁ?"
        },
        {
            "speaker":"S",
            "time":"17.10.2020 16:02:09",
            "turn-index":2,
            "utterance":"ええ"
        },
        {
            "speaker":"U",
            "time":"17.10.2020 16:02:33",
            "turn-index":3,
            "utterance":"受けてくれるの?ありがとう!"
        },
        {
            "speaker":"S",
            "time":"17.10.2020 16:02:39",
            "turn-index":4,
            "utterance":"ちなみにどなたがいらっしゃるんですか？"
        },
        {
            "speaker":"U",
            "time":"17.10.2020 16:03:30",
            "turn-index":5,
            "utterance":"俺と、コウタとかユウキとか、クラスで仲がいい友人が20人くらい集まるんだけど"
        },
        {
            "speaker":"S",
            "time":"17.10.2020 16:03:39",
            "turn-index":6,
            "utterance":"結構集まりそうですね"
        },
        {
            "speaker":"U",
            "time":"17.10.2020 16:04:21",
            "turn-index":7,
            "utterance":"これだけの人数が一緒に飲み食いできるいいお店ないかな?"
        },
        {
            "speaker":"S",
            "time":"17.10.2020 16:04:28",
            "turn-index":8,
            "utterance":"そうでしたっけ笑"
        },
        {
            "speaker":"U",
            "time":"17.10.2020 16:05:00",
            "turn-index":9,
            "utterance":"できれば安く済ませられたらいいんだけど"
        },
        {
            "speaker":"S",
            "time":"17.10.2020 16:05:09",
            "turn-index":10,
            "utterance":"ちなみに、開催地とか決まっているんですか？"
        },
        {
            "speaker":"U",
            "time":"17.10.2020 16:05:41",
            "turn-index":11,
            "utterance":"そうだな、新宿とか澁谷とかならみんなが集まりやすいと思うんだけど"
        },
        {
            "speaker":"S",
            "time":"17.10.2020 16:05:48",
            "turn-index":12,
            "utterance":"大変ですね……"
        },
        {
            "speaker":"U",
            "time":"17.10.2020 16:06:21",
            "turn-index":13,
            "utterance":"中野とか高円寺とかなら安い店ありそうだな"
        },
        {
            "speaker":"S",
            "time":"17.10.2020 16:06:30",
            "turn-index":14,
            "utterance":"いやー厳しいです😭"
        },
        {
            "speaker":"U",
            "time":"17.10.2020 16:06:55",
            "turn-index":15,
            "utterance":"じゃあ、どの駅の付近ならいい店があると思う?"
        },
        {
            "speaker":"S",
            "time":"17.10.2020 16:07:05",
            "turn-index":16,
            "utterance":"うーん・・・就職先からもあんまり羽目を外すなっていわれてますから・・・"
        },
        {
            "speaker":"U",
            "time":"17.10.2020 16:07:59",
            "turn-index":17,
            "utterance":"大丈夫、みんなそんなにお酒飲んで羽目外すとか暴れるとかそういったメンバーじゃないから"
        },
        {
            "speaker":"S",
            "time":"17.10.2020 16:08:11",
            "turn-index":18,
            "utterance":"結構はっちゃける方いた気がするんですか．．．．．．．"
        },
        {
            "speaker":"U",
            "time":"17.10.2020 16:08:51",
            "turn-index":19,
            "utterance":"あぁ、フミヤのことか。あいつなら俺がきっちり押さえつけてやるから"
        },
        {
            "speaker":"S",
            "time":"17.10.2020 16:08:59",
            "turn-index":20,
            "utterance":"後輩何人か紹介しましょうか？"
        },
        {
            "speaker":"U",
            "time":"17.10.2020 16:09:21",
            "turn-index":21,
            "utterance":"いいねぇ、何人か呼んでよ。"
        },
        {
            "speaker":"S",
            "time":"17.10.2020 16:09:30",
            "turn-index":22,
            "utterance":"じゃあ僕の方からお願いしましょうか？"
        },
        {
            "speaker":"U",
            "time":"17.10.2020 16:09:49",
            "turn-index":23,
            "utterance":"そうしてくれるとありがたい、お願いするね。"
        },
        {
            "speaker":"S",
            "time":"17.10.2020 16:09:56",
            "turn-index":24,
            "utterance":"あーなるほど"
        },
        {
            "speaker":"U",
            "time":"17.10.2020 16:10:53",
            "turn-index":25,
            "utterance":"1次会は2時間から3時間くらいでいいかな。一人あたり予算4000円くらいで頼むよ。"
        },
        {
            "speaker":"S",
            "time":"17.10.2020 16:11:01",
            "turn-index":26,
            "utterance":"うーん、先輩の代の方々いらっしゃるんですよね？"
        },
        {
            "speaker":"U",
            "time":"17.10.2020 16:11:41",
            "turn-index":27,
            "utterance":"そうだよ。そうだ、後輩の君たちは半額でいいよ、その分俺らが払うから。"
        },
        {
            "speaker":"S",
            "time":"17.10.2020 16:11:49",
            "turn-index":28,
            "utterance":"そうなんですね"
        },
        {
            "speaker":"U",
            "time":"17.10.2020 16:12:22",
            "turn-index":29,
            "utterance":"いやぁ、楽しみだなぁ。みんな久々に会う連中ばかりなんだよなぁ。"
        },
        {
            "speaker":"S",
            "time":"17.10.2020 16:12:32",
            "turn-index":30,
            "utterance":"先輩も大変ですね"
        }
    ]
}