{
    "dialogue-id":"AKT_34",
    "group-id":"",
    "speaker-id":"Akitaka",
    "turns":[
        {
            "speaker":"S",
            "time":"17.10.2020 17:03:48",
            "turn-index":0,
            "utterance":"なんでしょう？？"
        },
        {
            "speaker":"U",
            "time":"17.10.2020 17:04:43",
            "turn-index":1,
            "utterance":"今年も同窓会あるんだ"
        },
        {
            "speaker":"S",
            "time":"17.10.2020 17:04:50",
            "turn-index":2,
            "utterance":"ええ"
        },
        {
            "speaker":"U",
            "time":"17.10.2020 17:05:15",
            "turn-index":3,
            "utterance":"お前も参加するよな？"
        },
        {
            "speaker":"S",
            "time":"17.10.2020 17:05:22",
            "turn-index":4,
            "utterance":"開催時期は決まってるんですか？"
        },
        {
            "speaker":"U",
            "time":"17.10.2020 17:05:39",
            "turn-index":5,
            "utterance":"五月の連休あたりで考えてる"
        },
        {
            "speaker":"S",
            "time":"17.10.2020 17:05:49",
            "turn-index":6,
            "utterance":"結構時間ないですね"
        },
        {
            "speaker":"U",
            "time":"17.10.2020 17:06:11",
            "turn-index":7,
            "utterance":"そうなんだ、今幹事を探しててさ"
        },
        {
            "speaker":"S",
            "time":"17.10.2020 17:06:23",
            "turn-index":8,
            "utterance":"すみません、内定者インターンが忙しくて手が回りそうにないです"
        },
        {
            "speaker":"U",
            "time":"17.10.2020 17:07:03",
            "turn-index":9,
            "utterance":"忙しいとこ悪いんだけど、お前にしか頼めないんだ"
        },
        {
            "speaker":"S",
            "time":"17.10.2020 17:07:08",
            "turn-index":10,
            "utterance":"大変ですね……"
        },
        {
            "speaker":"U",
            "time":"17.10.2020 17:08:20",
            "turn-index":11,
            "utterance":"優秀なお前なら何とか出来ると思ってるんだけど"
        },
        {
            "speaker":"S",
            "time":"17.10.2020 17:08:28",
            "turn-index":12,
            "utterance":"先輩の代で出来る方いらっしゃらないんですか？"
        },
        {
            "speaker":"U",
            "time":"17.10.2020 17:08:46",
            "turn-index":13,
            "utterance":"それが誰もいなくて本当に困ってるんだ"
        },
        {
            "speaker":"S",
            "time":"17.10.2020 17:08:54",
            "turn-index":14,
            "utterance":"先輩も大変ですね"
        },
        {
            "speaker":"U",
            "time":"17.10.2020 17:09:12",
            "turn-index":15,
            "utterance":"ありがとう、何とか引き受けてくれないかな？"
        },
        {
            "speaker":"S",
            "time":"17.10.2020 17:09:20",
            "turn-index":16,
            "utterance":"うーん……"
        },
        {
            "speaker":"U",
            "time":"17.10.2020 17:09:56",
            "turn-index":17,
            "utterance":"無理言ってるのは分かってるんだけど"
        },
        {
            "speaker":"S",
            "time":"17.10.2020 17:10:02",
            "turn-index":18,
            "utterance":"本当に申し訳ないんですが……"
        },
        {
            "speaker":"U",
            "time":"17.10.2020 17:10:35",
            "turn-index":19,
            "utterance":"そこをなんとか今回だけだと思って"
        },
        {
            "speaker":"S",
            "time":"17.10.2020 17:10:41",
            "turn-index":20,
            "utterance":"本当ですか．．．．．．．？"
        },
        {
            "speaker":"U",
            "time":"17.10.2020 17:11:16",
            "turn-index":21,
            "utterance":"きっとそうなるように祈る！"
        },
        {
            "speaker":"S",
            "time":"17.10.2020 17:11:21",
            "turn-index":22,
            "utterance":"ちなみにどなたがいらっしゃるんですか？"
        },
        {
            "speaker":"U",
            "time":"17.10.2020 17:12:06",
            "turn-index":23,
            "utterance":"お前も可愛がってもらってた先輩もたくさん来るよ"
        },
        {
            "speaker":"S",
            "time":"17.10.2020 17:12:16",
            "turn-index":24,
            "utterance":"結構集まりそうですね"
        },
        {
            "speaker":"U",
            "time":"17.10.2020 17:12:35",
            "turn-index":25,
            "utterance":"楽しい同窓会になるよきっと！"
        },
        {
            "speaker":"S",
            "time":"17.10.2020 17:12:43",
            "turn-index":26,
            "utterance":"マジですか……"
        },
        {
            "speaker":"U",
            "time":"17.10.2020 17:13:06",
            "turn-index":27,
            "utterance":"幹事がお前なら間違いない！"
        },
        {
            "speaker":"S",
            "time":"17.10.2020 17:13:14",
            "turn-index":28,
            "utterance":"いやー厳しいです😭"
        },
        {
            "speaker":"U",
            "time":"17.10.2020 17:13:54",
            "turn-index":29,
            "utterance":"何とかオレを助けると思ってお願いします"
        },
        {
            "speaker":"S",
            "time":"17.10.2020 17:14:04",
            "turn-index":30,
            "utterance":"了解です"
        }
    ]
}