{
    "dialogue-id":"AKT_48",
    "group-id":"",
    "speaker-id":"Akitaka",
    "turns":[
        {
            "speaker":"S",
            "time":"17.10.2020 15:09:52",
            "turn-index":0,
            "utterance":"なんでしょう？？"
        },
        {
            "speaker":"U",
            "time":"17.10.2020 15:09:59",
            "turn-index":1,
            "utterance":"そろそろ同窓会の時期だよね"
        },
        {
            "speaker":"S",
            "time":"17.10.2020 15:10:07",
            "turn-index":2,
            "utterance":"僕たちの代も参加できるやつですか？"
        },
        {
            "speaker":"U",
            "time":"17.10.2020 15:10:13",
            "turn-index":3,
            "utterance":"そうそう"
        },
        {
            "speaker":"S",
            "time":"17.10.2020 15:10:25",
            "turn-index":4,
            "utterance":"結構時間ないですし、入社したばかりでバタバタしてると思うので厳しいです……"
        },
        {
            "speaker":"U",
            "time":"17.10.2020 15:11:37",
            "turn-index":5,
            "utterance":"えー、幹事頼みたかったんだけどなぁ"
        },
        {
            "speaker":"S",
            "time":"17.10.2020 15:11:46",
            "turn-index":6,
            "utterance":"先輩の代で出来る方いらっしゃらないんですか？"
        },
        {
            "speaker":"U",
            "time":"17.10.2020 15:12:02",
            "turn-index":7,
            "utterance":"俺は去年やったしなぁ"
        },
        {
            "speaker":"S",
            "time":"17.10.2020 15:12:12",
            "turn-index":8,
            "utterance":"大変ですね……"
        },
        {
            "speaker":"U",
            "time":"17.10.2020 15:12:54",
            "turn-index":9,
            "utterance":"ぜひ清水に頼みたいんだ"
        },
        {
            "speaker":"S",
            "time":"17.10.2020 15:13:07",
            "turn-index":10,
            "utterance":"すみません、内定者インターンが忙しくて手が回りそうにないです"
        },
        {
            "speaker":"U",
            "time":"17.10.2020 15:13:31",
            "turn-index":11,
            "utterance":"俺もサポートするし、そんなに大変じゃないよ"
        },
        {
            "speaker":"S",
            "time":"17.10.2020 15:13:40",
            "turn-index":12,
            "utterance":"そうなんですね"
        },
        {
            "speaker":"U",
            "time":"17.10.2020 15:14:09",
            "turn-index":13,
            "utterance":"だから頼むよ"
        },
        {
            "speaker":"S",
            "time":"17.10.2020 15:14:17",
            "turn-index":14,
            "utterance":"予算って決まってるんですか？"
        },
        {
            "speaker":"U",
            "time":"17.10.2020 15:15:06",
            "turn-index":15,
            "utterance":"一人４～５千円かな"
        },
        {
            "speaker":"S",
            "time":"17.10.2020 15:15:16",
            "turn-index":16,
            "utterance":"結構するんですね……"
        },
        {
            "speaker":"U",
            "time":"17.10.2020 15:15:41",
            "turn-index":17,
            "utterance":"高すぎるかな"
        },
        {
            "speaker":"S",
            "time":"17.10.2020 15:15:47",
            "turn-index":18,
            "utterance":"すいません……"
        },
        {
            "speaker":"U",
            "time":"17.10.2020 15:16:21",
            "turn-index":19,
            "utterance":"４０００円以下だとなかなか店なさそうだしな"
        },
        {
            "speaker":"S",
            "time":"17.10.2020 15:16:29",
            "turn-index":20,
            "utterance":"会社がどれくらい忙しいかわからないのでなんとも言えないです😭"
        },
        {
            "speaker":"U",
            "time":"17.10.2020 15:16:57",
            "turn-index":21,
            "utterance":"サポートはするから任せて"
        },
        {
            "speaker":"S",
            "time":"17.10.2020 15:17:05",
            "turn-index":22,
            "utterance":"申し訳ないです😭"
        },
        {
            "speaker":"U",
            "time":"17.10.2020 15:17:39",
            "turn-index":23,
            "utterance":"そんな気負うほどの会じゃないって"
        },
        {
            "speaker":"S",
            "time":"17.10.2020 15:17:48",
            "turn-index":24,
            "utterance":"そうですね．．．"
        },
        {
            "speaker":"U",
            "time":"17.10.2020 15:18:25",
            "turn-index":25,
            "utterance":"幹事といっても店とみんなと連絡とるくらいだから大丈夫"
        },
        {
            "speaker":"S",
            "time":"17.10.2020 15:18:31",
            "turn-index":26,
            "utterance":"いやー厳しいです😭"
        },
        {
            "speaker":"U",
            "time":"17.10.2020 15:18:50",
            "turn-index":27,
            "utterance":"清水くらいしか頼りになるやついないよ"
        },
        {
            "speaker":"S",
            "time":"17.10.2020 15:18:58",
            "turn-index":28,
            "utterance":"うーん・・・就職先からもあんまり羽目を外すなっていわれてますから・・・"
        },
        {
            "speaker":"U",
            "time":"17.10.2020 15:19:30",
            "turn-index":29,
            "utterance":"一次会だけでもいいしさ"
        },
        {
            "speaker":"S",
            "time":"17.10.2020 15:19:41",
            "turn-index":30,
            "utterance":"結構はっちゃける方いた気がするんですか．．．．．．．"
        }
    ]
}