{
    "dialogue-id":"AKT_03",
    "group-id":"",
    "speaker-id":"Akitaka",
    "turns":[
        {
            "speaker":"S",
            "time":"17.10.2020 14:31:40",
            "turn-index":0,
            "utterance":"なんでしょう？？"
        },
        {
            "speaker":"U",
            "time":"17.10.2020 14:31:58",
            "turn-index":1,
            "utterance":"サークルの同窓会やってるのって知ってる？"
        },
        {
            "speaker":"S",
            "time":"17.10.2020 14:32:07",
            "turn-index":2,
            "utterance":"ちょっとまだわからないです"
        },
        {
            "speaker":"U",
            "time":"17.10.2020 14:32:58",
            "turn-index":3,
            "utterance":"やってるんだけど、その同窓会の幹事がいないんだよね😣"
        },
        {
            "speaker":"S",
            "time":"17.10.2020 14:33:08",
            "turn-index":4,
            "utterance":"みなさん大変ですね……"
        },
        {
            "speaker":"U",
            "time":"17.10.2020 14:34:21",
            "turn-index":5,
            "utterance":"社会人だから皆大変らしくてさ。そこで清水に白羽の矢が立ったんだわ。"
        },
        {
            "speaker":"S",
            "time":"17.10.2020 14:34:31",
            "turn-index":6,
            "utterance":"先輩の代で出来る方いらっしゃらないんですか？"
        },
        {
            "speaker":"U",
            "time":"17.10.2020 14:34:51",
            "turn-index":7,
            "utterance":"残念だけどさ、いないんだよそれが😭"
        },
        {
            "speaker":"S",
            "time":"17.10.2020 14:34:56",
            "turn-index":8,
            "utterance":"大変ですね……"
        },
        {
            "speaker":"U",
            "time":"17.10.2020 14:35:35",
            "turn-index":9,
            "utterance":"そんなわけで、頼むわ幹事👍🏻"
        },
        {
            "speaker":"S",
            "time":"17.10.2020 14:35:45",
            "turn-index":10,
            "utterance":"応援してます🙏"
        },
        {
            "speaker":"U",
            "time":"17.10.2020 14:36:23",
            "turn-index":11,
            "utterance":"なんだって・・・そんな他人事みたいに😄"
        },
        {
            "speaker":"S",
            "time":"17.10.2020 14:36:32",
            "turn-index":12,
            "utterance":"申し訳ないんですが、幹事の件は他の方にお願いしてもらえませんか？"
        },
        {
            "speaker":"U",
            "time":"17.10.2020 14:37:00",
            "turn-index":13,
            "utterance":"色々考えた結果なんだ！清水じゃなきゃ駄目なんだ！"
        },
        {
            "speaker":"S",
            "time":"17.10.2020 14:37:09",
            "turn-index":14,
            "utterance":"そうなんですね"
        },
        {
            "speaker":"U",
            "time":"17.10.2020 14:37:42",
            "turn-index":15,
            "utterance":"ホントにお前にしかお願いできないことなんだよね。"
        },
        {
            "speaker":"S",
            "time":"17.10.2020 14:37:54",
            "turn-index":16,
            "utterance":"すみません、内定者インターンが忙しくて手が回りそうにないです"
        },
        {
            "speaker":"U",
            "time":"17.10.2020 14:38:46",
            "turn-index":17,
            "utterance":"なるほどね、でも社会人の俺らの絡みは良い社会勉強になると思うよ？"
        },
        {
            "speaker":"S",
            "time":"17.10.2020 14:38:57",
            "turn-index":18,
            "utterance":"結構はっちゃける方いた気がするんですか．．．．．．．"
        },
        {
            "speaker":"U",
            "time":"17.10.2020 14:39:35",
            "turn-index":19,
            "utterance":"あああいつね😥でもあいつももう大人になったさ、たぶん。"
        },
        {
            "speaker":"S",
            "time":"17.10.2020 14:39:44",
            "turn-index":20,
            "utterance":"後輩何人か紹介しましょうか？"
        },
        {
            "speaker":"U",
            "time":"17.10.2020 14:40:12",
            "turn-index":21,
            "utterance":"お前より後輩ってあんまり付き合いないんだよな。"
        },
        {
            "speaker":"S",
            "time":"17.10.2020 14:40:24",
            "turn-index":22,
            "utterance":"じゃあ僕の方からお願いしましょうか？"
        },
        {
            "speaker":"U",
            "time":"17.10.2020 14:40:53",
            "turn-index":23,
            "utterance":"いやいややっぱりさ、お前とが一番やりやすいと思うんだよね。"
        },
        {
            "speaker":"S",
            "time":"17.10.2020 14:41:02",
            "turn-index":24,
            "utterance":"あー"
        },
        {
            "speaker":"U",
            "time":"17.10.2020 14:41:36",
            "turn-index":25,
            "utterance":"いー"
        },
        {
            "speaker":"S",
            "time":"17.10.2020 14:41:49",
            "turn-index":26,
            "utterance":"今年も大騒ぎしたり巻き込まれたりすると内定に響きそうなので……"
        },
        {
            "speaker":"U",
            "time":"17.10.2020 14:42:24",
            "turn-index":27,
            "utterance":"さすがにもう学生気分のやつなんていないって🤪"
        },
        {
            "speaker":"S",
            "time":"17.10.2020 14:42:32",
            "turn-index":28,
            "utterance":"今回は幹事はできそうにないです😭"
        },
        {
            "speaker":"U",
            "time":"17.10.2020 14:43:00",
            "turn-index":29,
            "utterance":"そこをなんとか、助けると思ってさ😢"
        },
        {
            "speaker":"S",
            "time":"17.10.2020 14:43:07",
            "turn-index":30,
            "utterance":"頑張ってください"
        }
    ]
}