{
    "dialogue-id":"AKT_17",
    "group-id":"",
    "speaker-id":"Akitaka",
    "turns":[
        {
            "speaker":"S",
            "time":"17.10.2020 14:18:29",
            "turn-index":0,
            "utterance":"なんでしょう？？"
        },
        {
            "speaker":"U",
            "time":"17.10.2020 14:18:34",
            "turn-index":1,
            "utterance":"こんにちは"
        },
        {
            "speaker":"S",
            "time":"17.10.2020 14:18:43",
            "turn-index":2,
            "utterance":"３年生に幹事お願いするのはどうですか？"
        },
        {
            "speaker":"U",
            "time":"17.10.2020 14:18:51",
            "turn-index":3,
            "utterance":"いい案ですね"
        },
        {
            "speaker":"S",
            "time":"17.10.2020 14:19:01",
            "turn-index":4,
            "utterance":"僕には申し訳ないと思わないんですか笑"
        },
        {
            "speaker":"U",
            "time":"17.10.2020 14:19:20",
            "turn-index":5,
            "utterance":"自分から言い出しておいて汗"
        },
        {
            "speaker":"S",
            "time":"17.10.2020 14:19:28",
            "turn-index":6,
            "utterance":"結構集まりそうですね"
        },
        {
            "speaker":"U",
            "time":"17.10.2020 14:19:34",
            "turn-index":7,
            "utterance":"そうですね"
        },
        {
            "speaker":"S",
            "time":"17.10.2020 14:19:46",
            "turn-index":8,
            "utterance":"すみません、内定者インターンが忙しくて手が回りそうにないです"
        },
        {
            "speaker":"U",
            "time":"17.10.2020 14:20:04",
            "turn-index":9,
            "utterance":"そんなに忙しいんですか？"
        },
        {
            "speaker":"S",
            "time":"17.10.2020 14:20:10",
            "turn-index":10,
            "utterance":"結構忙しい会社らしいんですよね"
        },
        {
            "speaker":"U",
            "time":"17.10.2020 14:20:15",
            "turn-index":11,
            "utterance":"大変そうですね"
        },
        {
            "speaker":"S",
            "time":"17.10.2020 14:20:22",
            "turn-index":12,
            "utterance":"どうにかやってます😇"
        },
        {
            "speaker":"U",
            "time":"17.10.2020 14:20:28",
            "turn-index":13,
            "utterance":"ご自愛ください"
        },
        {
            "speaker":"S",
            "time":"17.10.2020 14:20:35",
            "turn-index":14,
            "utterance":"きちんとできなくてご迷惑かけるのも申し訳ないですし"
        },
        {
            "speaker":"U",
            "time":"17.10.2020 14:20:47",
            "turn-index":15,
            "utterance":"どういうことですか？"
        },
        {
            "speaker":"S",
            "time":"17.10.2020 14:20:53",
            "turn-index":16,
            "utterance":"その時期になってみないとわからないので……"
        },
        {
            "speaker":"U",
            "time":"17.10.2020 14:21:09",
            "turn-index":17,
            "utterance":"直前にならないと分からないのですね"
        },
        {
            "speaker":"S",
            "time":"17.10.2020 14:21:19",
            "turn-index":18,
            "utterance":"次にインターン行った時に聞いてみます"
        },
        {
            "speaker":"U",
            "time":"17.10.2020 14:21:29",
            "turn-index":19,
            "utterance":"結果を教えてください。"
        },
        {
            "speaker":"S",
            "time":"17.10.2020 14:21:40",
            "turn-index":20,
            "utterance":"幹事やるイメージが全然わかないんですけど"
        },
        {
            "speaker":"U",
            "time":"17.10.2020 14:21:56",
            "turn-index":21,
            "utterance":"やりがいがありますよ"
        },
        {
            "speaker":"S",
            "time":"17.10.2020 14:22:02",
            "turn-index":22,
            "utterance":"あまり自信がないです……"
        },
        {
            "speaker":"U",
            "time":"17.10.2020 14:22:14",
            "turn-index":23,
            "utterance":"やってみましょう"
        },
        {
            "speaker":"S",
            "time":"17.10.2020 14:22:19",
            "turn-index":24,
            "utterance":"応援してます🙏"
        },
        {
            "speaker":"U",
            "time":"17.10.2020 14:22:27",
            "turn-index":25,
            "utterance":"私もです"
        },
        {
            "speaker":"S",
            "time":"17.10.2020 14:22:35",
            "turn-index":26,
            "utterance":"ちなみにどなたがいらっしゃるんですか？"
        },
        {
            "speaker":"U",
            "time":"17.10.2020 14:22:43",
            "turn-index":27,
            "utterance":"把握してないです"
        },
        {
            "speaker":"S",
            "time":"17.10.2020 14:22:51",
            "turn-index":28,
            "utterance":"予算って決まってるんですか？"
        },
        {
            "speaker":"U",
            "time":"17.10.2020 14:23:02",
            "turn-index":29,
            "utterance":"分からないです"
        },
        {
            "speaker":"S",
            "time":"17.10.2020 14:23:11",
            "turn-index":30,
            "utterance":"３０００円前後の店でしょうか？"
        }
    ]
}