{
    "dialogue-id":"AKT_38",
    "group-id":"",
    "speaker-id":"Akitaka",
    "turns":[
        {
            "speaker":"S",
            "time":"17.10.2020 14:10:14",
            "turn-index":0,
            "utterance":"なんでしょう？？"
        },
        {
            "speaker":"U",
            "time":"17.10.2020 14:10:35",
            "turn-index":1,
            "utterance":"同窓会の幹事をお願いしたいと思ってな。"
        },
        {
            "speaker":"S",
            "time":"17.10.2020 14:10:41",
            "turn-index":2,
            "utterance":"僕にですか？"
        },
        {
            "speaker":"U",
            "time":"17.10.2020 14:10:47",
            "turn-index":3,
            "utterance":"もちろんだ。"
        },
        {
            "speaker":"S",
            "time":"17.10.2020 14:10:52",
            "turn-index":4,
            "utterance":"ちなみにどなたがいらっしゃるんですか？"
        },
        {
            "speaker":"U",
            "time":"17.10.2020 14:11:05",
            "turn-index":5,
            "utterance":"まだ決まっていない。"
        },
        {
            "speaker":"S",
            "time":"17.10.2020 14:11:12",
            "turn-index":6,
            "utterance":"知らない方がいらっしゃるなら色々考えないと……"
        },
        {
            "speaker":"U",
            "time":"17.10.2020 14:11:39",
            "turn-index":7,
            "utterance":"同窓会なんだから、知ってる人ばかりだろう。"
        },
        {
            "speaker":"S",
            "time":"17.10.2020 14:11:45",
            "turn-index":8,
            "utterance":"そうなんですね"
        },
        {
            "speaker":"U",
            "time":"17.10.2020 14:11:50",
            "turn-index":9,
            "utterance":"そりゃそうだろ。"
        },
        {
            "speaker":"S",
            "time":"17.10.2020 14:11:57",
            "turn-index":10,
            "utterance":"僕幹事とか苦手なので😂"
        },
        {
            "speaker":"U",
            "time":"17.10.2020 14:12:11",
            "turn-index":11,
            "utterance":"お前なら、大丈夫だ。"
        },
        {
            "speaker":"S",
            "time":"17.10.2020 14:12:18",
            "turn-index":12,
            "utterance":"それはわかってるんですけど……"
        },
        {
            "speaker":"U",
            "time":"17.10.2020 14:12:28",
            "turn-index":13,
            "utterance":"そうだろ、それなら引き受けてくれよ。"
        },
        {
            "speaker":"S",
            "time":"17.10.2020 14:12:39",
            "turn-index":14,
            "utterance":"すみません、内定者インターンが忙しくて手が回りそうにないです"
        },
        {
            "speaker":"U",
            "time":"17.10.2020 14:13:03",
            "turn-index":15,
            "utterance":"みんな忙しいんだ、清水だけじゃない。"
        },
        {
            "speaker":"S",
            "time":"17.10.2020 14:13:14",
            "turn-index":16,
            "utterance":"大変ですけど、お給料出るのでどうにかやれてます笑"
        },
        {
            "speaker":"U",
            "time":"17.10.2020 14:13:42",
            "turn-index":17,
            "utterance":"なんとか幹事を引き受けてくれないか？"
        },
        {
            "speaker":"S",
            "time":"17.10.2020 14:13:55",
            "turn-index":18,
            "utterance":"出来そうな子に連絡しておきましょうか？"
        },
        {
            "speaker":"U",
            "time":"17.10.2020 14:14:20",
            "turn-index":19,
            "utterance":"いや、清水に任せるのが安心だ。"
        },
        {
            "speaker":"S",
            "time":"17.10.2020 14:14:28",
            "turn-index":20,
            "utterance":"あーなるほど"
        },
        {
            "speaker":"U",
            "time":"17.10.2020 14:14:46",
            "turn-index":21,
            "utterance":"だから、俺の頼みを聞いてくれ。"
        },
        {
            "speaker":"S",
            "time":"17.10.2020 14:14:52",
            "turn-index":22,
            "utterance":"ええ"
        },
        {
            "speaker":"U",
            "time":"17.10.2020 14:14:59",
            "turn-index":23,
            "utterance":"引き受けてくれるんだな。"
        },
        {
            "speaker":"S",
            "time":"17.10.2020 14:15:04",
            "turn-index":24,
            "utterance":"そういわれましても……"
        },
        {
            "speaker":"U",
            "time":"17.10.2020 14:15:21",
            "turn-index":25,
            "utterance":"他の人には頼めないんだ。"
        },
        {
            "speaker":"S",
            "time":"17.10.2020 14:15:28",
            "turn-index":26,
            "utterance":"結構集まりそうですね"
        },
        {
            "speaker":"U",
            "time":"17.10.2020 14:16:04",
            "turn-index":27,
            "utterance":"それはまだわからないな。"
        },
        {
            "speaker":"S",
            "time":"17.10.2020 14:16:11",
            "turn-index":28,
            "utterance":"初めて聞きました"
        },
        {
            "speaker":"U",
            "time":"17.10.2020 14:17:02",
            "turn-index":29,
            "utterance":"初めて言ったからな。"
        },
        {
            "speaker":"S",
            "time":"17.10.2020 14:17:10",
            "turn-index":30,
            "utterance":"場所って決まってるんですか？"
        }
    ]
}