{
    "dialogue-id":"AKT_10",
    "group-id":"",
    "speaker-id":"Akitaka",
    "turns":[
        {
            "speaker":"S",
            "time":"17.10.2020 12:48:57",
            "turn-index":0,
            "utterance":"なんでしょう？？"
        },
        {
            "speaker":"U",
            "time":"17.10.2020 12:49:43",
            "turn-index":1,
            "utterance":"あのさ、できれば同窓会の幹事やってもらえないかな"
        },
        {
            "speaker":"S",
            "time":"17.10.2020 12:49:49",
            "turn-index":2,
            "utterance":"ええ"
        },
        {
            "speaker":"U",
            "time":"17.10.2020 12:50:12",
            "turn-index":3,
            "utterance":"適役だと思うんだ"
        },
        {
            "speaker":"S",
            "time":"17.10.2020 12:50:18",
            "turn-index":4,
            "utterance":"ちなみにどなたがいらっしゃるんですか？"
        },
        {
            "speaker":"U",
            "time":"17.10.2020 12:51:04",
            "turn-index":5,
            "utterance":"うーん、まだ確定してないけど、全体の三分の二くらいは来る感じだな"
        },
        {
            "speaker":"S",
            "time":"17.10.2020 12:51:11",
            "turn-index":6,
            "utterance":"結構集まりそうですね"
        },
        {
            "speaker":"U",
            "time":"17.10.2020 12:51:22",
            "turn-index":7,
            "utterance":"そうだな"
        },
        {
            "speaker":"S",
            "time":"17.10.2020 12:51:30",
            "turn-index":8,
            "utterance":"３年生は呼ぶんですか？"
        },
        {
            "speaker":"U",
            "time":"17.10.2020 12:52:33",
            "turn-index":9,
            "utterance":"まだ決まってないんだけど、呼んでもいいかな"
        },
        {
            "speaker":"S",
            "time":"17.10.2020 12:52:38",
            "turn-index":10,
            "utterance":"ええ"
        },
        {
            "speaker":"U",
            "time":"17.10.2020 12:53:02",
            "turn-index":11,
            "utterance":"そのへんも含めて、清水にいろいろ采配ふるってもらおうかなって"
        },
        {
            "speaker":"S",
            "time":"17.10.2020 12:53:12",
            "turn-index":12,
            "utterance":"幹事やるイメージが全然わかないんですけど"
        },
        {
            "speaker":"U",
            "time":"17.10.2020 12:53:42",
            "turn-index":13,
            "utterance":"幹事は正直大変なんだけど、でも俺も出来る限りサポートするから"
        },
        {
            "speaker":"S",
            "time":"17.10.2020 12:53:51",
            "turn-index":14,
            "utterance":"先輩の代で出来る方いらっしゃらないんですか？"
        },
        {
            "speaker":"U",
            "time":"17.10.2020 12:54:21",
            "turn-index":15,
            "utterance":"みんな仕事が忙しいみたいで、ちょっと無理っぽい"
        },
        {
            "speaker":"S",
            "time":"17.10.2020 12:54:30",
            "turn-index":16,
            "utterance":"大変ですね……"
        },
        {
            "speaker":"U",
            "time":"17.10.2020 12:54:52",
            "turn-index":17,
            "utterance":"そう、同窓会は手配が大変なんだよ"
        },
        {
            "speaker":"S",
            "time":"17.10.2020 12:55:02",
            "turn-index":18,
            "utterance":"すみません、内定者インターンが忙しくて手が回りそうにないです"
        },
        {
            "speaker":"U",
            "time":"17.10.2020 12:55:19",
            "turn-index":19,
            "utterance":"えー、そんなこと言わないで、なんとかお願い"
        },
        {
            "speaker":"S",
            "time":"17.10.2020 12:55:28",
            "turn-index":20,
            "utterance":"結構はっちゃける方いた気がするんですか．．．．．．．"
        },
        {
            "speaker":"U",
            "time":"17.10.2020 12:55:51",
            "turn-index":21,
            "utterance":"そういうやつに限って、使い物にならないの"
        },
        {
            "speaker":"S",
            "time":"17.10.2020 12:55:59",
            "turn-index":22,
            "utterance":"そうなんですね"
        },
        {
            "speaker":"U",
            "time":"17.10.2020 12:56:23",
            "turn-index":23,
            "utterance":"まじめで信望の厚い人に任せたいんだよ"
        },
        {
            "speaker":"S",
            "time":"17.10.2020 12:56:30",
            "turn-index":24,
            "utterance":"ちなみに、開催地とか決まっているんですか？"
        },
        {
            "speaker":"U",
            "time":"17.10.2020 12:56:52",
            "turn-index":25,
            "utterance":"店はいくつか候補あがってるけど、まだ未定"
        },
        {
            "speaker":"S",
            "time":"17.10.2020 12:57:00",
            "turn-index":26,
            "utterance":"大変ですね……"
        },
        {
            "speaker":"U",
            "time":"17.10.2020 12:57:16",
            "turn-index":27,
            "utterance":"大変なんだよ、だからなんとか俺を助けると思って"
        },
        {
            "speaker":"S",
            "time":"17.10.2020 12:57:26",
            "turn-index":28,
            "utterance":"僕も会いたかったです"
        },
        {
            "speaker":"U",
            "time":"17.10.2020 12:57:43",
            "turn-index":29,
            "utterance":"そうだろ、こんなときじゃないと会えないやつもいるし"
        },
        {
            "speaker":"S",
            "time":"17.10.2020 12:57:50",
            "turn-index":30,
            "utterance":"そうなんですね"
        }
    ]
}