{
    "dialogue-id":"AKT_53",
    "group-id":"",
    "speaker-id":"Akitaka",
    "turns":[
        {
            "speaker":"S",
            "time":"17.10.2020 14:56:25",
            "turn-index":0,
            "utterance":"なんでしょう？？"
        },
        {
            "speaker":"U",
            "time":"17.10.2020 14:57:09",
            "turn-index":1,
            "utterance":"出来ればなんだけど、同窓会の幹事やってもらえないかな？"
        },
        {
            "speaker":"S",
            "time":"17.10.2020 14:57:18",
            "turn-index":2,
            "utterance":"僕にですか？"
        },
        {
            "speaker":"U",
            "time":"17.10.2020 14:57:30",
            "turn-index":3,
            "utterance":"是非君に頼みたいんだよね。"
        },
        {
            "speaker":"S",
            "time":"17.10.2020 14:57:40",
            "turn-index":4,
            "utterance":"そうですよね、すいません"
        },
        {
            "speaker":"U",
            "time":"17.10.2020 14:57:53",
            "turn-index":5,
            "utterance":"幹事お願いできないかな？"
        },
        {
            "speaker":"S",
            "time":"17.10.2020 14:58:00",
            "turn-index":6,
            "utterance":"いやー厳しいです😭"
        },
        {
            "speaker":"U",
            "time":"17.10.2020 14:58:22",
            "turn-index":7,
            "utterance":"そこを何とかお願いしたいんだけど。君にしか頼めないんだよね。"
        },
        {
            "speaker":"S",
            "time":"17.10.2020 14:58:29",
            "turn-index":8,
            "utterance":"本当に申し訳ないんですが……"
        },
        {
            "speaker":"U",
            "time":"17.10.2020 14:58:54",
            "turn-index":9,
            "utterance":"今すぐに返事をくれとは言わないから、少し考えてみてくれないかな？"
        },
        {
            "speaker":"S",
            "time":"17.10.2020 14:59:05",
            "turn-index":10,
            "utterance":"出来そうな子に連絡しておきましょうか？"
        },
        {
            "speaker":"U",
            "time":"17.10.2020 14:59:22",
            "turn-index":11,
            "utterance":"他の誰かではなく君にお願いしたいんだよね。"
        },
        {
            "speaker":"S",
            "time":"17.10.2020 14:59:30",
            "turn-index":12,
            "utterance":"じゃあ僕の方からお願いしましょうか？"
        },
        {
            "speaker":"U",
            "time":"17.10.2020 14:59:58",
            "turn-index":13,
            "utterance":"是非君に幹事をやってほしいと思っているんだよ。"
        },
        {
            "speaker":"S",
            "time":"17.10.2020 15:00:05",
            "turn-index":14,
            "utterance":"あーなるほど"
        },
        {
            "speaker":"U",
            "time":"17.10.2020 15:00:14",
            "turn-index":15,
            "utterance":"お願いできるかな？"
        },
        {
            "speaker":"S",
            "time":"17.10.2020 15:00:22",
            "turn-index":16,
            "utterance":"春休みですよね？　うーん"
        },
        {
            "speaker":"U",
            "time":"17.10.2020 15:00:31",
            "turn-index":17,
            "utterance":"お願い！"
        },
        {
            "speaker":"S",
            "time":"17.10.2020 15:00:39",
            "turn-index":18,
            "utterance":"うーん、春休みですよね😥"
        },
        {
            "speaker":"U",
            "time":"17.10.2020 15:00:51",
            "turn-index":19,
            "utterance":"そう、春休みに！"
        },
        {
            "speaker":"S",
            "time":"17.10.2020 15:00:59",
            "turn-index":20,
            "utterance":"結構時間ないですね"
        },
        {
            "speaker":"U",
            "time":"17.10.2020 15:01:22",
            "turn-index":21,
            "utterance":"急ぎじゃないからゆっくりで大丈夫だよ！"
        },
        {
            "speaker":"S",
            "time":"17.10.2020 15:01:31",
            "turn-index":22,
            "utterance":"いやー、やってみないとわからないので……"
        },
        {
            "speaker":"U",
            "time":"17.10.2020 15:01:45",
            "turn-index":23,
            "utterance":"それじゃやってみてくれる？"
        },
        {
            "speaker":"S",
            "time":"17.10.2020 15:01:54",
            "turn-index":24,
            "utterance":"結構厳しいですね"
        },
        {
            "speaker":"U",
            "time":"17.10.2020 15:02:05",
            "turn-index":25,
            "utterance":"君しか頼めないんだよね。"
        },
        {
            "speaker":"S",
            "time":"17.10.2020 15:02:16",
            "turn-index":26,
            "utterance":"すみません、内定者インターンが忙しくて手が回りそうにないです"
        },
        {
            "speaker":"U",
            "time":"17.10.2020 15:02:41",
            "turn-index":27,
            "utterance":"暇な時間を利用して少しづつ連絡する感じで良いから！"
        },
        {
            "speaker":"S",
            "time":"17.10.2020 15:02:48",
            "turn-index":28,
            "utterance":"なるほど"
        },
        {
            "speaker":"U",
            "time":"17.10.2020 15:02:56",
            "turn-index":29,
            "utterance":"お願いできるかな？"
        },
        {
            "speaker":"S",
            "time":"17.10.2020 15:03:06",
            "turn-index":30,
            "utterance":"最近忙しくて余裕がないんです😭"
        }
    ]
}