{
    "dialogue-id":"AKT_44",
    "group-id":"",
    "speaker-id":"Akitaka",
    "turns":[
        {
            "speaker":"S",
            "time":"17.10.2020 18:14:32",
            "turn-index":0,
            "utterance":"なんでしょう？？"
        },
        {
            "speaker":"U",
            "time":"17.10.2020 18:14:44",
            "turn-index":1,
            "utterance":"そろそろ同窓会の時期だね"
        },
        {
            "speaker":"S",
            "time":"17.10.2020 18:14:53",
            "turn-index":2,
            "utterance":"僕たちの代も参加できるやつですか？"
        },
        {
            "speaker":"U",
            "time":"17.10.2020 18:15:01",
            "turn-index":3,
            "utterance":"もちろん"
        },
        {
            "speaker":"S",
            "time":"17.10.2020 18:15:12",
            "turn-index":4,
            "utterance":"うーん、春休みですよね😥"
        },
        {
            "speaker":"U",
            "time":"17.10.2020 18:15:38",
            "turn-index":5,
            "utterance":"幹事をやってもらいたいんだけど、どう？"
        },
        {
            "speaker":"S",
            "time":"17.10.2020 18:15:54",
            "turn-index":6,
            "utterance":"僕より部長やってた子の方が適任なんじゃないですか？"
        },
        {
            "speaker":"U",
            "time":"17.10.2020 18:16:30",
            "turn-index":7,
            "utterance":"そんなことないよ"
        },
        {
            "speaker":"S",
            "time":"17.10.2020 18:16:39",
            "turn-index":8,
            "utterance":"３年生に幹事お願いするのはどうですか？"
        },
        {
            "speaker":"U",
            "time":"17.10.2020 18:17:01",
            "turn-index":9,
            "utterance":"あんまりやりたくない感じ？"
        },
        {
            "speaker":"S",
            "time":"17.10.2020 18:17:14",
            "turn-index":10,
            "utterance":"前期中なら大丈夫だと思います"
        },
        {
            "speaker":"U",
            "time":"17.10.2020 18:17:34",
            "turn-index":11,
            "utterance":"それじゃお願いしようかな"
        },
        {
            "speaker":"S",
            "time":"17.10.2020 18:17:42",
            "turn-index":12,
            "utterance":"僕からお願いしましょうか？"
        },
        {
            "speaker":"U",
            "time":"17.10.2020 18:18:15",
            "turn-index":13,
            "utterance":"いやいや、君にお願いするってこと"
        },
        {
            "speaker":"S",
            "time":"17.10.2020 18:18:22",
            "turn-index":14,
            "utterance":"あー"
        },
        {
            "speaker":"U",
            "time":"17.10.2020 18:18:39",
            "turn-index":15,
            "utterance":"そんなに大変じゃないから大丈夫"
        },
        {
            "speaker":"S",
            "time":"17.10.2020 18:18:46",
            "turn-index":16,
            "utterance":"本当に申し訳ないんですが……"
        },
        {
            "speaker":"U",
            "time":"17.10.2020 18:18:59",
            "turn-index":17,
            "utterance":"都合が悪い？"
        },
        {
            "speaker":"S",
            "time":"17.10.2020 18:19:06",
            "turn-index":18,
            "utterance":"仕事に影響がでそうなので．．．"
        },
        {
            "speaker":"U",
            "time":"17.10.2020 18:19:30",
            "turn-index":19,
            "utterance":"仕事忙しいの？"
        },
        {
            "speaker":"S",
            "time":"17.10.2020 18:19:40",
            "turn-index":20,
            "utterance":"内定先からの課題とかあるので……"
        },
        {
            "speaker":"U",
            "time":"17.10.2020 18:20:00",
            "turn-index":21,
            "utterance":"それは大変だね"
        },
        {
            "speaker":"S",
            "time":"17.10.2020 18:20:06",
            "turn-index":22,
            "utterance":"力になれなくてすいません……"
        },
        {
            "speaker":"U",
            "time":"17.10.2020 18:20:49",
            "turn-index":23,
            "utterance":"一度やってみるのも良い経験だよ？"
        },
        {
            "speaker":"S",
            "time":"17.10.2020 18:21:01",
            "turn-index":24,
            "utterance":"待ってもらうのは申し訳ないです😭"
        },
        {
            "speaker":"U",
            "time":"17.10.2020 18:21:25",
            "turn-index":25,
            "utterance":"そんなに忙しいんだ？"
        },
        {
            "speaker":"S",
            "time":"17.10.2020 18:21:35",
            "turn-index":26,
            "utterance":"結構忙しい会社らしいんですよね"
        },
        {
            "speaker":"U",
            "time":"17.10.2020 18:22:58",
            "turn-index":27,
            "utterance":"複数で幹事をやるから少しくらいは手伝って欲しいんだけど？"
        },
        {
            "speaker":"S",
            "time":"17.10.2020 18:23:07",
            "turn-index":28,
            "utterance":"そうなんですね"
        },
        {
            "speaker":"U",
            "time":"17.10.2020 18:23:16",
            "turn-index":29,
            "utterance":"どうかな？"
        },
        {
            "speaker":"S",
            "time":"17.10.2020 18:23:21",
            "turn-index":30,
            "utterance":"すいません……"
        }
    ]
}