{
    "dialogue-id":"AKT_47",
    "group-id":"",
    "speaker-id":"Akitaka",
    "turns":[
        {
            "speaker":"S",
            "time":"17.10.2020 14:32:38",
            "turn-index":0,
            "utterance":"なんでしょう？？"
        },
        {
            "speaker":"U",
            "time":"17.10.2020 14:35:02",
            "turn-index":1,
            "utterance":"そろそろ同窓会の季節だよな"
        },
        {
            "speaker":"S",
            "time":"17.10.2020 14:35:08",
            "turn-index":2,
            "utterance":"なるほど"
        },
        {
            "speaker":"U",
            "time":"17.10.2020 14:35:32",
            "turn-index":3,
            "utterance":"それでまず幹事を決めたいんだけど"
        },
        {
            "speaker":"S",
            "time":"17.10.2020 14:35:38",
            "turn-index":4,
            "utterance":"あまり詳しくないんですよ"
        },
        {
            "speaker":"U",
            "time":"17.10.2020 14:35:54",
            "turn-index":5,
            "utterance":"大丈夫、俺が教えるから"
        },
        {
            "speaker":"S",
            "time":"17.10.2020 14:36:07",
            "turn-index":6,
            "utterance":"先輩の代で出来る方いらっしゃらないんですか？"
        },
        {
            "speaker":"U",
            "time":"17.10.2020 14:36:36",
            "turn-index":7,
            "utterance":"たくさんいるけど、今年は若いお前に頼みたいんだよ"
        },
        {
            "speaker":"S",
            "time":"17.10.2020 14:36:47",
            "turn-index":8,
            "utterance":"ちなみに、開催地とか決まっているんですか？"
        },
        {
            "speaker":"U",
            "time":"17.10.2020 14:37:07",
            "turn-index":9,
            "utterance":"まだ、そこもお前が中心となって決めてほしい"
        },
        {
            "speaker":"S",
            "time":"17.10.2020 14:37:17",
            "turn-index":10,
            "utterance":"あーなるほど"
        },
        {
            "speaker":"U",
            "time":"17.10.2020 14:37:30",
            "turn-index":11,
            "utterance":"どうだ、時間は大丈夫か"
        },
        {
            "speaker":"S",
            "time":"17.10.2020 14:37:39",
            "turn-index":12,
            "utterance":"うーん、先輩の代の方々いらっしゃるんですよね？"
        },
        {
            "speaker":"U",
            "time":"17.10.2020 14:37:53",
            "turn-index":13,
            "utterance":"もちろん俺たちも行くよ"
        },
        {
            "speaker":"S",
            "time":"17.10.2020 14:38:01",
            "turn-index":14,
            "utterance":"ええ"
        },
        {
            "speaker":"U",
            "time":"17.10.2020 14:38:38",
            "turn-index":15,
            "utterance":"参加者は全部で60人くらいになるかな"
        },
        {
            "speaker":"S",
            "time":"17.10.2020 14:38:45",
            "turn-index":16,
            "utterance":"なるほど"
        },
        {
            "speaker":"U",
            "time":"17.10.2020 14:39:09",
            "turn-index":17,
            "utterance":"1度でも幹事をやっておくと自信になるよ"
        },
        {
            "speaker":"S",
            "time":"17.10.2020 14:39:16",
            "turn-index":18,
            "utterance":"あまり詳しくないんですよ"
        },
        {
            "speaker":"U",
            "time":"17.10.2020 14:39:36",
            "turn-index":19,
            "utterance":"わからないことがあったらいつでも聞いて"
        },
        {
            "speaker":"S",
            "time":"17.10.2020 14:39:42",
            "turn-index":20,
            "utterance":"マジですか……"
        },
        {
            "speaker":"U",
            "time":"17.10.2020 14:39:58",
            "turn-index":21,
            "utterance":"友達と相談しながら決めてもいいし"
        },
        {
            "speaker":"S",
            "time":"17.10.2020 14:40:08",
            "turn-index":22,
            "utterance":"了解です"
        },
        {
            "speaker":"U",
            "time":"17.10.2020 14:40:19",
            "turn-index":23,
            "utterance":"おお、ありがとう"
        },
        {
            "speaker":"S",
            "time":"17.10.2020 14:40:27",
            "turn-index":24,
            "utterance":"予算って決まってるんですか？"
        },
        {
            "speaker":"U",
            "time":"17.10.2020 14:40:46",
            "turn-index":25,
            "utterance":"時間、場所、予算、その他はお前の好きにしていいから"
        },
        {
            "speaker":"S",
            "time":"17.10.2020 14:40:55",
            "turn-index":26,
            "utterance":"結構集まりそうですね"
        },
        {
            "speaker":"U",
            "time":"17.10.2020 14:41:09",
            "turn-index":27,
            "utterance":"そうだな、きっと楽しくなるよ"
        },
        {
            "speaker":"S",
            "time":"17.10.2020 14:41:20",
            "turn-index":28,
            "utterance":"すみません、内定者インターンが忙しくて手が回りそうにないです"
        },
        {
            "speaker":"U",
            "time":"17.10.2020 14:41:39",
            "turn-index":29,
            "utterance":"時間の空いているときに少しずつ進めていけばいいよ"
        },
        {
            "speaker":"S",
            "time":"17.10.2020 14:41:48",
            "turn-index":30,
            "utterance":"僕そこら辺わからないです"
        }
    ]
}