{
    "dialogue-id":"AKT_28",
    "group-id":"",
    "speaker-id":"Akitaka",
    "turns":[
        {
            "speaker":"S",
            "time":"17.10.2020 14:44:23",
            "turn-index":0,
            "utterance":"なんでしょう？？"
        },
        {
            "speaker":"U",
            "time":"17.10.2020 14:44:42",
            "turn-index":1,
            "utterance":"最近、どう？"
        },
        {
            "speaker":"S",
            "time":"17.10.2020 14:44:50",
            "turn-index":2,
            "utterance":"今度インターン行った時に聞いてみます"
        },
        {
            "speaker":"U",
            "time":"17.10.2020 14:45:38",
            "turn-index":3,
            "utterance":"ぜぐ、まちがえた、ぜひ聞いてみてくれ。"
        },
        {
            "speaker":"S",
            "time":"17.10.2020 14:45:43",
            "turn-index":4,
            "utterance":"ええ"
        },
        {
            "speaker":"U",
            "time":"17.10.2020 14:46:24",
            "turn-index":5,
            "utterance":"幹事のことだよ。参加できる人いるでしょう。"
        },
        {
            "speaker":"S",
            "time":"17.10.2020 14:46:31",
            "turn-index":6,
            "utterance":"ちなみにどなたがいらっしゃるんですか？"
        },
        {
            "speaker":"U",
            "time":"17.10.2020 14:47:25",
            "turn-index":7,
            "utterance":"サークルの人たちだよ。"
        },
        {
            "speaker":"S",
            "time":"17.10.2020 14:47:34",
            "turn-index":8,
            "utterance":"結構集まりそうですね"
        },
        {
            "speaker":"U",
            "time":"17.10.2020 14:47:54",
            "turn-index":9,
            "utterance":"みんな集まりたいってさ。"
        },
        {
            "speaker":"S",
            "time":"17.10.2020 14:48:06",
            "turn-index":10,
            "utterance":"すみません、内定者インターンが忙しくて手が回りそうにないです"
        },
        {
            "speaker":"U",
            "time":"17.10.2020 14:48:43",
            "turn-index":11,
            "utterance":"そうだよなあ。無理はしなくていいからさ。そこをなんとかお願いします。"
        },
        {
            "speaker":"S",
            "time":"17.10.2020 14:48:54",
            "turn-index":12,
            "utterance":"大変ですけど、お給料出るのでどうにかやれてます笑"
        },
        {
            "speaker":"U",
            "time":"17.10.2020 14:49:15",
            "turn-index":13,
            "utterance":"頑張ってるらしいね。"
        },
        {
            "speaker":"S",
            "time":"17.10.2020 14:49:21",
            "turn-index":14,
            "utterance":"ちなみに、開催地とか決まっているんですか？"
        },
        {
            "speaker":"U",
            "time":"17.10.2020 14:49:49",
            "turn-index":15,
            "utterance":"大学の近くはどう？"
        },
        {
            "speaker":"S",
            "time":"17.10.2020 14:49:57",
            "turn-index":16,
            "utterance":"そうですそうです"
        },
        {
            "speaker":"U",
            "time":"17.10.2020 14:50:31",
            "turn-index":17,
            "utterance":"だよね。予約しやすいお店でいいからさ。"
        },
        {
            "speaker":"S",
            "time":"17.10.2020 14:50:37",
            "turn-index":18,
            "utterance":"言われてみればそうですね笑"
        },
        {
            "speaker":"U",
            "time":"17.10.2020 14:50:55",
            "turn-index":19,
            "utterance":"そりゃそうに決まってる。"
        },
        {
            "speaker":"S",
            "time":"17.10.2020 14:51:02",
            "turn-index":20,
            "utterance":"申し訳ないです😭"
        },
        {
            "speaker":"U",
            "time":"17.10.2020 14:51:21",
            "turn-index":21,
            "utterance":"どうしてもだめかな？"
        },
        {
            "speaker":"S",
            "time":"17.10.2020 14:51:30",
            "turn-index":22,
            "utterance":"応援してます🙏"
        },
        {
            "speaker":"U",
            "time":"17.10.2020 14:51:49",
            "turn-index":23,
            "utterance":"もちろんこっちも応援してるよ。"
        },
        {
            "speaker":"S",
            "time":"17.10.2020 14:51:57",
            "turn-index":24,
            "utterance":"了解です"
        },
        {
            "speaker":"U",
            "time":"17.10.2020 14:52:11",
            "turn-index":25,
            "utterance":"頼めるか。ありがとう。"
        },
        {
            "speaker":"S",
            "time":"17.10.2020 14:52:17",
            "turn-index":26,
            "utterance":"予算って決まってるんですか？"
        },
        {
            "speaker":"U",
            "time":"17.10.2020 14:53:26",
            "turn-index":27,
            "utterance":"うん。無理のない金額で。"
        },
        {
            "speaker":"S",
            "time":"17.10.2020 14:53:32",
            "turn-index":28,
            "utterance":"結構するんですね……"
        },
        {
            "speaker":"U",
            "time":"17.10.2020 14:54:00",
            "turn-index":29,
            "utterance":"給料もらってることだしさ。"
        },
        {
            "speaker":"S",
            "time":"17.10.2020 14:54:06",
            "turn-index":30,
            "utterance":"申し訳ないです😭"
        }
    ]
}