{
    "dialogue-id":"AKT_24",
    "group-id":"",
    "speaker-id":"Akitaka",
    "turns":[
        {
            "speaker":"S",
            "time":"17.10.2020 14:35:14",
            "turn-index":0,
            "utterance":"なんでしょう？？"
        },
        {
            "speaker":"U",
            "time":"17.10.2020 14:35:48",
            "turn-index":1,
            "utterance":"頼れる後輩のシンジにお願い事があってさ"
        },
        {
            "speaker":"S",
            "time":"17.10.2020 14:35:56",
            "turn-index":2,
            "utterance":"僕にですか？"
        },
        {
            "speaker":"U",
            "time":"17.10.2020 14:37:09",
            "turn-index":3,
            "utterance":"ああ、俺達のサークルって毎年同窓会を開いてるのは知ってるだろ？"
        },
        {
            "speaker":"S",
            "time":"17.10.2020 14:37:21",
            "turn-index":4,
            "utterance":"ええ"
        },
        {
            "speaker":"U",
            "time":"17.10.2020 14:38:14",
            "turn-index":5,
            "utterance":"良かった…その同窓会の幹事をさ、今年はシンジにやってもらえないかって思ってるんだ"
        },
        {
            "speaker":"S",
            "time":"17.10.2020 14:38:19",
            "turn-index":6,
            "utterance":"ちなみにどなたがいらっしゃるんですか？"
        },
        {
            "speaker":"U",
            "time":"17.10.2020 14:39:23",
            "turn-index":7,
            "utterance":"俺も含めてだいたい20から30人くらいになると思う"
        },
        {
            "speaker":"S",
            "time":"17.10.2020 14:39:32",
            "turn-index":8,
            "utterance":"結構集まりそうですね"
        },
        {
            "speaker":"U",
            "time":"17.10.2020 14:39:55",
            "turn-index":9,
            "utterance":"毎年そんな感じなんだけど、どうかな？"
        },
        {
            "speaker":"S",
            "time":"17.10.2020 14:40:04",
            "turn-index":10,
            "utterance":"そうでしたっけ笑"
        },
        {
            "speaker":"U",
            "time":"17.10.2020 14:41:17",
            "turn-index":11,
            "utterance":"多分そんなにバカみたいに大勢集まらないし、幹事もそんなに大変じゃないと思う"
        },
        {
            "speaker":"S",
            "time":"17.10.2020 14:41:24",
            "turn-index":12,
            "utterance":"ちなみに、開催地とか決まっているんですか？"
        },
        {
            "speaker":"U",
            "time":"17.10.2020 14:41:47",
            "turn-index":13,
            "utterance":"まだ全然決まってないから、そこも含めてシンジが好きに提案してくれていいぞ"
        },
        {
            "speaker":"S",
            "time":"17.10.2020 14:41:56",
            "turn-index":14,
            "utterance":"あーなるほど"
        },
        {
            "speaker":"U",
            "time":"17.10.2020 14:43:07",
            "turn-index":15,
            "utterance":"日時もそっちで決めてくれていいから"
        },
        {
            "speaker":"S",
            "time":"17.10.2020 14:43:17",
            "turn-index":16,
            "utterance":"うーん、先輩の代の方々いらっしゃるんですよね？"
        },
        {
            "speaker":"U",
            "time":"17.10.2020 14:44:24",
            "turn-index":17,
            "utterance":"来ると思うけど、シンジの代もジャンジャン集めて俺ら以上に盛り上がってほしい"
        },
        {
            "speaker":"S",
            "time":"17.10.2020 14:44:30",
            "turn-index":18,
            "utterance":"そうなんですね"
        },
        {
            "speaker":"U",
            "time":"17.10.2020 14:44:56",
            "turn-index":19,
            "utterance":"うん、後輩の卒業祝いって面もあるから"
        },
        {
            "speaker":"S",
            "time":"17.10.2020 14:45:05",
            "turn-index":20,
            "utterance":"後輩何人か紹介しましょうか？"
        },
        {
            "speaker":"U",
            "time":"17.10.2020 14:45:41",
            "turn-index":21,
            "utterance":"何人か覚えてるけど、幹事に一番向いていると思ったのはやっぱりシンジだよ"
        },
        {
            "speaker":"S",
            "time":"17.10.2020 14:45:46",
            "turn-index":22,
            "utterance":"あーなるほど"
        },
        {
            "speaker":"U",
            "time":"17.10.2020 14:46:03",
            "turn-index":23,
            "utterance":"どうか頼まれてもくれないかな？"
        },
        {
            "speaker":"S",
            "time":"17.10.2020 14:46:12",
            "turn-index":24,
            "utterance":"同窓会って結構派手に飲むじゃないですか？"
        },
        {
            "speaker":"U",
            "time":"17.10.2020 14:46:20",
            "turn-index":25,
            "utterance":"飲むね"
        },
        {
            "speaker":"S",
            "time":"17.10.2020 14:46:25",
            "turn-index":26,
            "utterance":"どうでしょう？"
        },
        {
            "speaker":"U",
            "time":"17.10.2020 14:46:49",
            "turn-index":27,
            "utterance":"さすがに後輩に迷惑かけるような飲み方はしないよう気を付けるから…・"
        },
        {
            "speaker":"S",
            "time":"17.10.2020 14:46:57",
            "turn-index":28,
            "utterance":"僕にですか？"
        },
        {
            "speaker":"U",
            "time":"17.10.2020 14:47:23",
            "turn-index":29,
            "utterance":"そう、あの代で一番まともだったシンジに頼みたいんだ"
        },
        {
            "speaker":"S",
            "time":"17.10.2020 14:47:32",
            "turn-index":30,
            "utterance":"あーなるほど"
        }
    ]
}