{
    "dialogue-id":"AKT_09",
    "group-id":"",
    "speaker-id":"Akitaka",
    "turns":[
        {
            "speaker":"S",
            "time":"17.10.2020 14:53:00",
            "turn-index":0,
            "utterance":"なんでしょう？？"
        },
        {
            "speaker":"U",
            "time":"17.10.2020 14:54:33",
            "turn-index":1,
            "utterance":"こんど同窓会をするのだけれどさ"
        },
        {
            "speaker":"S",
            "time":"17.10.2020 14:54:37",
            "turn-index":2,
            "utterance":"ええ"
        },
        {
            "speaker":"U",
            "time":"17.10.2020 14:55:01",
            "turn-index":3,
            "utterance":"その...幹事を任せたいと思っているのだけれど"
        },
        {
            "speaker":"S",
            "time":"17.10.2020 14:55:08",
            "turn-index":4,
            "utterance":"あまり詳しくないんですよ"
        },
        {
            "speaker":"U",
            "time":"17.10.2020 14:55:55",
            "turn-index":5,
            "utterance":"頼めるのがお前しかいなくてさ。どうかな？"
        },
        {
            "speaker":"S",
            "time":"17.10.2020 14:56:02",
            "turn-index":6,
            "utterance":"できそうにないです、すみません"
        },
        {
            "speaker":"U",
            "time":"17.10.2020 14:56:28",
            "turn-index":7,
            "utterance":"いや、そう言わずになんとかならないかな？"
        },
        {
            "speaker":"S",
            "time":"17.10.2020 14:56:34",
            "turn-index":8,
            "utterance":"いやー厳しいです😭"
        },
        {
            "speaker":"U",
            "time":"17.10.2020 14:57:11",
            "turn-index":9,
            "utterance":"めんどくさいことはわかるんだけどどうかなぁ？"
        },
        {
            "speaker":"S",
            "time":"17.10.2020 14:57:19",
            "turn-index":10,
            "utterance":"単純な興味で……"
        },
        {
            "speaker":"U",
            "time":"17.10.2020 14:58:12",
            "turn-index":11,
            "utterance":"今度、おごるからさ。"
        },
        {
            "speaker":"S",
            "time":"17.10.2020 14:58:19",
            "turn-index":12,
            "utterance":"ちなみにどなたがいらっしゃるんですか？"
        },
        {
            "speaker":"U",
            "time":"17.10.2020 14:59:12",
            "turn-index":13,
            "utterance":"半分以上は来る予定だと思うけど、気になる人とかいるのか？"
        },
        {
            "speaker":"S",
            "time":"17.10.2020 14:59:19",
            "turn-index":14,
            "utterance":"結構集まりそうですね"
        },
        {
            "speaker":"U",
            "time":"17.10.2020 14:59:52",
            "turn-index":15,
            "utterance":"そうだなぁ。結構集まると思うなぁ。"
        },
        {
            "speaker":"S",
            "time":"17.10.2020 15:00:01",
            "turn-index":16,
            "utterance":"すみません、内定者インターンが忙しくて手が回りそうにないです"
        },
        {
            "speaker":"U",
            "time":"17.10.2020 15:00:37",
            "turn-index":17,
            "utterance":"そこをなんとか、やりくりしてもらって。なんとか、頼むよ。"
        },
        {
            "speaker":"S",
            "time":"17.10.2020 15:00:44",
            "turn-index":18,
            "utterance":"頑張ってください"
        },
        {
            "speaker":"U",
            "time":"17.10.2020 15:01:09",
            "turn-index":19,
            "utterance":"俺も頑張るけど、お前も頑張れよ。どうかなぁ？"
        },
        {
            "speaker":"S",
            "time":"17.10.2020 15:01:18",
            "turn-index":20,
            "utterance":"先輩の代で出来る方いらっしゃらないんですか？"
        },
        {
            "speaker":"U",
            "time":"17.10.2020 15:01:46",
            "turn-index":21,
            "utterance":"それが、家族持ちが多くて難しいんだよ。"
        },
        {
            "speaker":"S",
            "time":"17.10.2020 15:01:53",
            "turn-index":22,
            "utterance":"大変ですね……"
        },
        {
            "speaker":"U",
            "time":"17.10.2020 15:03:01",
            "turn-index":23,
            "utterance":"ひとり身のお前ならなんとか時間が取れると思って、頼んでいるわけさ。"
        },
        {
            "speaker":"S",
            "time":"17.10.2020 15:03:12",
            "turn-index":24,
            "utterance":"後輩何人か紹介しましょうか？"
        },
        {
            "speaker":"U",
            "time":"17.10.2020 15:03:45",
            "turn-index":25,
            "utterance":"いや、ほかのやつは、ちょっと..な。癖があるというか。おまえがいいんだよ。"
        },
        {
            "speaker":"S",
            "time":"17.10.2020 15:03:53",
            "turn-index":26,
            "utterance":"じゃあ僕の方からお願いしましょうか？"
        },
        {
            "speaker":"U",
            "time":"17.10.2020 15:04:35",
            "turn-index":27,
            "utterance":"手伝ってもらうのは構わないんだが、あくまでも幹事はお前ということでやってもらいたいんだよ。"
        },
        {
            "speaker":"S",
            "time":"17.10.2020 15:04:44",
            "turn-index":28,
            "utterance":"あーなるほど"
        },
        {
            "speaker":"U",
            "time":"17.10.2020 15:04:57",
            "turn-index":29,
            "utterance":"引き受けてくれるか？"
        },
        {
            "speaker":"S",
            "time":"17.10.2020 15:05:05",
            "turn-index":30,
            "utterance":"春休みですよね？　うーん"
        },
        {
            "speaker":"U",
            "time":"17.10.2020 15:05:16",
            "turn-index":31,
            "utterance":"なんとか、頼むよ。"
        },
        {
            "speaker":"S",
            "time":"17.10.2020 15:05:21",
            "turn-index":32,
            "utterance":"ええ"
        }
    ]
}