{
    "dialogue-id":"AKT_01",
    "group-id":"",
    "speaker-id":"Akitaka",
    "turns":[
        {
            "speaker":"S",
            "time":"17.10.2020 15:07:01",
            "turn-index":0,
            "utterance":"なんでしょう？？"
        },
        {
            "speaker":"U",
            "time":"17.10.2020 15:07:40",
            "turn-index":1,
            "utterance":"久しぶりだな。元気だったか？"
        },
        {
            "speaker":"S",
            "time":"17.10.2020 15:07:49",
            "turn-index":2,
            "utterance":"ちょっとまだわからないです"
        },
        {
            "speaker":"U",
            "time":"17.10.2020 15:08:31",
            "turn-index":3,
            "utterance":"なんか悩みがあるのか？久しぶりにみんなで会って話さないか？"
        },
        {
            "speaker":"S",
            "time":"17.10.2020 15:08:40",
            "turn-index":4,
            "utterance":"僕にですか？"
        },
        {
            "speaker":"U",
            "time":"17.10.2020 15:09:12",
            "turn-index":5,
            "utterance":"お前に頼みたいこともあるんだ。聞いてくれるか？"
        },
        {
            "speaker":"S",
            "time":"17.10.2020 15:09:21",
            "turn-index":6,
            "utterance":"そうですよね、すいません"
        },
        {
            "speaker":"U",
            "time":"17.10.2020 15:10:22",
            "turn-index":7,
            "utterance":"謝ることはないよ。久しぶりにサークルの同好会で集まりたいんだが。幹事をやってくれないか？"
        },
        {
            "speaker":"S",
            "time":"17.10.2020 15:10:31",
            "turn-index":8,
            "utterance":"ええ"
        },
        {
            "speaker":"U",
            "time":"17.10.2020 15:11:22",
            "turn-index":9,
            "utterance":"急な話ですまん。みんなの連絡先は俺が知ってるから。サポートはするからさ。"
        },
        {
            "speaker":"S",
            "time":"17.10.2020 15:11:29",
            "turn-index":10,
            "utterance":"そういわれましても……"
        },
        {
            "speaker":"U",
            "time":"17.10.2020 15:12:33",
            "turn-index":11,
            "utterance":"中心メンバーには俺から声をかけておくからさ。幹事やってくれるか？"
        },
        {
            "speaker":"S",
            "time":"17.10.2020 15:12:39",
            "turn-index":12,
            "utterance":"結構集まりそうですね"
        },
        {
            "speaker":"U",
            "time":"17.10.2020 15:13:27",
            "turn-index":13,
            "utterance":"忙しいなら。お前の日程優先でいいからさ。幹事をしてくれないか"
        },
        {
            "speaker":"S",
            "time":"17.10.2020 15:13:36",
            "turn-index":14,
            "utterance":"先輩の代で出来る方いらっしゃらないんですか？"
        },
        {
            "speaker":"U",
            "time":"17.10.2020 15:15:00",
            "turn-index":15,
            "utterance":"みんな順番にやってきててさ。若い奴らが幹事やってくれれば新しい感じになるからさ。"
        },
        {
            "speaker":"S",
            "time":"17.10.2020 15:15:10",
            "turn-index":16,
            "utterance":"大変ですね……"
        },
        {
            "speaker":"U",
            "time":"17.10.2020 15:15:38",
            "turn-index":17,
            "utterance":"何でも協力するからさ。頼むよ。"
        },
        {
            "speaker":"S",
            "time":"17.10.2020 15:15:45",
            "turn-index":18,
            "utterance":"予算って決まってるんですか？"
        },
        {
            "speaker":"U",
            "time":"17.10.2020 15:16:18",
            "turn-index":19,
            "utterance":"決まってないが、大体一人5000円くらいの予算で今までやってるよ。"
        },
        {
            "speaker":"S",
            "time":"17.10.2020 15:16:27",
            "turn-index":20,
            "utterance":"ちなみに、開催地とか決まっているんですか？"
        },
        {
            "speaker":"U",
            "time":"17.10.2020 15:17:11",
            "turn-index":21,
            "utterance":"決まってないよ。お前の家の周辺でもいいし。駅近ならどこでもいいよ。"
        },
        {
            "speaker":"S",
            "time":"17.10.2020 15:17:16",
            "turn-index":22,
            "utterance":"あーなるほど"
        },
        {
            "speaker":"U",
            "time":"17.10.2020 15:17:55",
            "turn-index":23,
            "utterance":"何でも聞いてくれればいいし。協力もするよ。気楽にやってみてくれ"
        },
        {
            "speaker":"S",
            "time":"17.10.2020 15:18:04",
            "turn-index":24,
            "utterance":"うーん、先輩の代の方々いらっしゃるんですよね？"
        },
        {
            "speaker":"U",
            "time":"17.10.2020 15:18:56",
            "turn-index":25,
            "utterance":"気を使わなくていいよ。俺の代の奴らは束ねておくからさ"
        },
        {
            "speaker":"S",
            "time":"17.10.2020 15:19:04",
            "turn-index":26,
            "utterance":"そうなんですね"
        },
        {
            "speaker":"U",
            "time":"17.10.2020 15:19:36",
            "turn-index":27,
            "utterance":"安心して。幹事をやってくれよ"
        },
        {
            "speaker":"S",
            "time":"17.10.2020 15:19:45",
            "turn-index":28,
            "utterance":"流石に申し訳ないです😭"
        },
        {
            "speaker":"U",
            "time":"17.10.2020 15:20:11",
            "turn-index":29,
            "utterance":"大丈夫。大船にのったつもりで幹事やろうぜ"
        },
        {
            "speaker":"S",
            "time":"17.10.2020 15:20:16",
            "turn-index":30,
            "utterance":"マジですか……"
        }
    ]
}