{
    "dialogue-id":"AKT_40",
    "group-id":"",
    "speaker-id":"Akitaka",
    "turns":[
        {
            "speaker":"S",
            "time":"17.10.2020 15:23:38",
            "turn-index":0,
            "utterance":"なんでしょう？？"
        },
        {
            "speaker":"U",
            "time":"17.10.2020 15:24:18",
            "turn-index":1,
            "utterance":"今朝は寒かったですね"
        },
        {
            "speaker":"S",
            "time":"17.10.2020 15:24:27",
            "turn-index":2,
            "utterance":"どうにかやってます😇"
        },
        {
            "speaker":"U",
            "time":"17.10.2020 15:25:02",
            "turn-index":3,
            "utterance":"私も重ね着をしてなんとか過ごしています。"
        },
        {
            "speaker":"S",
            "time":"17.10.2020 15:25:08",
            "turn-index":4,
            "utterance":"マジですか……"
        },
        {
            "speaker":"U",
            "time":"17.10.2020 15:25:43",
            "turn-index":5,
            "utterance":"13℃くらいだったので😅"
        },
        {
            "speaker":"S",
            "time":"17.10.2020 15:25:53",
            "turn-index":6,
            "utterance":"３人ぐらいなら当てがあります"
        },
        {
            "speaker":"U",
            "time":"17.10.2020 15:26:38",
            "turn-index":7,
            "utterance":"3人もですか？"
        },
        {
            "speaker":"S",
            "time":"17.10.2020 15:26:45",
            "turn-index":8,
            "utterance":"そうでしたっけ笑"
        },
        {
            "speaker":"U",
            "time":"17.10.2020 15:27:17",
            "turn-index":9,
            "utterance":"可笑しいですか？"
        },
        {
            "speaker":"S",
            "time":"17.10.2020 15:27:23",
            "turn-index":10,
            "utterance":"すいません……"
        },
        {
            "speaker":"U",
            "time":"17.10.2020 15:27:50",
            "turn-index":11,
            "utterance":"いえいえ、風邪を引かないようにお互い気をつけましょう。"
        },
        {
            "speaker":"S",
            "time":"17.10.2020 15:27:56",
            "turn-index":12,
            "utterance":"了解です"
        },
        {
            "speaker":"U",
            "time":"17.10.2020 15:28:17",
            "turn-index":13,
            "utterance":"昼食は何を食べましたか？"
        },
        {
            "speaker":"S",
            "time":"17.10.2020 15:28:26",
            "turn-index":14,
            "utterance":"その時期になってみないとわからないので……"
        },
        {
            "speaker":"U",
            "time":"17.10.2020 15:29:04",
            "turn-index":15,
            "utterance":"私はパスタを食べました。"
        },
        {
            "speaker":"S",
            "time":"17.10.2020 15:29:13",
            "turn-index":16,
            "utterance":"確かにそうですね"
        },
        {
            "speaker":"U",
            "time":"17.10.2020 15:29:56",
            "turn-index":17,
            "utterance":"秋なので食べ過ぎに注意😅"
        },
        {
            "speaker":"S",
            "time":"17.10.2020 15:30:06",
            "turn-index":18,
            "utterance":"内定者インターンとかがあって忙しいです😂"
        },
        {
            "speaker":"U",
            "time":"17.10.2020 15:30:25",
            "turn-index":19,
            "utterance":"今、忙しい時期なんですね。"
        },
        {
            "speaker":"S",
            "time":"17.10.2020 15:30:35",
            "turn-index":20,
            "utterance":"僕スケジュール管理苦手なので忙しくなってると思います😇"
        },
        {
            "speaker":"U",
            "time":"17.10.2020 15:31:19",
            "turn-index":21,
            "utterance":"大変そう😓"
        },
        {
            "speaker":"S",
            "time":"17.10.2020 15:31:25",
            "turn-index":22,
            "utterance":"結構忙しいです😇"
        },
        {
            "speaker":"U",
            "time":"17.10.2020 15:31:57",
            "turn-index":23,
            "utterance":"風邪引かないようにしっかり寝てください。"
        },
        {
            "speaker":"S",
            "time":"17.10.2020 15:32:05",
            "turn-index":24,
            "utterance":"僕の入る会社、結構忙しいらしいんですよ😇"
        },
        {
            "speaker":"U",
            "time":"17.10.2020 15:32:26",
            "turn-index":25,
            "utterance":"大変だ😰"
        },
        {
            "speaker":"S",
            "time":"17.10.2020 15:32:35",
            "turn-index":26,
            "utterance":"どうにかやってます😇"
        },
        {
            "speaker":"U",
            "time":"17.10.2020 15:32:47",
            "turn-index":27,
            "utterance":"頑張っているんですね"
        },
        {
            "speaker":"S",
            "time":"17.10.2020 15:32:52",
            "turn-index":28,
            "utterance":"頑張ります😇"
        },
        {
            "speaker":"U",
            "time":"17.10.2020 15:33:08",
            "turn-index":29,
            "utterance":"応援しています。"
        },
        {
            "speaker":"S",
            "time":"17.10.2020 15:33:17",
            "turn-index":30,
            "utterance":"マジですか……"
        },
        {
            "speaker":"U",
            "time":"17.10.2020 15:33:22",
            "turn-index":31,
            "utterance":"マジです"
        },
        {
            "speaker":"S",
            "time":"17.10.2020 15:33:30",
            "turn-index":32,
            "utterance":"正直嫌です"
        }
    ]
}