{
    "dialogue-id":"AKT_41",
    "group-id":"",
    "speaker-id":"Akitaka",
    "turns":[
        {
            "speaker":"S",
            "time":"17.10.2020 16:34:48",
            "turn-index":0,
            "utterance":"なんでしょう？？"
        },
        {
            "speaker":"U",
            "time":"17.10.2020 16:36:27",
            "turn-index":1,
            "utterance":"もうすぐ"
        },
        {
            "speaker":"S",
            "time":"17.10.2020 16:36:32",
            "turn-index":2,
            "utterance":"頼みたいことってなんですか？"
        },
        {
            "speaker":"U",
            "time":"17.10.2020 16:37:04",
            "turn-index":3,
            "utterance":"サークルの皆であつまりたいなと思ってさ"
        },
        {
            "speaker":"S",
            "time":"17.10.2020 16:37:14",
            "turn-index":4,
            "utterance":"いいっすね。楽しそう"
        },
        {
            "speaker":"U",
            "time":"17.10.2020 16:38:01",
            "turn-index":5,
            "utterance":"だよね！だから同窓会なんてどうよ"
        },
        {
            "speaker":"S",
            "time":"17.10.2020 16:38:10",
            "turn-index":6,
            "utterance":"ええ"
        },
        {
            "speaker":"U",
            "time":"17.10.2020 16:38:50",
            "turn-index":7,
            "utterance":"そこで君が幹事に適任だと"
        },
        {
            "speaker":"S",
            "time":"17.10.2020 16:38:55",
            "turn-index":8,
            "utterance":"ちなみにどなたがいらっしゃるんですか？"
        },
        {
            "speaker":"U",
            "time":"17.10.2020 16:39:34",
            "turn-index":9,
            "utterance":"多分知ってる顔あたりだけだと"
        },
        {
            "speaker":"S",
            "time":"17.10.2020 16:39:43",
            "turn-index":10,
            "utterance":"結構集まりそうですね"
        },
        {
            "speaker":"U",
            "time":"17.10.2020 16:40:59",
            "turn-index":11,
            "utterance":"難しい人はいないから幹事引き受けてもらえないかな"
        },
        {
            "speaker":"S",
            "time":"17.10.2020 16:41:08",
            "turn-index":12,
            "utterance":"先輩顔広いじゃないですか"
        },
        {
            "speaker":"U",
            "time":"17.10.2020 16:41:54",
            "turn-index":13,
            "utterance":"仕事もあるから難しいんだ"
        },
        {
            "speaker":"S",
            "time":"17.10.2020 16:42:05",
            "turn-index":14,
            "utterance":"先輩も大変ですね"
        },
        {
            "speaker":"U",
            "time":"17.10.2020 16:42:23",
            "turn-index":15,
            "utterance":"社会は厳しいからね。"
        },
        {
            "speaker":"S",
            "time":"17.10.2020 16:42:29",
            "turn-index":16,
            "utterance":"応援してます🙏"
        },
        {
            "speaker":"U",
            "time":"17.10.2020 16:42:57",
            "turn-index":17,
            "utterance":"ありがとう、じゃあ引き受けてもらえるんだね"
        },
        {
            "speaker":"S",
            "time":"17.10.2020 16:43:05",
            "turn-index":18,
            "utterance":"マジですか……"
        },
        {
            "speaker":"U",
            "time":"17.10.2020 16:43:43",
            "turn-index":19,
            "utterance":"うん、絶対君ならうまくやれると思うんだ！"
        },
        {
            "speaker":"S",
            "time":"17.10.2020 16:43:50",
            "turn-index":20,
            "utterance":"ちなみに、開催地とか決まっているんですか？"
        },
        {
            "speaker":"U",
            "time":"17.10.2020 16:44:13",
            "turn-index":21,
            "utterance":"うん、無難なところで構わないと思う。"
        },
        {
            "speaker":"S",
            "time":"17.10.2020 16:44:22",
            "turn-index":22,
            "utterance":"あーなるほど"
        },
        {
            "speaker":"U",
            "time":"17.10.2020 16:44:58",
            "turn-index":23,
            "utterance":"やりやすいようにやってもらって構わないよ。"
        },
        {
            "speaker":"S",
            "time":"17.10.2020 16:45:10",
            "turn-index":24,
            "utterance":"うーん、先輩の代の方々いらっしゃるんですよね？"
        },
        {
            "speaker":"U",
            "time":"17.10.2020 16:46:01",
            "turn-index":25,
            "utterance":"みんなやりたがってるのは確かだから来るんじゃないかな。"
        },
        {
            "speaker":"S",
            "time":"17.10.2020 16:46:08",
            "turn-index":26,
            "utterance":"そうなんですね"
        },
        {
            "speaker":"U",
            "time":"17.10.2020 16:46:46",
            "turn-index":27,
            "utterance":"君は可愛がられるタイプだから心配ないよ！"
        },
        {
            "speaker":"S",
            "time":"17.10.2020 16:46:55",
            "turn-index":28,
            "utterance":"先輩の代で出来る方いらっしゃらないんですか？"
        },
        {
            "speaker":"U",
            "time":"17.10.2020 16:47:45",
            "turn-index":29,
            "utterance":"何人かは来ると思うよ"
        },
        {
            "speaker":"S",
            "time":"17.10.2020 16:47:56",
            "turn-index":30,
            "utterance":"申し訳ないんですが、幹事の件は他の方にお願いしてもらえませんか？"
        }
    ]
}