{
    "dialogue-id":"AKT_11",
    "group-id":"",
    "speaker-id":"Akitaka",
    "turns":[
        {
            "speaker":"S",
            "time":"17.10.2020 14:17:31",
            "turn-index":0,
            "utterance":"なんでしょう？？"
        },
        {
            "speaker":"U",
            "time":"17.10.2020 14:17:53",
            "turn-index":1,
            "utterance":"今度同窓会を開催しようと思っているんだけど。"
        },
        {
            "speaker":"S",
            "time":"17.10.2020 14:18:00",
            "turn-index":2,
            "utterance":"ええ"
        },
        {
            "speaker":"U",
            "time":"17.10.2020 14:18:19",
            "turn-index":3,
            "utterance":"その同窓会の幹事をやってくれないかな？"
        },
        {
            "speaker":"S",
            "time":"17.10.2020 14:18:31",
            "turn-index":4,
            "utterance":"同窓会って結構派手に飲むじゃないですか？"
        },
        {
            "speaker":"U",
            "time":"17.10.2020 14:18:45",
            "turn-index":5,
            "utterance":"そうだね。人によると思うけど。"
        },
        {
            "speaker":"S",
            "time":"17.10.2020 14:18:56",
            "turn-index":6,
            "utterance":"そういったことは控えるように就職先から言われているので……"
        },
        {
            "speaker":"U",
            "time":"17.10.2020 14:19:53",
            "turn-index":7,
            "utterance":"飲みすぎないように注意すれば大丈夫だよ。"
        },
        {
            "speaker":"S",
            "time":"17.10.2020 14:20:03",
            "turn-index":8,
            "utterance":"僕の入る会社、結構忙しいらしいんですよ😇"
        },
        {
            "speaker":"U",
            "time":"17.10.2020 14:20:42",
            "turn-index":9,
            "utterance":"でもまだ働いていないよね。"
        },
        {
            "speaker":"S",
            "time":"17.10.2020 14:20:52",
            "turn-index":10,
            "utterance":"大変ですね……"
        },
        {
            "speaker":"U",
            "time":"17.10.2020 14:21:07",
            "turn-index":11,
            "utterance":"大変になるかもね。"
        },
        {
            "speaker":"S",
            "time":"17.10.2020 14:21:15",
            "turn-index":12,
            "utterance":"応援してます🙏"
        },
        {
            "speaker":"U",
            "time":"17.10.2020 14:21:21",
            "turn-index":13,
            "utterance":"ありがとう。"
        },
        {
            "speaker":"S",
            "time":"17.10.2020 14:21:29",
            "turn-index":14,
            "utterance":"３年生は呼ぶんですか？"
        },
        {
            "speaker":"U",
            "time":"17.10.2020 14:21:44",
            "turn-index":15,
            "utterance":"同窓会だから呼ばないよ。"
        },
        {
            "speaker":"S",
            "time":"17.10.2020 14:21:50",
            "turn-index":16,
            "utterance":"ええ"
        },
        {
            "speaker":"U",
            "time":"17.10.2020 14:22:05",
            "turn-index":17,
            "utterance":"幹事引き受けてくれるかな？"
        },
        {
            "speaker":"S",
            "time":"17.10.2020 14:22:16",
            "turn-index":18,
            "utterance":"僕に聞かれましても😇"
        },
        {
            "speaker":"U",
            "time":"17.10.2020 14:22:35",
            "turn-index":19,
            "utterance":"えーと、君に頼んでいるんだ。"
        },
        {
            "speaker":"S",
            "time":"17.10.2020 14:22:44",
            "turn-index":20,
            "utterance":"先輩の代で出来る方いらっしゃらないんですか？"
        },
        {
            "speaker":"U",
            "time":"17.10.2020 14:23:13",
            "turn-index":21,
            "utterance":"僕は卒業してだいぶ経つから現役のほうがいいと思って。"
        },
        {
            "speaker":"S",
            "time":"17.10.2020 14:23:22",
            "turn-index":22,
            "utterance":"みなさん大変ですね……"
        },
        {
            "speaker":"U",
            "time":"17.10.2020 14:23:34",
            "turn-index":23,
            "utterance":"大変だと思うよ、"
        },
        {
            "speaker":"S",
            "time":"17.10.2020 14:23:43",
            "turn-index":24,
            "utterance":"すみません、内定者インターンが忙しくて手が回りそうにないです"
        },
        {
            "speaker":"U",
            "time":"17.10.2020 14:23:57",
            "turn-index":25,
            "utterance":"忙しいときはフォローするから。"
        },
        {
            "speaker":"S",
            "time":"17.10.2020 14:24:05",
            "turn-index":26,
            "utterance":"なるほど"
        },
        {
            "speaker":"U",
            "time":"17.10.2020 14:24:20",
            "turn-index":27,
            "utterance":"じゃあ、引き受けてくれるね、"
        },
        {
            "speaker":"S",
            "time":"17.10.2020 14:24:27",
            "turn-index":28,
            "utterance":"あまり詳しくないんですよ"
        },
        {
            "speaker":"U",
            "time":"17.10.2020 14:24:47",
            "turn-index":29,
            "utterance":"判らない事があれば教えるから。"
        },
        {
            "speaker":"S",
            "time":"17.10.2020 14:24:55",
            "turn-index":30,
            "utterance":"マジですか……"
        }
    ]
}