{
    "dialogue-id":"AKT_12",
    "group-id":"",
    "speaker-id":"Akitaka",
    "turns":[
        {
            "speaker":"S",
            "time":"17.10.2020 15:07:29",
            "turn-index":0,
            "utterance":"なんでしょう？？"
        },
        {
            "speaker":"U",
            "time":"17.10.2020 15:07:58",
            "turn-index":1,
            "utterance":"実は、サークルの同窓会の幹事を頼みたいんだけど"
        },
        {
            "speaker":"S",
            "time":"17.10.2020 15:08:04",
            "turn-index":2,
            "utterance":"同窓会あるんですか？"
        },
        {
            "speaker":"U",
            "time":"17.10.2020 15:08:37",
            "turn-index":3,
            "utterance":"毎年のことだから、今年もやるよ"
        },
        {
            "speaker":"S",
            "time":"17.10.2020 15:08:42",
            "turn-index":4,
            "utterance":"ええ"
        },
        {
            "speaker":"U",
            "time":"17.10.2020 15:09:30",
            "turn-index":5,
            "utterance":"楽しみにしてるＯＢ、ＯＧもいるからね"
        },
        {
            "speaker":"S",
            "time":"17.10.2020 15:09:36",
            "turn-index":6,
            "utterance":"ちなみにどなたがいらっしゃるんですか？"
        },
        {
            "speaker":"U",
            "time":"17.10.2020 15:10:16",
            "turn-index":7,
            "utterance":"古い人だと小林さんとか、知ってるでしょ？"
        },
        {
            "speaker":"S",
            "time":"17.10.2020 15:10:26",
            "turn-index":8,
            "utterance":"結構集まりそうですね"
        },
        {
            "speaker":"U",
            "time":"17.10.2020 15:10:41",
            "turn-index":9,
            "utterance":"毎年５０人くらいかな"
        },
        {
            "speaker":"S",
            "time":"17.10.2020 15:10:47",
            "turn-index":10,
            "utterance":"そうでしたっけ笑"
        },
        {
            "speaker":"U",
            "time":"17.10.2020 15:11:02",
            "turn-index":11,
            "utterance":"毎年そうだよ"
        },
        {
            "speaker":"S",
            "time":"17.10.2020 15:11:12",
            "turn-index":12,
            "utterance":"場所って決まってるんですか？"
        },
        {
            "speaker":"U",
            "time":"17.10.2020 15:11:25",
            "turn-index":13,
            "utterance":"場所は任せるよ"
        },
        {
            "speaker":"S",
            "time":"17.10.2020 15:11:30",
            "turn-index":14,
            "utterance":"困りますね😅"
        },
        {
            "speaker":"U",
            "time":"17.10.2020 15:13:00",
            "turn-index":15,
            "utterance":"なんとか頼むよ。卒業の年代がやることになってるんだから"
        },
        {
            "speaker":"S",
            "time":"17.10.2020 15:13:13",
            "turn-index":16,
            "utterance":"すみません、内定者インターンが忙しくて手が回りそうにないです"
        },
        {
            "speaker":"U",
            "time":"17.10.2020 15:14:04",
            "turn-index":17,
            "utterance":"内定者インターンってなに？"
        },
        {
            "speaker":"S",
            "time":"17.10.2020 15:14:12",
            "turn-index":18,
            "utterance":"結構忙しい会社らしいんですよね"
        },
        {
            "speaker":"U",
            "time":"17.10.2020 15:14:28",
            "turn-index":19,
            "utterance":"忙しいのはみんな一緒だよ"
        },
        {
            "speaker":"S",
            "time":"17.10.2020 15:14:37",
            "turn-index":20,
            "utterance":"いやー、やってみないとわからないので……"
        },
        {
            "speaker":"U",
            "time":"17.10.2020 15:15:15",
            "turn-index":21,
            "utterance":"一人で全部やる必要はないんだから"
        },
        {
            "speaker":"S",
            "time":"17.10.2020 15:15:25",
            "turn-index":22,
            "utterance":"後輩何人か紹介しましょうか？"
        },
        {
            "speaker":"U",
            "time":"17.10.2020 15:16:42",
            "turn-index":23,
            "utterance":"僕に紹介しなくていいよ。清水が一緒に漢字をやるメンバーを選んでいいよ"
        },
        {
            "speaker":"S",
            "time":"17.10.2020 15:16:48",
            "turn-index":24,
            "utterance":"あーなるほど"
        },
        {
            "speaker":"U",
            "time":"17.10.2020 15:17:45",
            "turn-index":25,
            "utterance":"３人程度で、協力して幹事をやればいい"
        },
        {
            "speaker":"S",
            "time":"17.10.2020 15:17:53",
            "turn-index":26,
            "utterance":"幹事やるイメージが全然わかないんですけど"
        },
        {
            "speaker":"U",
            "time":"17.10.2020 15:18:49",
            "turn-index":27,
            "utterance":"何をやるか決まりはないから"
        },
        {
            "speaker":"S",
            "time":"17.10.2020 15:18:56",
            "turn-index":28,
            "utterance":"そうなんですね"
        },
        {
            "speaker":"U",
            "time":"17.10.2020 15:19:13",
            "turn-index":29,
            "utterance":"メンバーで相談して決めればいい"
        },
        {
            "speaker":"S",
            "time":"17.10.2020 15:19:19",
            "turn-index":30,
            "utterance":"いやー厳しいです😭"
        }
    ]
}