{
    "dialogue-id":"AKT_46",
    "group-id":"",
    "speaker-id":"Akitaka",
    "turns":[
        {
            "speaker":"S",
            "time":"17.10.2020 14:32:06",
            "turn-index":0,
            "utterance":"なんでしょう？？"
        },
        {
            "speaker":"U",
            "time":"17.10.2020 14:33:00",
            "turn-index":1,
            "utterance":"サークルの同窓会をしたいなと思ってるんだけど、"
        },
        {
            "speaker":"S",
            "time":"17.10.2020 14:33:11",
            "turn-index":2,
            "utterance":"僕たちの代も参加できるやつですか？"
        },
        {
            "speaker":"U",
            "time":"17.10.2020 14:33:47",
            "turn-index":3,
            "utterance":"そうそう。それで、幹事を頼めないかなと思って。"
        },
        {
            "speaker":"S",
            "time":"17.10.2020 14:33:54",
            "turn-index":4,
            "utterance":"そうなんですね"
        },
        {
            "speaker":"U",
            "time":"17.10.2020 14:34:16",
            "turn-index":5,
            "utterance":"卒業しちゃうとなかなか時間を取れないからさ。"
        },
        {
            "speaker":"S",
            "time":"17.10.2020 14:34:24",
            "turn-index":6,
            "utterance":"あー"
        },
        {
            "speaker":"U",
            "time":"17.10.2020 14:34:38",
            "turn-index":7,
            "utterance":"学生さんのうちに、一回、幹事の経験してみないかい？"
        },
        {
            "speaker":"S",
            "time":"17.10.2020 14:34:50",
            "turn-index":8,
            "utterance":"同窓会って結構派手に飲むじゃないですか？"
        },
        {
            "speaker":"U",
            "time":"17.10.2020 14:35:01",
            "turn-index":9,
            "utterance":"うん？"
        },
        {
            "speaker":"S",
            "time":"17.10.2020 14:35:12",
            "turn-index":10,
            "utterance":"配属が地方だと引っ越さなくちゃいけないので……"
        },
        {
            "speaker":"U",
            "time":"17.10.2020 14:35:28",
            "turn-index":11,
            "utterance":"もう移動の日が決まってるの？"
        },
        {
            "speaker":"S",
            "time":"17.10.2020 14:35:36",
            "turn-index":12,
            "utterance":"メガベンチャーって言われているところです"
        },
        {
            "speaker":"U",
            "time":"17.10.2020 14:36:17",
            "turn-index":13,
            "utterance":"なるほど、"
        },
        {
            "speaker":"S",
            "time":"17.10.2020 14:36:22",
            "turn-index":14,
            "utterance":"どうでしょう？"
        },
        {
            "speaker":"U",
            "time":"17.10.2020 14:36:43",
            "turn-index":15,
            "utterance":"頑張ってみなよ。ところで日程はみんなの都合を聞いてまとめてみてよ。"
        },
        {
            "speaker":"S",
            "time":"17.10.2020 14:36:50",
            "turn-index":16,
            "utterance":"ええ"
        },
        {
            "speaker":"U",
            "time":"17.10.2020 14:37:07",
            "turn-index":17,
            "utterance":"じゃあ、幹事を引き受けてくれる？"
        },
        {
            "speaker":"S",
            "time":"17.10.2020 14:37:18",
            "turn-index":18,
            "utterance":"僕に聞かれましても😇"
        },
        {
            "speaker":"U",
            "time":"17.10.2020 14:37:46",
            "turn-index":19,
            "utterance":"いや、君がするかしないかなんだから、君に聞かないと駄目でしょ。"
        },
        {
            "speaker":"S",
            "time":"17.10.2020 14:37:56",
            "turn-index":20,
            "utterance":"先輩の代で出来る方いらっしゃらないんですか？"
        },
        {
            "speaker":"U",
            "time":"17.10.2020 14:38:18",
            "turn-index":21,
            "utterance":"僕の代だとなかなか話がまとまらないんだよ。"
        },
        {
            "speaker":"S",
            "time":"17.10.2020 14:38:24",
            "turn-index":22,
            "utterance":"大変ですね……"
        },
        {
            "speaker":"U",
            "time":"17.10.2020 14:38:33",
            "turn-index":23,
            "utterance":"大変です。なので頼りたいんだよね。"
        },
        {
            "speaker":"S",
            "time":"17.10.2020 14:38:42",
            "turn-index":24,
            "utterance":"すみません、内定者インターンが忙しくて手が回りそうにないです"
        },
        {
            "speaker":"U",
            "time":"17.10.2020 14:39:56",
            "turn-index":25,
            "utterance":"そういう時期なのはわかるけど、社会人になってからのいい経験になるよ。"
        },
        {
            "speaker":"S",
            "time":"17.10.2020 14:40:06",
            "turn-index":26,
            "utterance":"今回は幹事はできそうにないです😭"
        },
        {
            "speaker":"U",
            "time":"17.10.2020 14:40:27",
            "turn-index":27,
            "utterance":"それじゃあ、時期ずらせばなんとかなるかな？"
        },
        {
            "speaker":"S",
            "time":"17.10.2020 14:40:37",
            "turn-index":28,
            "utterance":"その時期になってみないとわからないので……"
        },
        {
            "speaker":"U",
            "time":"17.10.2020 14:41:09",
            "turn-index":29,
            "utterance":"いつなら都合がよいの？"
        },
        {
            "speaker":"S",
            "time":"17.10.2020 14:41:18",
            "turn-index":30,
            "utterance":"先輩とはお会いしたいですけど……"
        }
    ]
}