{
    "dialogue-id":"AKT_08",
    "group-id":"",
    "speaker-id":"Akitaka",
    "turns":[
        {
            "speaker":"S",
            "time":"17.10.2020 14:25:40",
            "turn-index":0,
            "utterance":"なんでしょう？？"
        },
        {
            "speaker":"U",
            "time":"17.10.2020 14:25:50",
            "turn-index":1,
            "utterance":"サークルの同窓会のことなんだけど"
        },
        {
            "speaker":"S",
            "time":"17.10.2020 14:26:02",
            "turn-index":2,
            "utterance":"僕たちの代も参加できるやつですか？"
        },
        {
            "speaker":"U",
            "time":"17.10.2020 14:26:41",
            "turn-index":3,
            "utterance":"そうそう、同期のみんなと会えるよ"
        },
        {
            "speaker":"S",
            "time":"17.10.2020 14:26:49",
            "turn-index":4,
            "utterance":"いいっすね。楽しそう"
        },
        {
            "speaker":"U",
            "time":"17.10.2020 14:27:32",
            "turn-index":5,
            "utterance":"去年も楽しかったよ"
        },
        {
            "speaker":"S",
            "time":"17.10.2020 14:27:40",
            "turn-index":6,
            "utterance":"本当ですか．．．．．．．？"
        },
        {
            "speaker":"U",
            "time":"17.10.2020 14:28:10",
            "turn-index":7,
            "utterance":"本当に楽しかったよ👍"
        },
        {
            "speaker":"S",
            "time":"17.10.2020 14:28:17",
            "turn-index":8,
            "utterance":"Ｏｈ……"
        },
        {
            "speaker":"U",
            "time":"17.10.2020 14:28:41",
            "turn-index":9,
            "utterance":"それで、幹事をお願いしたいなと思って。"
        },
        {
            "speaker":"S",
            "time":"17.10.2020 14:28:53",
            "turn-index":10,
            "utterance":"うーん、先輩の代の方々いらっしゃるんですよね？"
        },
        {
            "speaker":"U",
            "time":"17.10.2020 14:30:06",
            "turn-index":11,
            "utterance":"声はかけるよ。去年は俺たちの上の代の人少なかったけどね。"
        },
        {
            "speaker":"S",
            "time":"17.10.2020 14:30:17",
            "turn-index":12,
            "utterance":"先輩の代で出来る方いらっしゃらないんですか？"
        },
        {
            "speaker":"U",
            "time":"17.10.2020 14:31:15",
            "turn-index":13,
            "utterance":"それが、その年に卒業した代から選ぶのが恒例なんだって。"
        },
        {
            "speaker":"S",
            "time":"17.10.2020 14:31:25",
            "turn-index":14,
            "utterance":"みなさん大変ですね……"
        },
        {
            "speaker":"U",
            "time":"17.10.2020 14:31:58",
            "turn-index":15,
            "utterance":"卒業したばかりで忙しいだろうとは思う。自分もそうだったから。"
        },
        {
            "speaker":"S",
            "time":"17.10.2020 14:32:11",
            "turn-index":16,
            "utterance":"ここだけの話にして頂きたいんですけど、苦手な先輩がいるんですよね"
        },
        {
            "speaker":"U",
            "time":"17.10.2020 14:33:15",
            "turn-index":17,
            "utterance":"わかるけど、苦手な人一人のために同期のみんなで集まれるチャンスなくすのもったいなくね？"
        },
        {
            "speaker":"S",
            "time":"17.10.2020 14:33:24",
            "turn-index":18,
            "utterance":"そうなんですね"
        },
        {
            "speaker":"U",
            "time":"17.10.2020 14:34:06",
            "turn-index":19,
            "utterance":"うん。今会っておくと、後々また会いたいなってなった時にスムーズだよ"
        },
        {
            "speaker":"S",
            "time":"17.10.2020 14:34:17",
            "turn-index":20,
            "utterance":"なんなら僕参加できなくても大丈夫ですよ？"
        },
        {
            "speaker":"U",
            "time":"17.10.2020 14:35:05",
            "turn-index":21,
            "utterance":"それは大丈夫じゃないぞ😂幹事お願いできない？"
        },
        {
            "speaker":"S",
            "time":"17.10.2020 14:35:13",
            "turn-index":22,
            "utterance":"信頼できます"
        },
        {
            "speaker":"U",
            "time":"17.10.2020 14:35:31",
            "turn-index":23,
            "utterance":"もちろん手伝うよ。引き受けてくれる？"
        },
        {
            "speaker":"S",
            "time":"17.10.2020 14:35:37",
            "turn-index":24,
            "utterance":"了解です"
        },
        {
            "speaker":"U",
            "time":"17.10.2020 14:35:53",
            "turn-index":25,
            "utterance":"ほんとに？ありがとう！"
        },
        {
            "speaker":"S",
            "time":"17.10.2020 14:36:00",
            "turn-index":26,
            "utterance":"予算って決まってるんですか？"
        },
        {
            "speaker":"U",
            "time":"17.10.2020 14:36:41",
            "turn-index":27,
            "utterance":"だいたい一人4,000円から5,000円くらいで考えてるよ。"
        },
        {
            "speaker":"S",
            "time":"17.10.2020 14:36:52",
            "turn-index":28,
            "utterance":"結構するんですね……"
        },
        {
            "speaker":"U",
            "time":"17.10.2020 14:37:32",
            "turn-index":29,
            "utterance":"あまり安くしても、場所見つからなくなっちゃうからね…"
        },
        {
            "speaker":"S",
            "time":"17.10.2020 14:37:42",
            "turn-index":30,
            "utterance":"おっしゃる通りです……"
        }
    ]
}