{
    "dialogue-id":"AKT_20",
    "group-id":"",
    "speaker-id":"Akitaka",
    "turns":[
        {
            "speaker":"S",
            "time":"17.10.2020 15:29:17",
            "turn-index":0,
            "utterance":"なんでしょう？？"
        },
        {
            "speaker":"U",
            "time":"17.10.2020 15:30:13",
            "turn-index":1,
            "utterance":"今年のサークルの同窓会の幹事を引き受けてくれないかな。"
        },
        {
            "speaker":"S",
            "time":"17.10.2020 15:30:23",
            "turn-index":2,
            "utterance":"僕にですか？"
        },
        {
            "speaker":"U",
            "time":"17.10.2020 15:30:56",
            "turn-index":3,
            "utterance":"そう。清水なら絶対できるから。"
        },
        {
            "speaker":"S",
            "time":"17.10.2020 15:31:05",
            "turn-index":4,
            "utterance":"連絡取るのとか苦手です😇"
        },
        {
            "speaker":"U",
            "time":"17.10.2020 15:32:05",
            "turn-index":5,
            "utterance":"大丈夫だって。一人でやらずに清水の同期や後輩に手伝ってもらったっていいんだから。"
        },
        {
            "speaker":"S",
            "time":"17.10.2020 15:32:14",
            "turn-index":6,
            "utterance":"了解です"
        },
        {
            "speaker":"U",
            "time":"17.10.2020 15:32:50",
            "turn-index":7,
            "utterance":"ありがとう。それじゃ引き受けてくれるね。"
        },
        {
            "speaker":"S",
            "time":"17.10.2020 15:32:56",
            "turn-index":8,
            "utterance":"良い場所が思いつきません"
        },
        {
            "speaker":"U",
            "time":"17.10.2020 15:34:28",
            "turn-index":9,
            "utterance":"清水が普段友達やサークルの連中と行ってるような店でいいよ。"
        },
        {
            "speaker":"S",
            "time":"17.10.2020 15:34:38",
            "turn-index":10,
            "utterance":"僕そこら辺わからないです"
        },
        {
            "speaker":"U",
            "time":"17.10.2020 15:35:21",
            "turn-index":11,
            "utterance":"そうか。それじゃ俺がいくつか店をピックアップしてリストを送るよ。"
        },
        {
            "speaker":"S",
            "time":"17.10.2020 15:35:30",
            "turn-index":12,
            "utterance":"後輩何人か紹介しましょうか？"
        },
        {
            "speaker":"U",
            "time":"17.10.2020 15:36:38",
            "turn-index":13,
            "utterance":"いや、清水に送るよ。それに後輩に店の心当たりを聞いてみてもいいんじゃない？"
        },
        {
            "speaker":"S",
            "time":"17.10.2020 15:36:43",
            "turn-index":14,
            "utterance":"あーなるほど"
        },
        {
            "speaker":"U",
            "time":"17.10.2020 15:37:30",
            "turn-index":15,
            "utterance":"そうそう。だから難しく考えることはないよ。"
        },
        {
            "speaker":"S",
            "time":"17.10.2020 15:37:37",
            "turn-index":16,
            "utterance":"うーん、先輩の代の方々いらっしゃるんですよね？"
        },
        {
            "speaker":"U",
            "time":"17.10.2020 15:38:12",
            "turn-index":17,
            "utterance":"日程にもよるけど、何人かは出席するんじゃないかな。"
        },
        {
            "speaker":"S",
            "time":"17.10.2020 15:38:18",
            "turn-index":18,
            "utterance":"みなさん大変ですね……"
        },
        {
            "speaker":"U",
            "time":"17.10.2020 15:38:53",
            "turn-index":19,
            "utterance":"社会人だから仕事は大変だけど、欠席者が多くても気にすることはないよ。"
        },
        {
            "speaker":"S",
            "time":"17.10.2020 15:39:00",
            "turn-index":20,
            "utterance":"ちなみに、開催地とか決まっているんですか？"
        },
        {
            "speaker":"U",
            "time":"17.10.2020 15:39:24",
            "turn-index":21,
            "utterance":"いや、決まってないよ。どこでも構わないよ。"
        },
        {
            "speaker":"S",
            "time":"17.10.2020 15:39:30",
            "turn-index":22,
            "utterance":"あーなるほど"
        },
        {
            "speaker":"U",
            "time":"17.10.2020 15:39:57",
            "turn-index":23,
            "utterance":"他に質問したいことある？"
        },
        {
            "speaker":"S",
            "time":"17.10.2020 15:40:04",
            "turn-index":24,
            "utterance":"春休みですよね？　うーん"
        },
        {
            "speaker":"U",
            "time":"17.10.2020 15:40:22",
            "turn-index":25,
            "utterance":"春休みじゃなくてもいつでも構わないよ。"
        },
        {
            "speaker":"S",
            "time":"17.10.2020 15:40:29",
            "turn-index":26,
            "utterance":"ゴールデンウィークあたりですか？"
        },
        {
            "speaker":"U",
            "time":"17.10.2020 15:40:57",
            "turn-index":27,
            "utterance":"それでもいいし、それより前でも後でもOK"
        },
        {
            "speaker":"S",
            "time":"17.10.2020 15:41:07",
            "turn-index":28,
            "utterance":"予定の調整難しそうですね"
        },
        {
            "speaker":"U",
            "time":"17.10.2020 15:41:37",
            "turn-index":29,
            "utterance":"いや候補日のうちで参加者が多い日にすればいいだけだから難しくはないよ。"
        },
        {
            "speaker":"S",
            "time":"17.10.2020 15:41:45",
            "turn-index":30,
            "utterance":"色々決めないとですね……"
        }
    ]
}