{
    "dialogue-id":"AKT_36",
    "group-id":"",
    "speaker-id":"Akitaka",
    "turns":[
        {
            "speaker":"S",
            "time":"17.10.2020 14:40:57",
            "turn-index":0,
            "utterance":"なんでしょう？？"
        },
        {
            "speaker":"U",
            "time":"17.10.2020 14:41:26",
            "turn-index":1,
            "utterance":"つながった！よかった。ところで同窓会の幹事やってくれないかな？"
        },
        {
            "speaker":"S",
            "time":"17.10.2020 14:41:31",
            "turn-index":2,
            "utterance":"ええ"
        },
        {
            "speaker":"U",
            "time":"17.10.2020 14:41:40",
            "turn-index":3,
            "utterance":"やってくれる？"
        },
        {
            "speaker":"S",
            "time":"17.10.2020 14:41:49",
            "turn-index":4,
            "utterance":"ちなみにどなたがいらっしゃるんですか？"
        },
        {
            "speaker":"U",
            "time":"17.10.2020 14:42:36",
            "turn-index":5,
            "utterance":"えーと、おっぱい大きかった森口ちゃんと岡ちゃん"
        },
        {
            "speaker":"S",
            "time":"17.10.2020 14:42:42",
            "turn-index":6,
            "utterance":"あー"
        },
        {
            "speaker":"U",
            "time":"17.10.2020 14:43:06",
            "turn-index":7,
            "utterance":"あとは福原ちゃんかな"
        },
        {
            "speaker":"S",
            "time":"17.10.2020 14:43:15",
            "turn-index":8,
            "utterance":"笑笑"
        },
        {
            "speaker":"U",
            "time":"17.10.2020 14:43:31",
            "turn-index":9,
            "utterance":"でやってくれる？"
        },
        {
            "speaker":"S",
            "time":"17.10.2020 14:43:37",
            "turn-index":10,
            "utterance":"春休みですよね？　うーん"
        },
        {
            "speaker":"U",
            "time":"17.10.2020 14:44:08",
            "turn-index":11,
            "utterance":"やりたくない？だったらあの子たちと合コンしてやっちゃおうかな？"
        },
        {
            "speaker":"S",
            "time":"17.10.2020 14:44:16",
            "turn-index":12,
            "utterance":"僕にですか？"
        },
        {
            "speaker":"U",
            "time":"17.10.2020 14:44:54",
            "turn-index":13,
            "utterance":"幹事やってくれたらあの子たちと合コンできるんだろうけど"
        },
        {
            "speaker":"S",
            "time":"17.10.2020 14:45:01",
            "turn-index":14,
            "utterance":"ええ"
        },
        {
            "speaker":"U",
            "time":"17.10.2020 14:45:27",
            "turn-index":15,
            "utterance":"いやなら僕がやることにするわ"
        },
        {
            "speaker":"S",
            "time":"17.10.2020 14:45:35",
            "turn-index":16,
            "utterance":"そういわれましても……"
        },
        {
            "speaker":"U",
            "time":"17.10.2020 14:46:04",
            "turn-index":17,
            "utterance":"じゃ俺がやることにした。邪魔したな"
        },
        {
            "speaker":"S",
            "time":"17.10.2020 14:46:13",
            "turn-index":18,
            "utterance":"先輩の代で出来る方いらっしゃらないんですか？"
        },
        {
            "speaker":"U",
            "time":"17.10.2020 14:47:00",
            "turn-index":19,
            "utterance":"俺以外だとあまり気ののらないやつらばかりだな。女に興味のないやつらばかりだからな"
        },
        {
            "speaker":"S",
            "time":"17.10.2020 14:47:08",
            "turn-index":20,
            "utterance":"大変ですね……"
        },
        {
            "speaker":"U",
            "time":"17.10.2020 14:48:25",
            "turn-index":21,
            "utterance":"おまえも女に興味ないんだろ？"
        },
        {
            "speaker":"S",
            "time":"17.10.2020 14:48:34",
            "turn-index":22,
            "utterance":"先輩顔広いじゃないですか"
        },
        {
            "speaker":"U",
            "time":"17.10.2020 14:48:51",
            "turn-index":23,
            "utterance":"俺もあまり顔は広いほうじゃないと思うが。"
        },
        {
            "speaker":"S",
            "time":"17.10.2020 14:48:59",
            "turn-index":24,
            "utterance":"後輩何人か紹介しましょうか？"
        },
        {
            "speaker":"U",
            "time":"17.10.2020 14:49:35",
            "turn-index":25,
            "utterance":"紹介してくれるのか？だったら頼む"
        },
        {
            "speaker":"S",
            "time":"17.10.2020 14:49:42",
            "turn-index":26,
            "utterance":"そうですそうです"
        },
        {
            "speaker":"U",
            "time":"17.10.2020 14:50:00",
            "turn-index":27,
            "utterance":"じゃその後輩の名前言って"
        },
        {
            "speaker":"S",
            "time":"17.10.2020 14:50:08",
            "turn-index":28,
            "utterance":"あー"
        },
        {
            "speaker":"U",
            "time":"17.10.2020 14:50:17",
            "turn-index":29,
            "utterance":"1人目は？"
        },
        {
            "speaker":"S",
            "time":"17.10.2020 14:50:25",
            "turn-index":30,
            "utterance":"笑笑"
        }
    ]
}