{
    "dialogue-id":"AKT_35",
    "group-id":"",
    "speaker-id":"Akitaka",
    "turns":[
        {
            "speaker":"S",
            "time":"17.10.2020 14:34:40",
            "turn-index":0,
            "utterance":"なんでしょう？？"
        },
        {
            "speaker":"U",
            "time":"17.10.2020 14:35:07",
            "turn-index":1,
            "utterance":"もうすぐ卒業でしょう！"
        },
        {
            "speaker":"S",
            "time":"17.10.2020 14:35:15",
            "turn-index":2,
            "utterance":"ええ"
        },
        {
            "speaker":"U",
            "time":"17.10.2020 14:35:38",
            "turn-index":3,
            "utterance":"その前に同窓会なんてどうかな？"
        },
        {
            "speaker":"S",
            "time":"17.10.2020 14:35:49",
            "turn-index":4,
            "utterance":"いやー、ちょっと最近忙しいんで．．．"
        },
        {
            "speaker":"U",
            "time":"17.10.2020 14:36:18",
            "turn-index":5,
            "utterance":"社会人になったら会いにくくなると思うし！"
        },
        {
            "speaker":"S",
            "time":"17.10.2020 14:36:25",
            "turn-index":6,
            "utterance":"最近忙しくて余裕がないんです😭"
        },
        {
            "speaker":"U",
            "time":"17.10.2020 14:37:05",
            "turn-index":7,
            "utterance":"短時間でも良いからなんとかならない？"
        },
        {
            "speaker":"S",
            "time":"17.10.2020 14:37:16",
            "turn-index":8,
            "utterance":"どれくらい忙しいのかわからないのでなんとも言えないです……"
        },
        {
            "speaker":"U",
            "time":"17.10.2020 14:38:05",
            "turn-index":9,
            "utterance":"都合が付く人だけでも良いんだ。"
        },
        {
            "speaker":"S",
            "time":"17.10.2020 14:38:13",
            "turn-index":10,
            "utterance":"あまり自信がないです……"
        },
        {
            "speaker":"U",
            "time":"17.10.2020 14:38:43",
            "turn-index":11,
            "utterance":"幹事経験って、社会人でも役立つよ！"
        },
        {
            "speaker":"S",
            "time":"17.10.2020 14:38:52",
            "turn-index":12,
            "utterance":"応援してます🙏"
        },
        {
            "speaker":"U",
            "time":"17.10.2020 14:39:13",
            "turn-index":13,
            "utterance":"ちがうちがう！こっちがお願いしているの！"
        },
        {
            "speaker":"S",
            "time":"17.10.2020 14:39:18",
            "turn-index":14,
            "utterance":"マジですか……"
        },
        {
            "speaker":"U",
            "time":"17.10.2020 14:39:28",
            "turn-index":15,
            "utterance":"マジです！"
        },
        {
            "speaker":"S",
            "time":"17.10.2020 14:39:34",
            "turn-index":16,
            "utterance":"正直嫌です"
        },
        {
            "speaker":"U",
            "time":"17.10.2020 14:40:08",
            "turn-index":17,
            "utterance":"そんなストレートに。。でもお願いしたい！"
        },
        {
            "speaker":"S",
            "time":"17.10.2020 14:40:23",
            "turn-index":18,
            "utterance":"色々考えてはみたんですが、やっぱり入社してから忙しいと思うのでで厳しいです😭"
        },
        {
            "speaker":"U",
            "time":"17.10.2020 14:40:39",
            "turn-index":19,
            "utterance":"だからこそ、今でしょ！"
        },
        {
            "speaker":"S",
            "time":"17.10.2020 14:40:48",
            "turn-index":20,
            "utterance":"頑張ります😇"
        },
        {
            "speaker":"U",
            "time":"17.10.2020 14:41:06",
            "turn-index":21,
            "utterance":"良かった！ありがとう！"
        },
        {
            "speaker":"S",
            "time":"17.10.2020 14:41:13",
            "turn-index":22,
            "utterance":"マジですか……"
        },
        {
            "speaker":"U",
            "time":"17.10.2020 14:42:06",
            "turn-index":23,
            "utterance":"今さら遅い！規模も場所も任せるよ！お願いします。"
        },
        {
            "speaker":"S",
            "time":"17.10.2020 14:42:13",
            "turn-index":24,
            "utterance":"了解です"
        },
        {
            "speaker":"U",
            "time":"17.10.2020 14:42:56",
            "turn-index":25,
            "utterance":"ありがとう！楽しい会にしようよ！"
        },
        {
            "speaker":"S",
            "time":"17.10.2020 14:43:06",
            "turn-index":26,
            "utterance":"良い場所が思いつきません"
        },
        {
            "speaker":"U",
            "time":"17.10.2020 14:43:36",
            "turn-index":27,
            "utterance":"この前の所でも良いよ！"
        },
        {
            "speaker":"S",
            "time":"17.10.2020 14:43:45",
            "turn-index":28,
            "utterance":"予算って決まってるんですか？"
        },
        {
            "speaker":"U",
            "time":"17.10.2020 14:44:31",
            "turn-index":29,
            "utterance":"オーバーした分は持つから気にしなくて良いよ！"
        },
        {
            "speaker":"S",
            "time":"17.10.2020 14:44:38",
            "turn-index":30,
            "utterance":"あーなるほど"
        }
    ]
}