{
    "dialogue-id":"AKT_25",
    "group-id":"",
    "speaker-id":"Akitaka",
    "turns":[
        {
            "speaker":"S",
            "time":"17.10.2020 18:13:07",
            "turn-index":0,
            "utterance":"なんでしょう？？"
        },
        {
            "speaker":"U",
            "time":"17.10.2020 18:13:32",
            "turn-index":1,
            "utterance":"鈴木さあ、幹事やらない"
        },
        {
            "speaker":"S",
            "time":"17.10.2020 18:13:41",
            "turn-index":2,
            "utterance":"ええ"
        },
        {
            "speaker":"U",
            "time":"17.10.2020 18:13:58",
            "turn-index":3,
            "utterance":"それはやりたいって意味？"
        },
        {
            "speaker":"S",
            "time":"17.10.2020 18:14:10",
            "turn-index":4,
            "utterance":"ちなみにどなたがいらっしゃるんですか？"
        },
        {
            "speaker":"U",
            "time":"17.10.2020 18:14:36",
            "turn-index":5,
            "utterance":"鈴木の同期が基本で、俺の同期も呼ぶけど"
        },
        {
            "speaker":"S",
            "time":"17.10.2020 18:14:47",
            "turn-index":6,
            "utterance":"結構集まりそうですね"
        },
        {
            "speaker":"U",
            "time":"17.10.2020 18:15:18",
            "turn-index":7,
            "utterance":"そうなんだよ。だからぜひ鈴木に協力してほしいんだよね"
        },
        {
            "speaker":"S",
            "time":"17.10.2020 18:15:37",
            "turn-index":8,
            "utterance":"すみません、内定者インターンが忙しくて手が回りそうにないです"
        },
        {
            "speaker":"U",
            "time":"17.10.2020 18:15:59",
            "turn-index":9,
            "utterance":"またまた。俺だって仕事で忙しいんだからお互い頑張ろうよ"
        },
        {
            "speaker":"S",
            "time":"17.10.2020 18:16:08",
            "turn-index":10,
            "utterance":"大変ですね……"
        },
        {
            "speaker":"U",
            "time":"17.10.2020 18:16:30",
            "turn-index":11,
            "utterance":"ちょっと、ちょっと。他人事ぽいけど"
        },
        {
            "speaker":"S",
            "time":"17.10.2020 18:16:43",
            "turn-index":12,
            "utterance":"応援してます🙏"
        },
        {
            "speaker":"U",
            "time":"17.10.2020 18:17:12",
            "turn-index":13,
            "utterance":"お互い忙しいんだから一緒に頑張ろうぜ"
        },
        {
            "speaker":"S",
            "time":"17.10.2020 18:17:18",
            "turn-index":14,
            "utterance":"マジですか……"
        },
        {
            "speaker":"U",
            "time":"17.10.2020 18:18:03",
            "turn-index":15,
            "utterance":"マジです！"
        },
        {
            "speaker":"S",
            "time":"17.10.2020 18:18:12",
            "turn-index":16,
            "utterance":"正直嫌です"
        },
        {
            "speaker":"U",
            "time":"17.10.2020 18:18:25",
            "turn-index":17,
            "utterance":"おいおい、鈴木ってそんなやつだったっけ"
        },
        {
            "speaker":"S",
            "time":"17.10.2020 18:18:40",
            "turn-index":18,
            "utterance":"やってましたけど、あんまり上手くできなくて"
        },
        {
            "speaker":"U",
            "time":"17.10.2020 18:19:18",
            "turn-index":19,
            "utterance":"だって忙しい中で幹事を引き受けるからさらに楽しくなるんだぜ。一緒に頑張ろうぜ"
        },
        {
            "speaker":"S",
            "time":"17.10.2020 18:19:33",
            "turn-index":20,
            "utterance":"おっしゃる通りです……"
        },
        {
            "speaker":"U",
            "time":"17.10.2020 18:19:52",
            "turn-index":21,
            "utterance":"わかったなら俺に従って連絡くれよ"
        },
        {
            "speaker":"S",
            "time":"17.10.2020 18:20:03",
            "turn-index":22,
            "utterance":"予算って決まってるんですか？"
        },
        {
            "speaker":"U",
            "time":"17.10.2020 18:20:23",
            "turn-index":23,
            "utterance":"ある程度決まっているから店を決めるくらいだよ"
        },
        {
            "speaker":"S",
            "time":"17.10.2020 18:20:33",
            "turn-index":24,
            "utterance":"大変ですね……"
        },
        {
            "speaker":"U",
            "time":"17.10.2020 18:21:00",
            "turn-index":25,
            "utterance":"よーし決まった。事前打ち合わせをしようぜ"
        },
        {
            "speaker":"S",
            "time":"17.10.2020 18:21:08",
            "turn-index":26,
            "utterance":"言われてみればそうですね笑"
        },
        {
            "speaker":"U",
            "time":"17.10.2020 18:21:26",
            "turn-index":27,
            "utterance":"どこで打ち合わせを行う？"
        },
        {
            "speaker":"S",
            "time":"17.10.2020 18:21:34",
            "turn-index":28,
            "utterance":"仕事に影響がでそうなので．．．"
        },
        {
            "speaker":"U",
            "time":"17.10.2020 18:22:03",
            "turn-index":29,
            "utterance":"またまた、さっきいっただろ。忙しい中企画するから楽しさが倍増するんだろ"
        },
        {
            "speaker":"S",
            "time":"17.10.2020 18:22:11",
            "turn-index":30,
            "utterance":"そもそも同窓会に出れるかわからないので……"
        }
    ]
}