{
    "dialogue-id":"AKT_31",
    "group-id":"",
    "speaker-id":"Akitaka",
    "turns":[
        {
            "speaker":"S",
            "time":"17.10.2020 14:46:35",
            "turn-index":0,
            "utterance":"なんでしょう？？"
        },
        {
            "speaker":"U",
            "time":"17.10.2020 14:46:56",
            "turn-index":1,
            "utterance":"今度同窓会をやるんだけど、幹事をお願いできないかな？"
        },
        {
            "speaker":"S",
            "time":"17.10.2020 14:47:05",
            "turn-index":2,
            "utterance":"僕にですか？"
        },
        {
            "speaker":"U",
            "time":"17.10.2020 14:47:17",
            "turn-index":3,
            "utterance":"そう"
        },
        {
            "speaker":"S",
            "time":"17.10.2020 14:47:27",
            "turn-index":4,
            "utterance":"結構時間ないですし、入社したばかりでバタバタしてると思うので厳しいです……"
        },
        {
            "speaker":"U",
            "time":"17.10.2020 14:47:41",
            "turn-index":5,
            "utterance":"そこをなんとかお願いしたい"
        },
        {
            "speaker":"S",
            "time":"17.10.2020 14:47:46",
            "turn-index":6,
            "utterance":"マジですか……"
        },
        {
            "speaker":"U",
            "time":"17.10.2020 14:48:04",
            "turn-index":7,
            "utterance":"他に頼める人がいなくて・・・"
        },
        {
            "speaker":"S",
            "time":"17.10.2020 14:48:09",
            "turn-index":8,
            "utterance":"できそうにないです、すみません"
        },
        {
            "speaker":"U",
            "time":"17.10.2020 14:48:17",
            "turn-index":9,
            "utterance":"忙しいの？"
        },
        {
            "speaker":"S",
            "time":"17.10.2020 14:48:28",
            "turn-index":10,
            "utterance":"週４日は内定先で働いてる感じです"
        },
        {
            "speaker":"U",
            "time":"17.10.2020 14:48:47",
            "turn-index":11,
            "utterance":"土日にやる予定なんだけど、空いてない？"
        },
        {
            "speaker":"S",
            "time":"17.10.2020 14:48:53",
            "turn-index":12,
            "utterance":"ちょっとまだわからないです"
        },
        {
            "speaker":"U",
            "time":"17.10.2020 14:49:02",
            "turn-index":13,
            "utterance":"来週の土曜日とか"
        },
        {
            "speaker":"S",
            "time":"17.10.2020 14:49:11",
            "turn-index":14,
            "utterance":"結構時間ないですね"
        },
        {
            "speaker":"U",
            "time":"17.10.2020 14:49:29",
            "turn-index":15,
            "utterance":"どうしてもだめ？"
        },
        {
            "speaker":"S",
            "time":"17.10.2020 14:49:36",
            "turn-index":16,
            "utterance":"最近忙しくて余裕がないんです😭"
        },
        {
            "speaker":"U",
            "time":"17.10.2020 14:49:48",
            "turn-index":17,
            "utterance":"そんなに仕事が忙しいの？"
        },
        {
            "speaker":"S",
            "time":"17.10.2020 14:49:58",
            "turn-index":18,
            "utterance":"結構忙しい会社らしいんですよね"
        },
        {
            "speaker":"U",
            "time":"17.10.2020 14:50:10",
            "turn-index":19,
            "utterance":"そうなんだ・・・"
        },
        {
            "speaker":"S",
            "time":"17.10.2020 14:50:18",
            "turn-index":20,
            "utterance":"３年生は呼ぶんですか？"
        },
        {
            "speaker":"U",
            "time":"17.10.2020 14:50:27",
            "turn-index":21,
            "utterance":"全員呼ぶ予定"
        },
        {
            "speaker":"S",
            "time":"17.10.2020 14:50:31",
            "turn-index":22,
            "utterance":"あー"
        },
        {
            "speaker":"U",
            "time":"17.10.2020 14:50:46",
            "turn-index":23,
            "utterance":"2年生もたくさん来そう"
        },
        {
            "speaker":"S",
            "time":"17.10.2020 14:50:52",
            "turn-index":24,
            "utterance":"笑笑"
        },
        {
            "speaker":"U",
            "time":"17.10.2020 14:51:11",
            "turn-index":25,
            "utterance":"久しぶりだから時間作ってほしいなー"
        },
        {
            "speaker":"S",
            "time":"17.10.2020 14:51:16",
            "turn-index":26,
            "utterance":"ちなみにどなたがいらっしゃるんですか？"
        },
        {
            "speaker":"U",
            "time":"17.10.2020 14:51:41",
            "turn-index":27,
            "utterance":"３年生は１０人くらい、２年生も５人は来るよ"
        },
        {
            "speaker":"S",
            "time":"17.10.2020 14:51:46",
            "turn-index":28,
            "utterance":"結構集まりそうですね"
        },
        {
            "speaker":"U",
            "time":"17.10.2020 14:51:51",
            "turn-index":29,
            "utterance":"そうだね"
        },
        {
            "speaker":"S",
            "time":"17.10.2020 14:52:00",
            "turn-index":30,
            "utterance":"そういったことは控えるように就職先から言われているので……"
        }
    ]
}