{
    "dialogue-id":"IRS_06",
    "group-id":"",
    "speaker-id":"LiveCompe2020Iris",
    "turns":[
        {
            "speaker":"S",
            "time":"17.10.2020 14:26:48",
            "turn-index":0,
            "utterance":"何でしょうか?"
        },
        {
            "speaker":"U",
            "time":"17.10.2020 14:27:04",
            "turn-index":1,
            "utterance":"そろそろ同窓会の時期だよね"
        },
        {
            "speaker":"S",
            "time":"17.10.2020 14:27:04",
            "turn-index":2,
            "utterance":"規模についてなんですが, どれくらいの人数の予定ですか?"
        },
        {
            "speaker":"U",
            "time":"17.10.2020 14:27:54",
            "turn-index":3,
            "utterance":"いつものメンバーだから20人くらいかな"
        },
        {
            "speaker":"S",
            "time":"17.10.2020 14:27:54",
            "turn-index":4,
            "utterance":"色々と考えることが多くて, ちょっと頭がいっぱいです😵"
        },
        {
            "speaker":"U",
            "time":"17.10.2020 14:28:32",
            "turn-index":5,
            "utterance":"大丈夫、内輪だから"
        },
        {
            "speaker":"S",
            "time":"17.10.2020 14:28:33",
            "turn-index":6,
            "utterance":"心苦しいですが, お断りします"
        },
        {
            "speaker":"U",
            "time":"17.10.2020 14:28:49",
            "turn-index":7,
            "utterance":"感じお願いしたかったんだけどな"
        },
        {
            "speaker":"S",
            "time":"17.10.2020 14:28:49",
            "turn-index":8,
            "utterance":"難しいですね..."
        },
        {
            "speaker":"U",
            "time":"17.10.2020 14:29:17",
            "turn-index":9,
            "utterance":"いろいろ忙しいよね"
        },
        {
            "speaker":"S",
            "time":"17.10.2020 14:29:18",
            "turn-index":10,
            "utterance":"心苦しいですが, お断りします"
        },
        {
            "speaker":"U",
            "time":"17.10.2020 14:29:40",
            "turn-index":11,
            "utterance":"手伝うし、頼むよ"
        },
        {
            "speaker":"S",
            "time":"17.10.2020 14:29:41",
            "turn-index":12,
            "utterance":"すみませんが, 私には力不足です(汗"
        },
        {
            "speaker":"U",
            "time":"17.10.2020 14:29:51",
            "turn-index":13,
            "utterance":"そんなことないって"
        },
        {
            "speaker":"S",
            "time":"17.10.2020 14:29:51",
            "turn-index":14,
            "utterance":"心苦しいですが, お断りします"
        },
        {
            "speaker":"U",
            "time":"17.10.2020 14:30:16",
            "turn-index":15,
            "utterance":"みんなに頼られていたじゃん"
        },
        {
            "speaker":"S",
            "time":"17.10.2020 14:30:16",
            "turn-index":16,
            "utterance":"本当にすみません."
        },
        {
            "speaker":"U",
            "time":"17.10.2020 14:30:31",
            "turn-index":17,
            "utterance":"そういうなよ、"
        },
        {
            "speaker":"S",
            "time":"17.10.2020 14:30:31",
            "turn-index":18,
            "utterance":"心苦しいですが, お断りします"
        },
        {
            "speaker":"U",
            "time":"17.10.2020 14:30:54",
            "turn-index":19,
            "utterance":"大したしごとじゃないよ"
        },
        {
            "speaker":"S",
            "time":"17.10.2020 14:30:55",
            "turn-index":20,
            "utterance":"難しいですね..."
        },
        {
            "speaker":"U",
            "time":"17.10.2020 14:31:31",
            "turn-index":21,
            "utterance":"楽しくみんなで飲もうよ"
        },
        {
            "speaker":"S",
            "time":"17.10.2020 14:31:31",
            "turn-index":22,
            "utterance":"すみませんが, 私には力不足です(汗"
        },
        {
            "speaker":"U",
            "time":"17.10.2020 14:31:45",
            "turn-index":23,
            "utterance":"そんなこというなよ、頼りにしてるよ"
        },
        {
            "speaker":"S",
            "time":"17.10.2020 14:31:46",
            "turn-index":24,
            "utterance":"本当にすみません."
        },
        {
            "speaker":"U",
            "time":"17.10.2020 14:32:40",
            "turn-index":25,
            "utterance":"ちゃちゃっと予約するくらいだから"
        },
        {
            "speaker":"S",
            "time":"17.10.2020 14:32:41",
            "turn-index":26,
            "utterance":"心苦しいですが, お断りします"
        },
        {
            "speaker":"U",
            "time":"17.10.2020 14:33:11",
            "turn-index":27,
            "utterance":"みんな楽しみにしてるって"
        },
        {
            "speaker":"S",
            "time":"17.10.2020 14:33:11",
            "turn-index":28,
            "utterance":"難しいですね..."
        },
        {
            "speaker":"U",
            "time":"17.10.2020 14:33:25",
            "turn-index":29,
            "utterance":"そんな気負うことじゃないよ"
        },
        {
            "speaker":"S",
            "time":"17.10.2020 14:33:26",
            "turn-index":30,
            "utterance":"すみません, やはり自分にはしっかりやりきれる自信がないです😣🙇🙇💦"
        }
    ]
}