{
    "dialogue-id":"IRS_10",
    "group-id":"",
    "speaker-id":"LiveCompe2020Iris",
    "turns":[
        {
            "speaker":"S",
            "time":"17.10.2020 16:29:28",
            "turn-index":0,
            "utterance":"何でしょうか?"
        },
        {
            "speaker":"U",
            "time":"17.10.2020 16:30:00",
            "turn-index":1,
            "utterance":"久しぶりだね、元気にしてた？"
        },
        {
            "speaker":"S",
            "time":"17.10.2020 16:30:00",
            "turn-index":2,
            "utterance":"そうですね..."
        },
        {
            "speaker":"U",
            "time":"17.10.2020 16:30:43",
            "turn-index":3,
            "utterance":"実は幹事をお願いしたいんだけど、どうかな？"
        },
        {
            "speaker":"S",
            "time":"17.10.2020 16:30:43",
            "turn-index":4,
            "utterance":"幹事ですか...🤔"
        },
        {
            "speaker":"U",
            "time":"17.10.2020 16:31:16",
            "turn-index":5,
            "utterance":"忙しいと思うんだけど、なんとかお願いできないかな？"
        },
        {
            "speaker":"S",
            "time":"17.10.2020 16:31:16",
            "turn-index":6,
            "utterance":"いくつかお尋ねしてもよいでしょうか🙏"
        },
        {
            "speaker":"U",
            "time":"17.10.2020 16:31:27",
            "turn-index":7,
            "utterance":"どんなこと？"
        },
        {
            "speaker":"S",
            "time":"17.10.2020 16:31:27",
            "turn-index":8,
            "utterance":"同窓会の日にちは決まっていますか?"
        },
        {
            "speaker":"U",
            "time":"17.10.2020 16:31:55",
            "turn-index":9,
            "utterance":"何となくだけど、都合の悪い日があるの？"
        },
        {
            "speaker":"S",
            "time":"17.10.2020 16:31:55",
            "turn-index":10,
            "utterance":"そうですか🤔"
        },
        {
            "speaker":"U",
            "time":"17.10.2020 16:33:07",
            "turn-index":11,
            "utterance":"何日が良いとかあれば、あわせられると思うよ。"
        },
        {
            "speaker":"S",
            "time":"17.10.2020 16:33:08",
            "turn-index":12,
            "utterance":"規模についてなんですが, どれくらいの人数の予定ですか?"
        },
        {
            "speaker":"U",
            "time":"17.10.2020 16:33:25",
            "turn-index":13,
            "utterance":"20人くらいかな？"
        },
        {
            "speaker":"S",
            "time":"17.10.2020 16:33:25",
            "turn-index":14,
            "utterance":"それくらいの規模なんですね🧐"
        },
        {
            "speaker":"U",
            "time":"17.10.2020 16:33:59",
            "turn-index":15,
            "utterance":"店とかおさえられそうかな？"
        },
        {
            "speaker":"S",
            "time":"17.10.2020 16:33:59",
            "turn-index":16,
            "utterance":"お店は地元ですか?"
        },
        {
            "speaker":"U",
            "time":"17.10.2020 16:34:09",
            "turn-index":17,
            "utterance":"地元が良いよね。"
        },
        {
            "speaker":"S",
            "time":"17.10.2020 16:34:09",
            "turn-index":18,
            "utterance":"実はあまりお店とか知らなくて😅"
        },
        {
            "speaker":"U",
            "time":"17.10.2020 16:34:43",
            "turn-index":19,
            "utterance":"幹事してくれるなら、一緒に考えるよ。"
        },
        {
            "speaker":"S",
            "time":"17.10.2020 16:34:43",
            "turn-index":20,
            "utterance":"いくつもすみませんが, まだ質問よいですか🙇"
        },
        {
            "speaker":"U",
            "time":"17.10.2020 16:35:07",
            "turn-index":21,
            "utterance":"何でも言ってよ。"
        },
        {
            "speaker":"S",
            "time":"17.10.2020 16:35:07",
            "turn-index":22,
            "utterance":"予算はだいたいどれくらいですか?"
        },
        {
            "speaker":"U",
            "time":"17.10.2020 16:35:36",
            "turn-index":23,
            "utterance":"大学生に合わせて3～4千円くらいかな？"
        },
        {
            "speaker":"S",
            "time":"17.10.2020 16:35:36",
            "turn-index":24,
            "utterance":"たくさん答えていただきありがとうございます😀"
        },
        {
            "speaker":"U",
            "time":"17.10.2020 16:35:54",
            "turn-index":25,
            "utterance":"幹事、お願いできそう？"
        },
        {
            "speaker":"S",
            "time":"17.10.2020 16:35:54",
            "turn-index":26,
            "utterance":"幹事なかなか大変そうですね😟"
        },
        {
            "speaker":"U",
            "time":"17.10.2020 16:36:18",
            "turn-index":27,
            "utterance":"一緒に考えるし、手伝うよ。"
        },
        {
            "speaker":"S",
            "time":"17.10.2020 16:36:18",
            "turn-index":28,
            "utterance":"色々と考えることが多くて, ちょっと頭がいっぱいです😵"
        },
        {
            "speaker":"U",
            "time":"17.10.2020 16:36:32",
            "turn-index":29,
            "utterance":"何でも質問してよ。"
        },
        {
            "speaker":"S",
            "time":"17.10.2020 16:36:32",
            "turn-index":30,
            "utterance":"すみません, やはり自分にはしっかりやりきれる自信がないです😣🙇🙇💦"
        }
    ]
}