{
    "dialogue-id":"IRS_20",
    "group-id":"",
    "speaker-id":"LiveCompe2020Iris",
    "turns":[
        {
            "speaker":"S",
            "time":"17.10.2020 14:49:17",
            "turn-index":0,
            "utterance":"何でしょうか?"
        },
        {
            "speaker":"U",
            "time":"17.10.2020 14:50:18",
            "turn-index":1,
            "utterance":"あなたは誰ですか?"
        },
        {
            "speaker":"S",
            "time":"17.10.2020 14:50:19",
            "turn-index":2,
            "utterance":"そうですか🤔"
        },
        {
            "speaker":"U",
            "time":"17.10.2020 14:50:41",
            "turn-index":3,
            "utterance":"ニックネームを聞いています。"
        },
        {
            "speaker":"S",
            "time":"17.10.2020 14:50:42",
            "turn-index":4,
            "utterance":"規模についてなんですが, どれくらいの人数の予定ですか?"
        },
        {
            "speaker":"U",
            "time":"17.10.2020 14:51:02",
            "turn-index":5,
            "utterance":"私の話を無視しないで下さい。"
        },
        {
            "speaker":"S",
            "time":"17.10.2020 14:51:03",
            "turn-index":6,
            "utterance":"予算はだいたいどれくらいですか?"
        },
        {
            "speaker":"U",
            "time":"17.10.2020 14:51:36",
            "turn-index":7,
            "utterance":"同窓会の人数と予算ですか?"
        },
        {
            "speaker":"S",
            "time":"17.10.2020 14:51:37",
            "turn-index":8,
            "utterance":"難しいですね..."
        },
        {
            "speaker":"U",
            "time":"17.10.2020 14:51:54",
            "turn-index":9,
            "utterance":"話を聞いて下さい。同窓会ですか?"
        },
        {
            "speaker":"S",
            "time":"17.10.2020 14:51:54",
            "turn-index":10,
            "utterance":"心苦しいですが, お断りします"
        },
        {
            "speaker":"U",
            "time":"17.10.2020 14:52:23",
            "turn-index":11,
            "utterance":"同窓会出来ませんか?予算がないからですか?"
        },
        {
            "speaker":"S",
            "time":"17.10.2020 14:52:23",
            "turn-index":12,
            "utterance":"難しいですね..."
        },
        {
            "speaker":"U",
            "time":"17.10.2020 14:52:29",
            "turn-index":13,
            "utterance":"分かりました。"
        },
        {
            "speaker":"S",
            "time":"17.10.2020 14:52:30",
            "turn-index":14,
            "utterance":"すみませんが, 私には力不足です(汗"
        },
        {
            "speaker":"U",
            "time":"17.10.2020 14:53:32",
            "turn-index":15,
            "utterance":"同窓会の予算の話を出来るところは知りませんか?または同窓会の予算に詳しい人はいますか?"
        },
        {
            "speaker":"S",
            "time":"17.10.2020 14:53:32",
            "turn-index":16,
            "utterance":"本当にすみません."
        },
        {
            "speaker":"U",
            "time":"17.10.2020 14:53:41",
            "turn-index":17,
            "utterance":"質問を聞いてほしいです。"
        },
        {
            "speaker":"S",
            "time":"17.10.2020 14:53:42",
            "turn-index":18,
            "utterance":"心苦しいですが, お断りします"
        },
        {
            "speaker":"U",
            "time":"17.10.2020 14:53:53",
            "turn-index":19,
            "utterance":"残念です…。"
        },
        {
            "speaker":"S",
            "time":"17.10.2020 14:53:53",
            "turn-index":20,
            "utterance":"難しいですね..."
        },
        {
            "speaker":"U",
            "time":"17.10.2020 14:54:41",
            "turn-index":21,
            "utterance":"同窓会に参考になる話があれば教えてください。"
        },
        {
            "speaker":"S",
            "time":"17.10.2020 14:54:41",
            "turn-index":22,
            "utterance":"そうですね..."
        },
        {
            "speaker":"U",
            "time":"17.10.2020 14:54:50",
            "turn-index":23,
            "utterance":"例えば何ですか?"
        },
        {
            "speaker":"S",
            "time":"17.10.2020 14:54:51",
            "turn-index":24,
            "utterance":"いくつかお尋ねしてもよいでしょうか🙏"
        },
        {
            "speaker":"U",
            "time":"17.10.2020 14:55:03",
            "turn-index":25,
            "utterance":"はい。いいですよ。"
        },
        {
            "speaker":"S",
            "time":"17.10.2020 14:55:03",
            "turn-index":26,
            "utterance":"そうですか🤔"
        },
        {
            "speaker":"U",
            "time":"17.10.2020 14:55:15",
            "turn-index":27,
            "utterance":"質問は何でしょうか?"
        },
        {
            "speaker":"S",
            "time":"17.10.2020 14:55:15",
            "turn-index":28,
            "utterance":"わかりました🙆"
        },
        {
            "speaker":"U",
            "time":"17.10.2020 14:57:30",
            "turn-index":29,
            "utterance":"ちなみに私は湯川と申します。"
        },
        {
            "speaker":"S",
            "time":"17.10.2020 14:57:30",
            "turn-index":30,
            "utterance":"すみません, やはり自分にはしっかりやりきれる自信がないです😣🙇🙇💦"
        },
        {
            "speaker":"U",
            "time":"17.10.2020 15:00:13",
            "turn-index":31,
            "utterance":"分かりました。幹事の名前を思い出せない件についてと質問の回数が多い件について失礼しました。"
        },
        {
            "speaker":"S",
            "time":"17.10.2020 15:00:14",
            "turn-index":32,
            "utterance":"本当にすみません."
        }
    ]
}