{
    "dialogue-id":"IRS_19",
    "group-id":"",
    "speaker-id":"LiveCompe2020Iris",
    "turns":[
        {
            "speaker":"S",
            "time":"17.10.2020 14:54:45",
            "turn-index":0,
            "utterance":"何でしょうか?"
        },
        {
            "speaker":"U",
            "time":"17.10.2020 14:56:35",
            "turn-index":1,
            "utterance":"今度湯川に今年のサークルの同窓会の幹事をお願いしたいんだけど、どうかな？"
        },
        {
            "speaker":"S",
            "time":"17.10.2020 14:56:35",
            "turn-index":2,
            "utterance":"いくつかお尋ねしてもよいでしょうか🙏"
        },
        {
            "speaker":"U",
            "time":"17.10.2020 14:56:43",
            "turn-index":3,
            "utterance":"なに？？？"
        },
        {
            "speaker":"S",
            "time":"17.10.2020 14:56:43",
            "turn-index":4,
            "utterance":"そうですか🤔"
        },
        {
            "speaker":"U",
            "time":"17.10.2020 14:57:01",
            "turn-index":5,
            "utterance":"何を聞きたいの？質問なら全然子k耐えるよ"
        },
        {
            "speaker":"S",
            "time":"17.10.2020 14:57:02",
            "turn-index":6,
            "utterance":"たくさん答えていただきありがとうございます😀"
        },
        {
            "speaker":"U",
            "time":"17.10.2020 14:57:14",
            "turn-index":7,
            "utterance":"同窓会の幹事を引き受けてくれるかな？"
        },
        {
            "speaker":"S",
            "time":"17.10.2020 14:57:15",
            "turn-index":8,
            "utterance":"本当に申し訳ないですが, お断りさせてください🙇"
        },
        {
            "speaker":"U",
            "time":"17.10.2020 14:57:21",
            "turn-index":9,
            "utterance":"なんで？"
        },
        {
            "speaker":"S",
            "time":"17.10.2020 14:57:22",
            "turn-index":10,
            "utterance":"本当にすみません."
        },
        {
            "speaker":"U",
            "time":"17.10.2020 14:57:29",
            "turn-index":11,
            "utterance":"理由は何かあるの？"
        },
        {
            "speaker":"S",
            "time":"17.10.2020 14:57:29",
            "turn-index":12,
            "utterance":"難しいですね..."
        },
        {
            "speaker":"U",
            "time":"17.10.2020 14:57:38",
            "turn-index":13,
            "utterance":"研究が忙しいとか？"
        },
        {
            "speaker":"S",
            "time":"17.10.2020 14:57:39",
            "turn-index":14,
            "utterance":"難しいですね..."
        },
        {
            "speaker":"U",
            "time":"17.10.2020 14:57:46",
            "turn-index":15,
            "utterance":"理由を教えてよ湯川"
        },
        {
            "speaker":"S",
            "time":"17.10.2020 14:57:47",
            "turn-index":16,
            "utterance":"すみませんが, 私には力不足です(汗"
        },
        {
            "speaker":"U",
            "time":"17.10.2020 14:58:17",
            "turn-index":17,
            "utterance":"大丈夫だって、信頼できるお前だから幹事をお願いしているんだよ"
        },
        {
            "speaker":"S",
            "time":"17.10.2020 14:58:17",
            "turn-index":18,
            "utterance":"すみませんが, 私には力不足です(汗"
        },
        {
            "speaker":"U",
            "time":"17.10.2020 14:58:25",
            "turn-index":19,
            "utterance":"何が不安なの？"
        },
        {
            "speaker":"S",
            "time":"17.10.2020 14:58:25",
            "turn-index":20,
            "utterance":"心苦しいですが, お断りします"
        },
        {
            "speaker":"U",
            "time":"17.10.2020 14:58:37",
            "turn-index":21,
            "utterance":"不安な理由を教えろって"
        },
        {
            "speaker":"S",
            "time":"17.10.2020 14:58:37",
            "turn-index":22,
            "utterance":"本当にすみません."
        },
        {
            "speaker":"U",
            "time":"17.10.2020 14:58:51",
            "turn-index":23,
            "utterance":"一人で心配なら相談載るよ"
        },
        {
            "speaker":"S",
            "time":"17.10.2020 14:58:52",
            "turn-index":24,
            "utterance":"難しいですね..."
        },
        {
            "speaker":"U",
            "time":"17.10.2020 14:59:01",
            "turn-index":25,
            "utterance":"なぜ？？？"
        },
        {
            "speaker":"S",
            "time":"17.10.2020 14:59:01",
            "turn-index":26,
            "utterance":"本当にすみません."
        },
        {
            "speaker":"U",
            "time":"17.10.2020 14:59:06",
            "turn-index":27,
            "utterance":"頼むよ湯川"
        },
        {
            "speaker":"S",
            "time":"17.10.2020 14:59:07",
            "turn-index":28,
            "utterance":"心苦しいですが, お断りします"
        },
        {
            "speaker":"U",
            "time":"17.10.2020 14:59:12",
            "turn-index":29,
            "utterance":"お前ならできるよ"
        },
        {
            "speaker":"S",
            "time":"17.10.2020 14:59:12",
            "turn-index":30,
            "utterance":"すみません, やはり自分にはしっかりやりきれる自信がないです😣🙇🙇💦"
        }
    ]
}