{
    "dialogue-id":"IRS_32",
    "group-id":"",
    "speaker-id":"LiveCompe2020Iris",
    "turns":[
        {
            "speaker":"S",
            "time":"17.10.2020 13:58:11",
            "turn-index":0,
            "utterance":"何でしょうか?"
        },
        {
            "speaker":"U",
            "time":"17.10.2020 14:03:51",
            "turn-index":1,
            "utterance":"今度、同窓会があるの知ってる？"
        },
        {
            "speaker":"S",
            "time":"17.10.2020 14:03:52",
            "turn-index":2,
            "utterance":"同窓会の日にちは決まっていますか?"
        },
        {
            "speaker":"U",
            "time":"17.10.2020 14:04:29",
            "turn-index":3,
            "utterance":"まだ決まってないよ"
        },
        {
            "speaker":"S",
            "time":"17.10.2020 14:04:29",
            "turn-index":4,
            "utterance":"そうですね..."
        },
        {
            "speaker":"U",
            "time":"17.10.2020 14:05:05",
            "turn-index":5,
            "utterance":"都合のいい曜日ある？"
        },
        {
            "speaker":"S",
            "time":"17.10.2020 14:05:05",
            "turn-index":6,
            "utterance":"そうですね..."
        },
        {
            "speaker":"U",
            "time":"17.10.2020 14:06:35",
            "turn-index":7,
            "utterance":"日にちを決めたいんだけど来れる日ありますか？"
        },
        {
            "speaker":"S",
            "time":"17.10.2020 14:06:35",
            "turn-index":8,
            "utterance":"いくつかお尋ねしてもよいでしょうか🙏"
        },
        {
            "speaker":"U",
            "time":"17.10.2020 14:07:01",
            "turn-index":9,
            "utterance":"そこで幹事もお願いしたいのですが？"
        },
        {
            "speaker":"S",
            "time":"17.10.2020 14:07:01",
            "turn-index":10,
            "utterance":"いくつもすみませんが, まだ質問よいですか🙇"
        },
        {
            "speaker":"U",
            "time":"17.10.2020 14:07:15",
            "turn-index":11,
            "utterance":"なんの質問ですか？"
        },
        {
            "speaker":"S",
            "time":"17.10.2020 14:07:15",
            "turn-index":12,
            "utterance":"自分にはちょっと荷が重いかもしれないです💦"
        },
        {
            "speaker":"U",
            "time":"17.10.2020 14:08:19",
            "turn-index":13,
            "utterance":"大丈夫ですよ"
        },
        {
            "speaker":"S",
            "time":"17.10.2020 14:08:19",
            "turn-index":14,
            "utterance":"いくつかお尋ねしてもよいでしょうか🙏"
        },
        {
            "speaker":"U",
            "time":"17.10.2020 14:08:26",
            "turn-index":15,
            "utterance":"どうぞ"
        },
        {
            "speaker":"S",
            "time":"17.10.2020 14:08:26",
            "turn-index":16,
            "utterance":"そうですか🤔"
        },
        {
            "speaker":"U",
            "time":"17.10.2020 14:09:44",
            "turn-index":17,
            "utterance":"なんの質問ですか？"
        },
        {
            "speaker":"S",
            "time":"17.10.2020 14:09:44",
            "turn-index":18,
            "utterance":"色々と考えることが多くて, ちょっと頭がいっぱいです😵"
        },
        {
            "speaker":"U",
            "time":"17.10.2020 14:11:28",
            "turn-index":19,
            "utterance":"手伝いするのでお願いできませんか？"
        },
        {
            "speaker":"S",
            "time":"17.10.2020 14:11:28",
            "turn-index":20,
            "utterance":"本当にすみません."
        },
        {
            "speaker":"U",
            "time":"17.10.2020 14:13:20",
            "turn-index":21,
            "utterance":"あなたしかいないのです"
        },
        {
            "speaker":"S",
            "time":"17.10.2020 14:13:20",
            "turn-index":22,
            "utterance":"同窓会の日にちは決まっていますか?"
        },
        {
            "speaker":"U",
            "time":"17.10.2020 14:13:44",
            "turn-index":23,
            "utterance":"まだ決まっていないのでみんなに聞いてみます"
        },
        {
            "speaker":"S",
            "time":"17.10.2020 14:13:45",
            "turn-index":24,
            "utterance":"予算はだいたいどれくらいですか?"
        },
        {
            "speaker":"U",
            "time":"17.10.2020 14:14:04",
            "turn-index":25,
            "utterance":"一人５０００円ぐらいでどうですか？"
        },
        {
            "speaker":"S",
            "time":"17.10.2020 14:14:04",
            "turn-index":26,
            "utterance":"色々と考えることが多くて, ちょっと頭がいっぱいです😵"
        },
        {
            "speaker":"U",
            "time":"17.10.2020 14:14:21",
            "turn-index":27,
            "utterance":"何を考えていますか？"
        },
        {
            "speaker":"S",
            "time":"17.10.2020 14:14:21",
            "turn-index":28,
            "utterance":"本当に申し訳ないですが, お断りさせてください🙇"
        },
        {
            "speaker":"U",
            "time":"17.10.2020 14:14:36",
            "turn-index":29,
            "utterance":"なんとかお願いできませんか？"
        },
        {
            "speaker":"S",
            "time":"17.10.2020 14:14:36",
            "turn-index":30,
            "utterance":"すみません, やはり自分にはしっかりやりきれる自信がないです😣🙇🙇💦"
        }
    ]
}