{
    "dialogue-id":"IRS_18",
    "group-id":"",
    "speaker-id":"LiveCompe2020Iris",
    "turns":[
        {
            "speaker":"S",
            "time":"17.10.2020 14:12:38",
            "turn-index":0,
            "utterance":"何でしょうか?"
        },
        {
            "speaker":"U",
            "time":"17.10.2020 14:12:57",
            "turn-index":1,
            "utterance":"恒例の同窓会を今年もやろうと思ってるんだけど。"
        },
        {
            "speaker":"S",
            "time":"17.10.2020 14:12:58",
            "turn-index":2,
            "utterance":"そうですね..."
        },
        {
            "speaker":"U",
            "time":"17.10.2020 14:13:22",
            "turn-index":3,
            "utterance":"今年の幹事、僕はちょっと忙しくてできそうにないんだ。"
        },
        {
            "speaker":"S",
            "time":"17.10.2020 14:13:23",
            "turn-index":4,
            "utterance":"そうですか🤔"
        },
        {
            "speaker":"U",
            "time":"17.10.2020 14:14:00",
            "turn-index":5,
            "utterance":"他にお願いできる人もいなくて、お願いできないだろうか。"
        },
        {
            "speaker":"S",
            "time":"17.10.2020 14:14:01",
            "turn-index":6,
            "utterance":"幹事なかなか大変そうですね😟"
        },
        {
            "speaker":"U",
            "time":"17.10.2020 14:14:43",
            "turn-index":7,
            "utterance":"そうでもないよ？みんなも大体流れはわかってるから連絡は一括で大丈夫だし。"
        },
        {
            "speaker":"S",
            "time":"17.10.2020 14:14:44",
            "turn-index":8,
            "utterance":"すみませんが, 私には力不足です(汗"
        },
        {
            "speaker":"U",
            "time":"17.10.2020 14:15:02",
            "turn-index":9,
            "utterance":"そんなことないよ、きみが一番安心してお願いできると思って。"
        },
        {
            "speaker":"S",
            "time":"17.10.2020 14:15:02",
            "turn-index":10,
            "utterance":"難しいですね..."
        },
        {
            "speaker":"U",
            "time":"17.10.2020 14:15:13",
            "turn-index":11,
            "utterance":"そうなの？どうして？"
        },
        {
            "speaker":"S",
            "time":"17.10.2020 14:15:13",
            "turn-index":12,
            "utterance":"すみませんが, 私には力不足です(汗"
        },
        {
            "speaker":"U",
            "time":"17.10.2020 14:15:24",
            "turn-index":13,
            "utterance":"なにかできない事情があるの？"
        },
        {
            "speaker":"S",
            "time":"17.10.2020 14:15:24",
            "turn-index":14,
            "utterance":"心苦しいですが, お断りします"
        },
        {
            "speaker":"U",
            "time":"17.10.2020 14:15:57",
            "turn-index":15,
            "utterance":"だれかサポートをつけてもいいんだけど、僕もできる限りは協力するよ。"
        },
        {
            "speaker":"S",
            "time":"17.10.2020 14:15:57",
            "turn-index":16,
            "utterance":"本当にすみません."
        },
        {
            "speaker":"U",
            "time":"17.10.2020 14:16:54",
            "turn-index":17,
            "utterance":"困ったなー、そうすると本当に他に頼める人がいないんだよ。"
        },
        {
            "speaker":"S",
            "time":"17.10.2020 14:16:54",
            "turn-index":18,
            "utterance":"そうですね..."
        },
        {
            "speaker":"U",
            "time":"17.10.2020 14:17:38",
            "turn-index":19,
            "utterance":"どうしてもできない事情があるならわかるんだけど、人助けだと思ってやってはくれないだろうか。"
        },
        {
            "speaker":"S",
            "time":"17.10.2020 14:17:38",
            "turn-index":20,
            "utterance":"そうですか🤔"
        },
        {
            "speaker":"U",
            "time":"17.10.2020 14:18:16",
            "turn-index":21,
            "utterance":"君なら顔も広いし、安心できると思ったんだよ。"
        },
        {
            "speaker":"S",
            "time":"17.10.2020 14:18:16",
            "turn-index":22,
            "utterance":"実はあまりお店とか知らなくて😅"
        },
        {
            "speaker":"U",
            "time":"17.10.2020 14:18:40",
            "turn-index":23,
            "utterance":"お店なら心配いらないよ。僕のおすすめがいろいろあるから！"
        },
        {
            "speaker":"S",
            "time":"17.10.2020 14:18:40",
            "turn-index":24,
            "utterance":"幹事なかなか大変そうですね😟"
        },
        {
            "speaker":"U",
            "time":"17.10.2020 14:19:24",
            "turn-index":25,
            "utterance":"だからそんなに大変なことないって。大体いつもみんなに一斉にお知らせするだけでしょう？"
        },
        {
            "speaker":"S",
            "time":"17.10.2020 14:19:24",
            "turn-index":26,
            "utterance":"すみませんが, 私には力不足です(汗"
        },
        {
            "speaker":"U",
            "time":"17.10.2020 14:19:38",
            "turn-index":27,
            "utterance":"どうしてそう思うの？"
        },
        {
            "speaker":"S",
            "time":"17.10.2020 14:19:38",
            "turn-index":28,
            "utterance":"心苦しいですが, お断りします"
        },
        {
            "speaker":"U",
            "time":"17.10.2020 14:20:01",
            "turn-index":29,
            "utterance":"そんなに頑なに断られるとこちらもつらいな。"
        },
        {
            "speaker":"S",
            "time":"17.10.2020 14:20:01",
            "turn-index":30,
            "utterance":"すみません, やはり自分にはしっかりやりきれる自信がないです😣🙇🙇💦"
        }
    ]
}