{
    "dialogue-id":"IRS_46",
    "group-id":"",
    "speaker-id":"LiveCompe2020Iris",
    "turns":[
        {
            "speaker":"S",
            "time":"17.10.2020 15:10:27",
            "turn-index":0,
            "utterance":"何でしょうか?"
        },
        {
            "speaker":"U",
            "time":"17.10.2020 15:10:39",
            "turn-index":1,
            "utterance":"同窓会の話なんだけど"
        },
        {
            "speaker":"S",
            "time":"17.10.2020 15:10:40",
            "turn-index":2,
            "utterance":"そうですね..."
        },
        {
            "speaker":"U",
            "time":"17.10.2020 15:10:49",
            "turn-index":3,
            "utterance":"毎年やってるでしょ？"
        },
        {
            "speaker":"S",
            "time":"17.10.2020 15:10:49",
            "turn-index":4,
            "utterance":"そうですね..."
        },
        {
            "speaker":"U",
            "time":"17.10.2020 15:11:17",
            "turn-index":5,
            "utterance":"今年もやるんだけど幹事をやってくれないかな"
        },
        {
            "speaker":"S",
            "time":"17.10.2020 15:11:18",
            "turn-index":6,
            "utterance":"幹事ですか...🤔"
        },
        {
            "speaker":"U",
            "time":"17.10.2020 15:11:40",
            "turn-index":7,
            "utterance":"幹事っていっても簡単だからさ"
        },
        {
            "speaker":"S",
            "time":"17.10.2020 15:11:41",
            "turn-index":8,
            "utterance":"そうですか🤔"
        },
        {
            "speaker":"U",
            "time":"17.10.2020 15:12:36",
            "turn-index":9,
            "utterance":"場所はいつもの所でいいけど、やりたい場所あったら変えてもいいよ"
        },
        {
            "speaker":"S",
            "time":"17.10.2020 15:12:36",
            "turn-index":10,
            "utterance":"幹事なかなか大変そうですね😟"
        },
        {
            "speaker":"U",
            "time":"17.10.2020 15:12:59",
            "turn-index":11,
            "utterance":"いや、そうでもないと思うよ"
        },
        {
            "speaker":"S",
            "time":"17.10.2020 15:13:00",
            "turn-index":12,
            "utterance":"自分にはちょっと荷が重いかもしれないです💦"
        },
        {
            "speaker":"U",
            "time":"17.10.2020 15:13:24",
            "turn-index":13,
            "utterance":"大丈夫大丈夫、みんなも清水君がいいって言ってるし"
        },
        {
            "speaker":"S",
            "time":"17.10.2020 15:13:25",
            "turn-index":14,
            "utterance":"そうですね..."
        },
        {
            "speaker":"U",
            "time":"17.10.2020 15:13:47",
            "turn-index":15,
            "utterance":"だいたい5月の連休あたりで予定してるから"
        },
        {
            "speaker":"S",
            "time":"17.10.2020 15:13:47",
            "turn-index":16,
            "utterance":"そうですね..."
        },
        {
            "speaker":"U",
            "time":"17.10.2020 15:14:14",
            "turn-index":17,
            "utterance":"清水君の好きな日で決めちゃっていいよ"
        },
        {
            "speaker":"S",
            "time":"17.10.2020 15:14:14",
            "turn-index":18,
            "utterance":"そうですね..."
        },
        {
            "speaker":"U",
            "time":"17.10.2020 15:15:15",
            "turn-index":19,
            "utterance":"日にちと場所が決まったら連絡してな"
        },
        {
            "speaker":"S",
            "time":"17.10.2020 15:15:15",
            "turn-index":20,
            "utterance":"そうですか🤔"
        },
        {
            "speaker":"U",
            "time":"17.10.2020 15:15:40",
            "turn-index":21,
            "utterance":"ではそういうことで"
        },
        {
            "speaker":"S",
            "time":"17.10.2020 15:15:40",
            "turn-index":22,
            "utterance":"そうですね..."
        },
        {
            "speaker":"U",
            "time":"17.10.2020 15:15:59",
            "turn-index":23,
            "utterance":"おーい起きてるかい？"
        },
        {
            "speaker":"S",
            "time":"17.10.2020 15:15:59",
            "turn-index":24,
            "utterance":"そうですね..."
        },
        {
            "speaker":"U",
            "time":"17.10.2020 15:16:15",
            "turn-index":25,
            "utterance":"聞いてるかい？"
        },
        {
            "speaker":"S",
            "time":"17.10.2020 15:16:15",
            "turn-index":26,
            "utterance":"同窓会の日にちは決まっていますか?"
        },
        {
            "speaker":"U",
            "time":"17.10.2020 15:17:05",
            "turn-index":27,
            "utterance":"えー、さっき言ったけど"
        },
        {
            "speaker":"S",
            "time":"17.10.2020 15:17:06",
            "turn-index":28,
            "utterance":"そうですね..."
        },
        {
            "speaker":"U",
            "time":"17.10.2020 15:17:11",
            "turn-index":29,
            "utterance":"大丈夫？"
        },
        {
            "speaker":"S",
            "time":"17.10.2020 15:17:12",
            "turn-index":30,
            "utterance":"すみません, やはり自分にはしっかりやりきれる自信がないです😣🙇🙇💦"
        }
    ]
}