{
    "dialogue-id":"IRS_24",
    "group-id":"",
    "speaker-id":"LiveCompe2020Iris",
    "turns":[
        {
            "speaker":"S",
            "time":"17.10.2020 15:18:48",
            "turn-index":0,
            "utterance":"何でしょうか?"
        },
        {
            "speaker":"U",
            "time":"17.10.2020 15:19:00",
            "turn-index":1,
            "utterance":"今度の同窓会の幹事をお願いします。"
        },
        {
            "speaker":"S",
            "time":"17.10.2020 15:19:01",
            "turn-index":2,
            "utterance":"幹事ですか...🤔"
        },
        {
            "speaker":"U",
            "time":"17.10.2020 15:20:07",
            "turn-index":3,
            "utterance":"卒業してからみんな会っていないので。"
        },
        {
            "speaker":"S",
            "time":"17.10.2020 15:20:07",
            "turn-index":4,
            "utterance":"難しいですね..."
        },
        {
            "speaker":"U",
            "time":"17.10.2020 15:20:33",
            "turn-index":5,
            "utterance":"何が難しいのかな。"
        },
        {
            "speaker":"S",
            "time":"17.10.2020 15:20:33",
            "turn-index":6,
            "utterance":"心苦しいですが, お断りします"
        },
        {
            "speaker":"U",
            "time":"17.10.2020 15:21:07",
            "turn-index":7,
            "utterance":"そこを何とかお願いできないか。"
        },
        {
            "speaker":"S",
            "time":"17.10.2020 15:21:07",
            "turn-index":8,
            "utterance":"本当にすみません."
        },
        {
            "speaker":"U",
            "time":"17.10.2020 15:21:39",
            "turn-index":9,
            "utterance":"どういった理由かはっきりしてもらえたら嬉しいんだけど。"
        },
        {
            "speaker":"S",
            "time":"17.10.2020 15:21:39",
            "turn-index":10,
            "utterance":"心苦しいですが, お断りします"
        },
        {
            "speaker":"U",
            "time":"17.10.2020 15:22:12",
            "turn-index":11,
            "utterance":"じゃあ、代わりを誰か選んでもらえないでしょうか。"
        },
        {
            "speaker":"S",
            "time":"17.10.2020 15:22:12",
            "turn-index":12,
            "utterance":"すみませんが, 私には力不足です(汗"
        },
        {
            "speaker":"U",
            "time":"17.10.2020 15:22:38",
            "turn-index":13,
            "utterance":"代わりを選んでもらえれば、その人に任せるんだけど。"
        },
        {
            "speaker":"S",
            "time":"17.10.2020 15:22:38",
            "turn-index":14,
            "utterance":"そうですね..."
        },
        {
            "speaker":"U",
            "time":"17.10.2020 15:22:47",
            "turn-index":15,
            "utterance":"人選をお願いします。"
        },
        {
            "speaker":"S",
            "time":"17.10.2020 15:22:48",
            "turn-index":16,
            "utterance":"そうですね..."
        },
        {
            "speaker":"U",
            "time":"17.10.2020 15:23:08",
            "turn-index":17,
            "utterance":"誰か後輩でもよいのでいないのか。"
        },
        {
            "speaker":"S",
            "time":"17.10.2020 15:23:09",
            "turn-index":18,
            "utterance":"そうですね..."
        },
        {
            "speaker":"U",
            "time":"17.10.2020 15:23:45",
            "turn-index":19,
            "utterance":"適任者がいれば紹介してほしい。"
        },
        {
            "speaker":"S",
            "time":"17.10.2020 15:23:45",
            "turn-index":20,
            "utterance":"そうですね..."
        },
        {
            "speaker":"U",
            "time":"17.10.2020 15:24:03",
            "turn-index":21,
            "utterance":"本当に誰もいないのか。"
        },
        {
            "speaker":"S",
            "time":"17.10.2020 15:24:03",
            "turn-index":22,
            "utterance":"同窓会の日にちは決まっていますか?"
        },
        {
            "speaker":"U",
            "time":"17.10.2020 15:24:23",
            "turn-index":23,
            "utterance":"まだこれからだけど。"
        },
        {
            "speaker":"S",
            "time":"17.10.2020 15:24:23",
            "turn-index":24,
            "utterance":"そうですね..."
        },
        {
            "speaker":"U",
            "time":"17.10.2020 15:26:00",
            "turn-index":25,
            "utterance":"後輩を紹介してもらえいならぜひお願いしたいんだけど。"
        },
        {
            "speaker":"S",
            "time":"17.10.2020 15:26:01",
            "turn-index":26,
            "utterance":"予算はだいたいどれくらいですか?"
        },
        {
            "speaker":"U",
            "time":"17.10.2020 15:26:25",
            "turn-index":27,
            "utterance":"3千円karaってところかな。"
        },
        {
            "speaker":"S",
            "time":"17.10.2020 15:26:25",
            "turn-index":28,
            "utterance":"色々と考えることが多くて, ちょっと頭がいっぱいです😵"
        },
        {
            "speaker":"U",
            "time":"17.10.2020 15:26:45",
            "turn-index":29,
            "utterance":"そこをなんとかならないか。"
        },
        {
            "speaker":"S",
            "time":"17.10.2020 15:26:45",
            "turn-index":30,
            "utterance":"すみません, やはり自分にはしっかりやりきれる自信がないです😣🙇🙇💦"
        }
    ]
}