{
    "dialogue-id":"IRS_39",
    "group-id":"",
    "speaker-id":"LiveCompe2020Iris",
    "turns":[
        {
            "speaker":"S",
            "time":"17.10.2020 16:53:13",
            "turn-index":0,
            "utterance":"何でしょうか?"
        },
        {
            "speaker":"U",
            "time":"17.10.2020 16:54:15",
            "turn-index":1,
            "utterance":"今年も同窓会あるんだよ"
        },
        {
            "speaker":"S",
            "time":"17.10.2020 16:54:15",
            "turn-index":2,
            "utterance":"そうですね..."
        },
        {
            "speaker":"U",
            "time":"17.10.2020 16:54:30",
            "turn-index":3,
            "utterance":"もちろん参加だろ？"
        },
        {
            "speaker":"S",
            "time":"17.10.2020 16:54:31",
            "turn-index":4,
            "utterance":"そうですね..."
        },
        {
            "speaker":"U",
            "time":"17.10.2020 16:54:49",
            "turn-index":5,
            "utterance":"会えるの楽しみだよ"
        },
        {
            "speaker":"S",
            "time":"17.10.2020 16:54:50",
            "turn-index":6,
            "utterance":"そうですね..."
        },
        {
            "speaker":"U",
            "time":"17.10.2020 16:55:17",
            "turn-index":7,
            "utterance":"ところでさ、幹事お願いできないかな？"
        },
        {
            "speaker":"S",
            "time":"17.10.2020 16:55:17",
            "turn-index":8,
            "utterance":"幹事ですか...🤔"
        },
        {
            "speaker":"U",
            "time":"17.10.2020 16:55:55",
            "turn-index":9,
            "utterance":"そう、お前だから頼みたいんだ"
        },
        {
            "speaker":"S",
            "time":"17.10.2020 16:55:56",
            "turn-index":10,
            "utterance":"いくつかお尋ねしてもよいでしょうか🙏"
        },
        {
            "speaker":"U",
            "time":"17.10.2020 16:56:03",
            "turn-index":11,
            "utterance":"どうぞ"
        },
        {
            "speaker":"S",
            "time":"17.10.2020 16:56:03",
            "turn-index":12,
            "utterance":"同窓会の日にちは決まっていますか?"
        },
        {
            "speaker":"U",
            "time":"17.10.2020 16:57:22",
            "turn-index":13,
            "utterance":"五月の連休中にできればと"
        },
        {
            "speaker":"S",
            "time":"17.10.2020 16:57:23",
            "turn-index":14,
            "utterance":"なるほどそうですか🤔"
        },
        {
            "speaker":"U",
            "time":"17.10.2020 16:57:34",
            "turn-index":15,
            "utterance":"時間取れそう？"
        },
        {
            "speaker":"S",
            "time":"17.10.2020 16:57:34",
            "turn-index":16,
            "utterance":"規模についてなんですが, どれくらいの人数の予定ですか?"
        },
        {
            "speaker":"U",
            "time":"17.10.2020 16:57:55",
            "turn-index":17,
            "utterance":"２０人くらい集まればいいかな"
        },
        {
            "speaker":"S",
            "time":"17.10.2020 16:57:56",
            "turn-index":18,
            "utterance":"それくらいの規模なんですね🧐"
        },
        {
            "speaker":"U",
            "time":"17.10.2020 16:58:20",
            "turn-index":19,
            "utterance":"面倒なのは分かるんだけど頼めないかな？"
        },
        {
            "speaker":"S",
            "time":"17.10.2020 16:58:21",
            "turn-index":20,
            "utterance":"お店は地元ですか?"
        },
        {
            "speaker":"U",
            "time":"17.10.2020 16:58:31",
            "turn-index":21,
            "utterance":"地元の店がいいな"
        },
        {
            "speaker":"S",
            "time":"17.10.2020 16:58:32",
            "turn-index":22,
            "utterance":"実はあまりお店とか知らなくて😅"
        },
        {
            "speaker":"U",
            "time":"17.10.2020 16:59:05",
            "turn-index":23,
            "utterance":"大丈夫、みんなこだわりないから"
        },
        {
            "speaker":"S",
            "time":"17.10.2020 16:59:05",
            "turn-index":24,
            "utterance":"予算はだいたいどれくらいですか?"
        },
        {
            "speaker":"U",
            "time":"17.10.2020 16:59:16",
            "turn-index":25,
            "utterance":"５０００円くらいかな"
        },
        {
            "speaker":"S",
            "time":"17.10.2020 16:59:17",
            "turn-index":26,
            "utterance":"たくさん答えていただきありがとうございます😀"
        },
        {
            "speaker":"U",
            "time":"17.10.2020 16:59:45",
            "turn-index":27,
            "utterance":"何とか引き受けてくれないかな？"
        },
        {
            "speaker":"S",
            "time":"17.10.2020 16:59:45",
            "turn-index":28,
            "utterance":"幹事なかなか大変そうですね😟"
        },
        {
            "speaker":"U",
            "time":"17.10.2020 17:00:18",
            "turn-index":29,
            "utterance":"お前しっかりしてるし頼りにしてるんだ"
        },
        {
            "speaker":"S",
            "time":"17.10.2020 17:00:19",
            "turn-index":30,
            "utterance":"すみません, やはり自分にはしっかりやりきれる自信がないです😣🙇🙇💦"
        }
    ]
}