{
    "dialogue-id":"IRS_50",
    "group-id":"",
    "speaker-id":"LiveCompe2020Iris",
    "turns":[
        {
            "speaker":"S",
            "time":"17.10.2020 15:22:17",
            "turn-index":0,
            "utterance":"何でしょうか?"
        },
        {
            "speaker":"U",
            "time":"17.10.2020 15:22:38",
            "turn-index":1,
            "utterance":"おひさしぶりです。"
        },
        {
            "speaker":"S",
            "time":"17.10.2020 15:22:39",
            "turn-index":2,
            "utterance":"そうですね..."
        },
        {
            "speaker":"U",
            "time":"17.10.2020 15:22:58",
            "turn-index":3,
            "utterance":"最近調子はどうですか？"
        },
        {
            "speaker":"S",
            "time":"17.10.2020 15:22:59",
            "turn-index":4,
            "utterance":"そうですね..."
        },
        {
            "speaker":"U",
            "time":"17.10.2020 15:23:55",
            "turn-index":5,
            "utterance":"サークルの同窓会の幹事を頼みたいのですが"
        },
        {
            "speaker":"S",
            "time":"17.10.2020 15:23:55",
            "turn-index":6,
            "utterance":"幹事ですか...🤔"
        },
        {
            "speaker":"U",
            "time":"17.10.2020 15:24:01",
            "turn-index":7,
            "utterance":"そうです"
        },
        {
            "speaker":"S",
            "time":"17.10.2020 15:24:02",
            "turn-index":8,
            "utterance":"いくつかお尋ねしてもよいでしょうか🙏"
        },
        {
            "speaker":"U",
            "time":"17.10.2020 15:24:09",
            "turn-index":9,
            "utterance":"なんでしょうか"
        },
        {
            "speaker":"S",
            "time":"17.10.2020 15:24:10",
            "turn-index":10,
            "utterance":"そうですか🤔"
        },
        {
            "speaker":"U",
            "time":"17.10.2020 15:24:27",
            "turn-index":11,
            "utterance":"幹事をしてもらえますか？"
        },
        {
            "speaker":"S",
            "time":"17.10.2020 15:24:27",
            "turn-index":12,
            "utterance":"幹事ですか...🤔"
        },
        {
            "speaker":"U",
            "time":"17.10.2020 15:24:42",
            "turn-index":13,
            "utterance":"何か都合が悪い理由でもありますか"
        },
        {
            "speaker":"S",
            "time":"17.10.2020 15:24:42",
            "turn-index":14,
            "utterance":"そうですか🤔"
        },
        {
            "speaker":"U",
            "time":"17.10.2020 15:25:15",
            "turn-index":15,
            "utterance":"どうでしょう。幹事をしてもらえますか"
        },
        {
            "speaker":"S",
            "time":"17.10.2020 15:25:15",
            "turn-index":16,
            "utterance":"いくつもすみませんが, まだ質問よいですか🙇"
        },
        {
            "speaker":"U",
            "time":"17.10.2020 15:25:21",
            "turn-index":17,
            "utterance":"どうぞ"
        },
        {
            "speaker":"S",
            "time":"17.10.2020 15:25:22",
            "turn-index":18,
            "utterance":"規模についてなんですが, どれくらいの人数の予定ですか?"
        },
        {
            "speaker":"U",
            "time":"17.10.2020 15:25:41",
            "turn-index":19,
            "utterance":"20人程を予定しています"
        },
        {
            "speaker":"S",
            "time":"17.10.2020 15:25:42",
            "turn-index":20,
            "utterance":"お店は地元ですか?"
        },
        {
            "speaker":"U",
            "time":"17.10.2020 15:25:49",
            "turn-index":21,
            "utterance":"そうです"
        },
        {
            "speaker":"S",
            "time":"17.10.2020 15:25:50",
            "turn-index":22,
            "utterance":"実はあまりお店とか知らなくて😅"
        },
        {
            "speaker":"U",
            "time":"17.10.2020 15:26:13",
            "turn-index":23,
            "utterance":"それならいくつか紹介します"
        },
        {
            "speaker":"S",
            "time":"17.10.2020 15:26:13",
            "turn-index":24,
            "utterance":"たくさん答えていただきありがとうございます😀"
        },
        {
            "speaker":"U",
            "time":"17.10.2020 15:26:24",
            "turn-index":25,
            "utterance":"こちらこそありがとうございます"
        },
        {
            "speaker":"S",
            "time":"17.10.2020 15:26:25",
            "turn-index":26,
            "utterance":"幹事なかなか大変そうですね😟"
        },
        {
            "speaker":"U",
            "time":"17.10.2020 15:26:37",
            "turn-index":27,
            "utterance":"そんなことありませんよ"
        },
        {
            "speaker":"S",
            "time":"17.10.2020 15:26:38",
            "turn-index":28,
            "utterance":"自分にはちょっと荷が重いかもしれないです💦"
        },
        {
            "speaker":"U",
            "time":"17.10.2020 15:26:52",
            "turn-index":29,
            "utterance":"大丈夫です。心配しないでください。"
        },
        {
            "speaker":"S",
            "time":"17.10.2020 15:26:53",
            "turn-index":30,
            "utterance":"すみません, やはり自分にはしっかりやりきれる自信がないです😣🙇🙇💦"
        }
    ]
}