{
    "dialogue-id":"IRS_34",
    "group-id":"",
    "speaker-id":"LiveCompe2020Iris",
    "turns":[
        {
            "speaker":"S",
            "time":"17.10.2020 16:02:32",
            "turn-index":0,
            "utterance":"何でしょうか?"
        },
        {
            "speaker":"U",
            "time":"17.10.2020 16:03:00",
            "turn-index":1,
            "utterance":"今年のサークルの同窓会の幹事を清水にお願いしたくて"
        },
        {
            "speaker":"S",
            "time":"17.10.2020 16:03:00",
            "turn-index":2,
            "utterance":"幹事ですか...🤔"
        },
        {
            "speaker":"U",
            "time":"17.10.2020 16:03:05",
            "turn-index":3,
            "utterance":"そうそう"
        },
        {
            "speaker":"S",
            "time":"17.10.2020 16:03:05",
            "turn-index":4,
            "utterance":"いくつかお尋ねしてもよいでしょうか🙏"
        },
        {
            "speaker":"U",
            "time":"17.10.2020 16:03:08",
            "turn-index":5,
            "utterance":"いいお"
        },
        {
            "speaker":"S",
            "time":"17.10.2020 16:03:08",
            "turn-index":6,
            "utterance":"同窓会の日にちは決まっていますか?"
        },
        {
            "speaker":"U",
            "time":"17.10.2020 16:03:14",
            "turn-index":7,
            "utterance":"まだだね"
        },
        {
            "speaker":"S",
            "time":"17.10.2020 16:03:15",
            "turn-index":8,
            "utterance":"そうですか🤔"
        },
        {
            "speaker":"U",
            "time":"17.10.2020 16:03:25",
            "turn-index":9,
            "utterance":"なにか都合がある？"
        },
        {
            "speaker":"S",
            "time":"17.10.2020 16:03:26",
            "turn-index":10,
            "utterance":"わかりました🙆"
        },
        {
            "speaker":"U",
            "time":"17.10.2020 16:03:32",
            "turn-index":11,
            "utterance":"じゃやってくれるね"
        },
        {
            "speaker":"S",
            "time":"17.10.2020 16:03:32",
            "turn-index":12,
            "utterance":"お店は地元ですか?"
        },
        {
            "speaker":"U",
            "time":"17.10.2020 16:03:36",
            "turn-index":13,
            "utterance":"地元だよ"
        },
        {
            "speaker":"S",
            "time":"17.10.2020 16:03:37",
            "turn-index":14,
            "utterance":"実はあまりお店とか知らなくて😅"
        },
        {
            "speaker":"U",
            "time":"17.10.2020 16:03:49",
            "turn-index":15,
            "utterance":"調べればすぐ出てくるだろ"
        },
        {
            "speaker":"S",
            "time":"17.10.2020 16:03:50",
            "turn-index":16,
            "utterance":"予算はだいたいどれくらいですか?"
        },
        {
            "speaker":"U",
            "time":"17.10.2020 16:04:00",
            "turn-index":17,
            "utterance":"前と同じかな"
        },
        {
            "speaker":"S",
            "time":"17.10.2020 16:04:00",
            "turn-index":18,
            "utterance":"幹事なかなか大変そうですね😟"
        },
        {
            "speaker":"U",
            "time":"17.10.2020 16:04:08",
            "turn-index":19,
            "utterance":"一度やってみるといいよ"
        },
        {
            "speaker":"S",
            "time":"17.10.2020 16:04:09",
            "turn-index":20,
            "utterance":"色々と考えることが多くて, ちょっと頭がいっぱいです😵"
        },
        {
            "speaker":"U",
            "time":"17.10.2020 16:04:25",
            "turn-index":21,
            "utterance":"俺もやったことあるし"
        },
        {
            "speaker":"S",
            "time":"17.10.2020 16:04:26",
            "turn-index":22,
            "utterance":"本当に申し訳ないですが, お断りさせてください🙇"
        },
        {
            "speaker":"U",
            "time":"17.10.2020 16:04:29",
            "turn-index":23,
            "utterance":"大丈夫だよ"
        },
        {
            "speaker":"S",
            "time":"17.10.2020 16:04:30",
            "turn-index":24,
            "utterance":"難しいですね..."
        },
        {
            "speaker":"U",
            "time":"17.10.2020 16:04:41",
            "turn-index":25,
            "utterance":"分からないことは教えるから"
        },
        {
            "speaker":"S",
            "time":"17.10.2020 16:04:41",
            "turn-index":26,
            "utterance":"すみませんが, 私には力不足です(汗"
        },
        {
            "speaker":"U",
            "time":"17.10.2020 16:04:50",
            "turn-index":27,
            "utterance":"やってみないと分からないよ"
        },
        {
            "speaker":"S",
            "time":"17.10.2020 16:04:50",
            "turn-index":28,
            "utterance":"本当にすみません."
        },
        {
            "speaker":"U",
            "time":"17.10.2020 16:04:56",
            "turn-index":29,
            "utterance":"やろうよ"
        },
        {
            "speaker":"S",
            "time":"17.10.2020 16:04:56",
            "turn-index":30,
            "utterance":"すみません, やはり自分にはしっかりやりきれる自信がないです😣🙇🙇💦"
        }
    ]
}