{
    "dialogue-id":"IRS_41",
    "group-id":"",
    "speaker-id":"LiveCompe2020Iris",
    "turns":[
        {
            "speaker":"S",
            "time":"17.10.2020 13:53:26",
            "turn-index":0,
            "utterance":"何でしょうか?"
        },
        {
            "speaker":"U",
            "time":"17.10.2020 13:53:52",
            "turn-index":1,
            "utterance":"実はさ、同窓会の幹事をしてほしいんだけど。"
        },
        {
            "speaker":"S",
            "time":"17.10.2020 13:53:52",
            "turn-index":2,
            "utterance":"そうですか🤔"
        },
        {
            "speaker":"U",
            "time":"17.10.2020 13:54:05",
            "turn-index":3,
            "utterance":"うん、お願いできるかな？"
        },
        {
            "speaker":"S",
            "time":"17.10.2020 13:54:05",
            "turn-index":4,
            "utterance":"規模についてなんですが, どれくらいの人数の予定ですか?"
        },
        {
            "speaker":"U",
            "time":"17.10.2020 13:54:50",
            "turn-index":5,
            "utterance":"まだ正確にはわからないんだけど、10人くらいかな。"
        },
        {
            "speaker":"S",
            "time":"17.10.2020 13:54:51",
            "turn-index":6,
            "utterance":"お店は地元ですか?"
        },
        {
            "speaker":"U",
            "time":"17.10.2020 13:55:16",
            "turn-index":7,
            "utterance":"そうだな、地元がいいかな。"
        },
        {
            "speaker":"S",
            "time":"17.10.2020 13:55:16",
            "turn-index":8,
            "utterance":"予算はだいたいどれくらいですか?"
        },
        {
            "speaker":"U",
            "time":"17.10.2020 13:55:49",
            "turn-index":9,
            "utterance":"2万くらいでみてる。"
        },
        {
            "speaker":"S",
            "time":"17.10.2020 13:55:49",
            "turn-index":10,
            "utterance":"色々と考えることが多くて, ちょっと頭がいっぱいです😵"
        },
        {
            "speaker":"U",
            "time":"17.10.2020 13:56:28",
            "turn-index":11,
            "utterance":"まあそんなに難しく考えないで気楽にやってくれればいいよ。"
        },
        {
            "speaker":"S",
            "time":"17.10.2020 13:56:29",
            "turn-index":12,
            "utterance":"難しいですね..."
        },
        {
            "speaker":"U",
            "time":"17.10.2020 13:57:47",
            "turn-index":13,
            "utterance":"まあまあ助けると思ってさ。"
        },
        {
            "speaker":"S",
            "time":"17.10.2020 13:57:47",
            "turn-index":14,
            "utterance":"そうですね..."
        },
        {
            "speaker":"U",
            "time":"17.10.2020 13:58:05",
            "turn-index":15,
            "utterance":"お前だけが頼りなんだよ。"
        },
        {
            "speaker":"S",
            "time":"17.10.2020 13:58:06",
            "turn-index":16,
            "utterance":"そうですね..."
        },
        {
            "speaker":"U",
            "time":"17.10.2020 13:58:18",
            "turn-index":17,
            "utterance":"な、頼む、このとおり。"
        },
        {
            "speaker":"S",
            "time":"17.10.2020 13:58:19",
            "turn-index":18,
            "utterance":"そうですね..."
        },
        {
            "speaker":"U",
            "time":"17.10.2020 13:58:50",
            "turn-index":19,
            "utterance":"みんな同窓会楽しみにしてるんだよね。"
        },
        {
            "speaker":"S",
            "time":"17.10.2020 13:58:51",
            "turn-index":20,
            "utterance":"そうですね..."
        },
        {
            "speaker":"U",
            "time":"17.10.2020 13:59:12",
            "turn-index":21,
            "utterance":"な、ちょっとだけでいいんだ。"
        },
        {
            "speaker":"S",
            "time":"17.10.2020 13:59:13",
            "turn-index":22,
            "utterance":"そうですね..."
        },
        {
            "speaker":"U",
            "time":"17.10.2020 14:00:56",
            "turn-index":23,
            "utterance":"忙しいところ悪いけど、お願い。"
        },
        {
            "speaker":"S",
            "time":"17.10.2020 14:00:56",
            "turn-index":24,
            "utterance":"会社の研修とかありますが, そんなに忙しくはないですよ😄"
        },
        {
            "speaker":"U",
            "time":"17.10.2020 14:01:38",
            "turn-index":25,
            "utterance":"そうなんだ、それなら大丈夫そうだな。"
        },
        {
            "speaker":"S",
            "time":"17.10.2020 14:01:39",
            "turn-index":26,
            "utterance":"規模についてなんですが, どれくらいの人数の予定ですか?"
        },
        {
            "speaker":"U",
            "time":"17.10.2020 14:01:53",
            "turn-index":27,
            "utterance":"10人くらいだよ。"
        },
        {
            "speaker":"S",
            "time":"17.10.2020 14:01:54",
            "turn-index":28,
            "utterance":"お店は地元ですか?"
        },
        {
            "speaker":"U",
            "time":"17.10.2020 14:02:10",
            "turn-index":29,
            "utterance":"やっぱり、東京のほうがいいかなぁ。"
        },
        {
            "speaker":"S",
            "time":"17.10.2020 14:02:10",
            "turn-index":30,
            "utterance":"すみません, やはり自分にはしっかりやりきれる自信がないです😣🙇🙇💦"
        }
    ]
}