{
    "dialogue-id":"IRS_49",
    "group-id":"",
    "speaker-id":"LiveCompe2020Iris",
    "turns":[
        {
            "speaker":"S",
            "time":"17.10.2020 14:04:22",
            "turn-index":0,
            "utterance":"何でしょうか?"
        },
        {
            "speaker":"U",
            "time":"17.10.2020 14:08:27",
            "turn-index":1,
            "utterance":"今年のサークルの同窓会の幹事をやってほしいんだけど"
        },
        {
            "speaker":"S",
            "time":"17.10.2020 14:08:27",
            "turn-index":2,
            "utterance":"いくつもすみませんが, まだ質問よいですか🙇"
        },
        {
            "speaker":"U",
            "time":"17.10.2020 14:10:18",
            "turn-index":3,
            "utterance":"何かわからないことでもありますか？"
        },
        {
            "speaker":"S",
            "time":"17.10.2020 14:10:19",
            "turn-index":4,
            "utterance":"本当にすみません."
        },
        {
            "speaker":"U",
            "time":"17.10.2020 14:11:57",
            "turn-index":5,
            "utterance":"清水君しか幹事をやってくれそうな人がいないんだけど、お願いできないかな😅"
        },
        {
            "speaker":"S",
            "time":"17.10.2020 14:11:58",
            "turn-index":6,
            "utterance":"心苦しいですが, お断りします"
        },
        {
            "speaker":"U",
            "time":"17.10.2020 14:13:23",
            "turn-index":7,
            "utterance":"どうしても無理ですか？"
        },
        {
            "speaker":"S",
            "time":"17.10.2020 14:13:23",
            "turn-index":8,
            "utterance":"規模についてなんですが, どれくらいの人数の予定ですか?"
        },
        {
            "speaker":"U",
            "time":"17.10.2020 14:14:46",
            "turn-index":9,
            "utterance":"おそらく、50人から60人位の参加人数になると思うんだよね"
        },
        {
            "speaker":"S",
            "time":"17.10.2020 14:14:46",
            "turn-index":10,
            "utterance":"本当にすみません."
        },
        {
            "speaker":"U",
            "time":"17.10.2020 14:17:20",
            "turn-index":11,
            "utterance":"他にも手伝ってくれるようにお願いするから、幹事やってもらえないかな？"
        },
        {
            "speaker":"S",
            "time":"17.10.2020 14:17:20",
            "turn-index":12,
            "utterance":"幹事ですか...🤔"
        },
        {
            "speaker":"U",
            "time":"17.10.2020 14:19:58",
            "turn-index":13,
            "utterance":"そこまで難しいことはないから。これからの経験としてやってみて損はないと思うよ"
        },
        {
            "speaker":"S",
            "time":"17.10.2020 14:19:59",
            "turn-index":14,
            "utterance":"難しいですね..."
        },
        {
            "speaker":"U",
            "time":"17.10.2020 14:20:48",
            "turn-index":15,
            "utterance":"そこをどうにかお願いできないかな？安心して頼めるのは清水君しかいないんだよ"
        },
        {
            "speaker":"S",
            "time":"17.10.2020 14:20:49",
            "turn-index":16,
            "utterance":"難しいですね..."
        },
        {
            "speaker":"U",
            "time":"17.10.2020 14:21:52",
            "turn-index":17,
            "utterance":"清水君にとってもいい経験になると思うんだけど"
        },
        {
            "speaker":"S",
            "time":"17.10.2020 14:21:52",
            "turn-index":18,
            "utterance":"すみませんが, 私には力不足です(汗"
        },
        {
            "speaker":"U",
            "time":"17.10.2020 14:23:47",
            "turn-index":19,
            "utterance":"そんなことはないよ。手伝ってくれる人もいるし。清水君はしっかりしているから頼みたいんだよ"
        },
        {
            "speaker":"S",
            "time":"17.10.2020 14:23:48",
            "turn-index":20,
            "utterance":"そうですね..."
        },
        {
            "speaker":"U",
            "time":"17.10.2020 14:24:16",
            "turn-index":21,
            "utterance":"どうにか引き受けてもらえると助かるんだけど…"
        },
        {
            "speaker":"S",
            "time":"17.10.2020 14:24:17",
            "turn-index":22,
            "utterance":"そうですね..."
        },
        {
            "speaker":"U",
            "time":"17.10.2020 14:25:57",
            "turn-index":23,
            "utterance":"お願いできないかな？"
        },
        {
            "speaker":"S",
            "time":"17.10.2020 14:25:58",
            "turn-index":24,
            "utterance":"そうですね..."
        },
        {
            "speaker":"U",
            "time":"17.10.2020 14:26:57",
            "turn-index":25,
            "utterance":"清水君昔から人をまとめるのうまいから引き受けてくれると安心なんだけど"
        },
        {
            "speaker":"S",
            "time":"17.10.2020 14:26:57",
            "turn-index":26,
            "utterance":"いくつかお尋ねしてもよいでしょうか🙏"
        },
        {
            "speaker":"U",
            "time":"17.10.2020 14:27:10",
            "turn-index":27,
            "utterance":"なんでしょうか？"
        },
        {
            "speaker":"S",
            "time":"17.10.2020 14:27:11",
            "turn-index":28,
            "utterance":"お店は地元ですか?"
        },
        {
            "speaker":"U",
            "time":"17.10.2020 14:27:48",
            "turn-index":29,
            "utterance":"できれば地元の方がみんな集まりやすいかなとは思う"
        },
        {
            "speaker":"S",
            "time":"17.10.2020 14:27:49",
            "turn-index":30,
            "utterance":"すみません, やはり自分にはしっかりやりきれる自信がないです😣🙇🙇💦"
        }
    ]
}