{
    "dialogue-id":"IRS_40",
    "group-id":"",
    "speaker-id":"LiveCompe2020Iris",
    "turns":[
        {
            "speaker":"S",
            "time":"17.10.2020 14:08:13",
            "turn-index":0,
            "utterance":"何でしょうか?"
        },
        {
            "speaker":"U",
            "time":"17.10.2020 14:10:21",
            "turn-index":1,
            "utterance":"最近同窓会開いてる？"
        },
        {
            "speaker":"S",
            "time":"17.10.2020 14:10:21",
            "turn-index":2,
            "utterance":"心苦しいですが, お断りします"
        },
        {
            "speaker":"U",
            "time":"17.10.2020 14:10:45",
            "turn-index":3,
            "utterance":"まだ何も言っていないよ！"
        },
        {
            "speaker":"S",
            "time":"17.10.2020 14:10:46",
            "turn-index":4,
            "utterance":"すみませんが, 私には力不足です(汗"
        },
        {
            "speaker":"U",
            "time":"17.10.2020 14:11:39",
            "turn-index":5,
            "utterance":"卒業前に同窓会開かない？"
        },
        {
            "speaker":"S",
            "time":"17.10.2020 14:11:39",
            "turn-index":6,
            "utterance":"難しいですね..."
        },
        {
            "speaker":"U",
            "time":"17.10.2020 14:12:14",
            "turn-index":7,
            "utterance":"社会人になったら会える機会減るし！"
        },
        {
            "speaker":"S",
            "time":"17.10.2020 14:12:14",
            "turn-index":8,
            "utterance":"すみませんが, 私には力不足です(汗"
        },
        {
            "speaker":"U",
            "time":"17.10.2020 14:13:11",
            "turn-index":9,
            "utterance":"会いたいから、幹事お願い！"
        },
        {
            "speaker":"S",
            "time":"17.10.2020 14:13:11",
            "turn-index":10,
            "utterance":"幹事ですか...🤔"
        },
        {
            "speaker":"U",
            "time":"17.10.2020 14:13:42",
            "turn-index":11,
            "utterance":"前にやってくれたとき良かったから！"
        },
        {
            "speaker":"S",
            "time":"17.10.2020 14:13:42",
            "turn-index":12,
            "utterance":"実はあまりお店とか知らなくて😅"
        },
        {
            "speaker":"U",
            "time":"17.10.2020 14:14:27",
            "turn-index":13,
            "utterance":"お店なんてこだわり無し！どこでも良いよ！"
        },
        {
            "speaker":"S",
            "time":"17.10.2020 14:14:28",
            "turn-index":14,
            "utterance":"難しいですね..."
        },
        {
            "speaker":"U",
            "time":"17.10.2020 14:15:17",
            "turn-index":15,
            "utterance":"学生最後の思い出に！"
        },
        {
            "speaker":"S",
            "time":"17.10.2020 14:15:17",
            "turn-index":16,
            "utterance":"本当にすみません."
        },
        {
            "speaker":"U",
            "time":"17.10.2020 14:15:41",
            "turn-index":17,
            "utterance":"どうしても無理？"
        },
        {
            "speaker":"S",
            "time":"17.10.2020 14:15:42",
            "turn-index":18,
            "utterance":"難しいですね..."
        },
        {
            "speaker":"U",
            "time":"17.10.2020 14:16:39",
            "turn-index":19,
            "utterance":"社会人になる前にアドバイスとかもしたいし！"
        },
        {
            "speaker":"S",
            "time":"17.10.2020 14:16:39",
            "turn-index":20,
            "utterance":"そうですね..."
        },
        {
            "speaker":"U",
            "time":"17.10.2020 14:17:21",
            "turn-index":21,
            "utterance":"都合の付く人少人数だけでも良いから！"
        },
        {
            "speaker":"S",
            "time":"17.10.2020 14:17:22",
            "turn-index":22,
            "utterance":"いくつかお尋ねしてもよいでしょうか🙏"
        },
        {
            "speaker":"U",
            "time":"17.10.2020 14:17:40",
            "turn-index":23,
            "utterance":"もちろん！協力はするよ。"
        },
        {
            "speaker":"S",
            "time":"17.10.2020 14:17:40",
            "turn-index":24,
            "utterance":"規模についてなんですが, どれくらいの人数の予定ですか?"
        },
        {
            "speaker":"U",
            "time":"17.10.2020 14:18:20",
            "turn-index":25,
            "utterance":"ほんと、集まれるだけで良いよ！"
        },
        {
            "speaker":"S",
            "time":"17.10.2020 14:18:21",
            "turn-index":26,
            "utterance":"たくさん答えていただきありがとうございます😀"
        },
        {
            "speaker":"U",
            "time":"17.10.2020 14:18:53",
            "turn-index":27,
            "utterance":"どういたしまして！"
        },
        {
            "speaker":"S",
            "time":"17.10.2020 14:18:53",
            "turn-index":28,
            "utterance":"自分にはちょっと荷が重いかもしれないです💦"
        },
        {
            "speaker":"U",
            "time":"17.10.2020 14:19:46",
            "turn-index":29,
            "utterance":"社会人でも幹事経験はプラスになるよ！"
        },
        {
            "speaker":"S",
            "time":"17.10.2020 14:19:46",
            "turn-index":30,
            "utterance":"すみません, やはり自分にはしっかりやりきれる自信がないです😣🙇🙇💦"
        }
    ]
}