{
    "dialogue-id":"IRS_12",
    "group-id":"",
    "speaker-id":"LiveCompe2020Iris",
    "turns":[
        {
            "speaker":"S",
            "time":"17.10.2020 16:04:58",
            "turn-index":0,
            "utterance":"何でしょうか?"
        },
        {
            "speaker":"U",
            "time":"17.10.2020 16:06:22",
            "turn-index":1,
            "utterance":"今年の同窓会のことで相談なんだけど"
        },
        {
            "speaker":"S",
            "time":"17.10.2020 16:06:22",
            "turn-index":2,
            "utterance":"そうですね..."
        },
        {
            "speaker":"U",
            "time":"17.10.2020 16:06:54",
            "turn-index":3,
            "utterance":"幹事をお願いできないかな"
        },
        {
            "speaker":"S",
            "time":"17.10.2020 16:06:55",
            "turn-index":4,
            "utterance":"幹事ですか...🤔"
        },
        {
            "speaker":"U",
            "time":"17.10.2020 16:07:11",
            "turn-index":5,
            "utterance":"そう、幹事"
        },
        {
            "speaker":"S",
            "time":"17.10.2020 16:07:11",
            "turn-index":6,
            "utterance":"いくつかお尋ねしてもよいでしょうか🙏"
        },
        {
            "speaker":"U",
            "time":"17.10.2020 16:07:17",
            "turn-index":7,
            "utterance":"もちろん"
        },
        {
            "speaker":"S",
            "time":"17.10.2020 16:07:17",
            "turn-index":8,
            "utterance":"同窓会の日にちは決まっていますか?"
        },
        {
            "speaker":"U",
            "time":"17.10.2020 16:07:27",
            "turn-index":9,
            "utterance":"一応決まっているよ"
        },
        {
            "speaker":"S",
            "time":"17.10.2020 16:07:28",
            "turn-index":10,
            "utterance":"そうですか🤔"
        },
        {
            "speaker":"U",
            "time":"17.10.2020 16:07:47",
            "turn-index":11,
            "utterance":"もし都合悪ければ日程の調整は可能だけど"
        },
        {
            "speaker":"S",
            "time":"17.10.2020 16:07:47",
            "turn-index":12,
            "utterance":"規模についてなんですが, どれくらいの人数の予定ですか?"
        },
        {
            "speaker":"U",
            "time":"17.10.2020 16:08:22",
            "turn-index":13,
            "utterance":"20人くらいの予定だけど"
        },
        {
            "speaker":"S",
            "time":"17.10.2020 16:08:22",
            "turn-index":14,
            "utterance":"それくらいの規模なんですね🧐"
        },
        {
            "speaker":"U",
            "time":"17.10.2020 16:08:40",
            "turn-index":15,
            "utterance":"今のところね"
        },
        {
            "speaker":"S",
            "time":"17.10.2020 16:08:41",
            "turn-index":16,
            "utterance":"お店は地元ですか?"
        },
        {
            "speaker":"U",
            "time":"17.10.2020 16:08:59",
            "turn-index":17,
            "utterance":"地元が集まりやすいかな"
        },
        {
            "speaker":"S",
            "time":"17.10.2020 16:08:59",
            "turn-index":18,
            "utterance":"実はあまりお店とか知らなくて😅"
        },
        {
            "speaker":"U",
            "time":"17.10.2020 16:09:21",
            "turn-index":19,
            "utterance":"去年と同じところでもいいと思うよ"
        },
        {
            "speaker":"S",
            "time":"17.10.2020 16:09:22",
            "turn-index":20,
            "utterance":"予算はだいたいどれくらいですか?"
        },
        {
            "speaker":"U",
            "time":"17.10.2020 16:09:38",
            "turn-index":21,
            "utterance":"5,000円くらいかな"
        },
        {
            "speaker":"S",
            "time":"17.10.2020 16:09:38",
            "turn-index":22,
            "utterance":"たくさん答えていただきありがとうございます😀"
        },
        {
            "speaker":"U",
            "time":"17.10.2020 16:09:50",
            "turn-index":23,
            "utterance":"いえいえ、なんでも聞いてね"
        },
        {
            "speaker":"S",
            "time":"17.10.2020 16:09:51",
            "turn-index":24,
            "utterance":"幹事なかなか大変そうですね😟"
        },
        {
            "speaker":"U",
            "time":"17.10.2020 16:09:58",
            "turn-index":25,
            "utterance":"そんなことないよ"
        },
        {
            "speaker":"S",
            "time":"17.10.2020 16:09:58",
            "turn-index":26,
            "utterance":"色々と考えることが多くて, ちょっと頭がいっぱいです😵"
        },
        {
            "speaker":"U",
            "time":"17.10.2020 16:10:17",
            "turn-index":27,
            "utterance":"難しく考えなくて大丈夫だよ"
        },
        {
            "speaker":"S",
            "time":"17.10.2020 16:10:18",
            "turn-index":28,
            "utterance":"自分にはちょっと荷が重いかもしれないです💦"
        },
        {
            "speaker":"U",
            "time":"17.10.2020 16:10:35",
            "turn-index":29,
            "utterance":"僕も手伝うからさ"
        },
        {
            "speaker":"S",
            "time":"17.10.2020 16:10:35",
            "turn-index":30,
            "utterance":"すみません, やはり自分にはしっかりやりきれる自信がないです😣🙇🙇💦"
        }
    ]
}