{
    "dialogue-id":"IRS_25",
    "group-id":"",
    "speaker-id":"LiveCompe2020Iris",
    "turns":[
        {
            "speaker":"S",
            "time":"17.10.2020 14:05:33",
            "turn-index":0,
            "utterance":"何でしょうか?"
        },
        {
            "speaker":"U",
            "time":"17.10.2020 14:07:08",
            "turn-index":1,
            "utterance":"そろそろサークルの同窓会の時期だろ？"
        },
        {
            "speaker":"S",
            "time":"17.10.2020 14:07:09",
            "turn-index":2,
            "utterance":"たくさん答えていただきありがとうございます😀"
        },
        {
            "speaker":"U",
            "time":"17.10.2020 14:07:53",
            "turn-index":3,
            "utterance":"ああ、それはよく分からないけど、同窓会を開こうって話になったんだ"
        },
        {
            "speaker":"S",
            "time":"17.10.2020 14:07:54",
            "turn-index":4,
            "utterance":"本当にすみません."
        },
        {
            "speaker":"U",
            "time":"17.10.2020 14:08:18",
            "turn-index":5,
            "utterance":"いや、まだ謝らなくていいんだけど…その同窓会の幹事を誰にするかって話になってね"
        },
        {
            "speaker":"S",
            "time":"17.10.2020 14:08:18",
            "turn-index":6,
            "utterance":"幹事ですか...🤔"
        },
        {
            "speaker":"U",
            "time":"17.10.2020 14:08:56",
            "turn-index":7,
            "utterance":"うん、その幹事を清水に任せたいなって俺は考えてるんだ"
        },
        {
            "speaker":"S",
            "time":"17.10.2020 14:08:57",
            "turn-index":8,
            "utterance":"わかりました🙆"
        },
        {
            "speaker":"U",
            "time":"17.10.2020 14:09:10",
            "turn-index":9,
            "utterance":"本当に？　ありがとう！"
        },
        {
            "speaker":"S",
            "time":"17.10.2020 14:09:10",
            "turn-index":10,
            "utterance":"お店は地元ですか?"
        },
        {
            "speaker":"U",
            "time":"17.10.2020 14:09:39",
            "turn-index":11,
            "utterance":"うん、地元が一番いいと思う"
        },
        {
            "speaker":"S",
            "time":"17.10.2020 14:09:39",
            "turn-index":12,
            "utterance":"たくさん答えていただきありがとうございます😀"
        },
        {
            "speaker":"U",
            "time":"17.10.2020 14:10:04",
            "turn-index":13,
            "utterance":"こちらこそありがとうだよ"
        },
        {
            "speaker":"S",
            "time":"17.10.2020 14:10:04",
            "turn-index":14,
            "utterance":"難しいですね..."
        },
        {
            "speaker":"U",
            "time":"17.10.2020 14:10:28",
            "turn-index":15,
            "utterance":"難しい事があれば協力するから何でも言って"
        },
        {
            "speaker":"S",
            "time":"17.10.2020 14:10:28",
            "turn-index":16,
            "utterance":"すみませんが, 私には力不足です(汗"
        },
        {
            "speaker":"U",
            "time":"17.10.2020 14:10:44",
            "turn-index":17,
            "utterance":"いや、清水なら大丈夫だって"
        },
        {
            "speaker":"S",
            "time":"17.10.2020 14:10:45",
            "turn-index":18,
            "utterance":"難しいですね..."
        },
        {
            "speaker":"U",
            "time":"17.10.2020 14:11:17",
            "turn-index":19,
            "utterance":"どの辺りが難しいと思う？"
        },
        {
            "speaker":"S",
            "time":"17.10.2020 14:11:17",
            "turn-index":20,
            "utterance":"難しいですね..."
        },
        {
            "speaker":"U",
            "time":"17.10.2020 14:11:52",
            "turn-index":21,
            "utterance":"そこからか…でも初めは皆そんなものだけど、いざやり出したらなんとかなるもんだからさ"
        },
        {
            "speaker":"S",
            "time":"17.10.2020 14:11:53",
            "turn-index":22,
            "utterance":"すみませんが, 私には力不足です(汗"
        },
        {
            "speaker":"U",
            "time":"17.10.2020 14:12:35",
            "turn-index":23,
            "utterance":"清水が幹事になってくれれば皆も協力的になると思うんだ"
        },
        {
            "speaker":"S",
            "time":"17.10.2020 14:12:36",
            "turn-index":24,
            "utterance":"心苦しいですが, お断りします"
        },
        {
            "speaker":"U",
            "time":"17.10.2020 14:13:01",
            "turn-index":25,
            "utterance":"そこを何とか…"
        },
        {
            "speaker":"S",
            "time":"17.10.2020 14:13:02",
            "turn-index":26,
            "utterance":"そうですね..."
        },
        {
            "speaker":"U",
            "time":"17.10.2020 14:13:27",
            "turn-index":27,
            "utterance":"清水は皆に好かれていたから、やり取りもスムーズに進むと思うんだ"
        },
        {
            "speaker":"S",
            "time":"17.10.2020 14:13:28",
            "turn-index":28,
            "utterance":"わかりました🙆"
        },
        {
            "speaker":"U",
            "time":"17.10.2020 14:13:51",
            "turn-index":29,
            "utterance":"ありがとう、協力できることがあったら遠慮なく言ってね"
        },
        {
            "speaker":"S",
            "time":"17.10.2020 14:13:51",
            "turn-index":30,
            "utterance":"すみません, やはり自分にはしっかりやりきれる自信がないです😣🙇🙇💦"
        }
    ]
}