{
    "dialogue-id":"IRS_08",
    "group-id":"",
    "speaker-id":"LiveCompe2020Iris",
    "turns":[
        {
            "speaker":"S",
            "time":"17.10.2020 15:14:17",
            "turn-index":0,
            "utterance":"何でしょうか?"
        },
        {
            "speaker":"U",
            "time":"17.10.2020 15:15:02",
            "turn-index":1,
            "utterance":"今年のサークルの同窓会のさ、幹事をお願いできないかな？"
        },
        {
            "speaker":"S",
            "time":"17.10.2020 15:15:02",
            "turn-index":2,
            "utterance":"いくつかお尋ねしてもよいでしょうか🙏"
        },
        {
            "speaker":"U",
            "time":"17.10.2020 15:15:07",
            "turn-index":3,
            "utterance":"いいよ"
        },
        {
            "speaker":"S",
            "time":"17.10.2020 15:15:07",
            "turn-index":4,
            "utterance":"同窓会の日にちは決まっていますか?"
        },
        {
            "speaker":"U",
            "time":"17.10.2020 15:15:29",
            "turn-index":5,
            "utterance":"実はまだ明確には決まってないんだよ"
        },
        {
            "speaker":"S",
            "time":"17.10.2020 15:15:30",
            "turn-index":6,
            "utterance":"そうですね..."
        },
        {
            "speaker":"U",
            "time":"17.10.2020 15:15:39",
            "turn-index":7,
            "utterance":"来週あたりには決まるとは思う"
        },
        {
            "speaker":"S",
            "time":"17.10.2020 15:15:39",
            "turn-index":8,
            "utterance":"そうですね..."
        },
        {
            "speaker":"U",
            "time":"17.10.2020 15:15:50",
            "turn-index":9,
            "utterance":"引き受けてもらえるか？"
        },
        {
            "speaker":"S",
            "time":"17.10.2020 15:15:50",
            "turn-index":10,
            "utterance":"そうですね..."
        },
        {
            "speaker":"U",
            "time":"17.10.2020 15:15:59",
            "turn-index":11,
            "utterance":"同窓会の幹事、頼む"
        },
        {
            "speaker":"S",
            "time":"17.10.2020 15:16:00",
            "turn-index":12,
            "utterance":"幹事ですか...🤔"
        },
        {
            "speaker":"U",
            "time":"17.10.2020 15:16:12",
            "turn-index":13,
            "utterance":"お前にしか頼めない仕事なんだ"
        },
        {
            "speaker":"S",
            "time":"17.10.2020 15:16:13",
            "turn-index":14,
            "utterance":"いくつかお尋ねしてもよいでしょうか🙏"
        },
        {
            "speaker":"U",
            "time":"17.10.2020 15:16:16",
            "turn-index":15,
            "utterance":"どうぞ"
        },
        {
            "speaker":"S",
            "time":"17.10.2020 15:16:17",
            "turn-index":16,
            "utterance":"そうですか🤔"
        },
        {
            "speaker":"U",
            "time":"17.10.2020 15:16:34",
            "turn-index":17,
            "utterance":"サークルの同窓会、きっと楽しいよ"
        },
        {
            "speaker":"S",
            "time":"17.10.2020 15:16:35",
            "turn-index":18,
            "utterance":"わかりました🙆"
        },
        {
            "speaker":"U",
            "time":"17.10.2020 15:16:42",
            "turn-index":19,
            "utterance":"引き受けてくれるんだな！"
        },
        {
            "speaker":"S",
            "time":"17.10.2020 15:16:43",
            "turn-index":20,
            "utterance":"実はあまりお店とか知らなくて😅"
        },
        {
            "speaker":"U",
            "time":"17.10.2020 15:16:50",
            "turn-index":21,
            "utterance":"そのあたりは相談にのるよ"
        },
        {
            "speaker":"S",
            "time":"17.10.2020 15:16:51",
            "turn-index":22,
            "utterance":"そうですね..."
        },
        {
            "speaker":"U",
            "time":"17.10.2020 15:17:04",
            "turn-index":23,
            "utterance":"どんなお店がいいか探してみよう"
        },
        {
            "speaker":"S",
            "time":"17.10.2020 15:17:05",
            "turn-index":24,
            "utterance":"そうですね..."
        },
        {
            "speaker":"U",
            "time":"17.10.2020 15:17:12",
            "turn-index":25,
            "utterance":"何系がいいかな"
        },
        {
            "speaker":"S",
            "time":"17.10.2020 15:17:13",
            "turn-index":26,
            "utterance":"そうですね..."
        },
        {
            "speaker":"U",
            "time":"17.10.2020 15:17:30",
            "turn-index":27,
            "utterance":"いままで同窓会の幹事、やったことある？"
        },
        {
            "speaker":"S",
            "time":"17.10.2020 15:17:31",
            "turn-index":28,
            "utterance":"幹事ですか...🤔"
        },
        {
            "speaker":"U",
            "time":"17.10.2020 15:17:34",
            "turn-index":29,
            "utterance":"そう"
        },
        {
            "speaker":"S",
            "time":"17.10.2020 15:17:35",
            "turn-index":30,
            "utterance":"すみません, やはり自分にはしっかりやりきれる自信がないです😣🙇🙇💦"
        }
    ]
}