{
    "dialogue-id":"IRS_02",
    "group-id":"",
    "speaker-id":"LiveCompe2020Iris",
    "turns":[
        {
            "speaker":"S",
            "time":"17.10.2020 16:15:38",
            "turn-index":0,
            "utterance":"何でしょうか?"
        },
        {
            "speaker":"U",
            "time":"17.10.2020 16:15:58",
            "turn-index":1,
            "utterance":"同窓会の幹事をやってくれない。"
        },
        {
            "speaker":"S",
            "time":"17.10.2020 16:15:58",
            "turn-index":2,
            "utterance":"幹事ですか...🤔"
        },
        {
            "speaker":"U",
            "time":"17.10.2020 16:16:09",
            "turn-index":3,
            "utterance":"よろしく頼むよ。"
        },
        {
            "speaker":"S",
            "time":"17.10.2020 16:16:09",
            "turn-index":4,
            "utterance":"いくつかお尋ねしてもよいでしょうか🙏"
        },
        {
            "speaker":"U",
            "time":"17.10.2020 16:16:21",
            "turn-index":5,
            "utterance":"なに。"
        },
        {
            "speaker":"S",
            "time":"17.10.2020 16:16:21",
            "turn-index":6,
            "utterance":"同窓会の日にちは決まっていますか?"
        },
        {
            "speaker":"U",
            "time":"17.10.2020 16:17:04",
            "turn-index":7,
            "utterance":"２か月後だけど日にちはまだ決まっていません。"
        },
        {
            "speaker":"S",
            "time":"17.10.2020 16:17:04",
            "turn-index":8,
            "utterance":"なるほどそうですか🤔"
        },
        {
            "speaker":"U",
            "time":"17.10.2020 16:17:28",
            "turn-index":9,
            "utterance":"お願いできる。"
        },
        {
            "speaker":"S",
            "time":"17.10.2020 16:17:28",
            "turn-index":10,
            "utterance":"規模についてなんですが, どれくらいの人数の予定ですか?"
        },
        {
            "speaker":"U",
            "time":"17.10.2020 16:17:45",
            "turn-index":11,
            "utterance":"８０人くらいかな。"
        },
        {
            "speaker":"S",
            "time":"17.10.2020 16:17:46",
            "turn-index":12,
            "utterance":"それくらいの規模なんですね🧐"
        },
        {
            "speaker":"U",
            "time":"17.10.2020 16:18:13",
            "turn-index":13,
            "utterance":"前回と同じくらいだと思うよ。"
        },
        {
            "speaker":"S",
            "time":"17.10.2020 16:18:14",
            "turn-index":14,
            "utterance":"お店は地元ですか?"
        },
        {
            "speaker":"U",
            "time":"17.10.2020 16:18:26",
            "turn-index":15,
            "utterance":"できれば地元がいいね。"
        },
        {
            "speaker":"S",
            "time":"17.10.2020 16:18:26",
            "turn-index":16,
            "utterance":"実はあまりお店とか知らなくて😅"
        },
        {
            "speaker":"U",
            "time":"17.10.2020 16:18:41",
            "turn-index":17,
            "utterance":"私も手伝うよ。"
        },
        {
            "speaker":"S",
            "time":"17.10.2020 16:18:41",
            "turn-index":18,
            "utterance":"そうですね..."
        },
        {
            "speaker":"U",
            "time":"17.10.2020 16:18:53",
            "turn-index":19,
            "utterance":"よろしく頼むよ。"
        },
        {
            "speaker":"S",
            "time":"17.10.2020 16:18:54",
            "turn-index":20,
            "utterance":"そうですね..."
        },
        {
            "speaker":"U",
            "time":"17.10.2020 16:19:17",
            "turn-index":21,
            "utterance":"忙しいとは思うけど頼むよ。"
        },
        {
            "speaker":"S",
            "time":"17.10.2020 16:19:17",
            "turn-index":22,
            "utterance":"会社の研修とかありますが, そんなに忙しくはないですよ😄"
        },
        {
            "speaker":"U",
            "time":"17.10.2020 16:19:43",
            "turn-index":23,
            "utterance":"それは好都合だ。"
        },
        {
            "speaker":"S",
            "time":"17.10.2020 16:19:43",
            "turn-index":24,
            "utterance":"いくつかお尋ねしてもよいでしょうか🙏"
        },
        {
            "speaker":"U",
            "time":"17.10.2020 16:19:51",
            "turn-index":25,
            "utterance":"いいよ。"
        },
        {
            "speaker":"S",
            "time":"17.10.2020 16:19:51",
            "turn-index":26,
            "utterance":"そうですか🤔"
        },
        {
            "speaker":"U",
            "time":"17.10.2020 16:20:14",
            "turn-index":27,
            "utterance":"じゃあ、頼むよ。"
        },
        {
            "speaker":"S",
            "time":"17.10.2020 16:20:15",
            "turn-index":28,
            "utterance":"わかりました🙆"
        },
        {
            "speaker":"U",
            "time":"17.10.2020 16:20:24",
            "turn-index":29,
            "utterance":"ありがとう。"
        },
        {
            "speaker":"S",
            "time":"17.10.2020 16:20:25",
            "turn-index":30,
            "utterance":"すみません, やはり自分にはしっかりやりきれる自信がないです😣🙇🙇💦"
        }
    ]
}