{
    "dialogue-id":"IRS_43",
    "group-id":"",
    "speaker-id":"LiveCompe2020Iris",
    "turns":[
        {
            "speaker":"S",
            "time":"17.10.2020 15:15:28",
            "turn-index":0,
            "utterance":"何でしょうか?"
        },
        {
            "speaker":"U",
            "time":"17.10.2020 15:15:43",
            "turn-index":1,
            "utterance":"久しぶり"
        },
        {
            "speaker":"S",
            "time":"17.10.2020 15:15:43",
            "turn-index":2,
            "utterance":"そうですね..."
        },
        {
            "speaker":"U",
            "time":"17.10.2020 15:15:55",
            "turn-index":3,
            "utterance":"何年ぶりだろ"
        },
        {
            "speaker":"S",
            "time":"17.10.2020 15:15:56",
            "turn-index":4,
            "utterance":"そうですね..."
        },
        {
            "speaker":"U",
            "time":"17.10.2020 15:16:21",
            "turn-index":5,
            "utterance":"サークルのみんなに会ってるか"
        },
        {
            "speaker":"S",
            "time":"17.10.2020 15:16:22",
            "turn-index":6,
            "utterance":"規模についてなんですが, どれくらいの人数の予定ですか?"
        },
        {
            "speaker":"U",
            "time":"17.10.2020 15:16:42",
            "turn-index":7,
            "utterance":"30人くらいかな"
        },
        {
            "speaker":"S",
            "time":"17.10.2020 15:16:42",
            "turn-index":8,
            "utterance":"お店は地元ですか?"
        },
        {
            "speaker":"U",
            "time":"17.10.2020 15:16:55",
            "turn-index":9,
            "utterance":"地元で"
        },
        {
            "speaker":"S",
            "time":"17.10.2020 15:16:56",
            "turn-index":10,
            "utterance":"そうですね..."
        },
        {
            "speaker":"U",
            "time":"17.10.2020 15:17:49",
            "turn-index":11,
            "utterance":"今バイトとかしてるの"
        },
        {
            "speaker":"S",
            "time":"17.10.2020 15:17:50",
            "turn-index":12,
            "utterance":"そうですか🤔"
        },
        {
            "speaker":"U",
            "time":"17.10.2020 15:18:15",
            "turn-index":13,
            "utterance":"ヒマなら幹事をお願いしたいんだが"
        },
        {
            "speaker":"S",
            "time":"17.10.2020 15:18:16",
            "turn-index":14,
            "utterance":"実はあまりお店とか知らなくて😅"
        },
        {
            "speaker":"U",
            "time":"17.10.2020 15:18:27",
            "turn-index":15,
            "utterance":"店は決めてある"
        },
        {
            "speaker":"S",
            "time":"17.10.2020 15:18:27",
            "turn-index":16,
            "utterance":"幹事なかなか大変そうですね😟"
        },
        {
            "speaker":"U",
            "time":"17.10.2020 15:18:45",
            "turn-index":17,
            "utterance":"清水ならできる"
        },
        {
            "speaker":"S",
            "time":"17.10.2020 15:18:45",
            "turn-index":18,
            "utterance":"難しいですね..."
        },
        {
            "speaker":"U",
            "time":"17.10.2020 15:19:02",
            "turn-index":19,
            "utterance":"困難に立ち向かうのも社会人"
        },
        {
            "speaker":"S",
            "time":"17.10.2020 15:19:03",
            "turn-index":20,
            "utterance":"そうですか🤔"
        },
        {
            "speaker":"U",
            "time":"17.10.2020 15:19:10",
            "turn-index":21,
            "utterance":"やってくれるか"
        },
        {
            "speaker":"S",
            "time":"17.10.2020 15:19:10",
            "turn-index":22,
            "utterance":"規模についてなんですが, どれくらいの人数の予定ですか?"
        },
        {
            "speaker":"U",
            "time":"17.10.2020 15:19:27",
            "turn-index":23,
            "utterance":"30人くらいde"
        },
        {
            "speaker":"S",
            "time":"17.10.2020 15:19:27",
            "turn-index":24,
            "utterance":"お店は地元ですか?"
        },
        {
            "speaker":"U",
            "time":"17.10.2020 15:19:39",
            "turn-index":25,
            "utterance":"地元"
        },
        {
            "speaker":"S",
            "time":"17.10.2020 15:19:39",
            "turn-index":26,
            "utterance":"たくさん答えていただきありがとうございます😀"
        },
        {
            "speaker":"U",
            "time":"17.10.2020 15:19:50",
            "turn-index":27,
            "utterance":"幹事よろしく"
        },
        {
            "speaker":"S",
            "time":"17.10.2020 15:19:51",
            "turn-index":28,
            "utterance":"自分にはちょっと荷が重いかもしれないです💦"
        },
        {
            "speaker":"U",
            "time":"17.10.2020 15:20:13",
            "turn-index":29,
            "utterance":"軽い気持ちで考えればいいよ"
        },
        {
            "speaker":"S",
            "time":"17.10.2020 15:20:14",
            "turn-index":30,
            "utterance":"すみません, やはり自分にはしっかりやりきれる自信がないです😣🙇🙇💦"
        }
    ]
}