{
    "dialogue-id":"V2R_01",
    "group-id":"",
    "speaker-id":"RiskyPolitenessBotVersion2",
    "turns":[
        {
            "speaker":"S",
            "time":"17.10.2020 15:18:32",
            "turn-index":0,
            "utterance":"はい、なんですか？"
        },
        {
            "speaker":"U",
            "time":"17.10.2020 15:18:52",
            "turn-index":1,
            "utterance":"そろそろ同窓会行きたい！"
        },
        {
            "speaker":"S",
            "time":"17.10.2020 15:18:54",
            "turn-index":2,
            "utterance":"同期だけならいいですけど、OBOGの方や3年生と僕はそこまで親しくはないので..."
        },
        {
            "speaker":"U",
            "time":"17.10.2020 15:20:08",
            "turn-index":3,
            "utterance":"もうすぐ社会人だから、先輩との関係も大切にしなきゃ！"
        },
        {
            "speaker":"S",
            "time":"17.10.2020 15:20:09",
            "turn-index":4,
            "utterance":"いやー、先輩は僕のことを買い被りすぎじゃないですかね。こういう言い方もなんですが、もっと僕のことを見てると思っていました。。"
        },
        {
            "speaker":"U",
            "time":"17.10.2020 15:20:38",
            "turn-index":5,
            "utterance":"見てるから心配なの！"
        },
        {
            "speaker":"S",
            "time":"17.10.2020 15:20:40",
            "turn-index":6,
            "utterance":"先輩の目にはそのように映っておられたのでしょうか？"
        },
        {
            "speaker":"U",
            "time":"17.10.2020 15:21:11",
            "turn-index":7,
            "utterance":"深く付き合える先輩作っておいたら！"
        },
        {
            "speaker":"S",
            "time":"17.10.2020 15:21:13",
            "turn-index":8,
            "utterance":"先輩も幹事を務めるのは嫌なのではないですか？"
        },
        {
            "speaker":"U",
            "time":"17.10.2020 15:21:40",
            "turn-index":9,
            "utterance":"え？見抜かれた？だからお願い！"
        },
        {
            "speaker":"S",
            "time":"17.10.2020 15:21:41",
            "turn-index":10,
            "utterance":"僕の方こそ、社会人になってより成長した先輩をみたいです！"
        },
        {
            "speaker":"U",
            "time":"17.10.2020 15:22:18",
            "turn-index":11,
            "utterance":"社会人になったら見せてやるから、今回は頼む！"
        },
        {
            "speaker":"S",
            "time":"17.10.2020 15:22:19",
            "turn-index":12,
            "utterance":"いえ、そういったことは社会に出てからで十分です。"
        },
        {
            "speaker":"U",
            "time":"17.10.2020 15:23:23",
            "turn-index":13,
            "utterance":"そう言わずに！お願いします。"
        },
        {
            "speaker":"S",
            "time":"17.10.2020 15:23:24",
            "turn-index":14,
            "utterance":"何度も繰り返すようで大変恐縮ですが、幹事は別の方にお願いしてくださると幸いです"
        },
        {
            "speaker":"U",
            "time":"17.10.2020 15:23:56",
            "turn-index":15,
            "utterance":"実は、みんなに断られたの。助けて！"
        },
        {
            "speaker":"S",
            "time":"17.10.2020 15:23:57",
            "turn-index":16,
            "utterance":"大変申し訳ないですが、今回はご遠慮させていただけると幸いです。"
        },
        {
            "speaker":"U",
            "time":"17.10.2020 15:24:47",
            "turn-index":17,
            "utterance":"この前の受けてたし。また楽しみたい！"
        },
        {
            "speaker":"S",
            "time":"17.10.2020 15:24:48",
            "turn-index":18,
            "utterance":"そのようなことは思っておりません！今回は遠慮させていただきます！"
        },
        {
            "speaker":"U",
            "time":"17.10.2020 15:25:26",
            "turn-index":19,
            "utterance":"きっぱり言うね。何かワケありなの？"
        },
        {
            "speaker":"S",
            "time":"17.10.2020 15:25:27",
            "turn-index":20,
            "utterance":"なんかうちの研究室、引継ぎ資料を超詳細に作らないといけないみたいで…"
        },
        {
            "speaker":"U",
            "time":"17.10.2020 15:25:53",
            "turn-index":21,
            "utterance":"それね。そっちなら手伝うよ！"
        },
        {
            "speaker":"S",
            "time":"17.10.2020 15:25:54",
            "turn-index":22,
            "utterance":"困りますね。なんとか僕以外の人に頼んでいただきたいです。"
        },
        {
            "speaker":"U",
            "time":"17.10.2020 15:26:26",
            "turn-index":23,
            "utterance":"君が手際よくて安心できるんだよね！"
        },
        {
            "speaker":"S",
            "time":"17.10.2020 15:26:27",
            "turn-index":24,
            "utterance":"大丈夫ですよ。鈴木君は本当にこういうの上手いんで。よかったら先輩と鈴木君が会えるように連絡付けましょうか。"
        },
        {
            "speaker":"U",
            "time":"17.10.2020 15:27:20",
            "turn-index":25,
            "utterance":"鈴木君も良いけど、君が良い！"
        },
        {
            "speaker":"S",
            "time":"17.10.2020 15:27:21",
            "turn-index":26,
            "utterance":"こっちで話通しておきますよ。鈴木君は先輩のことわかると思いますし。絶対鈴木君の方が良いですし。"
        },
        {
            "speaker":"U",
            "time":"17.10.2020 15:27:57",
            "turn-index":27,
            "utterance":"そんな、逃げないでよ！なんとか引き受けて欲しいな。"
        },
        {
            "speaker":"S",
            "time":"17.10.2020 15:27:58",
            "turn-index":28,
            "utterance":"うーん。何とかできないかいろいろ調整してみますけど、多分きついっすよ？"
        },
        {
            "speaker":"U",
            "time":"17.10.2020 15:28:12",
            "turn-index":29,
            "utterance":"お願いします！"
        },
        {
            "speaker":"S",
            "time":"17.10.2020 15:28:13",
            "turn-index":30,
            "utterance":"いやー僕じゃ早めって多分できないんで、別の人にお願いしますよ。"
        }
    ]
}