{
    "dialogue-id":"V2R_06",
    "group-id":"",
    "speaker-id":"RiskyPolitenessBotVersion2",
    "turns":[
        {
            "speaker":"S",
            "time":"17.10.2020 20:05:49",
            "turn-index":0,
            "utterance":"はい、なんですか？"
        },
        {
            "speaker":"U",
            "time":"17.10.2020 20:07:44",
            "turn-index":1,
            "utterance":"サークルの同窓会の幹事をお願いしたいんだけど、やってくれたりする？"
        },
        {
            "speaker":"S",
            "time":"17.10.2020 20:07:45",
            "turn-index":2,
            "utterance":"あぁ、幹事ですか。僕なんかでいいんですかね..."
        },
        {
            "speaker":"U",
            "time":"17.10.2020 20:08:59",
            "turn-index":3,
            "utterance":"大丈夫。むしろ君に任したい"
        },
        {
            "speaker":"S",
            "time":"17.10.2020 20:09:00",
            "turn-index":4,
            "utterance":"僕には自信ないです"
        },
        {
            "speaker":"U",
            "time":"17.10.2020 20:10:03",
            "turn-index":5,
            "utterance":"フォローするからお願い。やってくれない？"
        },
        {
            "speaker":"S",
            "time":"17.10.2020 20:10:04",
            "turn-index":6,
            "utterance":"やりたくないです。"
        },
        {
            "speaker":"U",
            "time":"17.10.2020 20:10:43",
            "turn-index":7,
            "utterance":"こっちももちろん手伝うよ"
        },
        {
            "speaker":"S",
            "time":"17.10.2020 20:10:44",
            "turn-index":8,
            "utterance":"困りますね。なんとか僕以外の人に頼んでいただきたいです。"
        },
        {
            "speaker":"U",
            "time":"17.10.2020 20:11:08",
            "turn-index":9,
            "utterance":"いやー君が一番まとめてくれそうだからさ"
        },
        {
            "speaker":"S",
            "time":"17.10.2020 20:11:09",
            "turn-index":10,
            "utterance":"こっちで話通しておきますよ。鈴木君は先輩のことわかると思いますし。絶対鈴木君の方が良いですし。"
        },
        {
            "speaker":"U",
            "time":"17.10.2020 20:11:42",
            "turn-index":11,
            "utterance":"そんなことないよ。自信持って！"
        },
        {
            "speaker":"S",
            "time":"17.10.2020 20:11:43",
            "turn-index":12,
            "utterance":"いやあ、でも僕はやりたくないですねえ"
        },
        {
            "speaker":"U",
            "time":"17.10.2020 20:12:00",
            "turn-index":13,
            "utterance":"こんな機会あんまりないよ。"
        },
        {
            "speaker":"S",
            "time":"17.10.2020 20:12:02",
            "turn-index":14,
            "utterance":"でも...僕こういうの手際悪いので、せっかくの同窓会が台無しになるかもしれないし..."
        },
        {
            "speaker":"U",
            "time":"17.10.2020 20:12:32",
            "turn-index":15,
            "utterance":"そんなに否定的にならないで、気軽にやってくれればいいんだよ"
        },
        {
            "speaker":"S",
            "time":"17.10.2020 20:12:33",
            "turn-index":16,
            "utterance":"あーでも同窓会って盛り上げるイベントとかってだいたいやりません？それ含めると無理っすよ。"
        },
        {
            "speaker":"U",
            "time":"17.10.2020 20:12:58",
            "turn-index":17,
            "utterance":"大丈夫、絶対フォローするから。"
        },
        {
            "speaker":"S",
            "time":"17.10.2020 20:13:00",
            "turn-index":18,
            "utterance":"佐藤先輩だったら声掛けも早いと思いますよ。"
        },
        {
            "speaker":"U",
            "time":"17.10.2020 20:13:29",
            "turn-index":19,
            "utterance":"佐藤はこれるかわからないんだ。だからお願いしたい"
        },
        {
            "speaker":"S",
            "time":"17.10.2020 20:13:31",
            "turn-index":20,
            "utterance":"そうなんですね。じゃあ、僕と同期の鈴木にお願いしたらいいと思います。鈴木は部長もやってましたし、幹事に適任だと思います。"
        },
        {
            "speaker":"U",
            "time":"17.10.2020 20:14:10",
            "turn-index":21,
            "utterance":"なるほどな。でもこちらとしてはどうしても君にお願いしたい"
        },
        {
            "speaker":"S",
            "time":"17.10.2020 20:14:12",
            "turn-index":22,
            "utterance":"出来そうなことですか......思いつかないですね。先輩の行動力を見習いたいですが、僕には難しいみたいです。"
        },
        {
            "speaker":"U",
            "time":"17.10.2020 20:14:36",
            "turn-index":23,
            "utterance":"もっとプラスに考えようよ"
        },
        {
            "speaker":"S",
            "time":"17.10.2020 20:14:37",
            "turn-index":24,
            "utterance":"何と言いますか…やはり自分のなかでどうしても気持ちの整理がつかないと言いますか、どうしてもちょっとアレなんです…"
        },
        {
            "speaker":"U",
            "time":"17.10.2020 20:14:48",
            "turn-index":25,
            "utterance":"大丈夫、君にならできる"
        },
        {
            "speaker":"S",
            "time":"17.10.2020 20:14:50",
            "turn-index":26,
            "utterance":"えーっと、それでもやっぱりちょっと…自信がないと言いますか何と言いますか…"
        },
        {
            "speaker":"U",
            "time":"17.10.2020 20:15:29",
            "turn-index":27,
            "utterance":"こっちもたくさんの人がフォローするから、一緒に頑張ろうよ"
        },
        {
            "speaker":"S",
            "time":"17.10.2020 20:15:30",
            "turn-index":28,
            "utterance":"合間で幹事の仕事進めるってなると、同窓会できるのずいぶん先になると思うんすよねー…うーん…"
        },
        {
            "speaker":"U",
            "time":"17.10.2020 20:16:39",
            "turn-index":29,
            "utterance":"なんとかこっちでも調整するからお願い。"
        },
        {
            "speaker":"S",
            "time":"17.10.2020 20:16:40",
            "turn-index":30,
            "utterance":"いやぁ日程調整とか大変ですし...そこは先輩の手腕で何とか引っ張ってもらえると！"
        }
    ]
}