{
    "dialogue-id":"V2R_12",
    "group-id":"",
    "speaker-id":"RiskyPolitenessBotVersion2",
    "turns":[
        {
            "speaker":"S",
            "time":"17.10.2020 15:34:25",
            "turn-index":0,
            "utterance":"はい、なんですか？"
        },
        {
            "speaker":"U",
            "time":"17.10.2020 15:34:51",
            "turn-index":1,
            "utterance":"やあ、この前話した件だけど"
        },
        {
            "speaker":"S",
            "time":"17.10.2020 15:34:52",
            "turn-index":2,
            "utterance":"そんなこと言われましても・・・"
        },
        {
            "speaker":"U",
            "time":"17.10.2020 15:35:11",
            "turn-index":3,
            "utterance":"なんとかならないかな？"
        },
        {
            "speaker":"S",
            "time":"17.10.2020 15:35:13",
            "turn-index":4,
            "utterance":"それ以外にも手が離せない事情があって幹事はできないんです。"
        },
        {
            "speaker":"U",
            "time":"17.10.2020 15:35:30",
            "turn-index":5,
            "utterance":"そこを何とかお願い！"
        },
        {
            "speaker":"S",
            "time":"17.10.2020 15:35:31",
            "turn-index":6,
            "utterance":"うーん。何とかできないかいろいろ調整してみますけど、多分きついっすよ？"
        },
        {
            "speaker":"U",
            "time":"17.10.2020 15:36:05",
            "turn-index":7,
            "utterance":"ありがとう。本当にダメな場合は言ってくれ。"
        },
        {
            "speaker":"S",
            "time":"17.10.2020 15:36:06",
            "turn-index":8,
            "utterance":"正直自分が何もしたくないので他の奴にやらせるのありですか？"
        },
        {
            "speaker":"U",
            "time":"17.10.2020 15:36:31",
            "turn-index":9,
            "utterance":"そう言うなって。お前じゃなきゃダメなんだよ。"
        },
        {
            "speaker":"S",
            "time":"17.10.2020 15:36:32",
            "turn-index":10,
            "utterance":"そんなこと言われても......僕じゃなくて先輩が変わったんじゃないですか？こんな強引に話を進める人じゃなかったのに。"
        },
        {
            "speaker":"U",
            "time":"17.10.2020 15:36:56",
            "turn-index":11,
            "utterance":"ごめん。頼れるのがお前しかいなくてさ。"
        },
        {
            "speaker":"S",
            "time":"17.10.2020 15:36:57",
            "turn-index":12,
            "utterance":"大丈夫ですよ。鈴木君は本当にこういうの上手いんで。よかったら先輩と鈴木君が会えるように連絡付けましょうか。"
        },
        {
            "speaker":"U",
            "time":"17.10.2020 15:37:34",
            "turn-index":13,
            "utterance":"どうした？急に。誰だ鈴木って？"
        },
        {
            "speaker":"S",
            "time":"17.10.2020 15:37:35",
            "turn-index":14,
            "utterance":"こっちで話通しておきますよ。鈴木君は先輩のことわかると思いますし。絶対鈴木君の方が良いですし。"
        },
        {
            "speaker":"U",
            "time":"17.10.2020 15:37:58",
            "turn-index":15,
            "utterance":"おいおい、どうした？話がずれているぞ？"
        },
        {
            "speaker":"S",
            "time":"17.10.2020 15:37:59",
            "turn-index":16,
            "utterance":"非常に申し訳ないですが、それとこれとは話が別です。"
        },
        {
            "speaker":"U",
            "time":"17.10.2020 15:39:15",
            "turn-index":17,
            "utterance":"大丈夫か？今はなしているのはサークルの幹事の件だぞ？"
        },
        {
            "speaker":"S",
            "time":"17.10.2020 15:39:16",
            "turn-index":18,
            "utterance":"そんなことあるんですよ、これが。前回のお花見企画、誰もこなかったのでもう二度と幹事はやりません。"
        },
        {
            "speaker":"U",
            "time":"17.10.2020 15:39:38",
            "turn-index":19,
            "utterance":"花見の件は悪かった。謝るよ。"
        },
        {
            "speaker":"S",
            "time":"17.10.2020 15:39:39",
            "turn-index":20,
            "utterance":"先輩には本当に感謝してます…でも、それはちょっと…"
        },
        {
            "speaker":"U",
            "time":"17.10.2020 15:39:50",
            "turn-index":21,
            "utterance":"そこを何とかお願い！！"
        },
        {
            "speaker":"S",
            "time":"17.10.2020 15:39:51",
            "turn-index":22,
            "utterance":"ほかにも優秀な方がいらっしゃると思うのでそちらにお願いしてもらえませんか"
        },
        {
            "speaker":"U",
            "time":"17.10.2020 15:40:19",
            "turn-index":23,
            "utterance":"今回はお前にぜひともお願いしたいんだ"
        },
        {
            "speaker":"S",
            "time":"17.10.2020 15:40:20",
            "turn-index":24,
            "utterance":"一生のお願いはもっと大事な場面にとっておいておくことをお勧めいたします"
        },
        {
            "speaker":"U",
            "time":"17.10.2020 15:40:47",
            "turn-index":25,
            "utterance":"おいおい、ずいぶん言うようになったじゃないか"
        },
        {
            "speaker":"S",
            "time":"17.10.2020 15:40:48",
            "turn-index":26,
            "utterance":"お言葉を返すようで恐縮ですが、でしたら先輩が幹事をやられてはいかがでしょうか？"
        },
        {
            "speaker":"U",
            "time":"17.10.2020 15:41:03",
            "turn-index":27,
            "utterance":"それがどうしてもできないんだよ。"
        },
        {
            "speaker":"S",
            "time":"17.10.2020 15:41:04",
            "turn-index":28,
            "utterance":"ちょっと、僕には難しいです。同じ4年で同サークルの鈴木君なら任せられると思います。"
        },
        {
            "speaker":"U",
            "time":"17.10.2020 15:41:35",
            "turn-index":29,
            "utterance":"いやー。鈴木ではダメなんだよ。"
        },
        {
            "speaker":"S",
            "time":"17.10.2020 15:41:37",
            "turn-index":30,
            "utterance":"僕はちょっと難しいです。鈴木君と会うのはだめですかね。"
        }
    ]
}