{
    "dialogue-id":"V2R_07",
    "group-id":"",
    "speaker-id":"RiskyPolitenessBotVersion2",
    "turns":[
        {
            "speaker":"S",
            "time":"17.10.2020 14:18:41",
            "turn-index":0,
            "utterance":"はい、なんですか？"
        },
        {
            "speaker":"U",
            "time":"17.10.2020 14:19:34",
            "turn-index":1,
            "utterance":"そろそろ卒業の時期じゃん？"
        },
        {
            "speaker":"S",
            "time":"17.10.2020 14:19:35",
            "turn-index":2,
            "utterance":"そんなことないですって。先輩はみんなから慕われていたし、卒業生も喜んで参加してくれると思います。"
        },
        {
            "speaker":"U",
            "time":"17.10.2020 14:20:08",
            "turn-index":3,
            "utterance":"同窓会のことだろ？その幹事やってほしいんだけど"
        },
        {
            "speaker":"S",
            "time":"17.10.2020 14:20:09",
            "turn-index":4,
            "utterance":"あぁ、幹事ですか。僕なんかでいいんですかね..."
        },
        {
            "speaker":"U",
            "time":"17.10.2020 14:20:19",
            "turn-index":5,
            "utterance":"もちろん！お前にしか頼めないんだよ"
        },
        {
            "speaker":"S",
            "time":"17.10.2020 14:20:20",
            "turn-index":6,
            "utterance":"そんなことないでしょ。ほかにもきっと頼める人いますよ。"
        },
        {
            "speaker":"U",
            "time":"17.10.2020 14:20:30",
            "turn-index":7,
            "utterance":"いや、俺はお前が一番適任だと思ってる"
        },
        {
            "speaker":"S",
            "time":"17.10.2020 14:20:31",
            "turn-index":8,
            "utterance":"僕は先輩がむいていると思うんですけどね"
        },
        {
            "speaker":"U",
            "time":"17.10.2020 14:21:05",
            "turn-index":9,
            "utterance":"そんなことないよ。お前にぜひ頼みたい"
        },
        {
            "speaker":"S",
            "time":"17.10.2020 14:21:06",
            "turn-index":10,
            "utterance":"そのようなことは思っておりません！今回は遠慮させていただきます！"
        },
        {
            "speaker":"U",
            "time":"17.10.2020 14:21:14",
            "turn-index":11,
            "utterance":"なんで？理由は？"
        },
        {
            "speaker":"S",
            "time":"17.10.2020 14:21:15",
            "turn-index":12,
            "utterance":"理由があるわけではないですけど、正直に言うと面倒です。"
        },
        {
            "speaker":"U",
            "time":"17.10.2020 14:21:21",
            "turn-index":13,
            "utterance":"はっきりいうなぁ。"
        },
        {
            "speaker":"S",
            "time":"17.10.2020 14:21:23",
            "turn-index":14,
            "utterance":"先輩の目にはそのように映っておられたのでしょうか？"
        },
        {
            "speaker":"U",
            "time":"17.10.2020 14:21:35",
            "turn-index":15,
            "utterance":"そんなこと言うやつだとは思ってなかったよ。がっかりした。"
        },
        {
            "speaker":"S",
            "time":"17.10.2020 14:21:38",
            "turn-index":16,
            "utterance":"そんな...先輩は僕をそのように評価してくださっているんですね...///"
        },
        {
            "speaker":"U",
            "time":"17.10.2020 14:21:54",
            "turn-index":17,
            "utterance":"うん。誠実で責任感があるやつだと評価してたんだけどな。"
        },
        {
            "speaker":"S",
            "time":"17.10.2020 14:21:55",
            "turn-index":18,
            "utterance":"ほとんど僕に任せる感じですか…それはちょっと荷が重いのでいろんな人と相談したいです。"
        },
        {
            "speaker":"U",
            "time":"17.10.2020 14:22:03",
            "turn-index":19,
            "utterance":"それはお前に任せるよ。"
        },
        {
            "speaker":"S",
            "time":"17.10.2020 14:22:04",
            "turn-index":20,
            "utterance":"僕だと参加する人に迷惑かけるかもしれません。たぶん、他の人の方に任せた方が良いと思います。"
        },
        {
            "speaker":"U",
            "time":"17.10.2020 14:22:36",
            "turn-index":21,
            "utterance":"他にいいやついたかなぁ？お前が一番いいと俺は思ってるんだけど。"
        },
        {
            "speaker":"S",
            "time":"17.10.2020 14:22:37",
            "turn-index":22,
            "utterance":"僕が一番ちゃんとしてるわけではないと思います。"
        },
        {
            "speaker":"U",
            "time":"17.10.2020 14:22:50",
            "turn-index":23,
            "utterance":"そんなことないだろ。お前が一番ちゃんとしてるよ。"
        },
        {
            "speaker":"S",
            "time":"17.10.2020 14:22:51",
            "turn-index":24,
            "utterance":"そんなこと言われても......僕じゃなくて先輩が変わったんじゃないですか？こんな強引に話を進める人じゃなかったのに。"
        },
        {
            "speaker":"U",
            "time":"17.10.2020 14:23:17",
            "turn-index":25,
            "utterance":"お前に絶対やってほしいって気持ちが強いから、ついつい強引になっちゃってるのかも"
        },
        {
            "speaker":"S",
            "time":"17.10.2020 14:23:19",
            "turn-index":26,
            "utterance":"でも自分がやるとなるとかなり先なので、忘れちゃうぐらいの時期になっちゃうかもしれないですよ。"
        },
        {
            "speaker":"U",
            "time":"17.10.2020 14:23:44",
            "turn-index":27,
            "utterance":"今すぐにはできないってこと？"
        },
        {
            "speaker":"S",
            "time":"17.10.2020 14:23:45",
            "turn-index":28,
            "utterance":"いえ、そういったことは社会に出てからで十分です。"
        },
        {
            "speaker":"U",
            "time":"17.10.2020 14:24:02",
            "turn-index":29,
            "utterance":"学生のうちだからこそできることってのもあると思うよ"
        },
        {
            "speaker":"S",
            "time":"17.10.2020 14:24:03",
            "turn-index":30,
            "utterance":"それ以外にも手が離せない事情があって幹事はできないんです。"
        }
    ]
}