{
    "dialogue-id":"V2R_05",
    "group-id":"",
    "speaker-id":"RiskyPolitenessBotVersion2",
    "turns":[
        {
            "speaker":"S",
            "time":"17.10.2020 15:18:59",
            "turn-index":0,
            "utterance":"はい、なんですか？"
        },
        {
            "speaker":"U",
            "time":"17.10.2020 15:19:43",
            "turn-index":1,
            "utterance":"今度しんじにサークルの同窓会の幹事をお願いしたいんだよね"
        },
        {
            "speaker":"S",
            "time":"17.10.2020 15:19:44",
            "turn-index":2,
            "utterance":"大変申し訳ないですが、今回はご遠慮させていただけると幸いです。"
        },
        {
            "speaker":"U",
            "time":"17.10.2020 15:19:50",
            "turn-index":3,
            "utterance":"どうして？"
        },
        {
            "speaker":"S",
            "time":"17.10.2020 15:19:51",
            "turn-index":4,
            "utterance":"僕の記憶の限りだとそのようなことは一切ございません。誰かと勘違いされておられませんか？"
        },
        {
            "speaker":"U",
            "time":"17.10.2020 15:20:04",
            "turn-index":5,
            "utterance":"はじめてたのむからね"
        },
        {
            "speaker":"S",
            "time":"17.10.2020 15:20:06",
            "turn-index":6,
            "utterance":"えっと、ごめんなさい、それはわかるのですが、、ほんとに、ちょっと…すみません…"
        },
        {
            "speaker":"U",
            "time":"17.10.2020 15:20:12",
            "turn-index":7,
            "utterance":"どうしたのしんじ"
        },
        {
            "speaker":"S",
            "time":"17.10.2020 15:20:14",
            "turn-index":8,
            "utterance":"それって同窓会盛り上がらなさそうだし無しって大丈夫ですかね？"
        },
        {
            "speaker":"U",
            "time":"17.10.2020 15:20:34",
            "turn-index":9,
            "utterance":"いやいや、盛り上げとかは他のメンバーとも一緒にやってけるよ！"
        },
        {
            "speaker":"S",
            "time":"17.10.2020 15:20:35",
            "turn-index":10,
            "utterance":"僕以外に幹事が似合う人がいると思いますよ。"
        },
        {
            "speaker":"U",
            "time":"17.10.2020 15:20:41",
            "turn-index":11,
            "utterance":"例えば？？？"
        },
        {
            "speaker":"S",
            "time":"17.10.2020 15:20:43",
            "turn-index":12,
            "utterance":"なぜ僕なのですか"
        },
        {
            "speaker":"U",
            "time":"17.10.2020 15:21:06",
            "turn-index":13,
            "utterance":"去年は俺がやってたから引き継ぎとか一番しやすいのがお前なんだよね"
        },
        {
            "speaker":"S",
            "time":"17.10.2020 15:21:08",
            "turn-index":14,
            "utterance":"なんかうちの研究室、引継ぎ資料を超詳細に作らないといけないみたいで…"
        },
        {
            "speaker":"U",
            "time":"17.10.2020 15:21:26",
            "turn-index":15,
            "utterance":"そっちも俺教えるよ？"
        },
        {
            "speaker":"S",
            "time":"17.10.2020 15:21:27",
            "turn-index":16,
            "utterance":"いやいや、僕よりも頼れる人を先輩は知ってると思うので、その人に頼んだ方がいいですよ。"
        },
        {
            "speaker":"U",
            "time":"17.10.2020 15:21:33",
            "turn-index":17,
            "utterance":"誰がいる？"
        },
        {
            "speaker":"S",
            "time":"17.10.2020 15:21:35",
            "turn-index":18,
            "utterance":"僕は先輩がむいていると思うんですけどね"
        },
        {
            "speaker":"U",
            "time":"17.10.2020 15:21:46",
            "turn-index":19,
            "utterance":"俺はもうやったんだって"
        },
        {
            "speaker":"S",
            "time":"17.10.2020 15:21:47",
            "turn-index":20,
            "utterance":"そうですかね？先輩を慕っているって言った後輩もいましたよ！先輩を知ってる後輩までなら先輩がやった方がいいんじゃないですか？"
        },
        {
            "speaker":"U",
            "time":"17.10.2020 15:22:00",
            "turn-index":21,
            "utterance":"その後輩の名前教えてごらん？"
        },
        {
            "speaker":"S",
            "time":"17.10.2020 15:22:01",
            "turn-index":22,
            "utterance":"いやー、先輩は僕のことを買い被りすぎじゃないですかね。こういう言い方もなんですが、もっと僕のことを見てると思っていました。。"
        },
        {
            "speaker":"U",
            "time":"17.10.2020 15:22:10",
            "turn-index":23,
            "utterance":"見ているからこそだよ"
        },
        {
            "speaker":"S",
            "time":"17.10.2020 15:22:11",
            "turn-index":24,
            "utterance":"先輩の目にはそのように映っておられたのでしょうか？"
        },
        {
            "speaker":"U",
            "time":"17.10.2020 15:22:26",
            "turn-index":25,
            "utterance":"うん！事実就活もうまくいったじゃないか"
        },
        {
            "speaker":"S",
            "time":"17.10.2020 15:22:28",
            "turn-index":26,
            "utterance":"そんなことないですって。先輩はみんなから慕われていたし、卒業生も喜んで参加してくれると思います。"
        },
        {
            "speaker":"U",
            "time":"17.10.2020 15:22:48",
            "turn-index":27,
            "utterance":"その辺の調整はやるからメインはお前に頼みたいんだ。。。"
        },
        {
            "speaker":"S",
            "time":"17.10.2020 15:22:49",
            "turn-index":28,
            "utterance":"一生のお願いはもっと大事な場面にとっておいておくことをお勧めいたします"
        },
        {
            "speaker":"U",
            "time":"17.10.2020 15:22:57",
            "turn-index":29,
            "utterance":"使ってないだろｗｗｗ"
        },
        {
            "speaker":"S",
            "time":"17.10.2020 15:22:59",
            "turn-index":30,
            "utterance":"やめてください。"
        }
    ]
}