{
    "dialogue-id":"V2R_03",
    "group-id":"",
    "speaker-id":"RiskyPolitenessBotVersion2",
    "turns":[
        {
            "speaker":"S",
            "time":"17.10.2020 14:14:01",
            "turn-index":0,
            "utterance":"はい、なんですか？"
        },
        {
            "speaker":"U",
            "time":"17.10.2020 14:14:52",
            "turn-index":1,
            "utterance":"今年のサークルの同窓会なんだけどさ"
        },
        {
            "speaker":"S",
            "time":"17.10.2020 14:14:53",
            "turn-index":2,
            "utterance":"いやぁ、先輩には非常に申し訳ないですけど遠慮させていただきます..."
        },
        {
            "speaker":"U",
            "time":"17.10.2020 14:15:37",
            "turn-index":3,
            "utterance":"まだ何も言ってないよ。"
        },
        {
            "speaker":"S",
            "time":"17.10.2020 14:15:38",
            "turn-index":4,
            "utterance":"すみません…どうしても…ちょっと…責任が重い仕事というのは…"
        },
        {
            "speaker":"U",
            "time":"17.10.2020 14:16:01",
            "turn-index":5,
            "utterance":"責任重くなんてないよ！"
        },
        {
            "speaker":"S",
            "time":"17.10.2020 14:16:02",
            "turn-index":6,
            "utterance":"ほとんど僕に任せる感じですか…それはちょっと荷が重いのでいろんな人と相談したいです。"
        },
        {
            "speaker":"U",
            "time":"17.10.2020 14:16:57",
            "turn-index":7,
            "utterance":"そう、幹事任せたいんだ。"
        },
        {
            "speaker":"S",
            "time":"17.10.2020 14:16:58",
            "turn-index":8,
            "utterance":"僕だと参加する人に迷惑かけるかもしれません。たぶん、他の人の方に任せた方が良いと思います。"
        },
        {
            "speaker":"U",
            "time":"17.10.2020 14:17:28",
            "turn-index":9,
            "utterance":"経験になると思ってやってみない？"
        },
        {
            "speaker":"S",
            "time":"17.10.2020 14:17:29",
            "turn-index":10,
            "utterance":"かと言って今やったところで苦労の度合いは変わらない気がします。だから勘弁してください。"
        },
        {
            "speaker":"U",
            "time":"17.10.2020 14:17:58",
            "turn-index":11,
            "utterance":"難しくないよ。誰にでもできるからさ。"
        },
        {
            "speaker":"S",
            "time":"17.10.2020 14:17:59",
            "turn-index":12,
            "utterance":"いや、同窓会には参加したいけど、幹事ってなると下準備とか結構かかりますよね？それを思うと忙しいと難しくないすか？"
        },
        {
            "speaker":"U",
            "time":"17.10.2020 14:19:14",
            "turn-index":13,
            "utterance":"そうだけど、そこをなんとかお願い。"
        },
        {
            "speaker":"S",
            "time":"17.10.2020 14:19:15",
            "turn-index":14,
            "utterance":"幹事なんて仕事僕には務まらないですよ...先輩お願いしますよー..."
        },
        {
            "speaker":"U",
            "time":"17.10.2020 14:19:43",
            "turn-index":15,
            "utterance":"できれば未経験の人にやってもらいたいんだ。"
        },
        {
            "speaker":"S",
            "time":"17.10.2020 14:19:44",
            "turn-index":16,
            "utterance":"僕はできないですね。ほかの人は分からないですが、先輩から声を掛ければみんな喜ぶんじゃないですか？"
        },
        {
            "speaker":"U",
            "time":"17.10.2020 14:21:59",
            "turn-index":17,
            "utterance":"喜びはしないんじゃないかな。"
        },
        {
            "speaker":"S",
            "time":"17.10.2020 14:22:01",
            "turn-index":18,
            "utterance":"いやー、そういってもらえるのは嬉しいですけど、さすがにちょっと…何と言いますか…"
        },
        {
            "speaker":"U",
            "time":"17.10.2020 14:23:29",
            "turn-index":19,
            "utterance":"頼りにしてるからさ！"
        },
        {
            "speaker":"S",
            "time":"17.10.2020 14:23:30",
            "turn-index":20,
            "utterance":"申し訳ないですが、別の方に頼んでみるのはいかがでしょうか？"
        },
        {
            "speaker":"U",
            "time":"17.10.2020 14:23:56",
            "turn-index":21,
            "utterance":"他に出来そうな人いないんだよ。"
        },
        {
            "speaker":"S",
            "time":"17.10.2020 14:23:58",
            "turn-index":22,
            "utterance":"いやいや、できないっすよー。僕じゃなくてもできる人いますって！"
        },
        {
            "speaker":"U",
            "time":"17.10.2020 14:24:39",
            "turn-index":23,
            "utterance":"いないんだよ。お願い！"
        },
        {
            "speaker":"S",
            "time":"17.10.2020 14:24:40",
            "turn-index":24,
            "utterance":"ほかにもいそうですが僕なんかしかいないのでしょうか"
        },
        {
            "speaker":"U",
            "time":"17.10.2020 14:25:04",
            "turn-index":25,
            "utterance":"そうなんだよ。"
        },
        {
            "speaker":"S",
            "time":"17.10.2020 14:25:05",
            "turn-index":26,
            "utterance":"繰り返しになりますが、それとこれとは話が別です。"
        },
        {
            "speaker":"U",
            "time":"17.10.2020 14:25:28",
            "turn-index":27,
            "utterance":"どうしてもお願いしたいんだ。"
        },
        {
            "speaker":"S",
            "time":"17.10.2020 14:25:30",
            "turn-index":28,
            "utterance":"やりたくないです。"
        },
        {
            "speaker":"U",
            "time":"17.10.2020 14:26:08",
            "turn-index":29,
            "utterance":"そう言わないで、頼みます。"
        },
        {
            "speaker":"S",
            "time":"17.10.2020 14:26:09",
            "turn-index":30,
            "utterance":"お言葉を返すようで恐縮ですが、でしたら先輩が幹事をやられてはいかがでしょうか？"
        }
    ]
}