{
    "dialogue-id":"V2R_21",
    "group-id":"",
    "speaker-id":"RiskyPolitenessBotVersion2",
    "turns":[
        {
            "speaker":"S",
            "time":"17.10.2020 15:04:44",
            "turn-index":0,
            "utterance":"はい、なんですか？"
        },
        {
            "speaker":"U",
            "time":"17.10.2020 15:05:19",
            "turn-index":1,
            "utterance":"何だと思う"
        },
        {
            "speaker":"S",
            "time":"17.10.2020 15:05:20",
            "turn-index":2,
            "utterance":"僕の記憶の限りだとそのようなことは一切ございません。誰かと勘違いされておられませんか？"
        },
        {
            "speaker":"U",
            "time":"17.10.2020 15:05:40",
            "turn-index":3,
            "utterance":"先輩の声忘れたか"
        },
        {
            "speaker":"S",
            "time":"17.10.2020 15:05:42",
            "turn-index":4,
            "utterance":"同期に声かけるのは別に幹事じゃなくても全然やりますけど、なんで僕が幹事やるのがいいんです？それがわからなくって。"
        },
        {
            "speaker":"U",
            "time":"17.10.2020 15:06:29",
            "turn-index":5,
            "utterance":"みんな仕事してるだろ"
        },
        {
            "speaker":"S",
            "time":"17.10.2020 15:06:30",
            "turn-index":6,
            "utterance":"すみません…どうしても…ちょっと…責任が重い仕事というのは…"
        },
        {
            "speaker":"U",
            "time":"17.10.2020 15:06:42",
            "turn-index":7,
            "utterance":"深く考えすぎ"
        },
        {
            "speaker":"S",
            "time":"17.10.2020 15:06:44",
            "turn-index":8,
            "utterance":"えーっと、それでもやっぱりちょっと…自信がないと言いますか何と言いますか…"
        },
        {
            "speaker":"U",
            "time":"17.10.2020 15:07:24",
            "turn-index":9,
            "utterance":"じゃあ会社で自信がないからこの仕事やりませんと言うのか"
        },
        {
            "speaker":"S",
            "time":"17.10.2020 15:07:26",
            "turn-index":10,
            "utterance":"いやー、そういうのはちゃんとできる人がやった方がいいんじゃないですかねー"
        },
        {
            "speaker":"U",
            "time":"17.10.2020 15:07:45",
            "turn-index":11,
            "utterance":"だから清水なんだろ"
        },
        {
            "speaker":"S",
            "time":"17.10.2020 15:07:47",
            "turn-index":12,
            "utterance":"俺よりもっと頼れるやつがいるじゃないですか"
        },
        {
            "speaker":"U",
            "time":"17.10.2020 15:08:02",
            "turn-index":13,
            "utterance":"思い当たらない"
        },
        {
            "speaker":"S",
            "time":"17.10.2020 15:08:03",
            "turn-index":14,
            "utterance":"僕にとってなんのためになるのでしょうか"
        },
        {
            "speaker":"U",
            "time":"17.10.2020 15:09:36",
            "turn-index":15,
            "utterance":"会社に入って幹事経験ありますって言えるだろ"
        },
        {
            "speaker":"S",
            "time":"17.10.2020 15:09:37",
            "turn-index":16,
            "utterance":"幹事できるかは相談の結果次第ですが、時間があるならよかったです。まず場所ってどこらへんがいいみたいなのってありますか？"
        },
        {
            "speaker":"U",
            "time":"17.10.2020 15:10:06",
            "turn-index":17,
            "utterance":"集まりやすいように駅前"
        },
        {
            "speaker":"S",
            "time":"17.10.2020 15:10:08",
            "turn-index":18,
            "utterance":"集まりたいですね！"
        },
        {
            "speaker":"U",
            "time":"17.10.2020 15:10:18",
            "turn-index":19,
            "utterance":"やってくれるか"
        },
        {
            "speaker":"S",
            "time":"17.10.2020 15:10:19",
            "turn-index":20,
            "utterance":"はい…できることならば、ちょっと今回は…"
        },
        {
            "speaker":"U",
            "time":"17.10.2020 15:11:07",
            "turn-index":21,
            "utterance":"次は俺がやるから今回は清水がやってくれ"
        },
        {
            "speaker":"S",
            "time":"17.10.2020 15:11:09",
            "turn-index":22,
            "utterance":"幹事はやりたくないですねぇ…。先輩、他に頼める人いないんですか？"
        },
        {
            "speaker":"U",
            "time":"17.10.2020 15:11:31",
            "turn-index":23,
            "utterance":"いないなあ"
        },
        {
            "speaker":"S",
            "time":"17.10.2020 15:11:33",
            "turn-index":24,
            "utterance":"先輩人気者だったじゃないですか"
        },
        {
            "speaker":"U",
            "time":"17.10.2020 15:11:57",
            "turn-index":25,
            "utterance":"その人気者からの指名です"
        },
        {
            "speaker":"S",
            "time":"17.10.2020 15:11:58",
            "turn-index":26,
            "utterance":"いやぁ、先輩が主導してくれた方がいいですって！"
        },
        {
            "speaker":"U",
            "time":"17.10.2020 15:13:02",
            "turn-index":27,
            "utterance":"おれ味音痴だから美味しい店知らないんだよ"
        },
        {
            "speaker":"S",
            "time":"17.10.2020 15:13:03",
            "turn-index":28,
            "utterance":"でもやっぱ忙しいんで、お店だったらおすすめのお店リスト渡すのでお願いできませんかね？"
        },
        {
            "speaker":"U",
            "time":"17.10.2020 15:13:28",
            "turn-index":29,
            "utterance":"薄情だな"
        },
        {
            "speaker":"S",
            "time":"17.10.2020 15:13:30",
            "turn-index":30,
            "utterance":"本当にごめんなさい…ちょっと…"
        }
    ]
}