{
    "dialogue-id":"V2R_22",
    "group-id":"",
    "speaker-id":"RiskyPolitenessBotVersion2",
    "turns":[
        {
            "speaker":"S",
            "time":"17.10.2020 14:15:16",
            "turn-index":0,
            "utterance":"はい、なんですか？"
        },
        {
            "speaker":"U",
            "time":"17.10.2020 14:16:01",
            "turn-index":1,
            "utterance":"いきなりなんだけどさ、同窓会の幹事お願いできない？"
        },
        {
            "speaker":"S",
            "time":"17.10.2020 14:16:03",
            "turn-index":2,
            "utterance":"あぁ、幹事ですか。僕なんかでいいんですかね..."
        },
        {
            "speaker":"U",
            "time":"17.10.2020 14:17:45",
            "turn-index":3,
            "utterance":"君じゃなきゃダメなんだよね。"
        },
        {
            "speaker":"S",
            "time":"17.10.2020 14:17:46",
            "turn-index":4,
            "utterance":"修造キャラ暑苦しいのでやめていただけますか…？"
        },
        {
            "speaker":"U",
            "time":"17.10.2020 14:18:29",
            "turn-index":5,
            "utterance":"やめるから幹事お願いできないかな？"
        },
        {
            "speaker":"S",
            "time":"17.10.2020 14:18:31",
            "turn-index":6,
            "utterance":"僕だと参加する人に迷惑かけるかもしれません。たぶん、他の人の方に任せた方が良いと思います。"
        },
        {
            "speaker":"U",
            "time":"17.10.2020 14:18:59",
            "turn-index":7,
            "utterance":"他の人間は信用できないから、是非君にやってもらいたいんでよね。"
        },
        {
            "speaker":"S",
            "time":"17.10.2020 14:19:02",
            "turn-index":8,
            "utterance":"いくら信頼していただいても、幹事だけはいやです。"
        },
        {
            "speaker":"U",
            "time":"17.10.2020 14:19:37",
            "turn-index":9,
            "utterance":"やってみたら案外楽しいかも知れないよ！だからお願い！"
        },
        {
            "speaker":"S",
            "time":"17.10.2020 14:19:38",
            "turn-index":10,
            "utterance":"頼みます。他の人にお願いしてください。"
        },
        {
            "speaker":"U",
            "time":"17.10.2020 14:20:17",
            "turn-index":11,
            "utterance":"他の人より君の方が良いんだよね。"
        },
        {
            "speaker":"S",
            "time":"17.10.2020 14:20:18",
            "turn-index":12,
            "utterance":"そうですかね？先輩を慕っているって言った後輩もいましたよ！先輩を知ってる後輩までなら先輩がやった方がいいんじゃないですか？"
        },
        {
            "speaker":"U",
            "time":"17.10.2020 14:20:55",
            "turn-index":13,
            "utterance":"そうかもしれないけれど、今回は君に幹事をやってほしいんだよね。"
        },
        {
            "speaker":"S",
            "time":"17.10.2020 14:20:57",
            "turn-index":14,
            "utterance":"同期に声かけるのは別に幹事じゃなくても全然やりますけど、なんで僕が幹事やるのがいいんです？それがわからなくって。"
        },
        {
            "speaker":"U",
            "time":"17.10.2020 14:21:51",
            "turn-index":15,
            "utterance":"みんなが好意を持っている君が最適だと思ったんだよね。"
        },
        {
            "speaker":"S",
            "time":"17.10.2020 14:21:52",
            "turn-index":16,
            "utterance":"そのように評価してくださることは大変光栄なのですが、やはり僕には向いてないと思います"
        },
        {
            "speaker":"U",
            "time":"17.10.2020 14:22:12",
            "turn-index":17,
            "utterance":"そこを何とかお願いできないかな？"
        },
        {
            "speaker":"S",
            "time":"17.10.2020 14:22:13",
            "turn-index":18,
            "utterance":"うーん。何とかできないかいろいろ調整してみますけど、多分きついっすよ？"
        },
        {
            "speaker":"U",
            "time":"17.10.2020 14:22:42",
            "turn-index":19,
            "utterance":"ありがとう！なんとかお願い！"
        },
        {
            "speaker":"S",
            "time":"17.10.2020 14:22:43",
            "turn-index":20,
            "utterance":"大変申し訳ないですが、遠慮させていただきます"
        },
        {
            "speaker":"U",
            "time":"17.10.2020 14:23:05",
            "turn-index":21,
            "utterance":"もう少しじっくり考えてみてくれないかな？"
        },
        {
            "speaker":"S",
            "time":"17.10.2020 14:23:07",
            "turn-index":22,
            "utterance":"いやー、日程調整とか出欠確認とか面倒じゃないですか。やりたくないですね。"
        },
        {
            "speaker":"U",
            "time":"17.10.2020 14:23:34",
            "turn-index":23,
            "utterance":"適当でも大丈夫だから！軽い気持ちで引き受けてくれない？"
        },
        {
            "speaker":"S",
            "time":"17.10.2020 14:23:35",
            "turn-index":24,
            "utterance":"何と言いますか…やはり自分のなかでどうしても気持ちの整理がつかないと言いますか、どうしてもちょっとアレなんです…"
        },
        {
            "speaker":"U",
            "time":"17.10.2020 14:24:02",
            "turn-index":25,
            "utterance":"君が引き受けてくれたらきっとみんな喜ぶよ！"
        },
        {
            "speaker":"S",
            "time":"17.10.2020 14:24:06",
            "turn-index":26,
            "utterance":"僕はできないですね。ほかの人は分からないですが、先輩から声を掛ければみんな喜ぶんじゃないですか？"
        },
        {
            "speaker":"U",
            "time":"17.10.2020 14:24:45",
            "turn-index":27,
            "utterance":"俺が声を掛けるよりも君が幹事として声を掛けてくれた方がみんな喜ぶよ！"
        },
        {
            "speaker":"S",
            "time":"17.10.2020 14:24:47",
            "turn-index":28,
            "utterance":"いやいや、先輩が幹事をやってほうがみんな喜んで集まりますよ！"
        },
        {
            "speaker":"U",
            "time":"17.10.2020 14:25:37",
            "turn-index":29,
            "utterance":"年上より可愛い後輩から声を掛けられた方が喜ぶって！だから幹事お願い！"
        },
        {
            "speaker":"S",
            "time":"17.10.2020 14:25:38",
            "turn-index":30,
            "utterance":"いやー、先輩は僕のことを買い被りすぎじゃないですかね。こういう言い方もなんですが、もっと僕のことを見てると思っていました。。"
        }
    ]
}