{
    "dialogue-id":"V2R_28",
    "group-id":"",
    "speaker-id":"RiskyPolitenessBotVersion2",
    "turns":[
        {
            "speaker":"S",
            "time":"17.10.2020 13:50:39",
            "turn-index":0,
            "utterance":"はい、なんですか？"
        },
        {
            "speaker":"U",
            "time":"17.10.2020 13:51:44",
            "turn-index":1,
            "utterance":"今度同窓会をやるんだけど。"
        },
        {
            "speaker":"S",
            "time":"17.10.2020 13:51:45",
            "turn-index":2,
            "utterance":"それって同窓会盛り上がらなさそうだし無しって大丈夫ですかね？"
        },
        {
            "speaker":"U",
            "time":"17.10.2020 13:52:13",
            "turn-index":3,
            "utterance":"その同窓会の幹事をやってほしいんだ。"
        },
        {
            "speaker":"S",
            "time":"17.10.2020 13:52:17",
            "turn-index":4,
            "utterance":"あぁ、幹事ですか。僕なんかでいいんですかね..."
        },
        {
            "speaker":"U",
            "time":"17.10.2020 13:52:35",
            "turn-index":5,
            "utterance":"君はみんなに慕われているし適任だと思う。"
        },
        {
            "speaker":"S",
            "time":"17.10.2020 13:52:37",
            "turn-index":6,
            "utterance":"いやいや、先輩が幹事をやってほうがみんな喜んで集まりますよ！"
        },
        {
            "speaker":"U",
            "time":"17.10.2020 13:53:17",
            "turn-index":7,
            "utterance":"僕はもう社会人でずっと先輩だから年齢の近い君がいいと思う。"
        },
        {
            "speaker":"S",
            "time":"17.10.2020 13:53:18",
            "turn-index":8,
            "utterance":"いやー、先輩は僕のことを買い被りすぎじゃないですかね。こういう言い方もなんですが、もっと僕のことを見てると思っていました。。"
        },
        {
            "speaker":"U",
            "time":"17.10.2020 13:53:44",
            "turn-index":9,
            "utterance":"いや、君はみんなから人気があるし適任だと思うよ。"
        },
        {
            "speaker":"S",
            "time":"17.10.2020 13:53:45",
            "turn-index":10,
            "utterance":"同じサークルなので先輩も会ったことあると思います。鈴木君は飲み会とかよくしているので幹事向いてますよ。"
        },
        {
            "speaker":"U",
            "time":"17.10.2020 13:54:26",
            "turn-index":11,
            "utterance":"鈴木くんは頼んだけど仕事で都合がつかないみたいなんだ。"
        },
        {
            "speaker":"S",
            "time":"17.10.2020 13:54:27",
            "turn-index":12,
            "utterance":"合間で幹事の仕事進めるってなると、同窓会できるのずいぶん先になると思うんすよねー…うーん…"
        },
        {
            "speaker":"U",
            "time":"17.10.2020 13:54:47",
            "turn-index":13,
            "utterance":"忙しいようなら僕がフォローするから。"
        },
        {
            "speaker":"S",
            "time":"17.10.2020 13:54:48",
            "turn-index":14,
            "utterance":"はい確かに、今はそこまで忙しくはないのですが、やはり、いざ幹事をできるのかと考えると、どうしてもちょっと…その、先輩がそう言ってくださってることはわかっているのですが、ちょっと…アレなんです…"
        },
        {
            "speaker":"U",
            "time":"17.10.2020 13:55:12",
            "turn-index":15,
            "utterance":"わからないことは聞いてくれれば協力するから。"
        },
        {
            "speaker":"S",
            "time":"17.10.2020 13:55:13",
            "turn-index":16,
            "utterance":"いえ、そういったことは社会に出てからで十分です。"
        },
        {
            "speaker":"U",
            "time":"17.10.2020 13:55:36",
            "turn-index":17,
            "utterance":"社会に出る前に練習だと思って引き受けてくれないかな？"
        },
        {
            "speaker":"S",
            "time":"17.10.2020 13:55:37",
            "turn-index":18,
            "utterance":"たしかに、社会に出たら役に立つ経験になるとは思うのですが、さすがに、今幹事をやるというのは、若干ですが何とも言えない気がしなくもないと言いますか…"
        },
        {
            "speaker":"U",
            "time":"17.10.2020 13:56:08",
            "turn-index":19,
            "utterance":"今のうちになれておくと社会に出てから先輩に気に入られるよ。"
        },
        {
            "speaker":"S",
            "time":"17.10.2020 13:56:09",
            "turn-index":20,
            "utterance":"ご自分で幹事をなされば良いのに後輩に押し付けることで楽をしようとしているのではないですか？"
        },
        {
            "speaker":"U",
            "time":"17.10.2020 13:56:37",
            "turn-index":21,
            "utterance":"いや、僕はだいぶ歳上なのでみんな気兼ねしてしまうと思うので。"
        },
        {
            "speaker":"S",
            "time":"17.10.2020 13:56:39",
            "turn-index":22,
            "utterance":"先輩からの依頼はうれしいのですが、遠慮させてください。"
        },
        {
            "speaker":"U",
            "time":"17.10.2020 13:56:48",
            "turn-index":23,
            "utterance":"そうしても駄目かな？"
        },
        {
            "speaker":"S",
            "time":"17.10.2020 13:56:49",
            "turn-index":24,
            "utterance":"サポートあってもできる気がしないので嫌です。"
        },
        {
            "speaker":"U",
            "time":"17.10.2020 13:57:16",
            "turn-index":25,
            "utterance":"では一緒に共同でやるというのはどう？"
        },
        {
            "speaker":"S",
            "time":"17.10.2020 13:57:17",
            "turn-index":26,
            "utterance":"でも自分がやるとなるとかなり先なので、忘れちゃうぐらいの時期になっちゃうかもしれないですよ。"
        },
        {
            "speaker":"U",
            "time":"17.10.2020 13:57:33",
            "turn-index":27,
            "utterance":"忙しいときは協力するから。"
        },
        {
            "speaker":"S",
            "time":"17.10.2020 13:57:34",
            "turn-index":28,
            "utterance":"いや、同窓会には参加したいけど、幹事ってなると下準備とか結構かかりますよね？それを思うと忙しいと難しくないすか？"
        },
        {
            "speaker":"U",
            "time":"17.10.2020 13:58:02",
            "turn-index":29,
            "utterance":"手伝うからそんなに忙しくないよ。"
        },
        {
            "speaker":"S",
            "time":"17.10.2020 13:58:03",
            "turn-index":30,
            "utterance":"困りますね。なんとか僕以外の人に頼んでいただきたいです。"
        }
    ]
}