{
    "dialogue-id":"V2R_40",
    "group-id":"",
    "speaker-id":"RiskyPolitenessBotVersion2",
    "turns":[
        {
            "speaker":"S",
            "time":"17.10.2020 15:12:30",
            "turn-index":0,
            "utterance":"はい、なんですか？"
        },
        {
            "speaker":"U",
            "time":"17.10.2020 15:13:44",
            "turn-index":1,
            "utterance":"急な話なんだが、同窓会の幹事を引き受けてくれませんか"
        },
        {
            "speaker":"S",
            "time":"17.10.2020 15:13:45",
            "turn-index":2,
            "utterance":"あぁ、幹事ですか。僕なんかでいいんですかね..."
        },
        {
            "speaker":"U",
            "time":"17.10.2020 15:14:08",
            "turn-index":3,
            "utterance":"もちろん。"
        },
        {
            "speaker":"S",
            "time":"17.10.2020 15:14:09",
            "turn-index":4,
            "utterance":"どうなさいましたか？"
        },
        {
            "speaker":"U",
            "time":"17.10.2020 15:15:05",
            "turn-index":5,
            "utterance":"私が知っている後輩の中で、君が一番信頼できそうなので、ぜひお願いします。"
        },
        {
            "speaker":"S",
            "time":"17.10.2020 15:15:06",
            "turn-index":6,
            "utterance":"大丈夫ですよ。鈴木君は本当にこういうの上手いんで。よかったら先輩と鈴木君が会えるように連絡付けましょうか。"
        },
        {
            "speaker":"U",
            "time":"17.10.2020 15:15:28",
            "turn-index":7,
            "utterance":"いやいや、君の方が適任だと思うよ。"
        },
        {
            "speaker":"S",
            "time":"17.10.2020 15:15:29",
            "turn-index":8,
            "utterance":"鈴木君はサークル内のリーダー的存在だったので、幹事という役目にも適していると考えます。"
        },
        {
            "speaker":"U",
            "time":"17.10.2020 15:16:15",
            "turn-index":9,
            "utterance":"鈴木さんも良いけど、私は清水さんのほうが良いと思ってます。"
        },
        {
            "speaker":"S",
            "time":"17.10.2020 15:16:16",
            "turn-index":10,
            "utterance":"こっちで話通しておきますよ。鈴木君は先輩のことわかると思いますし。絶対鈴木君の方が良いですし。"
        },
        {
            "speaker":"U",
            "time":"17.10.2020 15:17:06",
            "turn-index":11,
            "utterance":"私が頼んでもダメなのかな。"
        },
        {
            "speaker":"S",
            "time":"17.10.2020 15:17:07",
            "turn-index":12,
            "utterance":"先輩ならもっと良いお店知ってるんじゃないですか？"
        },
        {
            "speaker":"U",
            "time":"17.10.2020 15:18:00",
            "turn-index":13,
            "utterance":"お店の話をするということは、幹事は引き受けてくれるんですね。"
        },
        {
            "speaker":"S",
            "time":"17.10.2020 15:18:01",
            "turn-index":14,
            "utterance":"何度も繰り返すようで大変恐縮ですが、幹事は別の方にお願いしてくださると幸いです"
        },
        {
            "speaker":"U",
            "time":"17.10.2020 15:18:53",
            "turn-index":15,
            "utterance":"あなた自身が幹事を引き受けれない理由を教えて下さい。"
        },
        {
            "speaker":"S",
            "time":"17.10.2020 15:18:55",
            "turn-index":16,
            "utterance":"同期に声かけるのは別に幹事じゃなくても全然やりますけど、なんで僕が幹事やるのがいいんです？それがわからなくって。"
        },
        {
            "speaker":"U",
            "time":"17.10.2020 15:19:34",
            "turn-index":17,
            "utterance":"私が学生の時に一番信頼していたのがあなただからですよ。"
        },
        {
            "speaker":"S",
            "time":"17.10.2020 15:19:36",
            "turn-index":18,
            "utterance":"いやー先輩にそこまで言われるとすっごいうれしいんですけど、ちょっとご期待には添えないっすね…申し訳ないっす。"
        },
        {
            "speaker":"U",
            "time":"17.10.2020 15:20:00",
            "turn-index":19,
            "utterance":"こんなに頼んでもダメなのですか。"
        },
        {
            "speaker":"S",
            "time":"17.10.2020 15:20:01",
            "turn-index":20,
            "utterance":"でも...僕こういうの手際悪いので、せっかくの同窓会が台無しになるかもしれないし..."
        },
        {
            "speaker":"U",
            "time":"17.10.2020 15:20:41",
            "turn-index":21,
            "utterance":"そんなことはないよ。"
        },
        {
            "speaker":"S",
            "time":"17.10.2020 15:20:42",
            "turn-index":22,
            "utterance":"そのように評価していただけることは大変光栄なのですが..."
        },
        {
            "speaker":"U",
            "time":"17.10.2020 15:21:05",
            "turn-index":23,
            "utterance":"私も出来る限りのフォローはするので、よろしくお願いします。"
        },
        {
            "speaker":"S",
            "time":"17.10.2020 15:21:07",
            "turn-index":24,
            "utterance":"僕はできないですね。ほかの人は分からないですが、先輩から声を掛ければみんな喜ぶんじゃないですか？"
        },
        {
            "speaker":"U",
            "time":"17.10.2020 15:21:38",
            "turn-index":25,
            "utterance":"こんなに頼んでもダメなのですか。"
        },
        {
            "speaker":"S",
            "time":"17.10.2020 15:21:40",
            "turn-index":26,
            "utterance":"不快にさせてしまって申し訳ないです...ですが僕のことは僕が一番わかっているので..."
        },
        {
            "speaker":"U",
            "time":"17.10.2020 15:22:05",
            "turn-index":27,
            "utterance":"そう言わずに考え直してほしい。"
        },
        {
            "speaker":"S",
            "time":"17.10.2020 15:22:06",
            "turn-index":28,
            "utterance":"えーっと、それでもやっぱりちょっと…自信がないと言いますか何と言いますか…"
        },
        {
            "speaker":"U",
            "time":"17.10.2020 15:22:49",
            "turn-index":29,
            "utterance":"大変な役目だけど、やりがいはあると思うよ。"
        },
        {
            "speaker":"S",
            "time":"17.10.2020 15:22:51",
            "turn-index":30,
            "utterance":"僕としては、久しぶりに先輩が取り持つ同窓会というか幹事を見てみたいんですが......"
        }
    ]
}