{
    "dialogue-id":"V2R_44",
    "group-id":"",
    "speaker-id":"RiskyPolitenessBotVersion2",
    "turns":[
        {
            "speaker":"S",
            "time":"17.10.2020 16:08:55",
            "turn-index":0,
            "utterance":"はい、なんですか？"
        },
        {
            "speaker":"U",
            "time":"17.10.2020 16:09:27",
            "turn-index":1,
            "utterance":"最近忙しい？"
        },
        {
            "speaker":"S",
            "time":"17.10.2020 16:09:29",
            "turn-index":2,
            "utterance":"実は、研究室の後輩への引継ぎ資料がまだ終わってなくって…それが忙しいんすよ。"
        },
        {
            "speaker":"U",
            "time":"17.10.2020 16:09:48",
            "turn-index":3,
            "utterance":"そうなんだ…。"
        },
        {
            "speaker":"S",
            "time":"17.10.2020 16:09:49",
            "turn-index":4,
            "utterance":"僕の記憶の限りだとそのようなことは一切ございません。誰かと勘違いされておられませんか？"
        },
        {
            "speaker":"U",
            "time":"17.10.2020 16:10:29",
            "turn-index":5,
            "utterance":"急にどうしちゃったの？"
        },
        {
            "speaker":"S",
            "time":"17.10.2020 16:10:31",
            "turn-index":6,
            "utterance":"そのようなことは思っておりません！今回は遠慮させていただきます！"
        },
        {
            "speaker":"U",
            "time":"17.10.2020 16:10:55",
            "turn-index":7,
            "utterance":"まだ、何も頼んでないんだけど…。"
        },
        {
            "speaker":"S",
            "time":"17.10.2020 16:10:56",
            "turn-index":8,
            "utterance":"本当に勘弁してください。嫌です。"
        },
        {
            "speaker":"U",
            "time":"17.10.2020 16:12:31",
            "turn-index":9,
            "utterance":"幹事の話なんだけど、そんなに嫌なの？"
        },
        {
            "speaker":"S",
            "time":"17.10.2020 16:12:32",
            "turn-index":10,
            "utterance":"僕以外に幹事が似合う人がいると思いますよ。"
        },
        {
            "speaker":"U",
            "time":"17.10.2020 16:13:26",
            "turn-index":11,
            "utterance":"友達付き合いも良いし、幹事にピッタリだと思うけど…。"
        },
        {
            "speaker":"S",
            "time":"17.10.2020 16:13:27",
            "turn-index":12,
            "utterance":"いやいや、僕がやったら同窓会が崩壊しちゃいますよ。やっぱりここはサークルでも重要メンバーだった先輩がやってください！"
        },
        {
            "speaker":"U",
            "time":"17.10.2020 16:14:32",
            "turn-index":13,
            "utterance":"自分は、今プロジェクトを抱えててその日に出席できないかもしれないんだよね。"
        },
        {
            "speaker":"S",
            "time":"17.10.2020 16:14:33",
            "turn-index":14,
            "utterance":"いや、無理ですって。できませんって。"
        },
        {
            "speaker":"U",
            "time":"17.10.2020 16:14:57",
            "turn-index":15,
            "utterance":"そう言わずにやってもらえないかな？"
        },
        {
            "speaker":"S",
            "time":"17.10.2020 16:14:58",
            "turn-index":16,
            "utterance":"先輩からそう言ってもらえるのは本当に嬉しいのですが、ちょっと、幹事をやるというのはさすがにアレかなと思っていまして…"
        },
        {
            "speaker":"U",
            "time":"17.10.2020 16:15:18",
            "turn-index":17,
            "utterance":"アレって何？"
        },
        {
            "speaker":"S",
            "time":"17.10.2020 16:15:19",
            "turn-index":18,
            "utterance":"なんかうちの研究室、引継ぎ資料を超詳細に作らないといけないみたいで…"
        },
        {
            "speaker":"U",
            "time":"17.10.2020 16:15:59",
            "turn-index":19,
            "utterance":"自分で助言できるところがあれば手伝うよ。"
        },
        {
            "speaker":"S",
            "time":"17.10.2020 16:16:00",
            "turn-index":20,
            "utterance":"僕はできないですね。ほかの人は分からないですが、先輩から声を掛ければみんな喜ぶんじゃないですか？"
        },
        {
            "speaker":"U",
            "time":"17.10.2020 16:16:22",
            "turn-index":21,
            "utterance":"そうかな？"
        },
        {
            "speaker":"S",
            "time":"17.10.2020 16:16:23",
            "turn-index":22,
            "utterance":"はい"
        },
        {
            "speaker":"U",
            "time":"17.10.2020 16:17:15",
            "turn-index":23,
            "utterance":"今までの幹事を見てても、やっはり君が適任だと思うんだよね。"
        },
        {
            "speaker":"S",
            "time":"17.10.2020 16:17:16",
            "turn-index":24,
            "utterance":"サークルの方々は素晴らしい人々ばかりだと記憶しております。僕より優れた方がいらっしゃると思います。"
        },
        {
            "speaker":"U",
            "time":"17.10.2020 16:18:01",
            "turn-index":25,
            "utterance":"優れた人もいるけど、君にお願いしたいんだよね。"
        },
        {
            "speaker":"S",
            "time":"17.10.2020 16:18:02",
            "turn-index":26,
            "utterance":"僕だと参加する人に迷惑かけるかもしれません。たぶん、他の人の方に任せた方が良いと思います。"
        },
        {
            "speaker":"U",
            "time":"17.10.2020 16:18:27",
            "turn-index":27,
            "utterance":"本当に忙しいんだね。"
        },
        {
            "speaker":"S",
            "time":"17.10.2020 16:18:28",
            "turn-index":28,
            "utterance":"僕なんかでも忙しいんですよ"
        },
        {
            "speaker":"U",
            "time":"17.10.2020 16:18:44",
            "turn-index":29,
            "utterance":"なんとかならないかな？"
        },
        {
            "speaker":"S",
            "time":"17.10.2020 16:18:45",
            "turn-index":30,
            "utterance":"それ以外にも手が離せない事情があって幹事はできないんです。"
        }
    ]
}