{
    "dialogue-id":"V2R_42",
    "group-id":"",
    "speaker-id":"RiskyPolitenessBotVersion2",
    "turns":[
        {
            "speaker":"S",
            "time":"17.10.2020 08:13:17",
            "turn-index":0,
            "utterance":"はい、なんですか？"
        },
        {
            "speaker":"U",
            "time":"17.10.2020 08:15:56",
            "turn-index":1,
            "utterance":"今年もそろそろ、サークルの同窓会の季節だろう？"
        },
        {
            "speaker":"S",
            "time":"17.10.2020 08:15:58",
            "turn-index":2,
            "utterance":"それって同窓会盛り上がらなさそうだし無しって大丈夫ですかね？"
        },
        {
            "speaker":"U",
            "time":"17.10.2020 08:16:31",
            "turn-index":3,
            "utterance":"そうはいかないだろう。楽しみにしてるやつもいるし"
        },
        {
            "speaker":"S",
            "time":"17.10.2020 08:16:32",
            "turn-index":4,
            "utterance":"でもおまけ扱いはかわいそうですし、気配りができる人が幹事を務めたほうが良いのでは...?"
        },
        {
            "speaker":"U",
            "time":"17.10.2020 08:17:41",
            "turn-index":5,
            "utterance":"だから、よ。清水、お前、気配りすごいじゃん。俺はお前に幹事をやってほしいのよ"
        },
        {
            "speaker":"S",
            "time":"17.10.2020 08:17:42",
            "turn-index":6,
            "utterance":"そうですかね？先輩を慕っているって言った後輩もいましたよ！先輩を知ってる後輩までなら先輩がやった方がいいんじゃないですか？"
        },
        {
            "speaker":"U",
            "time":"17.10.2020 08:18:27",
            "turn-index":7,
            "utterance":"おれは、昨年やったからさ。今年は、お前にやってもらいたいの"
        },
        {
            "speaker":"S",
            "time":"17.10.2020 08:18:29",
            "turn-index":8,
            "utterance":"そのようなことは思っておりません！今回は遠慮させていただきます！"
        },
        {
            "speaker":"U",
            "time":"17.10.2020 08:22:49",
            "turn-index":9,
            "utterance":"まあまあ、そう言わずに。社会人になってからも、こういう経験は役に立つと思うよ"
        },
        {
            "speaker":"S",
            "time":"17.10.2020 08:22:50",
            "turn-index":10,
            "utterance":"かと言って今やったところで苦労の度合いは変わらない気がします。だから勘弁してください。"
        },
        {
            "speaker":"U",
            "time":"17.10.2020 08:23:09",
            "turn-index":11,
            "utterance":"いいや、勘弁できないね。ぜひとも、やってもらいたい"
        },
        {
            "speaker":"S",
            "time":"17.10.2020 08:23:10",
            "turn-index":12,
            "utterance":"えー、ちょっとそういうのはやりたくないですね"
        },
        {
            "speaker":"U",
            "time":"17.10.2020 08:23:36",
            "turn-index":13,
            "utterance":"おれだって、昨年、やりたくないけどやったんだよ"
        },
        {
            "speaker":"S",
            "time":"17.10.2020 08:23:38",
            "turn-index":14,
            "utterance":"時間がないわけではないですけど、幹事をやるのは面倒ですね。"
        },
        {
            "speaker":"U",
            "time":"17.10.2020 08:24:12",
            "turn-index":15,
            "utterance":"誰だって、面倒なのは面倒さ。時間があるなら、ぜひやって"
        },
        {
            "speaker":"S",
            "time":"17.10.2020 08:24:13",
            "turn-index":16,
            "utterance":"日程調整やら出欠の確認やらあるじゃないですか。それが面倒ですね。"
        },
        {
            "speaker":"U",
            "time":"17.10.2020 08:24:42",
            "turn-index":17,
            "utterance":"誰かに手伝ってもらうっていう手もあるよ"
        },
        {
            "speaker":"S",
            "time":"17.10.2020 08:24:43",
            "turn-index":18,
            "utterance":"困りますね。なんとか僕以外の人に頼んでいただきたいです。"
        },
        {
            "speaker":"U",
            "time":"17.10.2020 08:25:13",
            "turn-index":19,
            "utterance":"後輩の中では、お前が一番頼りになるんだよ"
        },
        {
            "speaker":"S",
            "time":"17.10.2020 08:25:14",
            "turn-index":20,
            "utterance":"いやー、先輩は僕のことを買い被りすぎじゃないですかね。こういう言い方もなんですが、もっと僕のことを見てると思っていました。。"
        },
        {
            "speaker":"U",
            "time":"17.10.2020 08:25:51",
            "turn-index":21,
            "utterance":"見てたよ。お前は、面倒くさがりだけど、いったんやるとなったら、きっちり仕事をこなすやつだ"
        },
        {
            "speaker":"S",
            "time":"17.10.2020 08:25:53",
            "turn-index":22,
            "utterance":"すみません…どうしても…ちょっと…責任が重い仕事というのは…"
        },
        {
            "speaker":"U",
            "time":"17.10.2020 08:26:29",
            "turn-index":23,
            "utterance":"何か困った問題が生じたら、ヘルプするからさ"
        },
        {
            "speaker":"S",
            "time":"17.10.2020 08:26:31",
            "turn-index":24,
            "utterance":"いやぁ日程調整とか大変ですし...そこは先輩の手腕で何とか引っ張ってもらえると！"
        },
        {
            "speaker":"U",
            "time":"17.10.2020 08:27:04",
            "turn-index":25,
            "utterance":"そのへんのノウハウは、昨年の経験から、アドバイスできるし"
        },
        {
            "speaker":"S",
            "time":"17.10.2020 08:27:05",
            "turn-index":26,
            "utterance":"幹事は不器用ながらすでに経験してますよ"
        },
        {
            "speaker":"U",
            "time":"17.10.2020 08:27:18",
            "turn-index":27,
            "utterance":"え？いつやった？"
        },
        {
            "speaker":"S",
            "time":"17.10.2020 08:27:19",
            "turn-index":28,
            "utterance":"えっと、ごめんなさい、それはわかるのですが、、ほんとに、ちょっと…すみません…"
        },
        {
            "speaker":"U",
            "time":"17.10.2020 08:27:59",
            "turn-index":29,
            "utterance":"いやいや、もう、俺の学年には、清水に頼むことにしたって言ってあるし"
        },
        {
            "speaker":"S",
            "time":"17.10.2020 08:28:01",
            "turn-index":30,
            "utterance":"同期に声かけるのは別に幹事じゃなくても全然やりますけど、なんで僕が幹事やるのがいいんです？それがわからなくって。"
        }
    ]
}