{
    "dialogue-id":"V2R_51",
    "group-id":"",
    "speaker-id":"RiskyPolitenessBotVersion2",
    "turns":[
        {
            "speaker":"S",
            "time":"17.10.2020 14:46:21",
            "turn-index":0,
            "utterance":"はい、なんですか？"
        },
        {
            "speaker":"U",
            "time":"17.10.2020 14:46:36",
            "turn-index":1,
            "utterance":"近頃元気にしてる？"
        },
        {
            "speaker":"S",
            "time":"17.10.2020 14:46:37",
            "turn-index":2,
            "utterance":"愛され…？？？？？？？？？？は？？？？？？？？？？？？？？？？(理解不能)"
        },
        {
            "speaker":"U",
            "time":"17.10.2020 14:46:54",
            "turn-index":3,
            "utterance":"どうしたの、様子がおかしいよ。"
        },
        {
            "speaker":"S",
            "time":"17.10.2020 14:46:55",
            "turn-index":4,
            "utterance":"そんなこと言われても......僕じゃなくて先輩が変わったんじゃないですか？こんな強引に話を進める人じゃなかったのに。"
        },
        {
            "speaker":"U",
            "time":"17.10.2020 14:47:23",
            "turn-index":5,
            "utterance":"面白い冗談だね。ちゃんとご飯食べてるの？"
        },
        {
            "speaker":"S",
            "time":"17.10.2020 14:47:24",
            "turn-index":6,
            "utterance":"僕が一番ちゃんとしてるわけではないと思います。"
        },
        {
            "speaker":"U",
            "time":"17.10.2020 14:47:46",
            "turn-index":7,
            "utterance":"ずぼらだったの知ってるよ。ちっとも変わってないね。"
        },
        {
            "speaker":"S",
            "time":"17.10.2020 14:47:47",
            "turn-index":8,
            "utterance":"スペシャルグレートな先輩の力を見せてください！"
        },
        {
            "speaker":"U",
            "time":"17.10.2020 14:48:17",
            "turn-index":9,
            "utterance":"私も年を取ったからね。今度一緒に飲みにいかない？"
        },
        {
            "speaker":"S",
            "time":"17.10.2020 14:48:18",
            "turn-index":10,
            "utterance":"でもせっかくなら良いお店行きたくないですか？いつものじゃなくて先輩のおススメとかあれば行ってみたいです！"
        },
        {
            "speaker":"U",
            "time":"17.10.2020 14:48:54",
            "turn-index":11,
            "utterance":"駅前に新しいバルができたんだけど、雰囲気のいいお店があるよ。"
        },
        {
            "speaker":"S",
            "time":"17.10.2020 14:48:56",
            "turn-index":12,
            "utterance":"駅近はそうですけど、去年卒業した佐藤先輩とかって結構都心から遠かったじゃないですか。それを思うとどの駅ってのも大事じゃないですか？"
        },
        {
            "speaker":"U",
            "time":"17.10.2020 14:49:36",
            "turn-index":13,
            "utterance":"そうだね、駅近の方が何かと便利だね。"
        },
        {
            "speaker":"S",
            "time":"17.10.2020 14:49:37",
            "turn-index":14,
            "utterance":"僕なんかでは何度やっても変わらないですよ"
        },
        {
            "speaker":"U",
            "time":"17.10.2020 14:49:57",
            "turn-index":15,
            "utterance":"あきらめない精神が大事だよ。"
        },
        {
            "speaker":"S",
            "time":"17.10.2020 14:49:59",
            "turn-index":16,
            "utterance":"うーん。何とかできないかいろいろ調整してみますけど、多分きついっすよ？"
        },
        {
            "speaker":"U",
            "time":"17.10.2020 14:50:17",
            "turn-index":17,
            "utterance":"やる前からあきらめてたらどうしようもないよ。"
        },
        {
            "speaker":"S",
            "time":"17.10.2020 14:50:18",
            "turn-index":18,
            "utterance":"困りますね。なんとか僕以外の人に頼んでいただきたいです。"
        },
        {
            "speaker":"U",
            "time":"17.10.2020 14:50:40",
            "turn-index":19,
            "utterance":"何か君に頼んでたことあったかな。"
        },
        {
            "speaker":"S",
            "time":"17.10.2020 14:50:41",
            "turn-index":20,
            "utterance":"大丈夫ですよ。鈴木君は本当にこういうの上手いんで。よかったら先輩と鈴木君が会えるように連絡付けましょうか。"
        },
        {
            "speaker":"U",
            "time":"17.10.2020 14:51:00",
            "turn-index":21,
            "utterance":"何か困りごとがあったらそうするよ。"
        },
        {
            "speaker":"S",
            "time":"17.10.2020 14:51:01",
            "turn-index":22,
            "utterance":"繰り返しになりますが、それとこれとは話が別です。"
        },
        {
            "speaker":"U",
            "time":"17.10.2020 14:51:25",
            "turn-index":23,
            "utterance":"私にどうしてほしいのかな。"
        },
        {
            "speaker":"S",
            "time":"17.10.2020 14:51:26",
            "turn-index":24,
            "utterance":"僕に頼むなんて他に頼める人いないんですかあ"
        },
        {
            "speaker":"U",
            "time":"17.10.2020 14:51:43",
            "turn-index":25,
            "utterance":"私は自力で頑張るよ。"
        },
        {
            "speaker":"S",
            "time":"17.10.2020 14:51:45",
            "turn-index":26,
            "utterance":"すみません…どうしても…ちょっと…責任が重い仕事というのは…"
        },
        {
            "speaker":"U",
            "time":"17.10.2020 14:51:54",
            "turn-index":27,
            "utterance":"君には頼まない。"
        },
        {
            "speaker":"S",
            "time":"17.10.2020 14:51:55",
            "turn-index":28,
            "utterance":"そうなんですね、でも自分やりたくないのでさっき聞いた同窓会の内容は伝えておくので他の人にお願いできませんか？"
        },
        {
            "speaker":"U",
            "time":"17.10.2020 14:52:06",
            "turn-index":29,
            "utterance":"分かったよ。"
        },
        {
            "speaker":"S",
            "time":"17.10.2020 14:52:07",
            "turn-index":30,
            "utterance":"申し訳ないですが、別の方に頼んでみるのはいかがでしょうか？"
        }
    ]
}