{
    "dialogue-id":"V2R_48",
    "group-id":"",
    "speaker-id":"RiskyPolitenessBotVersion2",
    "turns":[
        {
            "speaker":"S",
            "time":"17.10.2020 14:08:38",
            "turn-index":0,
            "utterance":"はい、なんですか？"
        },
        {
            "speaker":"U",
            "time":"17.10.2020 14:14:18",
            "turn-index":1,
            "utterance":"同窓会のことなんだけど、幹事を引き受けてくれないかと思って"
        },
        {
            "speaker":"S",
            "time":"17.10.2020 14:14:20",
            "turn-index":2,
            "utterance":"あぁ、幹事ですか。僕なんかでいいんですかね..."
        },
        {
            "speaker":"U",
            "time":"17.10.2020 14:15:07",
            "turn-index":3,
            "utterance":"大丈夫だよ。むしろ適任だと思うし"
        },
        {
            "speaker":"S",
            "time":"17.10.2020 14:15:08",
            "turn-index":4,
            "utterance":"えーっと、それでもやっぱりちょっと…自信がないと言いますか何と言いますか…"
        },
        {
            "speaker":"U",
            "time":"17.10.2020 14:15:57",
            "turn-index":5,
            "utterance":"いつもそんなこと言ってるけど、結果上手くできてるし"
        },
        {
            "speaker":"S",
            "time":"17.10.2020 14:15:59",
            "turn-index":6,
            "utterance":"出来そうなことですか......思いつかないですね。先輩の行動力を見習いたいですが、僕には難しいみたいです。"
        },
        {
            "speaker":"U",
            "time":"17.10.2020 14:16:39",
            "turn-index":7,
            "utterance":"いやいや大丈夫だって、その日予定ないんでしょ？"
        },
        {
            "speaker":"S",
            "time":"17.10.2020 14:16:41",
            "turn-index":8,
            "utterance":"もう寝る準備しちゃって"
        },
        {
            "speaker":"U",
            "time":"17.10.2020 14:17:20",
            "turn-index":9,
            "utterance":"あらら、もうそんな時間かぁ、じゃあ引き受けてくれるってことで"
        },
        {
            "speaker":"S",
            "time":"17.10.2020 14:17:21",
            "turn-index":10,
            "utterance":"いくら信頼していただいても、幹事だけはいやです。"
        },
        {
            "speaker":"U",
            "time":"17.10.2020 14:18:21",
            "turn-index":11,
            "utterance":"えー嫌なの？まぁ今日はいきなり聞いたから仕方ないけど、ちょっと2～3日考えてみてよ"
        },
        {
            "speaker":"S",
            "time":"17.10.2020 14:18:23",
            "turn-index":12,
            "utterance":"はい確かに、今はそこまで忙しくはないのですが、やはり、いざ幹事をできるのかと考えると、どうしてもちょっと…その、先輩がそう言ってくださってることはわかっているのですが、ちょっと…アレなんです…"
        },
        {
            "speaker":"U",
            "time":"17.10.2020 14:18:50",
            "turn-index":13,
            "utterance":"アレって何？"
        },
        {
            "speaker":"S",
            "time":"17.10.2020 14:18:51",
            "turn-index":14,
            "utterance":"なんかうちの研究室、引継ぎ資料を超詳細に作らないといけないみたいで…"
        },
        {
            "speaker":"U",
            "time":"17.10.2020 14:19:05",
            "turn-index":15,
            "utterance":"うん、それで？"
        },
        {
            "speaker":"S",
            "time":"17.10.2020 14:19:06",
            "turn-index":16,
            "utterance":"繰り返しになりますが、それとこれとは話が別です。"
        },
        {
            "speaker":"U",
            "time":"17.10.2020 14:20:16",
            "turn-index":17,
            "utterance":"でもさ、歴代の幹事はそれをやってきたわけだし。。。あ、でも自分のやりたいように資料作り替えちゃってもいいと思うよ"
        },
        {
            "speaker":"S",
            "time":"17.10.2020 14:20:17",
            "turn-index":18,
            "utterance":"僕としては、久しぶりに先輩が取り持つ同窓会というか幹事を見てみたいんですが......"
        },
        {
            "speaker":"U",
            "time":"17.10.2020 14:21:35",
            "turn-index":19,
            "utterance":"え～？そう思う？俺適当だから誰も推薦してくれなかったし～。みんな清水君がいいってさ"
        },
        {
            "speaker":"S",
            "time":"17.10.2020 14:21:37",
            "turn-index":20,
            "utterance":"じゃあ、同窓会はなしですか......まぁ、言い出しっぺの先輩がそうならしょうがないですかね。あっ、いいこと思いつきました。先輩が幹事をやるのはどうですか？"
        },
        {
            "speaker":"U",
            "time":"17.10.2020 14:22:15",
            "turn-index":21,
            "utterance":"いいことじゃないって！みんな清水君がいいって言ってるよ"
        },
        {
            "speaker":"S",
            "time":"17.10.2020 14:22:18",
            "turn-index":22,
            "utterance":"こっちで話通しておきますよ。鈴木君は先輩のことわかると思いますし。絶対鈴木君の方が良いですし。"
        },
        {
            "speaker":"U",
            "time":"17.10.2020 14:22:56",
            "turn-index":23,
            "utterance":"うん、じゃあいっぺんみんなに聞いてみて。多分清水君がいいって言われるよ～"
        },
        {
            "speaker":"S",
            "time":"17.10.2020 14:22:57",
            "turn-index":24,
            "utterance":"いやぁ、先輩が主導してくれた方がいいですって！"
        },
        {
            "speaker":"U",
            "time":"17.10.2020 14:23:41",
            "turn-index":25,
            "utterance":"それはないわ！まぁ聞いてみなって"
        },
        {
            "speaker":"S",
            "time":"17.10.2020 14:23:42",
            "turn-index":26,
            "utterance":"ええ・・・"
        },
        {
            "speaker":"U",
            "time":"17.10.2020 14:24:37",
            "turn-index":27,
            "utterance":"多数決でもいいよ、清水君がいいって人が多かったら決定ね"
        },
        {
            "speaker":"S",
            "time":"17.10.2020 14:24:39",
            "turn-index":28,
            "utterance":"幹事は自分ひとりですか？"
        },
        {
            "speaker":"U",
            "time":"17.10.2020 14:25:14",
            "turn-index":29,
            "utterance":"一応ひとりだけど"
        },
        {
            "speaker":"S",
            "time":"17.10.2020 14:25:16",
            "turn-index":30,
            "utterance":"先輩の目にはそのように映っておられたのでしょうか？"
        }
    ]
}