{
    "dialogue-id":"V2R_34",
    "group-id":"",
    "speaker-id":"RiskyPolitenessBotVersion2",
    "turns":[
        {
            "speaker":"S",
            "time":"17.10.2020 13:54:33",
            "turn-index":0,
            "utterance":"はい、なんですか？"
        },
        {
            "speaker":"U",
            "time":"17.10.2020 13:55:32",
            "turn-index":1,
            "utterance":"今度同窓会やるんだけど、幹事やってくれないかな？"
        },
        {
            "speaker":"S",
            "time":"17.10.2020 13:55:33",
            "turn-index":2,
            "utterance":"あぁ、幹事ですか。僕なんかでいいんですかね..."
        },
        {
            "speaker":"U",
            "time":"17.10.2020 13:56:10",
            "turn-index":3,
            "utterance":"もちろん！やってくれたらすごく助かるんだけど、いいかな？"
        },
        {
            "speaker":"S",
            "time":"17.10.2020 13:56:12",
            "turn-index":4,
            "utterance":"俺よりもっと頼れるやつがいるじゃないですか"
        },
        {
            "speaker":"U",
            "time":"17.10.2020 13:56:56",
            "turn-index":5,
            "utterance":"なかなか他に頼める人がいなくてさ、手伝ってくれたらうれしいよ。"
        },
        {
            "speaker":"S",
            "time":"17.10.2020 13:56:57",
            "turn-index":6,
            "utterance":"僕だと参加する人に迷惑かけるかもしれません。たぶん、他の人の方に任せた方が良いと思います。"
        },
        {
            "speaker":"U",
            "time":"17.10.2020 13:57:48",
            "turn-index":7,
            "utterance":"そんなことないよ、僕的には君が一番適任だと思ったからお願いしたんだよ。"
        },
        {
            "speaker":"S",
            "time":"17.10.2020 13:57:50",
            "turn-index":8,
            "utterance":"こっちで話通しておきますよ。鈴木君は先輩のことわかると思いますし。絶対鈴木君の方が良いですし。"
        },
        {
            "speaker":"U",
            "time":"17.10.2020 13:58:53",
            "turn-index":9,
            "utterance":"鈴木君のことは僕はあまり知らないからなぁ。君の方がいろいろと連絡つきやすいと思うんだ。"
        },
        {
            "speaker":"S",
            "time":"17.10.2020 13:58:55",
            "turn-index":10,
            "utterance":"僕はできないですね。ほかの人は分からないですが、先輩から声を掛ければみんな喜ぶんじゃないですか？"
        },
        {
            "speaker":"U",
            "time":"17.10.2020 13:59:15",
            "turn-index":11,
            "utterance":"そうか。何かできない理由があるの？"
        },
        {
            "speaker":"S",
            "time":"17.10.2020 13:59:16",
            "turn-index":12,
            "utterance":"うーん。何とかできないかいろいろ調整してみますけど、多分きついっすよ？"
        },
        {
            "speaker":"U",
            "time":"17.10.2020 13:59:49",
            "turn-index":13,
            "utterance":"忙しそうだね。もちろん無理のない範囲で大丈夫だよ。"
        },
        {
            "speaker":"S",
            "time":"17.10.2020 13:59:50",
            "turn-index":14,
            "utterance":"なるほど…じゃあそんなに時間がかからないんだったら先輩はできないんですか？"
        },
        {
            "speaker":"U",
            "time":"17.10.2020 14:00:37",
            "turn-index":15,
            "utterance":"こちらもサポートはするけど仕事もあるからちょっと難しくてね。"
        },
        {
            "speaker":"S",
            "time":"17.10.2020 14:00:38",
            "turn-index":16,
            "utterance":"すみません…どうしても…ちょっと…責任が重い仕事というのは…"
        },
        {
            "speaker":"U",
            "time":"17.10.2020 14:01:12",
            "turn-index":17,
            "utterance":"そんなに責任を背負う必要はないよ、気楽に受けてくれればと思ったんだ。"
        },
        {
            "speaker":"S",
            "time":"17.10.2020 14:01:13",
            "turn-index":18,
            "utterance":"えー笑先輩は僕に何を期待しているんですか？笑"
        },
        {
            "speaker":"U",
            "time":"17.10.2020 14:01:45",
            "turn-index":19,
            "utterance":"いや、ただみんなが楽しく同窓会できればと思ってるだけで。"
        },
        {
            "speaker":"S",
            "time":"17.10.2020 14:01:46",
            "turn-index":20,
            "utterance":"同期だけならいいですけど、OBOGの方や3年生と僕はそこまで親しくはないので..."
        },
        {
            "speaker":"U",
            "time":"17.10.2020 14:02:18",
            "turn-index":21,
            "utterance":"OBOGの連絡なら僕も協力はするよもちろん。"
        },
        {
            "speaker":"S",
            "time":"17.10.2020 14:02:20",
            "turn-index":22,
            "utterance":"でしたら代表に幹事やってもらいましょうよ。僕より効率良いと思います。"
        },
        {
            "speaker":"U",
            "time":"17.10.2020 14:02:50",
            "turn-index":23,
            "utterance":"そうしたいところなんだけど、今はできないみたいなんだ。忙しそうで。"
        },
        {
            "speaker":"S",
            "time":"17.10.2020 14:02:52",
            "turn-index":24,
            "utterance":"でもせっかくなら良いお店行きたくないですか？いつものじゃなくて先輩のおススメとかあれば行ってみたいです！"
        },
        {
            "speaker":"U",
            "time":"17.10.2020 14:03:23",
            "turn-index":25,
            "utterance":"お店なら色々おすすめあるからもちろん情報提供はするよ。引き受けてくれるなら。"
        },
        {
            "speaker":"S",
            "time":"17.10.2020 14:03:24",
            "turn-index":26,
            "utterance":"いやでも、もっと仕事をスムーズにこなせる人に頼むべきですよ。"
        },
        {
            "speaker":"U",
            "time":"17.10.2020 14:04:01",
            "turn-index":27,
            "utterance":"君なら昔から連絡も早くてスムーズにこなせると思ったから頼んでるんだよ。"
        },
        {
            "speaker":"S",
            "time":"17.10.2020 14:04:02",
            "turn-index":28,
            "utterance":"ちょっと、僕には難しいです。同じ4年で同サークルの鈴木君なら任せられると思います。"
        },
        {
            "speaker":"U",
            "time":"17.10.2020 14:04:57",
            "turn-index":29,
            "utterance":"鈴木君にも協力して一緒にやってもらうのはどうかな？"
        },
        {
            "speaker":"S",
            "time":"17.10.2020 14:04:58",
            "turn-index":30,
            "utterance":"同じサークルなので先輩も会ったことあると思います。鈴木君は飲み会とかよくしているので幹事向いてますよ。"
        }
    ]
}