{
    "dialogue-id":"V2R_32",
    "group-id":"",
    "speaker-id":"RiskyPolitenessBotVersion2",
    "turns":[
        {
            "speaker":"S",
            "time":"17.10.2020 13:49:33",
            "turn-index":0,
            "utterance":"はい、なんですか？"
        },
        {
            "speaker":"U",
            "time":"17.10.2020 13:52:16",
            "turn-index":1,
            "utterance":"清水はそろそろ卒業の時期だったよな"
        },
        {
            "speaker":"S",
            "time":"17.10.2020 13:52:18",
            "turn-index":2,
            "utterance":"確か、今年のサークルの同期は10人くらいですねー。"
        },
        {
            "speaker":"U",
            "time":"17.10.2020 13:53:20",
            "turn-index":3,
            "utterance":"そうなんだ、俺達の頃とあまり変わらないな"
        },
        {
            "speaker":"S",
            "time":"17.10.2020 13:53:21",
            "turn-index":4,
            "utterance":"いえ...繰り返すようで大変恐縮ですが、やはり僕では力不足だと思います。"
        },
        {
            "speaker":"U",
            "time":"17.10.2020 13:53:55",
            "turn-index":5,
            "utterance":"まだ何も頼んでないけど…実は清水に同窓会の幹事役をお願いしようと思ってたんだ"
        },
        {
            "speaker":"S",
            "time":"17.10.2020 13:53:56",
            "turn-index":6,
            "utterance":"先輩からの依頼はうれしいのですが、遠慮させてください。"
        },
        {
            "speaker":"U",
            "time":"17.10.2020 13:54:55",
            "turn-index":7,
            "utterance":"清水は一番信頼のおける後輩だからさ、頼むならやっぱり清水しかいないかなって"
        },
        {
            "speaker":"S",
            "time":"17.10.2020 13:54:57",
            "turn-index":8,
            "utterance":"いやー、先輩は僕のことを買い被りすぎじゃないですかね。こういう言い方もなんですが、もっと僕のことを見てると思っていました。。"
        },
        {
            "speaker":"U",
            "time":"17.10.2020 13:55:24",
            "turn-index":9,
            "utterance":"またまたそんな謙遜を、お前以上の後輩なんて誰もいないよ"
        },
        {
            "speaker":"S",
            "time":"17.10.2020 13:55:25",
            "turn-index":10,
            "utterance":"お言葉を返すようで恐縮ですが、でしたら先輩が幹事をやられてはいかがでしょうか？"
        },
        {
            "speaker":"U",
            "time":"17.10.2020 13:56:43",
            "turn-index":11,
            "utterance":"そうしたいのは山々なんだけど、殆ど連絡先も分からないくらいなんだよ"
        },
        {
            "speaker":"S",
            "time":"17.10.2020 13:56:45",
            "turn-index":12,
            "utterance":"あまり時間なくて同窓会に参加できるかもわからないです。"
        },
        {
            "speaker":"U",
            "time":"17.10.2020 13:57:22",
            "turn-index":13,
            "utterance":"それでも久しぶりに皆で楽しみたいんだ、頼むよ"
        },
        {
            "speaker":"S",
            "time":"17.10.2020 13:57:23",
            "turn-index":14,
            "utterance":"申し訳ないですが、別の方に頼んでみるのはいかがでしょうか？"
        },
        {
            "speaker":"U",
            "time":"17.10.2020 13:57:47",
            "turn-index":15,
            "utterance":"清水以上の適任はいないんだって"
        },
        {
            "speaker":"S",
            "time":"17.10.2020 13:57:49",
            "turn-index":16,
            "utterance":"僕は日陰の存在ですよ...先輩の輝きには到底かないません..."
        },
        {
            "speaker":"U",
            "time":"17.10.2020 13:58:26",
            "turn-index":17,
            "utterance":"嬉しい事を言ってくれるね、でもそれなら今ここで頑張って目立ってみるのもいいんじゃない？"
        },
        {
            "speaker":"S",
            "time":"17.10.2020 13:58:27",
            "turn-index":18,
            "utterance":"そうですかね？先輩を慕っているって言った後輩もいましたよ！先輩を知ってる後輩までなら先輩がやった方がいいんじゃないですか？"
        },
        {
            "speaker":"U",
            "time":"17.10.2020 13:59:06",
            "turn-index":19,
            "utterance":"逆に清水から誘ってもらった方が嬉しい奴らも沢山いるんだよ、それくらいお前は皆に好かれてたんだ"
        },
        {
            "speaker":"S",
            "time":"17.10.2020 13:59:07",
            "turn-index":20,
            "utterance":"僕だと参加する人に迷惑かけるかもしれません。たぶん、他の人の方に任せた方が良いと思います。"
        },
        {
            "speaker":"U",
            "time":"17.10.2020 13:59:40",
            "turn-index":21,
            "utterance":"清水の感じなら皆快く参加してくれるって、そこは俺は保証がするよ"
        },
        {
            "speaker":"S",
            "time":"17.10.2020 13:59:41",
            "turn-index":22,
            "utterance":"あーでも同窓会って盛り上げるイベントとかってだいたいやりません？それ含めると無理っすよ。"
        },
        {
            "speaker":"U",
            "time":"17.10.2020 14:00:38",
            "turn-index":23,
            "utterance":"今のノリに詳しいのは年上の俺達よりも、若い清水たちの方だと思うから大丈夫さ"
        },
        {
            "speaker":"S",
            "time":"17.10.2020 14:00:40",
            "turn-index":24,
            "utterance":"それこそ先輩を慕っていたメンバーがサークルには多いので、先輩がメンバーとか集めた方が楽しくなるんじゃないですか？"
        },
        {
            "speaker":"U",
            "time":"17.10.2020 14:01:38",
            "turn-index":25,
            "utterance":"それが皆けっこう清水の事を気に入ってたらしくて、清水ともっと話たがってるんだよ"
        },
        {
            "speaker":"S",
            "time":"17.10.2020 14:01:40",
            "turn-index":26,
            "utterance":"いやー先輩にそこまで言われるとすっごいうれしいんですけど、ちょっとご期待には添えないっすね…申し訳ないっす。"
        },
        {
            "speaker":"U",
            "time":"17.10.2020 14:02:11",
            "turn-index":27,
            "utterance":"清水が幹事になってくれると俺も皆も嬉しいからさ、どうか頼むよ"
        },
        {
            "speaker":"S",
            "time":"17.10.2020 14:02:13",
            "turn-index":28,
            "utterance":"同期に声かけるのは別に幹事じゃなくても全然やりますけど、なんで僕が幹事やるのがいいんです？それがわからなくって。"
        },
        {
            "speaker":"U",
            "time":"17.10.2020 14:02:45",
            "turn-index":29,
            "utterance":"清水には皆が協力しようって気になる人当たりの良さがあるからさ"
        },
        {
            "speaker":"S",
            "time":"17.10.2020 14:02:47",
            "turn-index":30,
            "utterance":"いやぁ、先輩が主導してくれた方がいいですって！"
        }
    ]
}