{
    "dialogue-id":"V2R_02",
    "group-id":"",
    "speaker-id":"RiskyPolitenessBotVersion2",
    "turns":[
        {
            "speaker":"S",
            "time":"17.10.2020 15:40:14",
            "turn-index":0,
            "utterance":"はい、なんですか？"
        },
        {
            "speaker":"U",
            "time":"17.10.2020 15:40:26",
            "turn-index":1,
            "utterance":"幹事の件、聞いた？"
        },
        {
            "speaker":"S",
            "time":"17.10.2020 15:40:27",
            "turn-index":2,
            "utterance":"大変申し訳ないですが、今回はご遠慮させていただけると幸いです。"
        },
        {
            "speaker":"U",
            "time":"17.10.2020 15:40:38",
            "turn-index":3,
            "utterance":"いや、そこをなんとかさ。"
        },
        {
            "speaker":"S",
            "time":"17.10.2020 15:40:39",
            "turn-index":4,
            "utterance":"うーん。何とかできないかいろいろ調整してみますけど、多分きついっすよ？"
        },
        {
            "speaker":"U",
            "time":"17.10.2020 15:41:00",
            "turn-index":5,
            "utterance":"どんな感じでキツイんだ？"
        },
        {
            "speaker":"S",
            "time":"17.10.2020 15:41:01",
            "turn-index":6,
            "utterance":"僕の記憶の限りだとそのようなことは一切ございません。誰かと勘違いされておられませんか？"
        },
        {
            "speaker":"U",
            "time":"17.10.2020 15:41:18",
            "turn-index":7,
            "utterance":"お前、清水だよな？"
        },
        {
            "speaker":"S",
            "time":"17.10.2020 15:41:19",
            "turn-index":8,
            "utterance":"修造キャラ暑苦しいのでやめていただけますか…？"
        },
        {
            "speaker":"U",
            "time":"17.10.2020 15:41:35",
            "turn-index":9,
            "utterance":"修造って誰よ。"
        },
        {
            "speaker":"S",
            "time":"17.10.2020 15:41:36",
            "turn-index":10,
            "utterance":"先輩と同期の佐藤先輩の方が頼れますよ。"
        },
        {
            "speaker":"U",
            "time":"17.10.2020 15:41:58",
            "turn-index":11,
            "utterance":"今回は清水にお願いしようって話になってるんだが。"
        },
        {
            "speaker":"S",
            "time":"17.10.2020 15:42:00",
            "turn-index":12,
            "utterance":"頼みます。他の人にお願いしてください。"
        },
        {
            "speaker":"U",
            "time":"17.10.2020 15:42:28",
            "turn-index":13,
            "utterance":"幹事ができない理由ってなんだ？"
        },
        {
            "speaker":"S",
            "time":"17.10.2020 15:42:29",
            "turn-index":14,
            "utterance":"そしたら鈴木君がやってくれるとか言ってるのでそちらにメールしてください"
        },
        {
            "speaker":"U",
            "time":"17.10.2020 15:42:55",
            "turn-index":15,
            "utterance":"鈴木はできないって報告きたぞ。"
        },
        {
            "speaker":"S",
            "time":"17.10.2020 15:42:57",
            "turn-index":16,
            "utterance":"こっちで話通しておきますよ。鈴木君は先輩のことわかると思いますし。絶対鈴木君の方が良いですし。"
        },
        {
            "speaker":"U",
            "time":"17.10.2020 15:43:14",
            "turn-index":17,
            "utterance":"俺は清水に頼んでるんだがなぁ。"
        },
        {
            "speaker":"S",
            "time":"17.10.2020 15:43:16",
            "turn-index":18,
            "utterance":"そうですか...他に適任がいるならそちらに任せた方が良いかと思いますが..."
        },
        {
            "speaker":"U",
            "time":"17.10.2020 15:43:31",
            "turn-index":19,
            "utterance":"清水が適任だろう？"
        },
        {
            "speaker":"S",
            "time":"17.10.2020 15:43:32",
            "turn-index":20,
            "utterance":"そうっすかねー？個人的には鈴木君の方がいい気がするんすけど…僕がいい理由とかってあるんですか？"
        },
        {
            "speaker":"U",
            "time":"17.10.2020 15:43:55",
            "turn-index":21,
            "utterance":"俺が適任だと思うだけじゃダメか？"
        },
        {
            "speaker":"S",
            "time":"17.10.2020 15:43:56",
            "turn-index":22,
            "utterance":"そのように評価してくださることは大変光栄なのですが、やはり僕には向いてないと思います"
        },
        {
            "speaker":"U",
            "time":"17.10.2020 15:44:05",
            "turn-index":23,
            "utterance":"向いてるよ。"
        },
        {
            "speaker":"S",
            "time":"17.10.2020 15:44:06",
            "turn-index":24,
            "utterance":"いやいや、先輩が幹事をやってほうがみんな喜んで集まりますよ！"
        },
        {
            "speaker":"U",
            "time":"17.10.2020 15:44:32",
            "turn-index":25,
            "utterance":"清水、今年の幹事、頼むぞ。"
        },
        {
            "speaker":"S",
            "time":"17.10.2020 15:44:33",
            "turn-index":26,
            "utterance":"暇ですが幹事は荷が重すぎます"
        },
        {
            "speaker":"U",
            "time":"17.10.2020 15:44:49",
            "turn-index":27,
            "utterance":"店を決めるだけの役だと思えって。"
        },
        {
            "speaker":"S",
            "time":"17.10.2020 15:44:51",
            "turn-index":28,
            "utterance":"お店...サークルのみんなと良く行っていたお店とかしか思いつかないですが..."
        },
        {
            "speaker":"U",
            "time":"17.10.2020 15:45:03",
            "turn-index":29,
            "utterance":"全然、そこでいいよ。"
        },
        {
            "speaker":"S",
            "time":"17.10.2020 15:45:04",
            "turn-index":30,
            "utterance":"先輩ならもっと良いお店知ってるんじゃないですか？"
        }
    ]
}