{
    "dialogue-id":"V2R_43",
    "group-id":"",
    "speaker-id":"RiskyPolitenessBotVersion2",
    "turns":[
        {
            "speaker":"S",
            "time":"17.10.2020 14:25:49",
            "turn-index":0,
            "utterance":"はい、なんですか？"
        },
        {
            "speaker":"U",
            "time":"17.10.2020 14:26:04",
            "turn-index":1,
            "utterance":"最近、元気にしてる？"
        },
        {
            "speaker":"S",
            "time":"17.10.2020 14:26:05",
            "turn-index":2,
            "utterance":"愛され…？？？？？？？？？？は？？？？？？？？？？？？？？？？(理解不能)"
        },
        {
            "speaker":"U",
            "time":"17.10.2020 14:27:55",
            "turn-index":3,
            "utterance":"もうすぐ卒業だし、今は暇でしょ？"
        },
        {
            "speaker":"S",
            "time":"17.10.2020 14:27:56",
            "turn-index":4,
            "utterance":"あーでも同窓会って盛り上げるイベントとかってだいたいやりません？それ含めると無理っすよ。"
        },
        {
            "speaker":"U",
            "time":"17.10.2020 14:29:18",
            "turn-index":5,
            "utterance":"一人でやる必要はないよ"
        },
        {
            "speaker":"S",
            "time":"17.10.2020 14:29:19",
            "turn-index":6,
            "utterance":"たしかに、社会に出たら役に立つ経験になるとは思うのですが、さすがに、今幹事をやるというのは、若干ですが何とも言えない気がしなくもないと言いますか…"
        },
        {
            "speaker":"U",
            "time":"17.10.2020 14:29:43",
            "turn-index":7,
            "utterance":"そうだよ、社会人になっても役に立つよ"
        },
        {
            "speaker":"S",
            "time":"17.10.2020 14:29:45",
            "turn-index":8,
            "utterance":"いえ、そういったことは社会に出てからで十分です。"
        },
        {
            "speaker":"U",
            "time":"17.10.2020 14:30:15",
            "turn-index":9,
            "utterance":"でもこれは卒業生の役割だよ"
        },
        {
            "speaker":"S",
            "time":"17.10.2020 14:30:16",
            "turn-index":10,
            "utterance":"いや、そこは盛り上げ上手の先輩にお任せしたいです！"
        },
        {
            "speaker":"U",
            "time":"17.10.2020 14:30:35",
            "turn-index":11,
            "utterance":"協力できることはするけど"
        },
        {
            "speaker":"S",
            "time":"17.10.2020 14:30:36",
            "turn-index":12,
            "utterance":"先輩には申し訳ありませんが、僕以外にも頼れる人はいますよ。"
        },
        {
            "speaker":"U",
            "time":"17.10.2020 14:30:55",
            "turn-index":13,
            "utterance":"君から頼めばいい"
        },
        {
            "speaker":"S",
            "time":"17.10.2020 14:30:56",
            "turn-index":14,
            "utterance":"こっちで話通しておきますよ。鈴木君は先輩のことわかると思いますし。絶対鈴木君の方が良いですし。"
        },
        {
            "speaker":"U",
            "time":"17.10.2020 14:31:20",
            "turn-index":15,
            "utterance":"じゃ君と鈴木で相談して"
        },
        {
            "speaker":"S",
            "time":"17.10.2020 14:31:21",
            "turn-index":16,
            "utterance":"僕はちょっと難しいです。鈴木君と会うのはだめですかね。"
        },
        {
            "speaker":"U",
            "time":"17.10.2020 14:32:10",
            "turn-index":17,
            "utterance":"卒業生として責任持ってやってほしい"
        },
        {
            "speaker":"S",
            "time":"17.10.2020 14:32:11",
            "turn-index":18,
            "utterance":"僕の方こそ、社会人になってより成長した先輩をみたいです！"
        },
        {
            "speaker":"U",
            "time":"17.10.2020 14:32:33",
            "turn-index":19,
            "utterance":"同窓会でみんなで盛り上がろうよ"
        },
        {
            "speaker":"S",
            "time":"17.10.2020 14:32:34",
            "turn-index":20,
            "utterance":"同期だけならいいですけど、OBOGの方や3年生と僕はそこまで親しくはないので..."
        },
        {
            "speaker":"U",
            "time":"17.10.2020 14:32:59",
            "turn-index":21,
            "utterance":"同じサークルの仲間なんだから大丈夫だよ"
        },
        {
            "speaker":"S",
            "time":"17.10.2020 14:33:00",
            "turn-index":22,
            "utterance":"ちなみに先輩はどんな規模の同窓会を考えてますか？"
        },
        {
            "speaker":"U",
            "time":"17.10.2020 14:33:43",
            "turn-index":23,
            "utterance":"集まれるのはせいぜい５０人くらいだと思うよ"
        },
        {
            "speaker":"S",
            "time":"17.10.2020 14:33:44",
            "turn-index":24,
            "utterance":"ちょっと人数把握が大変そうですね..."
        },
        {
            "speaker":"U",
            "time":"17.10.2020 14:34:11",
            "turn-index":25,
            "utterance":"去年もそのくらいだから、あまり変わらないと思うよ"
        },
        {
            "speaker":"S",
            "time":"17.10.2020 14:34:12",
            "turn-index":26,
            "utterance":"かと言って今やったところで苦労の度合いは変わらない気がします。だから勘弁してください。"
        },
        {
            "speaker":"U",
            "time":"17.10.2020 14:34:33",
            "turn-index":27,
            "utterance":"誰かがやらなくちゃいけないんだから頼むよ"
        },
        {
            "speaker":"S",
            "time":"17.10.2020 14:34:34",
            "turn-index":28,
            "utterance":"そこまで僕を推してもらっているので断るのは若干心苦しいですが、やはりさすがに、幹事はちょっと…"
        },
        {
            "speaker":"U",
            "time":"17.10.2020 14:35:04",
            "turn-index":29,
            "utterance":"なんとか頼むよ"
        },
        {
            "speaker":"S",
            "time":"17.10.2020 14:35:06",
            "turn-index":30,
            "utterance":"ほかにも優秀な方がいらっしゃると思うのでそちらにお願いしてもらえませんか"
        }
    ]
}