{
    "dialogue-id":"V2R_18",
    "group-id":"",
    "speaker-id":"RiskyPolitenessBotVersion2",
    "turns":[
        {
            "speaker":"S",
            "time":"17.10.2020 14:06:10",
            "turn-index":0,
            "utterance":"はい、なんですか？"
        },
        {
            "speaker":"U",
            "time":"17.10.2020 14:07:10",
            "turn-index":1,
            "utterance":"同窓会の件でね"
        },
        {
            "speaker":"S",
            "time":"17.10.2020 14:07:11",
            "turn-index":2,
            "utterance":"え…汗。先輩、僕なんかができるとお思いなんですか…？"
        },
        {
            "speaker":"U",
            "time":"17.10.2020 14:07:35",
            "turn-index":3,
            "utterance":"君はしっかりしてるから最適だと思ってね"
        },
        {
            "speaker":"S",
            "time":"17.10.2020 14:07:38",
            "turn-index":4,
            "utterance":"そんな...先輩は僕をそのように評価してくださっているんですね...///"
        },
        {
            "speaker":"U",
            "time":"17.10.2020 14:08:21",
            "turn-index":5,
            "utterance":"あたりまえじゃん　ってことで感じをお願いできるかな？"
        },
        {
            "speaker":"S",
            "time":"17.10.2020 14:08:23",
            "turn-index":6,
            "utterance":"僕はできないですね。ほかの人は分からないですが、先輩から声を掛ければみんな喜ぶんじゃないですか？"
        },
        {
            "speaker":"U",
            "time":"17.10.2020 14:08:27",
            "turn-index":7,
            "utterance":"幹事だ"
        },
        {
            "speaker":"S",
            "time":"17.10.2020 14:08:28",
            "turn-index":8,
            "utterance":"幹事は自分ひとりですか？"
        },
        {
            "speaker":"U",
            "time":"17.10.2020 14:08:54",
            "turn-index":9,
            "utterance":"誰か手伝ってくれる人がいそうなら一緒にやっていいよ"
        },
        {
            "speaker":"S",
            "time":"17.10.2020 14:08:55",
            "turn-index":10,
            "utterance":"困りますね。なんとか僕以外の人に頼んでいただきたいです。"
        },
        {
            "speaker":"U",
            "time":"17.10.2020 14:09:14",
            "turn-index":11,
            "utterance":"なんで？"
        },
        {
            "speaker":"S",
            "time":"17.10.2020 14:09:15",
            "turn-index":12,
            "utterance":"本当にごめんなさい…ちょっと…"
        },
        {
            "speaker":"U",
            "time":"17.10.2020 14:09:24",
            "turn-index":13,
            "utterance":"だから、なんで？"
        },
        {
            "speaker":"S",
            "time":"17.10.2020 14:09:26",
            "turn-index":14,
            "utterance":"あ、もしかして僕以外に連絡とれないんですか"
        },
        {
            "speaker":"U",
            "time":"17.10.2020 14:10:18",
            "turn-index":15,
            "utterance":"いやいや、君が一番いいかなと思って"
        },
        {
            "speaker":"S",
            "time":"17.10.2020 14:10:19",
            "turn-index":16,
            "utterance":"こっちで話通しておきますよ。鈴木君は先輩のことわかると思いますし。絶対鈴木君の方が良いですし。"
        },
        {
            "speaker":"U",
            "time":"17.10.2020 14:10:41",
            "turn-index":17,
            "utterance":"あいつは信用できないからなー"
        },
        {
            "speaker":"S",
            "time":"17.10.2020 14:10:42",
            "turn-index":18,
            "utterance":"いくら信頼していただいても、幹事だけはいやです。"
        },
        {
            "speaker":"U",
            "time":"17.10.2020 14:10:58",
            "turn-index":19,
            "utterance":"なんか用事でもあるの？"
        },
        {
            "speaker":"S",
            "time":"17.10.2020 14:10:59",
            "turn-index":20,
            "utterance":"理由があるわけではないですけど、正直に言うと面倒です。"
        },
        {
            "speaker":"U",
            "time":"17.10.2020 14:11:41",
            "turn-index":21,
            "utterance":"面倒って理由はちょっといかんな"
        },
        {
            "speaker":"S",
            "time":"17.10.2020 14:11:42",
            "turn-index":22,
            "utterance":"先輩には本当に感謝してます…でも、それはちょっと…"
        },
        {
            "speaker":"U",
            "time":"17.10.2020 14:12:23",
            "turn-index":23,
            "utterance":"いやいや、面倒って理由なら他の先輩も納得しないと思うよ"
        },
        {
            "speaker":"S",
            "time":"17.10.2020 14:12:24",
            "turn-index":24,
            "utterance":"いやー、先輩は僕のことを買い被りすぎじゃないですかね。こういう言い方もなんですが、もっと僕のことを見てると思っていました。。"
        },
        {
            "speaker":"U",
            "time":"17.10.2020 14:13:12",
            "turn-index":25,
            "utterance":"じゃ、他にやってくれそうな人を探してくれるかな？"
        },
        {
            "speaker":"S",
            "time":"17.10.2020 14:13:13",
            "turn-index":26,
            "utterance":"僕だと参加する人に迷惑かけるかもしれません。たぶん、他の人の方に任せた方が良いと思います。"
        },
        {
            "speaker":"U",
            "time":"17.10.2020 14:13:29",
            "turn-index":27,
            "utterance":"誰かいる？"
        },
        {
            "speaker":"S",
            "time":"17.10.2020 14:13:30",
            "turn-index":28,
            "utterance":"自分で決めていいのですか？"
        },
        {
            "speaker":"U",
            "time":"17.10.2020 14:13:47",
            "turn-index":29,
            "utterance":"一応誰がいるのか聞いとこうか"
        },
        {
            "speaker":"S",
            "time":"17.10.2020 14:13:48",
            "turn-index":30,
            "utterance":"ここは先輩がビシッと幹事を務めてはいかがでしょうか？"
        }
    ]
}