{
    "dialogue-id":"V2R_30",
    "group-id":"",
    "speaker-id":"RiskyPolitenessBotVersion2",
    "turns":[
        {
            "speaker":"S",
            "time":"17.10.2020 16:17:18",
            "turn-index":0,
            "utterance":"はい、なんですか？"
        },
        {
            "speaker":"U",
            "time":"17.10.2020 16:17:41",
            "turn-index":1,
            "utterance":"今年の同窓会だけど"
        },
        {
            "speaker":"S",
            "time":"17.10.2020 16:17:42",
            "turn-index":2,
            "utterance":"それって同窓会盛り上がらなさそうだし無しって大丈夫ですかね？"
        },
        {
            "speaker":"U",
            "time":"17.10.2020 16:18:02",
            "turn-index":3,
            "utterance":"いやいや、そんなことないよ"
        },
        {
            "speaker":"S",
            "time":"17.10.2020 16:18:03",
            "turn-index":4,
            "utterance":"いやあ、でも僕はやりたくないですねえ"
        },
        {
            "speaker":"U",
            "time":"17.10.2020 16:18:18",
            "turn-index":5,
            "utterance":"君しかいないんだ"
        },
        {
            "speaker":"S",
            "time":"17.10.2020 16:18:19",
            "turn-index":6,
            "utterance":"鈴木君の方か良いですよ。とりあえず鈴木君と一回会ってみたらどうですか。"
        },
        {
            "speaker":"U",
            "time":"17.10.2020 16:19:03",
            "turn-index":7,
            "utterance":"清水君の方が適任だよ"
        },
        {
            "speaker":"S",
            "time":"17.10.2020 16:19:04",
            "turn-index":8,
            "utterance":"大丈夫ですよ。鈴木君は本当にこういうの上手いんで。よかったら先輩と鈴木君が会えるように連絡付けましょうか。"
        },
        {
            "speaker":"U",
            "time":"17.10.2020 16:19:28",
            "turn-index":9,
            "utterance":"僕は君にお願いしているんだよ"
        },
        {
            "speaker":"S",
            "time":"17.10.2020 16:19:29",
            "turn-index":10,
            "utterance":"一生のお願いはもっと大事な場面にとっておいておくことをお勧めいたします"
        },
        {
            "speaker":"U",
            "time":"17.10.2020 16:19:51",
            "turn-index":11,
            "utterance":"そんな頭ごなしに断らないでくれよ"
        },
        {
            "speaker":"S",
            "time":"17.10.2020 16:19:52",
            "turn-index":12,
            "utterance":"まだ諦めるには早いと思われます。僕の同級生の鈴木君なら強引にお願いすることで幹事を任せられるのでは？"
        },
        {
            "speaker":"U",
            "time":"17.10.2020 16:20:33",
            "turn-index":13,
            "utterance":"少し考えてみてくれないかな"
        },
        {
            "speaker":"S",
            "time":"17.10.2020 16:20:35",
            "turn-index":14,
            "utterance":"いやぁ、先輩が主導してくれた方がいいですって！"
        },
        {
            "speaker":"U",
            "time":"17.10.2020 16:20:52",
            "turn-index":15,
            "utterance":"僕もサポートするからさ"
        },
        {
            "speaker":"S",
            "time":"17.10.2020 16:20:53",
            "turn-index":16,
            "utterance":"厳しいっすね…僕以外にできそうな人誰かいないんすか？"
        },
        {
            "speaker":"U",
            "time":"17.10.2020 16:21:11",
            "turn-index":17,
            "utterance":"清水君にしてもらえると助かるんだ"
        },
        {
            "speaker":"S",
            "time":"17.10.2020 16:21:12",
            "turn-index":18,
            "utterance":"こっちで話通しておきますよ。鈴木君は先輩のことわかると思いますし。絶対鈴木君の方が良いですし。"
        },
        {
            "speaker":"U",
            "time":"17.10.2020 16:22:06",
            "turn-index":19,
            "utterance":"まだ時間あるから、考えてみて"
        },
        {
            "speaker":"S",
            "time":"17.10.2020 16:22:07",
            "turn-index":20,
            "utterance":"まあ確かに直前までってわけじゃないっすけど、その時期になってくると就職前の準備が忙しくなるんで…"
        },
        {
            "speaker":"U",
            "time":"17.10.2020 16:22:55",
            "turn-index":21,
            "utterance":"サークルの為にも少し考えてくれよ"
        },
        {
            "speaker":"S",
            "time":"17.10.2020 16:22:56",
            "turn-index":22,
            "utterance":"自分で決めていいのですか？"
        },
        {
            "speaker":"U",
            "time":"17.10.2020 16:24:02",
            "turn-index":23,
            "utterance":"何を？"
        },
        {
            "speaker":"S",
            "time":"17.10.2020 16:24:03",
            "turn-index":24,
            "utterance":"理由があるわけではないですけど、正直に言うと面倒です。"
        },
        {
            "speaker":"U",
            "time":"17.10.2020 16:24:41",
            "turn-index":25,
            "utterance":"皆そうだけど、良い経験になると思うよ"
        },
        {
            "speaker":"S",
            "time":"17.10.2020 16:24:43",
            "turn-index":26,
            "utterance":"幹事は不器用ながらすでに経験してますよ"
        },
        {
            "speaker":"U",
            "time":"17.10.2020 16:25:06",
            "turn-index":27,
            "utterance":"同窓会の幹事はまた違うんじゃないかな"
        },
        {
            "speaker":"S",
            "time":"17.10.2020 16:25:07",
            "turn-index":28,
            "utterance":"先輩からの依頼はうれしいのですが、遠慮させてください。"
        },
        {
            "speaker":"U",
            "time":"17.10.2020 16:25:32",
            "turn-index":29,
            "utterance":"少し考えてみてよ"
        },
        {
            "speaker":"S",
            "time":"17.10.2020 16:25:33",
            "turn-index":30,
            "utterance":"えーっと、それでもやっぱりちょっと…自信がないと言いますか何と言いますか…"
        }
    ]
}