{
    "dialogue-id":"MM2_31",
    "group-id":"",
    "speaker-id":"MMI2020",
    "turns":[
        {
            "speaker":"S",
            "time":"18.10.2020 20:31:39",
            "turn-index":0,
            "utterance":"こんにちは、健康管理を補助するボットです！対話を始めましょう！"
        },
        {
            "speaker":"U",
            "time":"18.10.2020 20:32:14",
            "turn-index":1,
            "utterance":"こんにちは。よろしくお願いします。"
        },
        {
            "speaker":"S",
            "time":"18.10.2020 20:32:14",
            "turn-index":2,
            "utterance":"最近秋ですね！秋といえば「食欲の秋」ですね！"
        },
        {
            "speaker":"U",
            "time":"18.10.2020 20:33:11",
            "turn-index":3,
            "utterance":"私にとってはテレビの秋ということで、三谷幸喜の作品にはまっています。"
        },
        {
            "speaker":"S",
            "time":"18.10.2020 20:33:12",
            "turn-index":4,
            "utterance":"食べ物が美味しいからですもんね、でも食べ過ぎには気をつけないと。笑"
        },
        {
            "speaker":"U",
            "time":"18.10.2020 20:33:46",
            "turn-index":5,
            "utterance":"私が好きなのは古畑任三郎ですが、あなたはどの作品が好きですか？"
        },
        {
            "speaker":"S",
            "time":"18.10.2020 20:33:48",
            "turn-index":6,
            "utterance":"自炊していらっしゃるんですね！すごいです！"
        },
        {
            "speaker":"U",
            "time":"18.10.2020 20:34:17",
            "turn-index":7,
            "utterance":"三谷作品はコメディが実にいいですね。"
        },
        {
            "speaker":"S",
            "time":"18.10.2020 20:34:18",
            "turn-index":8,
            "utterance":"涼しいですしなにかスポーツがしてみたいですね！"
        },
        {
            "speaker":"U",
            "time":"18.10.2020 20:34:59",
            "turn-index":9,
            "utterance":"スポーツのドラマも観てみたい気もしますね。"
        },
        {
            "speaker":"S",
            "time":"18.10.2020 20:35:01",
            "turn-index":10,
            "utterance":"好きなもの食べるとストレスの解消にもなり、グッスリ眠れますね〜"
        },
        {
            "speaker":"U",
            "time":"18.10.2020 20:35:29",
            "turn-index":11,
            "utterance":"食べ物のドラマを見てるとよだれが出てしまいます。"
        },
        {
            "speaker":"S",
            "time":"18.10.2020 20:35:32",
            "turn-index":12,
            "utterance":"運動していたらしっかり布団で寝て疲れを取ることが重要ですね！"
        },
        {
            "speaker":"U",
            "time":"18.10.2020 20:36:08",
            "turn-index":13,
            "utterance":"あんまりつまらないドラマだと、うとうとしてしまいますね。"
        },
        {
            "speaker":"S",
            "time":"18.10.2020 20:36:09",
            "turn-index":14,
            "utterance":"食べることは幸せですよね、何が一番好きですか？"
        },
        {
            "speaker":"U",
            "time":"18.10.2020 20:36:46",
            "turn-index":15,
            "utterance":"旅行先で出る食事ですかね。"
        },
        {
            "speaker":"S",
            "time":"18.10.2020 20:36:47",
            "turn-index":16,
            "utterance":"何かしたいスポーツがあったりしますか？"
        },
        {
            "speaker":"U",
            "time":"18.10.2020 20:37:06",
            "turn-index":17,
            "utterance":"今は屋久島でハイキングをしたいです。"
        },
        {
            "speaker":"S",
            "time":"18.10.2020 20:37:07",
            "turn-index":18,
            "utterance":"あまり寝れていないのですか？体調が心配ですね、大丈夫ですか？"
        },
        {
            "speaker":"U",
            "time":"18.10.2020 20:37:35",
            "turn-index":19,
            "utterance":"体力には自信があるんで大丈夫です。"
        },
        {
            "speaker":"S",
            "time":"18.10.2020 20:37:37",
            "turn-index":20,
            "utterance":"外食とかの繰り返しだとスポーツをしないとですね、何かやられていますか？"
        },
        {
            "speaker":"U",
            "time":"18.10.2020 20:38:07",
            "turn-index":21,
            "utterance":"屋久島みたいな自然の多いところを歩くことですかね。"
        },
        {
            "speaker":"S",
            "time":"18.10.2020 20:38:08",
            "turn-index":22,
            "utterance":"早めに寝て、ちゃんと布団で寝ることが健康の基本です！"
        },
        {
            "speaker":"U",
            "time":"18.10.2020 20:38:25",
            "turn-index":23,
            "utterance":"歩くのは健康にもいいですよね。"
        },
        {
            "speaker":"S",
            "time":"18.10.2020 20:38:27",
            "turn-index":24,
            "utterance":"夜更かし気味なんですね、体調には気をつけてください。笑"
        },
        {
            "speaker":"U",
            "time":"18.10.2020 20:39:04",
            "turn-index":25,
            "utterance":"3度の食事と適度な運動、睡眠には気を遣っています。"
        },
        {
            "speaker":"S",
            "time":"18.10.2020 20:39:06",
            "turn-index":26,
            "utterance":"布団に入る時間が遅いとかはないですか？"
        },
        {
            "speaker":"U",
            "time":"18.10.2020 20:39:24",
            "turn-index":27,
            "utterance":"11時までには眠りについています。"
        },
        {
            "speaker":"S",
            "time":"18.10.2020 20:39:26",
            "turn-index":28,
            "utterance":"日によってはまだ暑かったりしますが、毎日ちゃんと食べられていますか？"
        },
        {
            "speaker":"U",
            "time":"18.10.2020 20:39:58",
            "turn-index":29,
            "utterance":"朝、昼、晩、必ず摂っています。"
        },
        {
            "speaker":"S",
            "time":"18.10.2020 20:39:59",
            "turn-index":30,
            "utterance":"いろいろお話できて楽しかったです！"
        }
    ]
}