{
    "dialogue-id":"MM2_24",
    "group-id":"",
    "speaker-id":"MMI2020",
    "turns":[
        {
            "speaker":"S",
            "time":"18.10.2020 23:09:49",
            "turn-index":0,
            "utterance":"こんにちは、健康管理を補助するボットです！対話を始めましょう！"
        },
        {
            "speaker":"U",
            "time":"18.10.2020 23:10:54",
            "turn-index":1,
            "utterance":"こんにちは！突然ですが、水曜どうでしょうを観た事はありますか？"
        },
        {
            "speaker":"S",
            "time":"18.10.2020 23:10:55",
            "turn-index":2,
            "utterance":"最近秋ですね！秋といえば「食欲の秋」ですね！"
        },
        {
            "speaker":"U",
            "time":"18.10.2020 23:11:42",
            "turn-index":3,
            "utterance":"そうですね！北海道は美味しいものが沢山ありますよね！"
        },
        {
            "speaker":"S",
            "time":"18.10.2020 23:11:43",
            "turn-index":4,
            "utterance":"食べ物が美味しいからですもんね、でも食べ過ぎには気をつけないと。笑"
        },
        {
            "speaker":"U",
            "time":"18.10.2020 23:12:28",
            "turn-index":5,
            "utterance":"確かに！北海道に行ったことはありますか？"
        },
        {
            "speaker":"S",
            "time":"18.10.2020 23:12:29",
            "turn-index":6,
            "utterance":"自炊していらっしゃるんですね！すごいです！"
        },
        {
            "speaker":"U",
            "time":"18.10.2020 23:13:05",
            "turn-index":7,
            "utterance":"たまにしかしてないです。大泉洋さんはご存じですか？"
        },
        {
            "speaker":"S",
            "time":"18.10.2020 23:13:06",
            "turn-index":8,
            "utterance":"涼しいですしなにかスポーツがしてみたいですね！"
        },
        {
            "speaker":"U",
            "time":"18.10.2020 23:13:39",
            "turn-index":9,
            "utterance":"そうですね！私は毎日ウォーキングをしています。"
        },
        {
            "speaker":"S",
            "time":"18.10.2020 23:13:40",
            "turn-index":10,
            "utterance":"好きなもの食べるとストレスの解消にもなり、グッスリ眠れますね〜"
        },
        {
            "speaker":"U",
            "time":"18.10.2020 23:14:11",
            "turn-index":11,
            "utterance":"そうですね！ところで好きな動物は何ですか？"
        },
        {
            "speaker":"S",
            "time":"18.10.2020 23:14:12",
            "turn-index":12,
            "utterance":"何かしたいスポーツがあったりしますか？"
        },
        {
            "speaker":"U",
            "time":"18.10.2020 23:14:33",
            "turn-index":13,
            "utterance":"バトミントンは楽しそうです！"
        },
        {
            "speaker":"S",
            "time":"18.10.2020 23:14:35",
            "turn-index":14,
            "utterance":"運動していたらしっかり布団で寝て疲れを取ることが重要ですね！"
        },
        {
            "speaker":"U",
            "time":"18.10.2020 23:15:09",
            "turn-index":15,
            "utterance":"そうですね！動物たちも睡眠は大事ですね！"
        },
        {
            "speaker":"S",
            "time":"18.10.2020 23:15:11",
            "turn-index":16,
            "utterance":"あまり寝れていないのですか？体調が心配ですね、大丈夫ですか？"
        },
        {
            "speaker":"U",
            "time":"18.10.2020 23:15:45",
            "turn-index":17,
            "utterance":"よく眠れていますし、元気ですよ！動物園に行ったことはありますか？"
        },
        {
            "speaker":"S",
            "time":"18.10.2020 23:15:47",
            "turn-index":18,
            "utterance":"食べることは幸せですよね、何が一番好きですか？"
        },
        {
            "speaker":"U",
            "time":"18.10.2020 23:16:53",
            "turn-index":19,
            "utterance":"厚揚げが大好きです！あなたは何が好きですか？"
        },
        {
            "speaker":"S",
            "time":"18.10.2020 23:16:55",
            "turn-index":20,
            "utterance":"外食とかの繰り返しだとスポーツをしないとですね、何かやられていますか？"
        },
        {
            "speaker":"U",
            "time":"18.10.2020 23:17:26",
            "turn-index":21,
            "utterance":"毎日ウォーキングを４０分ほどしています。"
        },
        {
            "speaker":"S",
            "time":"18.10.2020 23:17:27",
            "turn-index":22,
            "utterance":"早めに寝て、ちゃんと布団で寝ることが健康の基本です！"
        },
        {
            "speaker":"U",
            "time":"18.10.2020 23:17:50",
            "turn-index":23,
            "utterance":"ありがとうございます。そうします。"
        },
        {
            "speaker":"S",
            "time":"18.10.2020 23:17:50",
            "turn-index":24,
            "utterance":"秋といえば美味しいものってなんでしたっけ？"
        },
        {
            "speaker":"U",
            "time":"18.10.2020 23:18:08",
            "turn-index":25,
            "utterance":"サンマや栗でしょうか？"
        },
        {
            "speaker":"S",
            "time":"18.10.2020 23:18:09",
            "turn-index":26,
            "utterance":"日によってはまだ暑かったりしますが、毎日ちゃんと食べられていますか？"
        },
        {
            "speaker":"U",
            "time":"18.10.2020 23:18:42",
            "turn-index":27,
            "utterance":"はい、毎日三食とっています。"
        },
        {
            "speaker":"S",
            "time":"18.10.2020 23:18:43",
            "turn-index":28,
            "utterance":"せっかくの秋ですからスポーツがしたくなりますね。"
        },
        {
            "speaker":"U",
            "time":"18.10.2020 23:19:05",
            "turn-index":29,
            "utterance":"そうですね、クライミングはどうですか？"
        },
        {
            "speaker":"S",
            "time":"18.10.2020 23:19:05",
            "turn-index":30,
            "utterance":"いろいろお話できて楽しかったです！"
        }
    ]
}