{
    "dialogue-id":"MM2_17",
    "group-id":"",
    "speaker-id":"MMI2020",
    "turns":[
        {
            "speaker":"S",
            "time":"18.10.2020 23:11:52",
            "turn-index":0,
            "utterance":"こんにちは、健康管理を補助するボットです！対話を始めましょう！"
        },
        {
            "speaker":"U",
            "time":"18.10.2020 23:12:21",
            "turn-index":1,
            "utterance":"よろしくね"
        },
        {
            "speaker":"S",
            "time":"18.10.2020 23:12:22",
            "turn-index":2,
            "utterance":"最近秋ですね！秋といえば「食欲の秋」ですね！"
        },
        {
            "speaker":"U",
            "time":"18.10.2020 23:14:05",
            "turn-index":3,
            "utterance":"食べ物が美味しくてね"
        },
        {
            "speaker":"S",
            "time":"18.10.2020 23:14:06",
            "turn-index":4,
            "utterance":"食べ物が美味しいからですもんね、でも食べ過ぎには気をつけないと。笑"
        },
        {
            "speaker":"U",
            "time":"18.10.2020 23:15:01",
            "turn-index":5,
            "utterance":"昨日も夕飯後にコンビニでパンを買ってしまった"
        },
        {
            "speaker":"S",
            "time":"18.10.2020 23:15:03",
            "turn-index":6,
            "utterance":"自炊していらっしゃるんですね！すごいです！"
        },
        {
            "speaker":"U",
            "time":"18.10.2020 23:16:03",
            "turn-index":7,
            "utterance":"いや、家族が作るんだけどね。昨日は足りなかった"
        },
        {
            "speaker":"S",
            "time":"18.10.2020 23:16:05",
            "turn-index":8,
            "utterance":"涼しいですしなにかスポーツがしてみたいですね！"
        },
        {
            "speaker":"U",
            "time":"18.10.2020 23:18:47",
            "turn-index":9,
            "utterance":"スポーツより食べる方がいい"
        },
        {
            "speaker":"S",
            "time":"18.10.2020 23:18:48",
            "turn-index":10,
            "utterance":"好きなもの食べるとストレスの解消にもなり、グッスリ眠れますね〜"
        },
        {
            "speaker":"U",
            "time":"18.10.2020 23:20:01",
            "turn-index":11,
            "utterance":"コンビニのおでんがまた美味しそうでね"
        },
        {
            "speaker":"S",
            "time":"18.10.2020 23:20:02",
            "turn-index":12,
            "utterance":"何かしたいスポーツがあったりしますか？"
        },
        {
            "speaker":"U",
            "time":"18.10.2020 23:20:31",
            "turn-index":13,
            "utterance":"特にないね。やっぱりおでんが食べたい"
        },
        {
            "speaker":"S",
            "time":"18.10.2020 23:20:32",
            "turn-index":14,
            "utterance":"運動していたらしっかり布団で寝て疲れを取ることが重要ですね！"
        },
        {
            "speaker":"U",
            "time":"18.10.2020 23:21:15",
            "turn-index":15,
            "utterance":"運動が好きなの？"
        },
        {
            "speaker":"S",
            "time":"18.10.2020 23:21:17",
            "turn-index":16,
            "utterance":"食べることは幸せですよね、何が一番好きですか？"
        },
        {
            "speaker":"U",
            "time":"18.10.2020 23:21:54",
            "turn-index":17,
            "utterance":"今はコンビニのおでん"
        },
        {
            "speaker":"S",
            "time":"18.10.2020 23:21:56",
            "turn-index":18,
            "utterance":"あまり寝れていないのですか？体調が心配ですね、大丈夫ですか？"
        },
        {
            "speaker":"U",
            "time":"18.10.2020 23:23:20",
            "turn-index":19,
            "utterance":"いや、よく眠れてるよ。"
        },
        {
            "speaker":"S",
            "time":"18.10.2020 23:23:22",
            "turn-index":20,
            "utterance":"せっかくの秋ですからスポーツがしたくなりますね。"
        },
        {
            "speaker":"U",
            "time":"18.10.2020 23:24:21",
            "turn-index":21,
            "utterance":"Eスポーツなら好きだよ"
        },
        {
            "speaker":"S",
            "time":"18.10.2020 23:24:22",
            "turn-index":22,
            "utterance":"外食とかの繰り返しだとスポーツをしないとですね、何かやられていますか？"
        },
        {
            "speaker":"U",
            "time":"18.10.2020 23:25:23",
            "turn-index":23,
            "utterance":"何も。Eスポーツって知ってる？"
        },
        {
            "speaker":"S",
            "time":"18.10.2020 23:25:24",
            "turn-index":24,
            "utterance":"布団に入る時間が遅いとかはないですか？"
        },
        {
            "speaker":"U",
            "time":"18.10.2020 23:29:58",
            "turn-index":25,
            "utterance":"ゲームで競うものなんだけど、将来的に五輪競技に加わる可能性もある今注目のスポーツなんだよ"
        },
        {
            "speaker":"S",
            "time":"18.10.2020 23:29:59",
            "turn-index":26,
            "utterance":"早めに寝て、ちゃんと布団で寝ることが健康の基本です！"
        },
        {
            "speaker":"U",
            "time":"18.10.2020 23:30:40",
            "turn-index":27,
            "utterance":"話が噛み合ってないね"
        },
        {
            "speaker":"S",
            "time":"18.10.2020 23:30:41",
            "turn-index":28,
            "utterance":"夜更かし気味なんですね、体調には気をつけてください。笑"
        },
        {
            "speaker":"U",
            "time":"18.10.2020 23:31:06",
            "turn-index":29,
            "utterance":"まあいいや。気を遣ってくれてありがとう"
        },
        {
            "speaker":"S",
            "time":"18.10.2020 23:31:07",
            "turn-index":30,
            "utterance":"いろいろお話できて楽しかったです！"
        }
    ]
}