{
    "dialogue-id":"MM2_13",
    "group-id":"",
    "speaker-id":"MMI2020",
    "turns":[
        {
            "speaker":"S",
            "time":"19.10.2020 00:23:01",
            "turn-index":0,
            "utterance":"こんにちは、健康管理を補助するボットです！対話を始めましょう！"
        },
        {
            "speaker":"U",
            "time":"19.10.2020 00:25:49",
            "turn-index":1,
            "utterance":"イチローってすごいですよね"
        },
        {
            "speaker":"S",
            "time":"19.10.2020 00:25:49",
            "turn-index":2,
            "utterance":"最近秋ですね！秋といえば「食欲の秋」ですね！"
        },
        {
            "speaker":"U",
            "time":"19.10.2020 00:26:16",
            "turn-index":3,
            "utterance":"イチローって野球選手知ってますよね"
        },
        {
            "speaker":"S",
            "time":"19.10.2020 00:26:17",
            "turn-index":4,
            "utterance":"自炊していらっしゃるんですね！すごいです！"
        },
        {
            "speaker":"U",
            "time":"19.10.2020 00:26:50",
            "turn-index":5,
            "utterance":"イチローはレジェンドですよ"
        },
        {
            "speaker":"S",
            "time":"19.10.2020 00:26:52",
            "turn-index":6,
            "utterance":"食べ物が美味しいからですもんね、でも食べ過ぎには気をつけないと。笑"
        },
        {
            "speaker":"U",
            "time":"19.10.2020 00:27:42",
            "turn-index":7,
            "utterance":"イチローの良さはやっぱりヒット打つところですよね"
        },
        {
            "speaker":"S",
            "time":"19.10.2020 00:27:45",
            "turn-index":8,
            "utterance":"涼しいですしなにかスポーツがしてみたいですね！"
        },
        {
            "speaker":"U",
            "time":"19.10.2020 00:28:12",
            "turn-index":9,
            "utterance":"イチローにならって野球をやってみましょう"
        },
        {
            "speaker":"S",
            "time":"19.10.2020 00:28:15",
            "turn-index":10,
            "utterance":"好きなもの食べるとストレスの解消にもなり、グッスリ眠れますね〜"
        },
        {
            "speaker":"U",
            "time":"19.10.2020 00:29:27",
            "turn-index":11,
            "utterance":"そんなに食べ物の話がしたいならコンビニエンスストアの話でもしましょうか"
        },
        {
            "speaker":"S",
            "time":"19.10.2020 00:29:29",
            "turn-index":12,
            "utterance":"何かしたいスポーツがあったりしますか？"
        },
        {
            "speaker":"U",
            "time":"19.10.2020 00:30:18",
            "turn-index":13,
            "utterance":"今はもうコンビニの話です、自分はローソンによくいってます"
        },
        {
            "speaker":"S",
            "time":"19.10.2020 00:30:21",
            "turn-index":14,
            "utterance":"運動していたらしっかり布団で寝て疲れを取ることが重要ですね！"
        },
        {
            "speaker":"U",
            "time":"19.10.2020 00:30:36",
            "turn-index":15,
            "utterance":"ローソンで好きなのはからあげくんかな"
        },
        {
            "speaker":"S",
            "time":"19.10.2020 00:30:39",
            "turn-index":16,
            "utterance":"食べることは幸せですよね、何が一番好きですか？"
        },
        {
            "speaker":"U",
            "time":"19.10.2020 00:30:56",
            "turn-index":17,
            "utterance":"からあげくんならチーズ味のが好みです"
        },
        {
            "speaker":"S",
            "time":"19.10.2020 00:30:59",
            "turn-index":18,
            "utterance":"あまり寝れていないのですか？体調が心配ですね、大丈夫ですか？"
        },
        {
            "speaker":"U",
            "time":"19.10.2020 00:31:19",
            "turn-index":19,
            "utterance":"飲み物も買いますよ"
        },
        {
            "speaker":"S",
            "time":"19.10.2020 00:31:23",
            "turn-index":20,
            "utterance":"外食とかの繰り返しだとスポーツをしないとですね、何かやられていますか？"
        },
        {
            "speaker":"U",
            "time":"19.10.2020 00:31:42",
            "turn-index":21,
            "utterance":"お酒は苦手なので、炭酸のジュースをよく買います"
        },
        {
            "speaker":"S",
            "time":"19.10.2020 00:31:45",
            "turn-index":22,
            "utterance":"早めに寝て、ちゃんと布団で寝ることが健康の基本です！"
        },
        {
            "speaker":"U",
            "time":"19.10.2020 00:32:18",
            "turn-index":23,
            "utterance":"最近はコンビニでも健康のことを考えた商品がありますね"
        },
        {
            "speaker":"S",
            "time":"19.10.2020 00:32:21",
            "turn-index":24,
            "utterance":"夜更かし気味なんですね、体調には気をつけてください。笑"
        },
        {
            "speaker":"U",
            "time":"19.10.2020 00:32:48",
            "turn-index":25,
            "utterance":"疲れてるときはリポビタンDとかをコンビニで買います"
        },
        {
            "speaker":"S",
            "time":"19.10.2020 00:32:52",
            "turn-index":26,
            "utterance":"日によってはまだ暑かったりしますが、毎日ちゃんと食べられていますか？"
        },
        {
            "speaker":"U",
            "time":"19.10.2020 00:33:12",
            "turn-index":27,
            "utterance":"割とコンビニのおにぎりも食べます"
        },
        {
            "speaker":"S",
            "time":"19.10.2020 00:33:15",
            "turn-index":28,
            "utterance":"これまで何かスポーツとかしていたんですか？"
        },
        {
            "speaker":"U",
            "time":"19.10.2020 00:33:45",
            "turn-index":29,
            "utterance":"あとはサンドイッチも買っちゃいますね"
        },
        {
            "speaker":"S",
            "time":"19.10.2020 00:33:46",
            "turn-index":30,
            "utterance":"いろいろお話できて楽しかったです！"
        }
    ]
}