{
    "dialogue-id":"MM2_35",
    "group-id":"",
    "speaker-id":"MMI2020",
    "turns":[
        {
            "speaker":"S",
            "time":"19.10.2020 00:20:44",
            "turn-index":0,
            "utterance":"こんにちは、健康管理を補助するボットです！対話を始めましょう！"
        },
        {
            "speaker":"U",
            "time":"19.10.2020 00:21:31",
            "turn-index":1,
            "utterance":"こんにちは、乳酸について話を聞きたいです"
        },
        {
            "speaker":"S",
            "time":"19.10.2020 00:21:32",
            "turn-index":2,
            "utterance":"最近秋ですね！秋といえば「食欲の秋」ですね！"
        },
        {
            "speaker":"U",
            "time":"19.10.2020 00:22:34",
            "turn-index":3,
            "utterance":"「スポーツの秋」とも言いますね。運動する時に乳酸というワードが気になります"
        },
        {
            "speaker":"S",
            "time":"19.10.2020 00:22:35",
            "turn-index":4,
            "utterance":"食べ物が美味しいからですもんね、でも食べ過ぎには気をつけないと。笑"
        },
        {
            "speaker":"U",
            "time":"19.10.2020 00:22:58",
            "turn-index":5,
            "utterance":"食べ過ぎたらその分運動しないとですね。乳酸の溜まりすぎって体に良くないんですか？"
        },
        {
            "speaker":"S",
            "time":"19.10.2020 00:23:00",
            "turn-index":6,
            "utterance":"自炊していらっしゃるんですね！すごいです！"
        },
        {
            "speaker":"U",
            "time":"19.10.2020 00:23:38",
            "turn-index":7,
            "utterance":"いえ、たいてい外食かあり合わせのお惣菜です…。乳酸ケアになりやすい食品ってなんでしょう？"
        },
        {
            "speaker":"S",
            "time":"19.10.2020 00:23:39",
            "turn-index":8,
            "utterance":"涼しいですしなにかスポーツがしてみたいですね！"
        },
        {
            "speaker":"U",
            "time":"19.10.2020 00:23:59",
            "turn-index":9,
            "utterance":"スポーツの時に乳酸にどのように気を配ったらいいでしょう？"
        },
        {
            "speaker":"S",
            "time":"19.10.2020 00:24:00",
            "turn-index":10,
            "utterance":"好きなもの食べるとストレスの解消にもなり、グッスリ眠れますね〜"
        },
        {
            "speaker":"U",
            "time":"19.10.2020 00:24:29",
            "turn-index":11,
            "utterance":"好きなものを食べたりしてストレスを溜めないのが乳酸への対処に効果的なのですか？"
        },
        {
            "speaker":"S",
            "time":"19.10.2020 00:24:31",
            "turn-index":12,
            "utterance":"運動していたらしっかり布団で寝て疲れを取ることが重要ですね！"
        },
        {
            "speaker":"U",
            "time":"19.10.2020 00:24:56",
            "turn-index":13,
            "utterance":"確かにしっかり寝て休むことが乳酸に対するケアとして有効そうですね"
        },
        {
            "speaker":"S",
            "time":"19.10.2020 00:24:57",
            "turn-index":14,
            "utterance":"食べることは幸せですよね、何が一番好きですか？"
        },
        {
            "speaker":"U",
            "time":"19.10.2020 00:25:32",
            "turn-index":15,
            "utterance":"ヘモグロビンが増えそうな食べ物が最近好みです。貧血気味だったので…"
        },
        {
            "speaker":"S",
            "time":"19.10.2020 00:25:33",
            "turn-index":16,
            "utterance":"何かしたいスポーツがあったりしますか？"
        },
        {
            "speaker":"U",
            "time":"19.10.2020 00:26:05",
            "turn-index":17,
            "utterance":"特には思いつきませんが、ヘモグロビン増量に効果的なスポーツってあります？"
        },
        {
            "speaker":"S",
            "time":"19.10.2020 00:26:06",
            "turn-index":18,
            "utterance":"あまり寝れていないのですか？体調が心配ですね、大丈夫ですか？"
        },
        {
            "speaker":"U",
            "time":"19.10.2020 00:26:36",
            "turn-index":19,
            "utterance":"睡眠量は大丈夫だと思います。睡眠とヘモグロビンには何か関係ってありますか？"
        },
        {
            "speaker":"S",
            "time":"19.10.2020 00:26:37",
            "turn-index":20,
            "utterance":"外食とかの繰り返しだとスポーツをしないとですね、何かやられていますか？"
        },
        {
            "speaker":"U",
            "time":"19.10.2020 00:27:11",
            "turn-index":21,
            "utterance":"貧血気味だったのであまり激しい運動はしてきませんでしたね。ヘモグロビン的に有効なスポーツってなんでしょう？"
        },
        {
            "speaker":"S",
            "time":"19.10.2020 00:27:13",
            "turn-index":22,
            "utterance":"夜更かし気味なんですね、体調には気をつけてください。笑"
        },
        {
            "speaker":"U",
            "time":"19.10.2020 00:27:28",
            "turn-index":23,
            "utterance":"夜更しはヘモグロビンに悪影響を与えますか？"
        },
        {
            "speaker":"S",
            "time":"19.10.2020 00:27:30",
            "turn-index":24,
            "utterance":"早めに寝て、ちゃんと布団で寝ることが健康の基本です！"
        },
        {
            "speaker":"U",
            "time":"19.10.2020 00:27:59",
            "turn-index":25,
            "utterance":"規則正しい生活がヘモグロビンの良い恒常性につながるのですね"
        },
        {
            "speaker":"S",
            "time":"19.10.2020 00:28:01",
            "turn-index":26,
            "utterance":"布団に入る時間が遅いとかはないですか？"
        },
        {
            "speaker":"U",
            "time":"19.10.2020 00:28:29",
            "turn-index":27,
            "utterance":"特には思い当たりません。ヘモグロビンと睡眠って密接なつながりがあるような気がしてきました"
        },
        {
            "speaker":"S",
            "time":"19.10.2020 00:28:31",
            "turn-index":28,
            "utterance":"日によってはまだ暑かったりしますが、毎日ちゃんと食べられていますか？"
        },
        {
            "speaker":"U",
            "time":"19.10.2020 00:28:55",
            "turn-index":29,
            "utterance":"食事も特に問題ありません。ヘモグロビンを補うには、やはり鉄分ですか？"
        },
        {
            "speaker":"S",
            "time":"19.10.2020 00:28:56",
            "turn-index":30,
            "utterance":"いろいろお話できて楽しかったです！"
        }
    ]
}