{
    "dialogue-id":"MM2_02",
    "group-id":"",
    "speaker-id":"MMI2020",
    "turns":[
        {
            "speaker":"S",
            "time":"18.10.2020 20:58:57",
            "turn-index":0,
            "utterance":"こんにちは、健康管理を補助するボットです！対話を始めましょう！"
        },
        {
            "speaker":"U",
            "time":"18.10.2020 20:59:30",
            "turn-index":1,
            "utterance":"ウルトラセブンって何万年も生きているんですよ"
        },
        {
            "speaker":"S",
            "time":"18.10.2020 20:59:30",
            "turn-index":2,
            "utterance":"最近秋ですね！秋といえば「食欲の秋」ですね！"
        },
        {
            "speaker":"U",
            "time":"18.10.2020 20:59:51",
            "turn-index":3,
            "utterance":"ウルトラセブンはキライですか？"
        },
        {
            "speaker":"S",
            "time":"18.10.2020 20:59:52",
            "turn-index":4,
            "utterance":"自炊していらっしゃるんですね！すごいです！"
        },
        {
            "speaker":"U",
            "time":"18.10.2020 21:00:05",
            "turn-index":5,
            "utterance":"ウラトラセブンはミクロ化も出来るんですよ"
        },
        {
            "speaker":"S",
            "time":"18.10.2020 21:00:05",
            "turn-index":6,
            "utterance":"食べ物が美味しいからですもんね、でも食べ過ぎには気をつけないと。笑"
        },
        {
            "speaker":"U",
            "time":"18.10.2020 21:00:27",
            "turn-index":7,
            "utterance":"秋は食べ物が美味しいですものね"
        },
        {
            "speaker":"S",
            "time":"18.10.2020 21:00:28",
            "turn-index":8,
            "utterance":"涼しいですしなにかスポーツがしてみたいですね！"
        },
        {
            "speaker":"U",
            "time":"18.10.2020 21:00:40",
            "turn-index":9,
            "utterance":"試しにウォーキングとかどうですか？"
        },
        {
            "speaker":"S",
            "time":"18.10.2020 21:00:41",
            "turn-index":10,
            "utterance":"好きなもの食べるとストレスの解消にもなり、グッスリ眠れますね〜"
        },
        {
            "speaker":"U",
            "time":"18.10.2020 21:00:51",
            "turn-index":11,
            "utterance":"快眠は気持ちいいですね"
        },
        {
            "speaker":"S",
            "time":"18.10.2020 21:00:52",
            "turn-index":12,
            "utterance":"運動していたらしっかり布団で寝て疲れを取ることが重要ですね！"
        },
        {
            "speaker":"U",
            "time":"18.10.2020 21:01:12",
            "turn-index":13,
            "utterance":"ウイルスバスターって使ってます？"
        },
        {
            "speaker":"S",
            "time":"18.10.2020 21:01:13",
            "turn-index":14,
            "utterance":"何かしたいスポーツがあったりしますか？"
        },
        {
            "speaker":"U",
            "time":"18.10.2020 21:01:28",
            "turn-index":15,
            "utterance":"私はテニスですね"
        },
        {
            "speaker":"S",
            "time":"18.10.2020 21:01:29",
            "turn-index":16,
            "utterance":"あまり寝れていないのですか？体調が心配ですね、大丈夫ですか？"
        },
        {
            "speaker":"U",
            "time":"18.10.2020 21:01:40",
            "turn-index":17,
            "utterance":"運動不足が原因かもしれないですね"
        },
        {
            "speaker":"S",
            "time":"18.10.2020 21:01:42",
            "turn-index":18,
            "utterance":"食べることは幸せですよね、何が一番好きですか？"
        },
        {
            "speaker":"U",
            "time":"18.10.2020 21:01:50",
            "turn-index":19,
            "utterance":"カレーとか大好きです"
        },
        {
            "speaker":"S",
            "time":"18.10.2020 21:01:52",
            "turn-index":20,
            "utterance":"外食とかの繰り返しだとスポーツをしないとですね、何かやられていますか？"
        },
        {
            "speaker":"U",
            "time":"18.10.2020 21:02:04",
            "turn-index":21,
            "utterance":"今は特にしていないですよ"
        },
        {
            "speaker":"S",
            "time":"18.10.2020 21:02:06",
            "turn-index":22,
            "utterance":"夜更かし気味なんですね、体調には気をつけてください。笑"
        },
        {
            "speaker":"U",
            "time":"18.10.2020 21:02:26",
            "turn-index":23,
            "utterance":"喉がたまに痛くなったりします"
        },
        {
            "speaker":"S",
            "time":"18.10.2020 21:02:28",
            "turn-index":24,
            "utterance":"日によってはまだ暑かったりしますが、毎日ちゃんと食べられていますか？"
        },
        {
            "speaker":"U",
            "time":"18.10.2020 21:02:38",
            "turn-index":25,
            "utterance":"夕食は沢山食べてます！"
        },
        {
            "speaker":"S",
            "time":"18.10.2020 21:02:40",
            "turn-index":26,
            "utterance":"早めに寝て、ちゃんと布団で寝ることが健康の基本です！"
        },
        {
            "speaker":"U",
            "time":"18.10.2020 21:02:50",
            "turn-index":27,
            "utterance":"やはり早く寝ることなのですね"
        },
        {
            "speaker":"S",
            "time":"18.10.2020 21:02:52",
            "turn-index":28,
            "utterance":"これまで何かスポーツとかしていたんですか？"
        },
        {
            "speaker":"U",
            "time":"18.10.2020 21:03:06",
            "turn-index":29,
            "utterance":"ジョギング等の走る系です"
        },
        {
            "speaker":"S",
            "time":"18.10.2020 21:03:08",
            "turn-index":30,
            "utterance":"いろいろお話できて楽しかったです！"
        }
    ]
}