{
    "dialogue-id":"MM2_20",
    "group-id":"",
    "speaker-id":"MMI2020",
    "turns":[
        {
            "speaker":"S",
            "time":"18.10.2020 20:35:37",
            "turn-index":0,
            "utterance":"こんにちは、健康管理を補助するボットです！対話を始めましょう！"
        },
        {
            "speaker":"U",
            "time":"18.10.2020 20:36:27",
            "turn-index":1,
            "utterance":"こんにちは！ウルトラセブンについて話をしませんか？"
        },
        {
            "speaker":"S",
            "time":"18.10.2020 20:36:28",
            "turn-index":2,
            "utterance":"最近秋ですね！秋といえば「食欲の秋」ですね！"
        },
        {
            "speaker":"U",
            "time":"18.10.2020 20:36:52",
            "turn-index":3,
            "utterance":"ウルトラセブンは知っていますか？"
        },
        {
            "speaker":"S",
            "time":"18.10.2020 20:36:53",
            "turn-index":4,
            "utterance":"食べ物が美味しいからですもんね、でも食べ過ぎには気をつけないと。笑"
        },
        {
            "speaker":"U",
            "time":"18.10.2020 20:37:13",
            "turn-index":5,
            "utterance":"秋は食べ過ぎますよね。ウルトラセブン見ていましたか？"
        },
        {
            "speaker":"S",
            "time":"18.10.2020 20:37:14",
            "turn-index":6,
            "utterance":"自炊していらっしゃるんですね！すごいです！"
        },
        {
            "speaker":"U",
            "time":"18.10.2020 20:37:21",
            "turn-index":7,
            "utterance":"自炊はしていません"
        },
        {
            "speaker":"S",
            "time":"18.10.2020 20:37:23",
            "turn-index":8,
            "utterance":"涼しいですしなにかスポーツがしてみたいですね！"
        },
        {
            "speaker":"U",
            "time":"18.10.2020 20:37:48",
            "turn-index":9,
            "utterance":"ウルトラマンは知っていますか？"
        },
        {
            "speaker":"S",
            "time":"18.10.2020 20:37:50",
            "turn-index":10,
            "utterance":"好きなもの食べるとストレスの解消にもなり、グッスリ眠れますね〜"
        },
        {
            "speaker":"U",
            "time":"18.10.2020 20:38:35",
            "turn-index":11,
            "utterance":"秋はよく眠れますね。特撮ものは好きですか？"
        },
        {
            "speaker":"S",
            "time":"18.10.2020 20:38:37",
            "turn-index":12,
            "utterance":"運動していたらしっかり布団で寝て疲れを取ることが重要ですね！"
        },
        {
            "speaker":"U",
            "time":"18.10.2020 20:39:05",
            "turn-index":13,
            "utterance":"ウルトラセブンを知っていますか？"
        },
        {
            "speaker":"S",
            "time":"18.10.2020 20:39:08",
            "turn-index":14,
            "utterance":"何かしたいスポーツがあったりしますか？"
        },
        {
            "speaker":"U",
            "time":"18.10.2020 20:39:15",
            "turn-index":15,
            "utterance":"特にありません"
        },
        {
            "speaker":"S",
            "time":"18.10.2020 20:39:17",
            "turn-index":16,
            "utterance":"あまり寝れていないのですか？体調が心配ですね、大丈夫ですか？"
        },
        {
            "speaker":"U",
            "time":"18.10.2020 20:40:16",
            "turn-index":17,
            "utterance":"話題を変えましょう。塩は好きですか？"
        },
        {
            "speaker":"S",
            "time":"18.10.2020 20:40:18",
            "turn-index":18,
            "utterance":"食べることは幸せですよね、何が一番好きですか？"
        },
        {
            "speaker":"U",
            "time":"18.10.2020 20:40:31",
            "turn-index":19,
            "utterance":"からあげです。塩をかけて食べるのが好きです"
        },
        {
            "speaker":"S",
            "time":"18.10.2020 20:40:33",
            "turn-index":20,
            "utterance":"外食とかの繰り返しだとスポーツをしないとですね、何かやられていますか？"
        },
        {
            "speaker":"U",
            "time":"18.10.2020 20:40:54",
            "turn-index":21,
            "utterance":"フットサルをやります。塩はよく使いますか？"
        },
        {
            "speaker":"S",
            "time":"18.10.2020 20:40:57",
            "turn-index":22,
            "utterance":"早めに寝て、ちゃんと布団で寝ることが健康の基本です！"
        },
        {
            "speaker":"U",
            "time":"18.10.2020 20:41:17",
            "turn-index":23,
            "utterance":"塩分って大事ですよね"
        },
        {
            "speaker":"S",
            "time":"18.10.2020 20:41:20",
            "turn-index":24,
            "utterance":"夜更かし気味なんですね、体調には気をつけてください。笑"
        },
        {
            "speaker":"U",
            "time":"18.10.2020 20:41:46",
            "turn-index":25,
            "utterance":"そうします。塩分の摂りすぎにも注意ですね"
        },
        {
            "speaker":"S",
            "time":"18.10.2020 20:41:49",
            "turn-index":26,
            "utterance":"日によってはまだ暑かったりしますが、毎日ちゃんと食べられていますか？"
        },
        {
            "speaker":"U",
            "time":"18.10.2020 20:41:56",
            "turn-index":27,
            "utterance":"毎日しっかり食べています"
        },
        {
            "speaker":"S",
            "time":"18.10.2020 20:42:00",
            "turn-index":28,
            "utterance":"布団に入る時間が遅いとかはないですか？"
        },
        {
            "speaker":"U",
            "time":"18.10.2020 20:42:21",
            "turn-index":29,
            "utterance":"特にありません。塩は好きですか？"
        },
        {
            "speaker":"S",
            "time":"18.10.2020 20:42:21",
            "turn-index":30,
            "utterance":"いろいろお話できて楽しかったです！"
        }
    ]
}