{
    "dialogue-id":"MM2_30",
    "group-id":"",
    "speaker-id":"MMI2020",
    "turns":[
        {
            "speaker":"S",
            "time":"18.10.2020 20:17:42",
            "turn-index":0,
            "utterance":"こんにちは、健康管理を補助するボットです！対話を始めましょう！"
        },
        {
            "speaker":"U",
            "time":"18.10.2020 20:18:33",
            "turn-index":1,
            "utterance":"こんにちは。突然ですが、スヌーピーは好きですか？"
        },
        {
            "speaker":"S",
            "time":"18.10.2020 20:18:34",
            "turn-index":2,
            "utterance":"最近秋ですね！秋といえば「食欲の秋」ですね！"
        },
        {
            "speaker":"U",
            "time":"18.10.2020 20:19:15",
            "turn-index":3,
            "utterance":"秋ですね、おいしいものがいっぱいありますね。"
        },
        {
            "speaker":"S",
            "time":"18.10.2020 20:19:16",
            "turn-index":4,
            "utterance":"食べ物が美味しいからですもんね、でも食べ過ぎには気をつけないと。笑"
        },
        {
            "speaker":"U",
            "time":"18.10.2020 20:19:29",
            "turn-index":5,
            "utterance":"スヌーピーは好きですか？"
        },
        {
            "speaker":"S",
            "time":"18.10.2020 20:19:29",
            "turn-index":6,
            "utterance":"自炊していらっしゃるんですね！すごいです！"
        },
        {
            "speaker":"U",
            "time":"18.10.2020 20:20:29",
            "turn-index":7,
            "utterance":"好きなキャラクターはありますか？"
        },
        {
            "speaker":"S",
            "time":"18.10.2020 20:20:30",
            "turn-index":8,
            "utterance":"涼しいですしなにかスポーツがしてみたいですね！"
        },
        {
            "speaker":"U",
            "time":"18.10.2020 20:20:49",
            "turn-index":9,
            "utterance":"私はスヌーピーが好きです。"
        },
        {
            "speaker":"S",
            "time":"18.10.2020 20:20:51",
            "turn-index":10,
            "utterance":"好きなもの食べるとストレスの解消にもなり、グッスリ眠れますね〜"
        },
        {
            "speaker":"U",
            "time":"18.10.2020 20:21:33",
            "turn-index":11,
            "utterance":"犬が好きなんですけどね。"
        },
        {
            "speaker":"S",
            "time":"18.10.2020 20:21:34",
            "turn-index":12,
            "utterance":"何かしたいスポーツがあったりしますか？"
        },
        {
            "speaker":"U",
            "time":"18.10.2020 20:22:03",
            "turn-index":13,
            "utterance":"昔テニスをやっていたのでテニスをしたいですね。"
        },
        {
            "speaker":"S",
            "time":"18.10.2020 20:22:06",
            "turn-index":14,
            "utterance":"運動していたらしっかり布団で寝て疲れを取ることが重要ですね！"
        },
        {
            "speaker":"U",
            "time":"18.10.2020 20:22:25",
            "turn-index":15,
            "utterance":"そうですね。ところで、好きな動物は何ですか？"
        },
        {
            "speaker":"S",
            "time":"18.10.2020 20:22:27",
            "turn-index":16,
            "utterance":"食べることは幸せですよね、何が一番好きですか？"
        },
        {
            "speaker":"U",
            "time":"18.10.2020 20:23:17",
            "turn-index":17,
            "utterance":"好きな動物は何ですか？私はカバが好きなんです。"
        },
        {
            "speaker":"S",
            "time":"18.10.2020 20:23:19",
            "turn-index":18,
            "utterance":"あまり寝れていないのですか？体調が心配ですね、大丈夫ですか？"
        },
        {
            "speaker":"U",
            "time":"18.10.2020 20:23:57",
            "turn-index":19,
            "utterance":"カバは好きですか？"
        },
        {
            "speaker":"S",
            "time":"18.10.2020 20:24:00",
            "turn-index":20,
            "utterance":"外食とかの繰り返しだとスポーツをしないとですね、何かやられていますか？"
        },
        {
            "speaker":"U",
            "time":"18.10.2020 20:25:07",
            "turn-index":21,
            "utterance":"動物は好きではないですか？"
        },
        {
            "speaker":"S",
            "time":"18.10.2020 20:25:11",
            "turn-index":22,
            "utterance":"早めに寝て、ちゃんと布団で寝ることが健康の基本です！"
        },
        {
            "speaker":"U",
            "time":"18.10.2020 20:25:39",
            "turn-index":23,
            "utterance":"そうですね、健康第一です。"
        },
        {
            "speaker":"S",
            "time":"18.10.2020 20:25:43",
            "turn-index":24,
            "utterance":"夜更かし気味なんですね、体調には気をつけてください。笑"
        },
        {
            "speaker":"U",
            "time":"18.10.2020 20:26:31",
            "turn-index":25,
            "utterance":"全く話がかみ合いませんね。笑"
        },
        {
            "speaker":"S",
            "time":"18.10.2020 20:26:35",
            "turn-index":26,
            "utterance":"日によってはまだ暑かったりしますが、毎日ちゃんと食べられていますか？"
        },
        {
            "speaker":"U",
            "time":"18.10.2020 20:26:51",
            "turn-index":27,
            "utterance":"動物園に行ったりしますか？"
        },
        {
            "speaker":"S",
            "time":"18.10.2020 20:26:55",
            "turn-index":28,
            "utterance":"布団に入る時間が遅いとかはないですか？"
        },
        {
            "speaker":"U",
            "time":"18.10.2020 20:28:42",
            "turn-index":29,
            "utterance":"ついつい夜更かししてしまいますね。"
        },
        {
            "speaker":"S",
            "time":"18.10.2020 20:28:44",
            "turn-index":30,
            "utterance":"いろいろお話できて楽しかったです！"
        }
    ]
}