{
    "dialogue-id":"MM2_16",
    "group-id":"",
    "speaker-id":"MMI2020",
    "turns":[
        {
            "speaker":"S",
            "time":"18.10.2020 20:26:55",
            "turn-index":0,
            "utterance":"こんにちは、健康管理を補助するボットです！対話を始めましょう！"
        },
        {
            "speaker":"U",
            "time":"18.10.2020 20:27:19",
            "turn-index":1,
            "utterance":"こんにちは。よろしくお願いします。"
        },
        {
            "speaker":"S",
            "time":"18.10.2020 20:27:20",
            "turn-index":2,
            "utterance":"最近秋ですね！秋といえば「食欲の秋」ですね！"
        },
        {
            "speaker":"U",
            "time":"18.10.2020 20:28:12",
            "turn-index":3,
            "utterance":"そうですね！食欲の秋だとお酒が好きな人は楽しみが増えそうですね！"
        },
        {
            "speaker":"S",
            "time":"18.10.2020 20:28:22",
            "turn-index":4,
            "utterance":"自炊していらっしゃるんですね！すごいです！"
        },
        {
            "speaker":"U",
            "time":"18.10.2020 20:28:40",
            "turn-index":5,
            "utterance":"自炊はたまにですが。"
        },
        {
            "speaker":"S",
            "time":"18.10.2020 20:28:43",
            "turn-index":6,
            "utterance":"食べ物が美味しいからですもんね、でも食べ過ぎには気をつけないと。笑"
        },
        {
            "speaker":"U",
            "time":"18.10.2020 20:29:05",
            "turn-index":7,
            "utterance":"そうですね、日本酒って好きですか？"
        },
        {
            "speaker":"S",
            "time":"18.10.2020 20:29:11",
            "turn-index":8,
            "utterance":"涼しいですしなにかスポーツがしてみたいですね！"
        },
        {
            "speaker":"U",
            "time":"18.10.2020 20:29:59",
            "turn-index":9,
            "utterance":"スポーツはあまり得意ではないんです。お酒の席に出るのは好きなんですがお酒に弱くて。特に日本酒はどうしても飲めません。"
        },
        {
            "speaker":"S",
            "time":"18.10.2020 20:29:59",
            "turn-index":10,
            "utterance":"好きなもの食べるとストレスの解消にもなり、グッスリ眠れますね〜"
        },
        {
            "speaker":"U",
            "time":"18.10.2020 20:32:47",
            "turn-index":11,
            "utterance":"おいしいもの食べるのはいいですよね、私唯一おいしいと思える日本酒があるんです。すず音って言うんですけど知ってますか？"
        },
        {
            "speaker":"S",
            "time":"18.10.2020 20:32:48",
            "turn-index":12,
            "utterance":"運動していたらしっかり布団で寝て疲れを取ることが重要ですね！"
        },
        {
            "speaker":"U",
            "time":"18.10.2020 20:33:25",
            "turn-index":13,
            "utterance":"確かにそうですね。すず"
        },
        {
            "speaker":"S",
            "time":"18.10.2020 20:33:27",
            "turn-index":14,
            "utterance":"何かしたいスポーツがあったりしますか？"
        },
        {
            "speaker":"U",
            "time":"18.10.2020 20:35:41",
            "turn-index":15,
            "utterance":"スポーツはあまりしないですけど休みがあれば旅行先でハイキングしたりしたいですね。"
        },
        {
            "speaker":"S",
            "time":"18.10.2020 20:35:44",
            "turn-index":16,
            "utterance":"あまり寝れていないのですか？体調が心配ですね、大丈夫ですか？"
        },
        {
            "speaker":"U",
            "time":"18.10.2020 20:37:20",
            "turn-index":17,
            "utterance":"大丈夫です。連休があれば寝だめしますよ。そういえばいつも12月の天皇誕生日になれていましたがもう12月じゃないんですよね。"
        },
        {
            "speaker":"S",
            "time":"18.10.2020 20:37:21",
            "turn-index":18,
            "utterance":"食べることは幸せですよね、何が一番好きですか？"
        },
        {
            "speaker":"U",
            "time":"18.10.2020 20:37:51",
            "turn-index":19,
            "utterance":"旅行したり食べたりするのが好きですよ。次の天皇誕生日は2月でしょうか？"
        },
        {
            "speaker":"S",
            "time":"18.10.2020 20:37:53",
            "turn-index":20,
            "utterance":"外食とかの繰り返しだとスポーツをしないとですね、何かやられていますか？"
        },
        {
            "speaker":"U",
            "time":"18.10.2020 20:38:43",
            "turn-index":21,
            "utterance":"そうですね、太ってしまいますもんね。連休を見つけては旅行したりします。次の天皇誕生日は連休でしょうかね？"
        },
        {
            "speaker":"S",
            "time":"18.10.2020 20:38:45",
            "turn-index":22,
            "utterance":"早めに寝て、ちゃんと布団で寝ることが健康の基本です！"
        },
        {
            "speaker":"U",
            "time":"18.10.2020 20:39:45",
            "turn-index":23,
            "utterance":"そうですね。きちんと寝て次の旅行も楽しみたいです。あとで2月の天皇誕生日あたりもチェックしてプランを考えようかな。"
        },
        {
            "speaker":"S",
            "time":"18.10.2020 20:39:47",
            "turn-index":24,
            "utterance":"夜更かし気味なんですね、体調には気をつけてください。笑"
        },
        {
            "speaker":"U",
            "time":"18.10.2020 20:40:07",
            "turn-index":25,
            "utterance":"夜型なので気を付けます。ありがとうございます。"
        },
        {
            "speaker":"S",
            "time":"18.10.2020 20:40:09",
            "turn-index":26,
            "utterance":"日によってはまだ暑かったりしますが、毎日ちゃんと食べられていますか？"
        },
        {
            "speaker":"U",
            "time":"18.10.2020 20:40:47",
            "turn-index":27,
            "utterance":"食欲はあるので大丈夫ですよ。2月の天皇誕生日には何か予定を決めていますか？"
        },
        {
            "speaker":"S",
            "time":"18.10.2020 20:40:50",
            "turn-index":28,
            "utterance":"布団に入る時間が遅いとかはないですか？"
        },
        {
            "speaker":"U",
            "time":"18.10.2020 20:42:00",
            "turn-index":29,
            "utterance":"布団に入る時間はまちまちですね。今調べたら天皇誕生日は2月23日でした！"
        },
        {
            "speaker":"S",
            "time":"18.10.2020 20:42:01",
            "turn-index":30,
            "utterance":"いろいろお話できて楽しかったです！"
        }
    ]
}