{
    "dialogue-id":"MM2_03",
    "group-id":"",
    "speaker-id":"MMI2020",
    "turns":[
        {
            "speaker":"S",
            "time":"18.10.2020 23:25:42",
            "turn-index":0,
            "utterance":"こんにちは、健康管理を補助するボットです！対話を始めましょう！"
        },
        {
            "speaker":"U",
            "time":"18.10.2020 23:26:10",
            "turn-index":1,
            "utterance":"そういえば今回のクールから相棒が始まりましたね"
        },
        {
            "speaker":"S",
            "time":"18.10.2020 23:26:11",
            "turn-index":2,
            "utterance":"最近秋ですね！秋といえば「食欲の秋」ですね！"
        },
        {
            "speaker":"U",
            "time":"18.10.2020 23:26:46",
            "turn-index":3,
            "utterance":"右京さんの相棒の反町隆史が相棒になってかなり長いですよね"
        },
        {
            "speaker":"S",
            "time":"18.10.2020 23:26:47",
            "turn-index":4,
            "utterance":"自炊していらっしゃるんですね！すごいです！"
        },
        {
            "speaker":"U",
            "time":"18.10.2020 23:26:56",
            "turn-index":5,
            "utterance":"自炊はしていますよ"
        },
        {
            "speaker":"S",
            "time":"18.10.2020 23:26:57",
            "turn-index":6,
            "utterance":"食べ物が美味しいからですもんね、でも食べ過ぎには気をつけないと。笑"
        },
        {
            "speaker":"U",
            "time":"18.10.2020 23:27:16",
            "turn-index":7,
            "utterance":"ついつい食べ過ぎてしまいますね"
        },
        {
            "speaker":"S",
            "time":"18.10.2020 23:27:17",
            "turn-index":8,
            "utterance":"好きなもの食べるとストレスの解消にもなり、グッスリ眠れますね〜"
        },
        {
            "speaker":"U",
            "time":"18.10.2020 23:27:37",
            "turn-index":9,
            "utterance":"食べたらすぐに寝るが幸せですよね"
        },
        {
            "speaker":"S",
            "time":"18.10.2020 23:27:38",
            "turn-index":10,
            "utterance":"涼しいですしなにかスポーツがしてみたいですね！"
        },
        {
            "speaker":"U",
            "time":"18.10.2020 23:27:58",
            "turn-index":11,
            "utterance":"フットサルなんか興味はありますか"
        },
        {
            "speaker":"S",
            "time":"18.10.2020 23:28:00",
            "turn-index":12,
            "utterance":"運動していたらしっかり布団で寝て疲れを取ることが重要ですね！"
        },
        {
            "speaker":"U",
            "time":"18.10.2020 23:28:30",
            "turn-index":13,
            "utterance":"運動後は疲れが出てぐっすりと寝れますよ"
        },
        {
            "speaker":"S",
            "time":"18.10.2020 23:28:31",
            "turn-index":14,
            "utterance":"何かしたいスポーツがあったりしますか？"
        },
        {
            "speaker":"U",
            "time":"18.10.2020 23:29:12",
            "turn-index":15,
            "utterance":"Eスポーツなんかきょうみありますね、すぽつに入るかはわからないですけど"
        },
        {
            "speaker":"S",
            "time":"18.10.2020 23:29:13",
            "turn-index":16,
            "utterance":"せっかくの秋ですからスポーツがしたくなりますね。"
        },
        {
            "speaker":"U",
            "time":"18.10.2020 23:29:34",
            "turn-index":17,
            "utterance":"体を動かすことは大切ですからね"
        },
        {
            "speaker":"S",
            "time":"18.10.2020 23:29:35",
            "turn-index":18,
            "utterance":"秋といえば美味しいものってなんでしたっけ？"
        },
        {
            "speaker":"U",
            "time":"18.10.2020 23:30:00",
            "turn-index":19,
            "utterance":"秋は松茸でしょ、高いですけど"
        },
        {
            "speaker":"S",
            "time":"18.10.2020 23:30:01",
            "turn-index":20,
            "utterance":"食べることは幸せですよね、何が一番好きですか？"
        },
        {
            "speaker":"U",
            "time":"18.10.2020 23:30:13",
            "turn-index":21,
            "utterance":"焼肉ですね"
        },
        {
            "speaker":"S",
            "time":"18.10.2020 23:30:14",
            "turn-index":22,
            "utterance":"外食とかの繰り返しだとスポーツをしないとですね、何かやられていますか？"
        },
        {
            "speaker":"U",
            "time":"18.10.2020 23:30:33",
            "turn-index":23,
            "utterance":"さっきフットサルって言いましたけど"
        },
        {
            "speaker":"S",
            "time":"18.10.2020 23:30:35",
            "turn-index":24,
            "utterance":"あまり寝れていないのですか？体調が心配ですね、大丈夫ですか？"
        },
        {
            "speaker":"U",
            "time":"18.10.2020 23:30:55",
            "turn-index":25,
            "utterance":"そんなことないですよ、しっかりと睡眠は取っています。"
        },
        {
            "speaker":"S",
            "time":"18.10.2020 23:30:57",
            "turn-index":26,
            "utterance":"夜更かし気味なんですね、体調には気をつけてください。笑"
        },
        {
            "speaker":"U",
            "time":"18.10.2020 23:31:10",
            "turn-index":27,
            "utterance":"夜ふかしもあまりしないですね"
        },
        {
            "speaker":"S",
            "time":"18.10.2020 23:31:12",
            "turn-index":28,
            "utterance":"早めに寝て、ちゃんと布団で寝ることが健康の基本です！"
        },
        {
            "speaker":"U",
            "time":"18.10.2020 23:31:29",
            "turn-index":29,
            "utterance":"そうだと思いますよ"
        },
        {
            "speaker":"S",
            "time":"18.10.2020 23:31:30",
            "turn-index":30,
            "utterance":"いろいろお話できて楽しかったです！"
        }
    ]
}