{
    "dialogue-id":"MM2_26",
    "group-id":"",
    "speaker-id":"MMI2020",
    "turns":[
        {
            "speaker":"S",
            "time":"18.10.2020 21:17:22",
            "turn-index":0,
            "utterance":"こんにちは、健康管理を補助するボットです！対話を始めましょう！"
        },
        {
            "speaker":"U",
            "time":"18.10.2020 21:19:06",
            "turn-index":1,
            "utterance":"こんにちは、よろしくお願いします。食事で塩を摂りすぎないようにしたいのですが、なかなか難しいです。"
        },
        {
            "speaker":"S",
            "time":"18.10.2020 21:19:06",
            "turn-index":2,
            "utterance":"最近秋ですね！秋といえば「食欲の秋」ですね！"
        },
        {
            "speaker":"U",
            "time":"18.10.2020 21:19:50",
            "turn-index":3,
            "utterance":"食べ物がおいしいので、ついつい塩分を摂りすぎます。"
        },
        {
            "speaker":"S",
            "time":"18.10.2020 21:19:51",
            "turn-index":4,
            "utterance":"食べ物が美味しいからですもんね、でも食べ過ぎには気をつけないと。笑"
        },
        {
            "speaker":"U",
            "time":"18.10.2020 21:20:41",
            "turn-index":5,
            "utterance":"本当にそうですね。ポットさんは、塩分を摂りすぎないようになにか気をつけていますか？"
        },
        {
            "speaker":"S",
            "time":"18.10.2020 21:20:42",
            "turn-index":6,
            "utterance":"自炊していらっしゃるんですね！すごいです！"
        },
        {
            "speaker":"U",
            "time":"18.10.2020 21:21:43",
            "turn-index":7,
            "utterance":"そうなんです。でも、タンパク質をとるのが難しくて…。"
        },
        {
            "speaker":"S",
            "time":"18.10.2020 21:21:45",
            "turn-index":8,
            "utterance":"涼しいですしなにかスポーツがしてみたいですね！"
        },
        {
            "speaker":"U",
            "time":"18.10.2020 21:22:29",
            "turn-index":9,
            "utterance":"スポーツの後、タンパク質をとると良いらしいですね。"
        },
        {
            "speaker":"S",
            "time":"18.10.2020 21:22:31",
            "turn-index":10,
            "utterance":"好きなもの食べるとストレスの解消にもなり、グッスリ眠れますね〜"
        },
        {
            "speaker":"U",
            "time":"18.10.2020 21:23:13",
            "turn-index":11,
            "utterance":"そうですね。ポットさんは、筋トレとかされますか？"
        },
        {
            "speaker":"S",
            "time":"18.10.2020 21:23:15",
            "turn-index":12,
            "utterance":"運動していたらしっかり布団で寝て疲れを取ることが重要ですね！"
        },
        {
            "speaker":"U",
            "time":"18.10.2020 21:23:55",
            "turn-index":13,
            "utterance":"睡眠も、健康を維持するのに重要ですものね。"
        },
        {
            "speaker":"S",
            "time":"18.10.2020 21:23:58",
            "turn-index":14,
            "utterance":"何かしたいスポーツがあったりしますか？"
        },
        {
            "speaker":"U",
            "time":"18.10.2020 21:24:17",
            "turn-index":15,
            "utterance":"水泳とか良いですね。"
        },
        {
            "speaker":"S",
            "time":"18.10.2020 21:24:20",
            "turn-index":16,
            "utterance":"あまり寝れていないのですか？体調が心配ですね、大丈夫ですか？"
        },
        {
            "speaker":"U",
            "time":"18.10.2020 21:24:35",
            "turn-index":17,
            "utterance":"大丈夫ですよ。"
        },
        {
            "speaker":"S",
            "time":"18.10.2020 21:24:38",
            "turn-index":18,
            "utterance":"食べることは幸せですよね、何が一番好きですか？"
        },
        {
            "speaker":"U",
            "time":"18.10.2020 21:25:11",
            "turn-index":19,
            "utterance":"たんぱく質を摂りたいのに、炭水化物が好きで困っています。"
        },
        {
            "speaker":"S",
            "time":"18.10.2020 21:25:11",
            "turn-index":20,
            "utterance":"外食とかの繰り返しだとスポーツをしないとですね、何かやられていますか？"
        },
        {
            "speaker":"U",
            "time":"18.10.2020 21:25:37",
            "turn-index":21,
            "utterance":"ストレッチとかくらいしかしていません。"
        },
        {
            "speaker":"S",
            "time":"18.10.2020 21:25:38",
            "turn-index":22,
            "utterance":"外食では普段何を食べているんですか？"
        },
        {
            "speaker":"U",
            "time":"18.10.2020 21:26:04",
            "turn-index":23,
            "utterance":"最近は、自炊をしていて、外食はしていないんですよ。"
        },
        {
            "speaker":"S",
            "time":"18.10.2020 21:26:05",
            "turn-index":24,
            "utterance":"夜更かし気味なんですね、体調には気をつけてください。笑"
        },
        {
            "speaker":"U",
            "time":"18.10.2020 21:26:23",
            "turn-index":25,
            "utterance":"はい、ありがとうございます。"
        },
        {
            "speaker":"S",
            "time":"18.10.2020 21:26:24",
            "turn-index":26,
            "utterance":"早めに寝て、ちゃんと布団で寝ることが健康の基本です！"
        },
        {
            "speaker":"U",
            "time":"18.10.2020 21:27:02",
            "turn-index":27,
            "utterance":"本当に、睡眠と食事は大切ですよね。"
        },
        {
            "speaker":"S",
            "time":"18.10.2020 21:27:03",
            "turn-index":28,
            "utterance":"日によってはまだ暑かったりしますが、毎日ちゃんと食べられていますか？"
        },
        {
            "speaker":"U",
            "time":"18.10.2020 21:27:21",
            "turn-index":29,
            "utterance":"はい、自炊して食べています。"
        },
        {
            "speaker":"S",
            "time":"18.10.2020 21:27:22",
            "turn-index":30,
            "utterance":"いろいろお話できて楽しかったです！"
        }
    ]
}