{
    "dialogue-id":"MM2_19",
    "group-id":"",
    "speaker-id":"MMI2020",
    "turns":[
        {
            "speaker":"S",
            "time":"18.10.2020 20:59:17",
            "turn-index":0,
            "utterance":"こんにちは、健康管理を補助するボットです！対話を始めましょう！"
        },
        {
            "speaker":"U",
            "time":"18.10.2020 21:00:13",
            "turn-index":1,
            "utterance":"鉄分がとりたいんですけど、酸化鉄が気になります。"
        },
        {
            "speaker":"S",
            "time":"18.10.2020 21:00:14",
            "turn-index":2,
            "utterance":"最近秋ですね！秋といえば「食欲の秋」ですね！"
        },
        {
            "speaker":"U",
            "time":"18.10.2020 21:00:28",
            "turn-index":3,
            "utterance":"鉄分が取れる食品ありますか？"
        },
        {
            "speaker":"S",
            "time":"18.10.2020 21:00:29",
            "turn-index":4,
            "utterance":"自炊していらっしゃるんですね！すごいです！"
        },
        {
            "speaker":"U",
            "time":"18.10.2020 21:00:55",
            "turn-index":5,
            "utterance":"いえ、料理は苦手です。"
        },
        {
            "speaker":"S",
            "time":"18.10.2020 21:00:57",
            "turn-index":6,
            "utterance":"食べ物が美味しいからですもんね、でも食べ過ぎには気をつけないと。笑"
        },
        {
            "speaker":"U",
            "time":"18.10.2020 21:01:26",
            "turn-index":7,
            "utterance":"鉄分を取るためにはしょうがないんですよね。ある程度、貧血だし。"
        },
        {
            "speaker":"S",
            "time":"18.10.2020 21:01:27",
            "turn-index":8,
            "utterance":"涼しいですしなにかスポーツがしてみたいですね！"
        },
        {
            "speaker":"U",
            "time":"18.10.2020 21:03:05",
            "turn-index":9,
            "utterance":"健康にいいですもんね。酸化鉄の話はしらないんですね？"
        },
        {
            "speaker":"S",
            "time":"18.10.2020 21:03:07",
            "turn-index":10,
            "utterance":"好きなもの食べるとストレスの解消にもなり、グッスリ眠れますね〜"
        },
        {
            "speaker":"U",
            "time":"18.10.2020 21:04:16",
            "turn-index":11,
            "utterance":"寝るのは体に良いですね。"
        },
        {
            "speaker":"S",
            "time":"18.10.2020 21:04:18",
            "turn-index":12,
            "utterance":"運動していたらしっかり布団で寝て疲れを取ることが重要ですね！"
        },
        {
            "speaker":"U",
            "time":"18.10.2020 21:04:35",
            "turn-index":13,
            "utterance":"運動しないと眠くならないですしね。"
        },
        {
            "speaker":"S",
            "time":"18.10.2020 21:04:37",
            "turn-index":14,
            "utterance":"何かしたいスポーツがあったりしますか？"
        },
        {
            "speaker":"U",
            "time":"18.10.2020 21:06:54",
            "turn-index":15,
            "utterance":"アーセナルFCが好きなんで、憧れてて、サッカーをやりたいと思ってます。"
        },
        {
            "speaker":"S",
            "time":"18.10.2020 21:06:57",
            "turn-index":16,
            "utterance":"食べることは幸せですよね、何が一番好きですか？"
        },
        {
            "speaker":"U",
            "time":"18.10.2020 21:07:22",
            "turn-index":17,
            "utterance":"食べ物では玉ねぎです。サッカーチームで好きな所ありますか？"
        },
        {
            "speaker":"S",
            "time":"18.10.2020 21:07:24",
            "turn-index":18,
            "utterance":"あまり寝れていないのですか？体調が心配ですね、大丈夫ですか？"
        },
        {
            "speaker":"U",
            "time":"18.10.2020 21:07:51",
            "turn-index":19,
            "utterance":"寝れてますよ。テレビの見過ぎで寝不足にはなりますが。"
        },
        {
            "speaker":"S",
            "time":"18.10.2020 21:07:54",
            "turn-index":20,
            "utterance":"外食とかの繰り返しだとスポーツをしないとですね、何かやられていますか？"
        },
        {
            "speaker":"U",
            "time":"18.10.2020 21:08:04",
            "turn-index":21,
            "utterance":"いままではやってません"
        },
        {
            "speaker":"S",
            "time":"18.10.2020 21:08:07",
            "turn-index":22,
            "utterance":"夜更かし気味なんですね、体調には気をつけてください。笑"
        },
        {
            "speaker":"U",
            "time":"18.10.2020 21:08:25",
            "turn-index":23,
            "utterance":"サッカーの試合を見てると遅くなってしまって"
        },
        {
            "speaker":"S",
            "time":"18.10.2020 21:08:28",
            "turn-index":24,
            "utterance":"早めに寝て、ちゃんと布団で寝ることが健康の基本です！"
        },
        {
            "speaker":"U",
            "time":"18.10.2020 21:08:35",
            "turn-index":25,
            "utterance":"そうですよね。"
        },
        {
            "speaker":"S",
            "time":"18.10.2020 21:08:38",
            "turn-index":26,
            "utterance":"日によってはまだ暑かったりしますが、毎日ちゃんと食べられていますか？"
        },
        {
            "speaker":"U",
            "time":"18.10.2020 21:08:50",
            "turn-index":27,
            "utterance":"食べるのは好きなので食べてます。"
        },
        {
            "speaker":"S",
            "time":"18.10.2020 21:08:53",
            "turn-index":28,
            "utterance":"布団に入る時間が遅いとかはないですか？"
        },
        {
            "speaker":"U",
            "time":"18.10.2020 21:08:59",
            "turn-index":29,
            "utterance":"遅いんです"
        },
        {
            "speaker":"S",
            "time":"18.10.2020 21:09:00",
            "turn-index":30,
            "utterance":"いろいろお話できて楽しかったです！"
        }
    ]
}