{
    "dialogue-id":"MM2_28",
    "group-id":"",
    "speaker-id":"MMI2020",
    "turns":[
        {
            "speaker":"S",
            "time":"18.10.2020 20:16:47",
            "turn-index":0,
            "utterance":"こんにちは、健康管理を補助するボットです！対話を始めましょう！"
        },
        {
            "speaker":"U",
            "time":"18.10.2020 20:17:09",
            "turn-index":1,
            "utterance":"塩ッて一日にどのくらい摂取していいの？"
        },
        {
            "speaker":"S",
            "time":"18.10.2020 20:17:10",
            "turn-index":2,
            "utterance":"最近秋ですね！秋といえば「食欲の秋」ですね！"
        },
        {
            "speaker":"U",
            "time":"18.10.2020 20:17:36",
            "turn-index":3,
            "utterance":"秋と言えばそうですね。塩の一日あたりの摂取量はどのくらいがいいと思いますか？"
        },
        {
            "speaker":"S",
            "time":"18.10.2020 20:17:37",
            "turn-index":4,
            "utterance":"自炊していらっしゃるんですね！すごいです！"
        },
        {
            "speaker":"U",
            "time":"18.10.2020 20:17:50",
            "turn-index":5,
            "utterance":"いえ、自炊はしてません。塩の話をしています。"
        },
        {
            "speaker":"S",
            "time":"18.10.2020 20:17:51",
            "turn-index":6,
            "utterance":"食べ物が美味しいからですもんね、でも食べ過ぎには気をつけないと。笑"
        },
        {
            "speaker":"U",
            "time":"18.10.2020 20:18:12",
            "turn-index":7,
            "utterance":"秋はおいしいものがそろってますからね。"
        },
        {
            "speaker":"S",
            "time":"18.10.2020 20:18:13",
            "turn-index":8,
            "utterance":"涼しいですしなにかスポーツがしてみたいですね！"
        },
        {
            "speaker":"U",
            "time":"18.10.2020 20:18:27",
            "turn-index":9,
            "utterance":"秋はスポーツの秋でもありますからね。"
        },
        {
            "speaker":"S",
            "time":"18.10.2020 20:18:28",
            "turn-index":10,
            "utterance":"好きなもの食べるとストレスの解消にもなり、グッスリ眠れますね〜"
        },
        {
            "speaker":"U",
            "time":"18.10.2020 20:19:17",
            "turn-index":11,
            "utterance":"ところで、フッ素については何かご存知ですか？"
        },
        {
            "speaker":"S",
            "time":"18.10.2020 20:19:18",
            "turn-index":12,
            "utterance":"運動していたらしっかり布団で寝て疲れを取ることが重要ですね！"
        },
        {
            "speaker":"U",
            "time":"18.10.2020 20:19:36",
            "turn-index":13,
            "utterance":"そうですね。睡眠は大事ですね。ところでフッ素なんですが。"
        },
        {
            "speaker":"S",
            "time":"18.10.2020 20:19:37",
            "turn-index":14,
            "utterance":"何かしたいスポーツがあったりしますか？"
        },
        {
            "speaker":"U",
            "time":"18.10.2020 20:19:51",
            "turn-index":15,
            "utterance":"野球がしたいですね。フッ素の話もしましょうか？"
        },
        {
            "speaker":"S",
            "time":"18.10.2020 20:19:52",
            "turn-index":16,
            "utterance":"食べることは幸せですよね、何が一番好きですか？"
        },
        {
            "speaker":"U",
            "time":"18.10.2020 20:20:08",
            "turn-index":17,
            "utterance":"秋は、やはり秋刀魚ですね。"
        },
        {
            "speaker":"S",
            "time":"18.10.2020 20:20:09",
            "turn-index":18,
            "utterance":"あまり寝れていないのですか？体調が心配ですね、大丈夫ですか？"
        },
        {
            "speaker":"U",
            "time":"18.10.2020 20:20:17",
            "turn-index":19,
            "utterance":"最近睡眠不足です。"
        },
        {
            "speaker":"S",
            "time":"18.10.2020 20:20:18",
            "turn-index":20,
            "utterance":"外食とかの繰り返しだとスポーツをしないとですね、何かやられていますか？"
        },
        {
            "speaker":"U",
            "time":"18.10.2020 20:20:32",
            "turn-index":21,
            "utterance":"家で軽い筋トレぐらいですね。"
        },
        {
            "speaker":"S",
            "time":"18.10.2020 20:20:33",
            "turn-index":22,
            "utterance":"早めに寝て、ちゃんと布団で寝ることが健康の基本です！"
        },
        {
            "speaker":"U",
            "time":"18.10.2020 20:20:48",
            "turn-index":23,
            "utterance":"ですよね。十分な睡眠が健康には大事です。"
        },
        {
            "speaker":"S",
            "time":"18.10.2020 20:20:50",
            "turn-index":24,
            "utterance":"夜更かし気味なんですね、体調には気をつけてください。笑"
        },
        {
            "speaker":"U",
            "time":"18.10.2020 20:21:00",
            "turn-index":25,
            "utterance":"はい、夜更かししなように、なるべく早く寝ますね。"
        },
        {
            "speaker":"S",
            "time":"18.10.2020 20:21:02",
            "turn-index":26,
            "utterance":"日によってはまだ暑かったりしますが、毎日ちゃんと食べられていますか？"
        },
        {
            "speaker":"U",
            "time":"18.10.2020 20:21:14",
            "turn-index":27,
            "utterance":"はい。食事は毎日きちんと食べてますよ。"
        },
        {
            "speaker":"S",
            "time":"18.10.2020 20:21:15",
            "turn-index":28,
            "utterance":"布団に入る時間が遅いとかはないですか？"
        },
        {
            "speaker":"U",
            "time":"18.10.2020 20:21:26",
            "turn-index":29,
            "utterance":"たまにありますね。気を付けてはいるのですが。"
        },
        {
            "speaker":"S",
            "time":"18.10.2020 20:21:27",
            "turn-index":30,
            "utterance":"いろいろお話できて楽しかったです！"
        }
    ]
}