{
    "dialogue-id":"MM2_08",
    "group-id":"",
    "speaker-id":"MMI2020",
    "turns":[
        {
            "speaker":"S",
            "time":"18.10.2020 23:17:33",
            "turn-index":0,
            "utterance":"こんにちは、健康管理を補助するボットです！対話を始めましょう！"
        },
        {
            "speaker":"U",
            "time":"18.10.2020 23:18:10",
            "turn-index":1,
            "utterance":"このコロナのご時世で宝塚歌劇団はもう再開されたんでしょうか"
        },
        {
            "speaker":"S",
            "time":"18.10.2020 23:18:11",
            "turn-index":2,
            "utterance":"最近秋ですね！秋といえば「食欲の秋」ですね！"
        },
        {
            "speaker":"U",
            "time":"18.10.2020 23:18:34",
            "turn-index":3,
            "utterance":"一度あの舞台を見てみたいんですけど"
        },
        {
            "speaker":"S",
            "time":"18.10.2020 23:18:35",
            "turn-index":4,
            "utterance":"自炊していらっしゃるんですね！すごいです！"
        },
        {
            "speaker":"U",
            "time":"18.10.2020 23:18:45",
            "turn-index":5,
            "utterance":"自炊はしていますけど"
        },
        {
            "speaker":"S",
            "time":"18.10.2020 23:18:46",
            "turn-index":6,
            "utterance":"食べ物が美味しいからですもんね、でも食べ過ぎには気をつけないと。笑"
        },
        {
            "speaker":"U",
            "time":"18.10.2020 23:19:23",
            "turn-index":7,
            "utterance":"最近は太ってしまったので食事にも気をつけています"
        },
        {
            "speaker":"S",
            "time":"18.10.2020 23:19:24",
            "turn-index":8,
            "utterance":"涼しいですしなにかスポーツがしてみたいですね！"
        },
        {
            "speaker":"U",
            "time":"18.10.2020 23:19:45",
            "turn-index":9,
            "utterance":"宝塚で踊ってみたいです"
        },
        {
            "speaker":"S",
            "time":"18.10.2020 23:19:46",
            "turn-index":10,
            "utterance":"好きなもの食べるとストレスの解消にもなり、グッスリ眠れますね〜"
        },
        {
            "speaker":"U",
            "time":"18.10.2020 23:20:30",
            "turn-index":11,
            "utterance":"食っては寝る太る原因"
        },
        {
            "speaker":"S",
            "time":"18.10.2020 23:20:31",
            "turn-index":12,
            "utterance":"何かしたいスポーツがあったりしますか？"
        },
        {
            "speaker":"U",
            "time":"18.10.2020 23:21:04",
            "turn-index":13,
            "utterance":"野球ですかね"
        },
        {
            "speaker":"S",
            "time":"18.10.2020 23:21:05",
            "turn-index":14,
            "utterance":"運動していたらしっかり布団で寝て疲れを取ることが重要ですね！"
        },
        {
            "speaker":"U",
            "time":"18.10.2020 23:21:42",
            "turn-index":15,
            "utterance":"イチローに憧れて野球をしていたんですよ"
        },
        {
            "speaker":"S",
            "time":"18.10.2020 23:21:44",
            "turn-index":16,
            "utterance":"あまり寝れていないのですか？体調が心配ですね、大丈夫ですか？"
        },
        {
            "speaker":"U",
            "time":"18.10.2020 23:21:56",
            "turn-index":17,
            "utterance":"普段は普通に寝ていますよ"
        },
        {
            "speaker":"S",
            "time":"18.10.2020 23:21:57",
            "turn-index":18,
            "utterance":"外食とかの繰り返しだとスポーツをしないとですね、何かやられていますか？"
        },
        {
            "speaker":"U",
            "time":"18.10.2020 23:22:11",
            "turn-index":19,
            "utterance":"さっき野球だと言いましたよ"
        },
        {
            "speaker":"S",
            "time":"18.10.2020 23:22:12",
            "turn-index":20,
            "utterance":"食べることは幸せですよね、何が一番好きですか？"
        },
        {
            "speaker":"U",
            "time":"18.10.2020 23:22:38",
            "turn-index":21,
            "utterance":"秋ですし、さんまですかね"
        },
        {
            "speaker":"S",
            "time":"18.10.2020 23:22:38",
            "turn-index":22,
            "utterance":"外食では普段何を食べているんですか？"
        },
        {
            "speaker":"U",
            "time":"18.10.2020 23:22:50",
            "turn-index":23,
            "utterance":"牛丼が多いです"
        },
        {
            "speaker":"S",
            "time":"18.10.2020 23:22:51",
            "turn-index":24,
            "utterance":"早めに寝て、ちゃんと布団で寝ることが健康の基本です！"
        },
        {
            "speaker":"U",
            "time":"18.10.2020 23:23:14",
            "turn-index":25,
            "utterance":"寝ることは大切ですよ"
        },
        {
            "speaker":"S",
            "time":"18.10.2020 23:23:15",
            "turn-index":26,
            "utterance":"秋といえば美味しいものってなんでしたっけ？"
        },
        {
            "speaker":"U",
            "time":"18.10.2020 23:23:36",
            "turn-index":27,
            "utterance":"さんま、松竹、栗なんかですかね"
        },
        {
            "speaker":"S",
            "time":"18.10.2020 23:23:37",
            "turn-index":28,
            "utterance":"夜更かし気味なんですね、体調には気をつけてください。笑"
        },
        {
            "speaker":"U",
            "time":"18.10.2020 23:23:51",
            "turn-index":29,
            "utterance":"そうでもないですけど"
        },
        {
            "speaker":"S",
            "time":"18.10.2020 23:23:51",
            "turn-index":30,
            "utterance":"いろいろお話できて楽しかったです！"
        }
    ]
}