{
    "dialogue-id":"MM2_29",
    "group-id":"",
    "speaker-id":"MMI2020",
    "turns":[
        {
            "speaker":"S",
            "time":"18.10.2020 21:16:11",
            "turn-index":0,
            "utterance":"こんにちは、健康管理を補助するボットです！対話を始めましょう！"
        },
        {
            "speaker":"U",
            "time":"18.10.2020 21:18:06",
            "turn-index":1,
            "utterance":"最近ちょっと日本酒が好きになってきたの"
        },
        {
            "speaker":"S",
            "time":"18.10.2020 21:18:06",
            "turn-index":2,
            "utterance":"最近秋ですね！秋といえば「食欲の秋」ですね！"
        },
        {
            "speaker":"U",
            "time":"18.10.2020 21:18:34",
            "turn-index":3,
            "utterance":"ええ、食べ物が美味しいとお酒も進むんですよね"
        },
        {
            "speaker":"S",
            "time":"18.10.2020 21:18:35",
            "turn-index":4,
            "utterance":"食べ物が美味しいからですもんね、でも食べ過ぎには気をつけないと。笑"
        },
        {
            "speaker":"U",
            "time":"18.10.2020 21:19:01",
            "turn-index":5,
            "utterance":"そうですねえ…どんどん太ってしまいます"
        },
        {
            "speaker":"S",
            "time":"18.10.2020 21:19:02",
            "turn-index":6,
            "utterance":"自炊していらっしゃるんですね！すごいです！"
        },
        {
            "speaker":"U",
            "time":"18.10.2020 21:19:31",
            "turn-index":7,
            "utterance":"簡単なものしか作れませんけどね"
        },
        {
            "speaker":"S",
            "time":"18.10.2020 21:19:32",
            "turn-index":8,
            "utterance":"涼しいですしなにかスポーツがしてみたいですね！"
        },
        {
            "speaker":"U",
            "time":"18.10.2020 21:19:57",
            "turn-index":9,
            "utterance":"雪が降って寒くなる前に体を動かしておきたいです"
        },
        {
            "speaker":"S",
            "time":"18.10.2020 21:19:58",
            "turn-index":10,
            "utterance":"好きなもの食べるとストレスの解消にもなり、グッスリ眠れますね〜"
        },
        {
            "speaker":"U",
            "time":"18.10.2020 21:20:54",
            "turn-index":11,
            "utterance":"寝る前に録画したドラマを見るのが最近の習慣です"
        },
        {
            "speaker":"S",
            "time":"18.10.2020 21:20:55",
            "turn-index":12,
            "utterance":"何かしたいスポーツがあったりしますか？"
        },
        {
            "speaker":"U",
            "time":"18.10.2020 21:21:57",
            "turn-index":13,
            "utterance":"スポーツですか…イチローに憧れて野球をしてみたいと思ってました"
        },
        {
            "speaker":"S",
            "time":"18.10.2020 21:21:59",
            "turn-index":14,
            "utterance":"食べることは幸せですよね、何が一番好きですか？"
        },
        {
            "speaker":"U",
            "time":"18.10.2020 21:23:07",
            "turn-index":15,
            "utterance":"パンケーキが大好きです！"
        },
        {
            "speaker":"S",
            "time":"18.10.2020 21:23:09",
            "turn-index":16,
            "utterance":"運動していたらしっかり布団で寝て疲れを取ることが重要ですね！"
        },
        {
            "speaker":"U",
            "time":"18.10.2020 21:23:50",
            "turn-index":17,
            "utterance":"睡眠は健康管理の上でとても大事だと実感してます"
        },
        {
            "speaker":"S",
            "time":"18.10.2020 21:23:53",
            "turn-index":18,
            "utterance":"あまり寝れていないのですか？体調が心配ですね、大丈夫ですか？"
        },
        {
            "speaker":"U",
            "time":"18.10.2020 21:24:15",
            "turn-index":19,
            "utterance":"最近は早めに寝ているので元気ですよ！"
        },
        {
            "speaker":"S",
            "time":"18.10.2020 21:24:18",
            "turn-index":20,
            "utterance":"外食とかの繰り返しだとスポーツをしないとですね、何かやられていますか？"
        },
        {
            "speaker":"U",
            "time":"18.10.2020 21:25:08",
            "turn-index":21,
            "utterance":"最近はほとんど動いてませんねえ…"
        },
        {
            "speaker":"S",
            "time":"18.10.2020 21:25:08",
            "turn-index":22,
            "utterance":"外食では普段何を食べているんですか？"
        },
        {
            "speaker":"U",
            "time":"18.10.2020 21:25:50",
            "turn-index":23,
            "utterance":"少し前まではケーキを食べによく出かけていました"
        },
        {
            "speaker":"S",
            "time":"18.10.2020 21:25:51",
            "turn-index":24,
            "utterance":"早めに寝て、ちゃんと布団で寝ることが健康の基本です！"
        },
        {
            "speaker":"U",
            "time":"18.10.2020 21:26:12",
            "turn-index":25,
            "utterance":"睡眠は本当に大事ですよね"
        },
        {
            "speaker":"S",
            "time":"18.10.2020 21:26:13",
            "turn-index":26,
            "utterance":"夜更かし気味なんですね、体調には気をつけてください。笑"
        },
        {
            "speaker":"U",
            "time":"18.10.2020 21:26:42",
            "turn-index":27,
            "utterance":"ありがとうございます、今晩も早めに寝ます"
        },
        {
            "speaker":"S",
            "time":"18.10.2020 21:26:44",
            "turn-index":28,
            "utterance":"日によってはまだ暑かったりしますが、毎日ちゃんと食べられていますか？"
        },
        {
            "speaker":"U",
            "time":"18.10.2020 21:27:00",
            "turn-index":29,
            "utterance":"ちょっと食欲は落ち気味ですかねえ"
        },
        {
            "speaker":"S",
            "time":"18.10.2020 21:27:01",
            "turn-index":30,
            "utterance":"いろいろお話できて楽しかったです！"
        }
    ]
}