{
    "dialogue-id":"MM2_34",
    "group-id":"",
    "speaker-id":"MMI2020",
    "turns":[
        {
            "speaker":"S",
            "time":"19.10.2020 00:46:05",
            "turn-index":0,
            "utterance":"こんにちは、健康管理を補助するボットです！対話を始めましょう！"
        },
        {
            "speaker":"U",
            "time":"19.10.2020 00:50:39",
            "turn-index":1,
            "utterance":"最近見て面白かった日本のドラマはありますか？"
        },
        {
            "speaker":"S",
            "time":"19.10.2020 00:50:40",
            "turn-index":2,
            "utterance":"最近秋ですね！秋といえば「食欲の秋」ですね！"
        },
        {
            "speaker":"U",
            "time":"19.10.2020 00:51:30",
            "turn-index":3,
            "utterance":"私は半沢直樹がとても面白かったです！"
        },
        {
            "speaker":"S",
            "time":"19.10.2020 00:51:30",
            "turn-index":4,
            "utterance":"自炊していらっしゃるんですね！すごいです！"
        },
        {
            "speaker":"U",
            "time":"19.10.2020 00:51:58",
            "turn-index":5,
            "utterance":"予想できない展開で毎回楽しみにしていました！"
        },
        {
            "speaker":"S",
            "time":"19.10.2020 00:51:59",
            "turn-index":6,
            "utterance":"食べ物が美味しいからですもんね、でも食べ過ぎには気をつけないと。笑"
        },
        {
            "speaker":"U",
            "time":"19.10.2020 00:52:18",
            "turn-index":7,
            "utterance":"特に最終回はハラハラしました！"
        },
        {
            "speaker":"S",
            "time":"19.10.2020 00:52:20",
            "turn-index":8,
            "utterance":"涼しいですしなにかスポーツがしてみたいですね！"
        },
        {
            "speaker":"U",
            "time":"19.10.2020 00:53:00",
            "turn-index":9,
            "utterance":"前作も良かったですが今回も最高でした！"
        },
        {
            "speaker":"S",
            "time":"19.10.2020 00:53:01",
            "turn-index":10,
            "utterance":"好きなもの食べるとストレスの解消にもなり、グッスリ眠れますね〜"
        },
        {
            "speaker":"U",
            "time":"19.10.2020 00:53:25",
            "turn-index":11,
            "utterance":"また続編をやってくれたら嬉しいです！"
        },
        {
            "speaker":"S",
            "time":"19.10.2020 00:53:26",
            "turn-index":12,
            "utterance":"何かしたいスポーツがあったりしますか？"
        },
        {
            "speaker":"U",
            "time":"19.10.2020 00:53:43",
            "turn-index":13,
            "utterance":"長く続いてほしいドラマですね！"
        },
        {
            "speaker":"S",
            "time":"19.10.2020 00:53:44",
            "turn-index":14,
            "utterance":"食べることは幸せですよね、何が一番好きですか？"
        },
        {
            "speaker":"U",
            "time":"19.10.2020 00:55:50",
            "turn-index":15,
            "utterance":"ところで、好きなキャラクターはありますか？"
        },
        {
            "speaker":"S",
            "time":"19.10.2020 00:55:51",
            "turn-index":16,
            "utterance":"運動していたらしっかり布団で寝て疲れを取ることが重要ですね！"
        },
        {
            "speaker":"U",
            "time":"19.10.2020 00:56:44",
            "turn-index":17,
            "utterance":"私は子供の頃からスヌーピーが好きです！"
        },
        {
            "speaker":"S",
            "time":"19.10.2020 00:56:45",
            "turn-index":18,
            "utterance":"あまり寝れていないのですか？体調が心配ですね、大丈夫ですか？"
        },
        {
            "speaker":"U",
            "time":"19.10.2020 00:57:25",
            "turn-index":19,
            "utterance":"あの表情を見ていると癒されます！"
        },
        {
            "speaker":"S",
            "time":"19.10.2020 00:57:27",
            "turn-index":20,
            "utterance":"外食とかの繰り返しだとスポーツをしないとですね、何かやられていますか？"
        },
        {
            "speaker":"U",
            "time":"19.10.2020 00:57:54",
            "turn-index":21,
            "utterance":"スヌーピーのグッズを持っているとテンションが上がります！"
        },
        {
            "speaker":"S",
            "time":"19.10.2020 00:57:55",
            "turn-index":22,
            "utterance":"夜更かし気味なんですね、体調には気をつけてください。笑"
        },
        {
            "speaker":"U",
            "time":"19.10.2020 00:58:25",
            "turn-index":23,
            "utterance":"スヌーピーの物を見かけるとつい買ってしまいます"
        },
        {
            "speaker":"S",
            "time":"19.10.2020 00:58:26",
            "turn-index":24,
            "utterance":"早めに寝て、ちゃんと布団で寝ることが健康の基本です！"
        },
        {
            "speaker":"U",
            "time":"19.10.2020 00:59:18",
            "turn-index":25,
            "utterance":"大人でもスヌーピーグッズなら持ちやすいんですよね。"
        },
        {
            "speaker":"S",
            "time":"19.10.2020 00:59:20",
            "turn-index":26,
            "utterance":"これまで何かスポーツとかしていたんですか？"
        },
        {
            "speaker":"U",
            "time":"19.10.2020 00:59:49",
            "turn-index":27,
            "utterance":"最近は色々なグッズがあるので助かります！"
        },
        {
            "speaker":"S",
            "time":"19.10.2020 00:59:51",
            "turn-index":28,
            "utterance":"日によってはまだ暑かったりしますが、毎日ちゃんと食べられていますか？"
        },
        {
            "speaker":"U",
            "time":"19.10.2020 01:00:05",
            "turn-index":29,
            "utterance":"昔はスヌーピーのアニメも見ていました！"
        },
        {
            "speaker":"S",
            "time":"19.10.2020 01:00:05",
            "turn-index":30,
            "utterance":"いろいろお話できて楽しかったです！"
        }
    ]
}