{
    "dialogue-id":"MM2_07",
    "group-id":"",
    "speaker-id":"MMI2020",
    "turns":[
        {
            "speaker":"S",
            "time":"18.10.2020 23:18:41",
            "turn-index":0,
            "utterance":"こんにちは、健康管理を補助するボットです！対話を始めましょう！"
        },
        {
            "speaker":"U",
            "time":"18.10.2020 23:19:50",
            "turn-index":1,
            "utterance":"三谷幸喜の作品好き？"
        },
        {
            "speaker":"S",
            "time":"18.10.2020 23:19:51",
            "turn-index":2,
            "utterance":"最近秋ですね！秋といえば「食欲の秋」ですね！"
        },
        {
            "speaker":"U",
            "time":"18.10.2020 23:22:06",
            "turn-index":3,
            "utterance":"秋といえば秋ドラマ何か見てる？"
        },
        {
            "speaker":"S",
            "time":"18.10.2020 23:22:07",
            "turn-index":4,
            "utterance":"自炊していらっしゃるんですね！すごいです！"
        },
        {
            "speaker":"U",
            "time":"18.10.2020 23:22:39",
            "turn-index":5,
            "utterance":"三谷幸喜の作品って見たことある？"
        },
        {
            "speaker":"S",
            "time":"18.10.2020 23:22:40",
            "turn-index":6,
            "utterance":"食べ物が美味しいからですもんね、でも食べ過ぎには気をつけないと。笑"
        },
        {
            "speaker":"U",
            "time":"18.10.2020 23:23:36",
            "turn-index":7,
            "utterance":"三谷幸喜って知らない？"
        },
        {
            "speaker":"S",
            "time":"18.10.2020 23:23:38",
            "turn-index":8,
            "utterance":"涼しいですしなにかスポーツがしてみたいですね！"
        },
        {
            "speaker":"U",
            "time":"18.10.2020 23:24:09",
            "turn-index":9,
            "utterance":"スポーツより映画とか見たいかな"
        },
        {
            "speaker":"S",
            "time":"18.10.2020 23:24:10",
            "turn-index":10,
            "utterance":"好きなもの食べるとストレスの解消にもなり、グッスリ眠れますね〜"
        },
        {
            "speaker":"U",
            "time":"18.10.2020 23:24:26",
            "turn-index":11,
            "utterance":"食べるの好きなの？"
        },
        {
            "speaker":"S",
            "time":"18.10.2020 23:24:27",
            "turn-index":12,
            "utterance":"運動していたらしっかり布団で寝て疲れを取ることが重要ですね！"
        },
        {
            "speaker":"U",
            "time":"18.10.2020 23:25:07",
            "turn-index":13,
            "utterance":"ところでドラマとか見てる？"
        },
        {
            "speaker":"S",
            "time":"18.10.2020 23:25:09",
            "turn-index":14,
            "utterance":"何かしたいスポーツがあったりしますか？"
        },
        {
            "speaker":"U",
            "time":"18.10.2020 23:25:58",
            "turn-index":15,
            "utterance":"野球かな"
        },
        {
            "speaker":"S",
            "time":"18.10.2020 23:25:59",
            "turn-index":16,
            "utterance":"せっかくの秋ですからスポーツがしたくなりますね。"
        },
        {
            "speaker":"U",
            "time":"18.10.2020 23:26:15",
            "turn-index":17,
            "utterance":"野球は好き？"
        },
        {
            "speaker":"S",
            "time":"18.10.2020 23:26:16",
            "turn-index":18,
            "utterance":"あまり寝れていないのですか？体調が心配ですね、大丈夫ですか？"
        },
        {
            "speaker":"U",
            "time":"18.10.2020 23:26:59",
            "turn-index":19,
            "utterance":"イチローすごい好きなんだけど"
        },
        {
            "speaker":"S",
            "time":"18.10.2020 23:27:00",
            "turn-index":20,
            "utterance":"食べることは幸せですよね、何が一番好きですか？"
        },
        {
            "speaker":"U",
            "time":"18.10.2020 23:28:54",
            "turn-index":21,
            "utterance":"おでんかな。"
        },
        {
            "speaker":"S",
            "time":"18.10.2020 23:28:56",
            "turn-index":22,
            "utterance":"外食とかの繰り返しだとスポーツをしないとですね、何かやられていますか？"
        },
        {
            "speaker":"U",
            "time":"18.10.2020 23:29:56",
            "turn-index":23,
            "utterance":"イチローに憧れて野球やってるよ。"
        },
        {
            "speaker":"S",
            "time":"18.10.2020 23:29:57",
            "turn-index":24,
            "utterance":"早めに寝て、ちゃんと布団で寝ることが健康の基本です！"
        },
        {
            "speaker":"U",
            "time":"18.10.2020 23:30:12",
            "turn-index":25,
            "utterance":"イチローって知らない？"
        },
        {
            "speaker":"S",
            "time":"18.10.2020 23:30:13",
            "turn-index":26,
            "utterance":"夜更かし気味なんですね、体調には気をつけてください。笑"
        },
        {
            "speaker":"U",
            "time":"18.10.2020 23:30:33",
            "turn-index":27,
            "utterance":"野球は興味ない？"
        },
        {
            "speaker":"S",
            "time":"18.10.2020 23:30:34",
            "turn-index":28,
            "utterance":"日によってはまだ暑かったりしますが、毎日ちゃんと食べられていますか？"
        },
        {
            "speaker":"U",
            "time":"18.10.2020 23:30:49",
            "turn-index":29,
            "utterance":"うん。食べてる。"
        },
        {
            "speaker":"S",
            "time":"18.10.2020 23:30:50",
            "turn-index":30,
            "utterance":"いろいろお話できて楽しかったです！"
        }
    ]
}