{
    "dialogue-id":"MM2_36",
    "group-id":"",
    "speaker-id":"MMI2020",
    "turns":[
        {
            "speaker":"S",
            "time":"18.10.2020 21:17:25",
            "turn-index":0,
            "utterance":"こんにちは、健康管理を補助するボットです！対話を始めましょう！"
        },
        {
            "speaker":"U",
            "time":"18.10.2020 21:17:55",
            "turn-index":1,
            "utterance":"恐竜に興味はありますか。"
        },
        {
            "speaker":"S",
            "time":"18.10.2020 21:17:56",
            "turn-index":2,
            "utterance":"最近秋ですね！秋といえば「食欲の秋」ですね！"
        },
        {
            "speaker":"U",
            "time":"18.10.2020 21:18:33",
            "turn-index":3,
            "utterance":"恐竜は嫌い？"
        },
        {
            "speaker":"S",
            "time":"18.10.2020 21:18:34",
            "turn-index":4,
            "utterance":"食べ物が美味しいからですもんね、でも食べ過ぎには気をつけないと。笑"
        },
        {
            "speaker":"U",
            "time":"18.10.2020 21:20:07",
            "turn-index":5,
            "utterance":"ゴジラみたいなやつだけど、興味ない？"
        },
        {
            "speaker":"S",
            "time":"18.10.2020 21:20:09",
            "turn-index":6,
            "utterance":"自炊していらっしゃるんですね！すごいです！"
        },
        {
            "speaker":"U",
            "time":"18.10.2020 21:20:36",
            "turn-index":7,
            "utterance":"やっぱり興味ないんだ。"
        },
        {
            "speaker":"S",
            "time":"18.10.2020 21:20:37",
            "turn-index":8,
            "utterance":"涼しいですしなにかスポーツがしてみたいですね！"
        },
        {
            "speaker":"U",
            "time":"18.10.2020 21:21:00",
            "turn-index":9,
            "utterance":"話は変わるけど屋久島に行ったことある？"
        },
        {
            "speaker":"S",
            "time":"18.10.2020 21:21:01",
            "turn-index":10,
            "utterance":"好きなもの食べるとストレスの解消にもなり、グッスリ眠れますね〜"
        },
        {
            "speaker":"U",
            "time":"18.10.2020 21:21:51",
            "turn-index":11,
            "utterance":"縄文杉が有名だけど知ってる？"
        },
        {
            "speaker":"S",
            "time":"18.10.2020 21:21:53",
            "turn-index":12,
            "utterance":"運動していたらしっかり布団で寝て疲れを取ることが重要ですね！"
        },
        {
            "speaker":"U",
            "time":"18.10.2020 21:22:11",
            "turn-index":13,
            "utterance":"なんか噛み合わないね。"
        },
        {
            "speaker":"S",
            "time":"18.10.2020 21:22:12",
            "turn-index":14,
            "utterance":"何かしたいスポーツがあったりしますか？"
        },
        {
            "speaker":"U",
            "time":"18.10.2020 21:22:26",
            "turn-index":15,
            "utterance":"サッカーが好きです。"
        },
        {
            "speaker":"S",
            "time":"18.10.2020 21:22:28",
            "turn-index":16,
            "utterance":"食べることは幸せですよね、何が一番好きですか？"
        },
        {
            "speaker":"U",
            "time":"18.10.2020 21:22:39",
            "turn-index":17,
            "utterance":"お寿司です。"
        },
        {
            "speaker":"S",
            "time":"18.10.2020 21:22:41",
            "turn-index":18,
            "utterance":"あまり寝れていないのですか？体調が心配ですね、大丈夫ですか？"
        },
        {
            "speaker":"U",
            "time":"18.10.2020 21:22:56",
            "turn-index":19,
            "utterance":"大丈夫です。"
        },
        {
            "speaker":"S",
            "time":"18.10.2020 21:22:59",
            "turn-index":20,
            "utterance":"外食とかの繰り返しだとスポーツをしないとですね、何かやられていますか？"
        },
        {
            "speaker":"U",
            "time":"18.10.2020 21:23:26",
            "turn-index":21,
            "utterance":"恐竜も屋久島も興味ないのね。"
        },
        {
            "speaker":"S",
            "time":"18.10.2020 21:23:28",
            "turn-index":22,
            "utterance":"夜更かし気味なんですね、体調には気をつけてください。笑"
        },
        {
            "speaker":"U",
            "time":"18.10.2020 21:23:36",
            "turn-index":23,
            "utterance":"気を付けます。"
        },
        {
            "speaker":"S",
            "time":"18.10.2020 21:23:38",
            "turn-index":24,
            "utterance":"早めに寝て、ちゃんと布団で寝ることが健康の基本です！"
        },
        {
            "speaker":"U",
            "time":"18.10.2020 21:24:08",
            "turn-index":25,
            "utterance":"早寝早起きは基本だね。"
        },
        {
            "speaker":"S",
            "time":"18.10.2020 21:24:10",
            "turn-index":26,
            "utterance":"これまで何かスポーツとかしていたんですか？"
        },
        {
            "speaker":"U",
            "time":"18.10.2020 21:24:19",
            "turn-index":27,
            "utterance":"体操。"
        },
        {
            "speaker":"S",
            "time":"18.10.2020 21:24:23",
            "turn-index":28,
            "utterance":"布団に入る時間が遅いとかはないですか？"
        },
        {
            "speaker":"U",
            "time":"18.10.2020 21:24:34",
            "turn-index":29,
            "utterance":"遅いときもあります。"
        },
        {
            "speaker":"S",
            "time":"18.10.2020 21:24:34",
            "turn-index":30,
            "utterance":"いろいろお話できて楽しかったです！"
        }
    ]
}