{
    "dialogue-id":"MM2_18",
    "group-id":"",
    "speaker-id":"MMI2020",
    "turns":[
        {
            "speaker":"S",
            "time":"19.10.2020 00:04:23",
            "turn-index":0,
            "utterance":"こんにちは、健康管理を補助するボットです！対話を始めましょう！"
        },
        {
            "speaker":"U",
            "time":"19.10.2020 00:04:36",
            "turn-index":1,
            "utterance":"こんにちは、よろしくお願いします。"
        },
        {
            "speaker":"S",
            "time":"19.10.2020 00:04:37",
            "turn-index":2,
            "utterance":"最近秋ですね！秋といえば「食欲の秋」ですね！"
        },
        {
            "speaker":"U",
            "time":"19.10.2020 00:05:17",
            "turn-index":3,
            "utterance":"そうですね。食欲がわきますね。ところで銀河鉄道999はご存じですか？"
        },
        {
            "speaker":"S",
            "time":"19.10.2020 00:05:18",
            "turn-index":4,
            "utterance":"食べ物が美味しいからですもんね、でも食べ過ぎには気をつけないと。笑"
        },
        {
            "speaker":"U",
            "time":"19.10.2020 00:06:07",
            "turn-index":5,
            "utterance":"そうですね。食べすぎには注意しましょう。銀河鉄道999で一番好きなキャラクターは誰ですか？"
        },
        {
            "speaker":"S",
            "time":"19.10.2020 00:06:08",
            "turn-index":6,
            "utterance":"涼しいですしなにかスポーツがしてみたいですね！"
        },
        {
            "speaker":"U",
            "time":"19.10.2020 00:06:44",
            "turn-index":7,
            "utterance":"そうですね。スポーツも楽しい時期ですね。私はメーテルが一番のお気に入りです。"
        },
        {
            "speaker":"S",
            "time":"19.10.2020 00:06:45",
            "turn-index":8,
            "utterance":"自炊していらっしゃるんですね！すごいです！"
        },
        {
            "speaker":"U",
            "time":"19.10.2020 00:07:46",
            "turn-index":9,
            "utterance":"料理は好きですからね。メーテルの他には鉄郎も好きなキャラクターです。"
        },
        {
            "speaker":"S",
            "time":"19.10.2020 00:07:47",
            "turn-index":10,
            "utterance":"好きなもの食べるとストレスの解消にもなり、グッスリ眠れますね〜"
        },
        {
            "speaker":"U",
            "time":"19.10.2020 00:08:38",
            "turn-index":11,
            "utterance":"そうですね。熟睡も大事ですからね。銀河鉄道999の話にもどりますが、車掌もいい味して大事なキャラでしたね。"
        },
        {
            "speaker":"S",
            "time":"19.10.2020 00:08:39",
            "turn-index":12,
            "utterance":"何かしたいスポーツがあったりしますか？"
        },
        {
            "speaker":"U",
            "time":"19.10.2020 00:09:43",
            "turn-index":13,
            "utterance":"そうですね。バスケットボールは好きです。銀河鉄道999はストーリーが切なくてとても良いアニメでしたね。"
        },
        {
            "speaker":"S",
            "time":"19.10.2020 00:09:44",
            "turn-index":14,
            "utterance":"食べることは幸せですよね、何が一番好きですか？"
        },
        {
            "speaker":"U",
            "time":"19.10.2020 00:10:20",
            "turn-index":15,
            "utterance":"最近はラーメンと餃子が好物です。ところで動物には興味はありますか？"
        },
        {
            "speaker":"S",
            "time":"19.10.2020 00:10:21",
            "turn-index":16,
            "utterance":"運動していたらしっかり布団で寝て疲れを取ることが重要ですね！"
        },
        {
            "speaker":"U",
            "time":"19.10.2020 00:10:51",
            "turn-index":17,
            "utterance":"運動するとぐっすり眠れますからね。何かペットを飼ったことはありますか。"
        },
        {
            "speaker":"S",
            "time":"19.10.2020 00:10:52",
            "turn-index":18,
            "utterance":"あまり寝れていないのですか？体調が心配ですね、大丈夫ですか？"
        },
        {
            "speaker":"U",
            "time":"19.10.2020 00:11:22",
            "turn-index":19,
            "utterance":"いいえ。熟睡できているので大丈夫ですよ。私はインコを飼ったことがあります。"
        },
        {
            "speaker":"S",
            "time":"19.10.2020 00:11:23",
            "turn-index":20,
            "utterance":"外食とかの繰り返しだとスポーツをしないとですね、何かやられていますか？"
        },
        {
            "speaker":"U",
            "time":"19.10.2020 00:12:07",
            "turn-index":21,
            "utterance":"バスケットボールは以前からしていました。鳥ってかわいいしかっこいいですねよ。"
        },
        {
            "speaker":"S",
            "time":"19.10.2020 00:12:08",
            "turn-index":22,
            "utterance":"早めに寝て、ちゃんと布団で寝ることが健康の基本です！"
        },
        {
            "speaker":"U",
            "time":"19.10.2020 00:12:35",
            "turn-index":23,
            "utterance":"そうですね。インコは良く遊んで良く寝ていましたね。"
        },
        {
            "speaker":"S",
            "time":"19.10.2020 00:12:37",
            "turn-index":24,
            "utterance":"夜更かし気味なんですね、体調には気をつけてください。笑"
        },
        {
            "speaker":"U",
            "time":"19.10.2020 00:13:26",
            "turn-index":25,
            "utterance":"そうですね。鳥みたいに早寝早起きしないとだめですね。"
        },
        {
            "speaker":"S",
            "time":"19.10.2020 00:13:27",
            "turn-index":26,
            "utterance":"日によってはまだ暑かったりしますが、毎日ちゃんと食べられていますか？"
        },
        {
            "speaker":"U",
            "time":"19.10.2020 00:13:51",
            "turn-index":27,
            "utterance":"食事はきちんととれています。昨日も牛肉をたべました。"
        },
        {
            "speaker":"S",
            "time":"19.10.2020 00:13:53",
            "turn-index":28,
            "utterance":"外食では普段何を食べているんですか？"
        },
        {
            "speaker":"U",
            "time":"19.10.2020 00:14:24",
            "turn-index":29,
            "utterance":"あまり外食はしませんが、外食した時は牛や豚、鳥肉を食べますね。"
        },
        {
            "speaker":"S",
            "time":"19.10.2020 00:14:24",
            "turn-index":30,
            "utterance":"いろいろお話できて楽しかったです！"
        }
    ]
}