{
    "dialogue-id":"MM2_05",
    "group-id":"",
    "speaker-id":"MMI2020",
    "turns":[
        {
            "speaker":"S",
            "time":"18.10.2020 20:19:12",
            "turn-index":0,
            "utterance":"こんにちは、健康管理を補助するボットです！対話を始めましょう！"
        },
        {
            "speaker":"U",
            "time":"18.10.2020 20:19:41",
            "turn-index":1,
            "utterance":"最近スヌーピ－の漫画をよく読みます"
        },
        {
            "speaker":"S",
            "time":"18.10.2020 20:19:41",
            "turn-index":2,
            "utterance":"最近秋ですね！秋といえば「食欲の秋」ですね！"
        },
        {
            "speaker":"U",
            "time":"18.10.2020 20:20:03",
            "turn-index":3,
            "utterance":"ピーナッツっていうんですけど。おもしろいですよ。"
        },
        {
            "speaker":"S",
            "time":"18.10.2020 20:20:04",
            "turn-index":4,
            "utterance":"食べ物が美味しいからですもんね、でも食べ過ぎには気をつけないと。笑"
        },
        {
            "speaker":"U",
            "time":"18.10.2020 20:20:29",
            "turn-index":5,
            "utterance":"ちょっとブラックユーモア的な感じです。"
        },
        {
            "speaker":"S",
            "time":"18.10.2020 20:20:30",
            "turn-index":6,
            "utterance":"自炊していらっしゃるんですね！すごいです！"
        },
        {
            "speaker":"U",
            "time":"18.10.2020 20:21:04",
            "turn-index":7,
            "utterance":"ジブリ映画もよく見ます"
        },
        {
            "speaker":"S",
            "time":"18.10.2020 20:21:05",
            "turn-index":8,
            "utterance":"好きなもの食べるとストレスの解消にもなり、グッスリ眠れますね〜"
        },
        {
            "speaker":"U",
            "time":"18.10.2020 20:21:39",
            "turn-index":9,
            "utterance":"おもひでぽろぽろはいい話ですよ。"
        },
        {
            "speaker":"S",
            "time":"18.10.2020 20:21:41",
            "turn-index":10,
            "utterance":"涼しいですしなにかスポーツがしてみたいですね！"
        },
        {
            "speaker":"U",
            "time":"18.10.2020 20:22:02",
            "turn-index":11,
            "utterance":"あの二人はうまくいくといいですねぇ"
        },
        {
            "speaker":"S",
            "time":"18.10.2020 20:22:04",
            "turn-index":12,
            "utterance":"何かしたいスポーツがあったりしますか？"
        },
        {
            "speaker":"U",
            "time":"18.10.2020 20:22:20",
            "turn-index":13,
            "utterance":"スバルの車も出てきます"
        },
        {
            "speaker":"S",
            "time":"18.10.2020 20:22:22",
            "turn-index":14,
            "utterance":"食べることは幸せですよね、何が一番好きですか？"
        },
        {
            "speaker":"U",
            "time":"18.10.2020 20:22:37",
            "turn-index":15,
            "utterance":"坂で止まっちゃうんですね"
        },
        {
            "speaker":"S",
            "time":"18.10.2020 20:22:39",
            "turn-index":16,
            "utterance":"運動していたらしっかり布団で寝て疲れを取ることが重要ですね！"
        },
        {
            "speaker":"U",
            "time":"18.10.2020 20:23:00",
            "turn-index":17,
            "utterance":"表情も豊かですごいですよ"
        },
        {
            "speaker":"S",
            "time":"18.10.2020 20:23:02",
            "turn-index":18,
            "utterance":"あまり寝れていないのですか？体調が心配ですね、大丈夫ですか？"
        },
        {
            "speaker":"U",
            "time":"18.10.2020 20:23:26",
            "turn-index":19,
            "utterance":"もっとたくさん映画を見たいと思います"
        },
        {
            "speaker":"S",
            "time":"18.10.2020 20:23:28",
            "turn-index":20,
            "utterance":"早めに寝て、ちゃんと布団で寝ることが健康の基本です！"
        },
        {
            "speaker":"U",
            "time":"18.10.2020 20:23:50",
            "turn-index":21,
            "utterance":"でもジブリ映画はたくさんありますねぇ"
        },
        {
            "speaker":"S",
            "time":"18.10.2020 20:23:53",
            "turn-index":22,
            "utterance":"外食とかの繰り返しだとスポーツをしないとですね、何かやられていますか？"
        },
        {
            "speaker":"U",
            "time":"18.10.2020 20:24:07",
            "turn-index":23,
            "utterance":"見るのも大変です"
        },
        {
            "speaker":"S",
            "time":"18.10.2020 20:24:17",
            "turn-index":24,
            "utterance":"夜更かし気味なんですね、体調には気をつけてください。笑"
        },
        {
            "speaker":"U",
            "time":"18.10.2020 20:24:26",
            "turn-index":25,
            "utterance":"そうですね"
        },
        {
            "speaker":"S",
            "time":"18.10.2020 20:24:28",
            "turn-index":26,
            "utterance":"布団に入る時間が遅いとかはないですか？"
        },
        {
            "speaker":"U",
            "time":"18.10.2020 20:24:44",
            "turn-index":27,
            "utterance":"ついつい夜更かしをしてしまいます"
        },
        {
            "speaker":"S",
            "time":"18.10.2020 20:24:47",
            "turn-index":28,
            "utterance":"これまで何かスポーツとかしていたんですか？"
        },
        {
            "speaker":"U",
            "time":"18.10.2020 20:25:04",
            "turn-index":29,
            "utterance":"だから朝がとても眠いです"
        },
        {
            "speaker":"S",
            "time":"18.10.2020 20:25:05",
            "turn-index":30,
            "utterance":"いろいろお話できて楽しかったです！"
        }
    ]
}