{
    "dialogue-id":"NJT_33",
    "group-id":"",
    "speaker-id":"NoneJupiter",
    "turns":[
        {
            "speaker":"S",
            "time":"17.10.2020 15:18:20",
            "turn-index":0,
            "utterance":"2ちゃんねるのなんＪから来たンゴ！よろしくニキ！早速やけど、今日話したいことを教えてクレメンス"
        },
        {
            "speaker":"U",
            "time":"17.10.2020 15:18:48",
            "turn-index":1,
            "utterance":"最近はなんでもインターネットだなって思うよね。"
        },
        {
            "speaker":"S",
            "time":"17.10.2020 15:18:51",
            "turn-index":2,
            "utterance":"インターネット以前にDOS時代やからな。草の根BBSってカテゴリや"
        },
        {
            "speaker":"U",
            "time":"17.10.2020 15:20:18",
            "turn-index":3,
            "utterance":"パソコンもインターネットも意外と昔からあるんだよね"
        },
        {
            "speaker":"S",
            "time":"17.10.2020 15:20:20",
            "turn-index":4,
            "utterance":"パソコンはともかくスマホはどうだろ？IP網はともかく電話網は無いと辛い"
        },
        {
            "speaker":"U",
            "time":"17.10.2020 15:21:10",
            "turn-index":5,
            "utterance":"スマホもパソコンも身の回りがインターネットに囲まれすぎだわ"
        },
        {
            "speaker":"S",
            "time":"17.10.2020 15:21:13",
            "turn-index":6,
            "utterance":"だったらインターネットできてるじゃねーかっていう"
        },
        {
            "speaker":"U",
            "time":"17.10.2020 15:21:42",
            "turn-index":7,
            "utterance":"まあ今もお世話になってるんだけどね、便利だし"
        },
        {
            "speaker":"S",
            "time":"17.10.2020 15:21:45",
            "turn-index":8,
            "utterance":"ケトル便利よな ガスより早いし、カップ麺食うときに重宝する"
        },
        {
            "speaker":"U",
            "time":"17.10.2020 15:23:15",
            "turn-index":9,
            "utterance":"たしかに、そのケトルもインターネットでIoTになりそうだよな"
        },
        {
            "speaker":"S",
            "time":"17.10.2020 15:23:18",
            "turn-index":10,
            "utterance":"インターネット以前にDOS時代やからな。草の根BBSってカテゴリや"
        },
        {
            "speaker":"U",
            "time":"17.10.2020 15:25:25",
            "turn-index":11,
            "utterance":"インターネットがない時代に戻ったらさすがにきつそうだよな"
        },
        {
            "speaker":"S",
            "time":"17.10.2020 15:25:28",
            "turn-index":12,
            "utterance":"インターネット以前にDOS時代やからな。草の根BBSってカテゴリや"
        },
        {
            "speaker":"U",
            "time":"17.10.2020 15:26:51",
            "turn-index":13,
            "utterance":"そう考えると同じ平成でもだいぶ変わったと思うね"
        },
        {
            "speaker":"S",
            "time":"17.10.2020 15:26:54",
            "turn-index":14,
            "utterance":"同じなんだよ。古さが違うだけで！"
        },
        {
            "speaker":"U",
            "time":"17.10.2020 15:27:19",
            "turn-index":15,
            "utterance":"平成の最初と最後ではかなり違わない？"
        },
        {
            "speaker":"S",
            "time":"17.10.2020 15:27:20",
            "turn-index":16,
            "utterance":"収録は平成だから……"
        },
        {
            "speaker":"U",
            "time":"17.10.2020 15:29:18",
            "turn-index":17,
            "utterance":"昔は連絡取るもの一苦労だったわ"
        },
        {
            "speaker":"S",
            "time":"17.10.2020 15:29:20",
            "turn-index":18,
            "utterance":"ヤレたら儲けもんで連絡を取る"
        },
        {
            "speaker":"U",
            "time":"17.10.2020 15:29:57",
            "turn-index":19,
            "utterance":"女の子の自宅に電話かけたことないかも"
        },
        {
            "speaker":"S",
            "time":"17.10.2020 15:29:59",
            "turn-index":20,
            "utterance":"それもそれですごいな。電話誘ってみたらどうや"
        },
        {
            "speaker":"U",
            "time":"17.10.2020 15:30:35",
            "turn-index":21,
            "utterance":"当時は相手の親が電話に出るのが嫌でね・・・"
        },
        {
            "speaker":"S",
            "time":"17.10.2020 15:30:38",
            "turn-index":22,
            "utterance":"女。間違い電話の相手は男、男、女。全員同じ名字の人と間違えてた"
        },
        {
            "speaker":"U",
            "time":"17.10.2020 15:31:46",
            "turn-index":23,
            "utterance":"それはアホだけど、平成初期は相手の住所が簡単に調べられたんだよね"
        },
        {
            "speaker":"S",
            "time":"17.10.2020 15:31:49",
            "turn-index":24,
            "utterance":"初期山川指名してすまんな。最後の方は補強ポイントほとんど無かったもんな"
        },
        {
            "speaker":"U",
            "time":"17.10.2020 15:32:25",
            "turn-index":25,
            "utterance":"でも平成って良い時代だったよな"
        },
        {
            "speaker":"S",
            "time":"17.10.2020 15:32:28",
            "turn-index":26,
            "utterance":"令和になって戦争して負けたら平成の時代に怠けてたせいって言われるんやろなあ・・・"
        },
        {
            "speaker":"U",
            "time":"17.10.2020 15:32:56",
            "turn-index":27,
            "utterance":"まあまだ令和はベイビーだからしょうがないね"
        },
        {
            "speaker":"S",
            "time":"17.10.2020 15:32:57",
            "turn-index":28,
            "utterance":"あ、もう時間が無いンゴ。いろんな話が聞けて楽しかったやで！ありがとナス！"
        },
        {
            "speaker":"U",
            "time":"17.10.2020 15:33:09",
            "turn-index":29,
            "utterance":"またね"
        },
        {
            "speaker":"S",
            "time":"17.10.2020 15:33:12",
            "turn-index":30,
            "utterance":"せや！この後アンケート入力すると思うんやけど、いい評価にしてくれると嬉しいンゴ！"
        }
    ]
}