{
    "dialogue-id":"NJT_18",
    "group-id":"",
    "speaker-id":"NoneJupiter",
    "turns":[
        {
            "speaker":"S",
            "time":"17.10.2020 14:28:45",
            "turn-index":0,
            "utterance":"2ちゃんねるのなんＪから来たンゴ！よろしくニキ！早速やけど、今日話したいことを教えてクレメンス"
        },
        {
            "speaker":"U",
            "time":"17.10.2020 14:30:45",
            "turn-index":1,
            "utterance":"メキシコについて話したい"
        },
        {
            "speaker":"S",
            "time":"17.10.2020 14:30:47",
            "turn-index":2,
            "utterance":"良く分からんけど艦これのイラストについてやろ"
        },
        {
            "speaker":"U",
            "time":"17.10.2020 14:31:10",
            "turn-index":3,
            "utterance":"艦これにメキシコのイラストついているの知らなかった！"
        },
        {
            "speaker":"S",
            "time":"17.10.2020 14:31:13",
            "turn-index":4,
            "utterance":"とりあえず艦これの人型じゃない敵を当てれたら正解としてた"
        },
        {
            "speaker":"U",
            "time":"17.10.2020 14:31:45",
            "turn-index":5,
            "utterance":"艦これやった事なくて詳しく知らないんです"
        },
        {
            "speaker":"S",
            "time":"17.10.2020 14:31:47",
            "turn-index":6,
            "utterance":"すまんが艦これワールドは詳しく知らん。愛宕はレイテ沖海戦の時の栗田長官行率いる第一遊撃部隊の旗艦。米潜水艦の雷撃で沈んだ艦だ"
        },
        {
            "speaker":"U",
            "time":"17.10.2020 14:32:09",
            "turn-index":7,
            "utterance":"難しそうなイメージですね。"
        },
        {
            "speaker":"S",
            "time":"17.10.2020 14:32:11",
            "turn-index":8,
            "utterance":"難しいよほんとに。どうしろっていうんだ"
        },
        {
            "speaker":"U",
            "time":"17.10.2020 14:32:19",
            "turn-index":9,
            "utterance":"本当だよね。"
        },
        {
            "speaker":"S",
            "time":"17.10.2020 14:32:21",
            "turn-index":10,
            "utterance":"後は自身のプライドの問題だよね。きっと相手はそこを支配してるって快感もある訳だから"
        },
        {
            "speaker":"U",
            "time":"17.10.2020 14:32:53",
            "turn-index":11,
            "utterance":"大航海時代はやった事があるけれど面白いよ！"
        },
        {
            "speaker":"S",
            "time":"17.10.2020 14:32:56",
            "turn-index":12,
            "utterance":"確かに違うけど大航海時代はすこ。一時期コーエーがやってたリコエイションとかいうジャンルすこ"
        },
        {
            "speaker":"U",
            "time":"17.10.2020 14:33:24",
            "turn-index":13,
            "utterance":"あれはリコエイションっていうジャンルなんだ？とにかく冒険している感じが好きだった！"
        },
        {
            "speaker":"S",
            "time":"17.10.2020 14:33:28",
            "turn-index":14,
            "utterance":"やったかどうかは知らないけど、桃太郎とかあればそっちのほうが、かなり冒険感あるんじゃない？古き良きRPGやね"
        },
        {
            "speaker":"U",
            "time":"17.10.2020 14:34:01",
            "turn-index":15,
            "utterance":"桃太郎よりは船が出てくる大航海時代の方が冒険感は強いよ！"
        },
        {
            "speaker":"S",
            "time":"17.10.2020 14:34:03",
            "turn-index":16,
            "utterance":"桃太郎が英米兵を尋問するシーンはプロパガンダ映画が、どういうものかがよく判る好例だな"
        },
        {
            "speaker":"U",
            "time":"17.10.2020 14:34:39",
            "turn-index":17,
            "utterance":"航海して新しい大陸を見つけていく感じとかは病みつきになる！"
        },
        {
            "speaker":"S",
            "time":"17.10.2020 14:34:41",
            "turn-index":18,
            "utterance":"大航海被ってて草。サル伝説"
        },
        {
            "speaker":"U",
            "time":"17.10.2020 14:35:03",
            "turn-index":19,
            "utterance":"大航海時代はやったことある？"
        },
        {
            "speaker":"S",
            "time":"17.10.2020 14:35:05",
            "turn-index":20,
            "utterance":"確かに違うけど大航海時代はすこ。一時期コーエーがやってたリコエイションとかいうジャンルすこ"
        },
        {
            "speaker":"U",
            "time":"17.10.2020 14:35:25",
            "turn-index":21,
            "utterance":"あのゲームでもメキシコ行けるのかなｗ"
        },
        {
            "speaker":"S",
            "time":"17.10.2020 14:35:27",
            "turn-index":22,
            "utterance":"ゲーム部一応見てるけど自分のやってるゲームはかっそかそだね。艦これFGOシャドバデレステくらいしか人がいない"
        },
        {
            "speaker":"U",
            "time":"17.10.2020 14:35:53",
            "turn-index":23,
            "utterance":"過疎っちゃうとやっててつまらなくなっちゃうよね。"
        },
        {
            "speaker":"S",
            "time":"17.10.2020 14:35:55",
            "turn-index":24,
            "utterance":"過疎ってたらつまんないじゃん"
        },
        {
            "speaker":"U",
            "time":"17.10.2020 14:36:23",
            "turn-index":25,
            "utterance":"本当それ。でも大航海時代コアなファンいるし人も多い"
        },
        {
            "speaker":"S",
            "time":"17.10.2020 14:36:25",
            "turn-index":26,
            "utterance":"大航海時代IVではお世話になった"
        },
        {
            "speaker":"U",
            "time":"17.10.2020 14:36:36",
            "turn-index":27,
            "utterance":"４やったことあるんだ？"
        },
        {
            "speaker":"S",
            "time":"17.10.2020 14:36:38",
            "turn-index":28,
            "utterance":"あ、もう時間が無いンゴ。いろんな話が聞けて楽しかったやで！ありがとナス！"
        },
        {
            "speaker":"U",
            "time":"17.10.2020 14:36:53",
            "turn-index":29,
            "utterance":"あい！ありがとう！"
        },
        {
            "speaker":"S",
            "time":"17.10.2020 14:36:55",
            "turn-index":30,
            "utterance":"せや！この後アンケート入力すると思うんやけど、いい評価にしてくれると嬉しいンゴ！"
        }
    ]
}