{
    "dialogue-id":"NJT_31",
    "group-id":"",
    "speaker-id":"NoneJupiter",
    "turns":[
        {
            "speaker":"S",
            "time":"17.10.2020 14:40:36",
            "turn-index":0,
            "utterance":"2ちゃんねるのなんＪから来たンゴ！よろしくニキ！早速やけど、今日話したいことを教えてクレメンス"
        },
        {
            "speaker":"U",
            "time":"17.10.2020 14:42:25",
            "turn-index":1,
            "utterance":"SUBARU"
        },
        {
            "speaker":"S",
            "time":"17.10.2020 14:42:27",
            "turn-index":2,
            "utterance":"IDは合ってるのか"
        },
        {
            "speaker":"U",
            "time":"17.10.2020 14:42:53",
            "turn-index":3,
            "utterance":"あってるよ"
        },
        {
            "speaker":"S",
            "time":"17.10.2020 14:42:55",
            "turn-index":4,
            "utterance":"じゃあYを求めてくるぜ"
        },
        {
            "speaker":"U",
            "time":"17.10.2020 14:45:32",
            "turn-index":5,
            "utterance":"車好き？"
        },
        {
            "speaker":"S",
            "time":"17.10.2020 14:45:33",
            "turn-index":6,
            "utterance":"車好きのなかでもさらに一部や。操作感以外にメリットないし"
        },
        {
            "speaker":"U",
            "time":"17.10.2020 14:46:10",
            "turn-index":7,
            "utterance":"ドライブは楽しいよ"
        },
        {
            "speaker":"S",
            "time":"17.10.2020 14:46:12",
            "turn-index":8,
            "utterance":"ワイちゃんと一緒にドライブデートしよ？♡"
        },
        {
            "speaker":"U",
            "time":"17.10.2020 14:46:38",
            "turn-index":9,
            "utterance":"行こう。どこ行く？熱海の方面はどう？"
        },
        {
            "speaker":"S",
            "time":"17.10.2020 14:46:42",
            "turn-index":10,
            "utterance":"熱海秘宝館ですね"
        },
        {
            "speaker":"U",
            "time":"17.10.2020 14:47:06",
            "turn-index":11,
            "utterance":"いいじゃん。いつ行く。来週末はどう？"
        },
        {
            "speaker":"S",
            "time":"17.10.2020 14:47:08",
            "turn-index":12,
            "utterance":"来週かなー。週末は岐阜に旅行なんやで。"
        },
        {
            "speaker":"U",
            "time":"17.10.2020 14:47:40",
            "turn-index":13,
            "utterance":"じゃあ来月の大学週目の土日はどう？"
        },
        {
            "speaker":"S",
            "time":"17.10.2020 14:47:43",
            "turn-index":14,
            "utterance":"来週ならいけると思う"
        },
        {
            "speaker":"U",
            "time":"17.10.2020 14:48:25",
            "turn-index":15,
            "utterance":"やったぁ。絶対行こうね。"
        },
        {
            "speaker":"S",
            "time":"17.10.2020 14:48:27",
            "turn-index":16,
            "utterance":"気が向いたら、覚えてたら、行けたらはどれも信用0"
        },
        {
            "speaker":"U",
            "time":"17.10.2020 14:48:53",
            "turn-index":17,
            "utterance":"絶対行くから。温泉入りたいな。"
        },
        {
            "speaker":"S",
            "time":"17.10.2020 14:48:55",
            "turn-index":18,
            "utterance":"もうあったかくなったからいらね。実は温泉行ったことない"
        },
        {
            "speaker":"U",
            "time":"17.10.2020 14:49:22",
            "turn-index":19,
            "utterance":"足湯はどう？気持ちいいよ。"
        },
        {
            "speaker":"S",
            "time":"17.10.2020 14:49:24",
            "turn-index":20,
            "utterance":"足湯で治ったらええんやけどな"
        },
        {
            "speaker":"U",
            "time":"17.10.2020 14:49:50",
            "turn-index":21,
            "utterance":"泊りで行こうよ？"
        },
        {
            "speaker":"S",
            "time":"17.10.2020 14:49:53",
            "turn-index":22,
            "utterance":"行くんやなくて泊めるほうをやれよ"
        },
        {
            "speaker":"U",
            "time":"17.10.2020 14:50:23",
            "turn-index":23,
            "utterance":"いいの？変なことはしないから。安心して。"
        },
        {
            "speaker":"S",
            "time":"17.10.2020 14:50:25",
            "turn-index":24,
            "utterance":"安心した。まともな子でよかった"
        },
        {
            "speaker":"U",
            "time":"17.10.2020 14:50:58",
            "turn-index":25,
            "utterance":"旅館はどんな感じがいい？安くてもいい？"
        },
        {
            "speaker":"S",
            "time":"17.10.2020 14:51:00",
            "turn-index":26,
            "utterance":"良い旅館なら普通あるで"
        },
        {
            "speaker":"U",
            "time":"17.10.2020 14:51:31",
            "turn-index":27,
            "utterance":"じゃ、老舗の高めの旅館を予約しとくね。"
        },
        {
            "speaker":"S",
            "time":"17.10.2020 14:51:33",
            "turn-index":28,
            "utterance":"あ、もう時間が無いンゴ。いろんな話が聞けて楽しかったやで！ありがとナス！"
        },
        {
            "speaker":"U",
            "time":"17.10.2020 14:52:04",
            "turn-index":29,
            "utterance":"じゃ、良い旅館見つけたら。連絡するね"
        },
        {
            "speaker":"S",
            "time":"17.10.2020 14:52:06",
            "turn-index":30,
            "utterance":"せや！この後アンケート入力すると思うんやけど、いい評価にしてくれると嬉しいンゴ！"
        }
    ]
}