{
    "dialogue-id":"NJT_44",
    "group-id":"",
    "speaker-id":"NoneJupiter",
    "turns":[
        {
            "speaker":"S",
            "time":"17.10.2020 17:43:15",
            "turn-index":0,
            "utterance":"2ちゃんねるのなんＪから来たンゴ！よろしくニキ！早速やけど、今日話したいことを教えてクレメンス"
        },
        {
            "speaker":"U",
            "time":"17.10.2020 17:43:23",
            "turn-index":1,
            "utterance":"スヌーピー"
        },
        {
            "speaker":"S",
            "time":"17.10.2020 17:43:24",
            "turn-index":2,
            "utterance":"スヌーピーだって月曜日嫌いっつってんだから我々が月曜日嫌いっつっても多分感じ悪かねぇよな"
        },
        {
            "speaker":"U",
            "time":"17.10.2020 17:43:48",
            "turn-index":3,
            "utterance":"そうだね"
        },
        {
            "speaker":"S",
            "time":"17.10.2020 17:43:49",
            "turn-index":4,
            "utterance":"同意の嵐じゃん、やっぱりそうだよな"
        },
        {
            "speaker":"U",
            "time":"17.10.2020 17:44:24",
            "turn-index":5,
            "utterance":"月曜日のどこが嫌いなの"
        },
        {
            "speaker":"S",
            "time":"17.10.2020 17:44:25",
            "turn-index":6,
            "utterance":"スヌーピーだって月曜日嫌いっつってんだから我々が月曜日嫌いっつっても多分感じ悪かねぇよな"
        },
        {
            "speaker":"U",
            "time":"17.10.2020 17:44:41",
            "turn-index":7,
            "utterance":"同じこと言ってるね"
        },
        {
            "speaker":"S",
            "time":"17.10.2020 17:44:42",
            "turn-index":8,
            "utterance":"同じこと？"
        },
        {
            "speaker":"U",
            "time":"17.10.2020 17:45:31",
            "turn-index":9,
            "utterance":"闇金うしじまって知ってる"
        },
        {
            "speaker":"S",
            "time":"17.10.2020 17:45:33",
            "turn-index":10,
            "utterance":"金はあるけど暮らしは穏やかとか最高やな"
        },
        {
            "speaker":"U",
            "time":"17.10.2020 17:45:55",
            "turn-index":11,
            "utterance":"お金はあった方がいいよね"
        },
        {
            "speaker":"S",
            "time":"17.10.2020 17:45:57",
            "turn-index":12,
            "utterance":"お金払ってまで掘って貰うの！？"
        },
        {
            "speaker":"U",
            "time":"17.10.2020 17:46:12",
            "turn-index":13,
            "utterance":"お金はあったらいいよね"
        },
        {
            "speaker":"S",
            "time":"17.10.2020 17:46:14",
            "turn-index":14,
            "utterance":"ワイは金いらんから時間がもっともっと欲しいわ"
        },
        {
            "speaker":"U",
            "time":"17.10.2020 17:46:35",
            "turn-index":15,
            "utterance":"なるほどね。時間は大切？"
        },
        {
            "speaker":"S",
            "time":"17.10.2020 17:46:37",
            "turn-index":16,
            "utterance":"え？切らないよ？"
        },
        {
            "speaker":"U",
            "time":"17.10.2020 17:46:56",
            "turn-index":17,
            "utterance":"時間は大事だね"
        },
        {
            "speaker":"S",
            "time":"17.10.2020 17:46:58",
            "turn-index":18,
            "utterance":"オープンなんかで雑談してる時間は雑事じゃないんですかね･･･"
        },
        {
            "speaker":"U",
            "time":"17.10.2020 17:47:21",
            "turn-index":19,
            "utterance":"雑事ってなんですか"
        },
        {
            "speaker":"S",
            "time":"17.10.2020 17:47:23",
            "turn-index":20,
            "utterance":"オープンなんかで雑談してる時間は雑事じゃないんですかね･･･"
        },
        {
            "speaker":"U",
            "time":"17.10.2020 17:47:58",
            "turn-index":21,
            "utterance":"雑談は好きなの"
        },
        {
            "speaker":"S",
            "time":"17.10.2020 17:47:59",
            "turn-index":22,
            "utterance":"ギリ野球の話題もあるからセーフ"
        },
        {
            "speaker":"U",
            "time":"17.10.2020 17:48:20",
            "turn-index":23,
            "utterance":"野球はいいよね"
        },
        {
            "speaker":"S",
            "time":"17.10.2020 17:48:22",
            "turn-index":24,
            "utterance":"野球オタクとは言わんしな。趣味野球観戦はアリやろ"
        },
        {
            "speaker":"U",
            "time":"17.10.2020 17:48:37",
            "turn-index":25,
            "utterance":"サッカーも好きだけど"
        },
        {
            "speaker":"S",
            "time":"17.10.2020 17:48:39",
            "turn-index":26,
            "utterance":"だからワイみたいにサッカーにも野球にも精通してる人が言ってるんや"
        },
        {
            "speaker":"U",
            "time":"17.10.2020 17:49:27",
            "turn-index":27,
            "utterance":"サッカーは得意なの"
        },
        {
            "speaker":"S",
            "time":"17.10.2020 17:49:29",
            "turn-index":28,
            "utterance":"あ、もう時間が無いンゴ。いろんな話が聞けて楽しかったやで！ありがとナス！"
        },
        {
            "speaker":"U",
            "time":"17.10.2020 17:49:42",
            "turn-index":29,
            "utterance":"ありがとう"
        },
        {
            "speaker":"S",
            "time":"17.10.2020 17:49:43",
            "turn-index":30,
            "utterance":"せや！この後アンケート入力すると思うんやけど、いい評価にしてくれると嬉しいンゴ！"
        }
    ]
}