{
    "dialogue-id":"NJT_32",
    "group-id":"",
    "speaker-id":"NoneJupiter",
    "turns":[
        {
            "speaker":"S",
            "time":"17.10.2020 14:36:38",
            "turn-index":0,
            "utterance":"2ちゃんねるのなんＪから来たンゴ！よろしくニキ！早速やけど、今日話したいことを教えてクレメンス"
        },
        {
            "speaker":"U",
            "time":"17.10.2020 14:36:54",
            "turn-index":1,
            "utterance":"ビットコインって最近どうなんですかね？"
        },
        {
            "speaker":"S",
            "time":"17.10.2020 14:36:58",
            "turn-index":2,
            "utterance":"すまん寝てた、まだ遅くないと思うで、今年はビットコイン元年て言われるぐらい決済手段の導入が進んでる"
        },
        {
            "speaker":"U",
            "time":"17.10.2020 14:37:45",
            "turn-index":3,
            "utterance":"そうなんですか、むしろ始めどきといったところでしょうか"
        },
        {
            "speaker":"S",
            "time":"17.10.2020 14:37:48",
            "turn-index":4,
            "utterance":"今のままでは、どうすることも出ないです"
        },
        {
            "speaker":"U",
            "time":"17.10.2020 14:38:05",
            "turn-index":5,
            "utterance":"ビットコインについて勉強する必要がありそうですね"
        },
        {
            "speaker":"S",
            "time":"17.10.2020 14:38:08",
            "turn-index":6,
            "utterance":"金さえあれば勉強なんて必要ないね"
        },
        {
            "speaker":"U",
            "time":"17.10.2020 14:38:26",
            "turn-index":7,
            "utterance":"その金を得るために勉強するのが必要な気もします。"
        },
        {
            "speaker":"S",
            "time":"17.10.2020 14:38:29",
            "turn-index":8,
            "utterance":"金さえあれば勉強なんて必要ないね"
        },
        {
            "speaker":"U",
            "time":"17.10.2020 14:38:38",
            "turn-index":9,
            "utterance":"ビットコインについて詳しく教えて下さい"
        },
        {
            "speaker":"S",
            "time":"17.10.2020 14:38:40",
            "turn-index":10,
            "utterance":"アルトコインが主だけど、抜きなら1200万円だな"
        },
        {
            "speaker":"U",
            "time":"17.10.2020 14:39:20",
            "turn-index":11,
            "utterance":"ビットコインは今後どうなると思いますか？"
        },
        {
            "speaker":"S",
            "time":"17.10.2020 14:39:23",
            "turn-index":12,
            "utterance":"いくらの時に10ビットコインを手にいれた？"
        },
        {
            "speaker":"U",
            "time":"17.10.2020 14:39:31",
            "turn-index":13,
            "utterance":"まだ手に入れてないです"
        },
        {
            "speaker":"S",
            "time":"17.10.2020 14:39:33",
            "turn-index":14,
            "utterance":"両手で掴もうとしても届かないな"
        },
        {
            "speaker":"U",
            "time":"17.10.2020 14:39:42",
            "turn-index":15,
            "utterance":"ところで、ランボルギーニってかっこいいですよね"
        },
        {
            "speaker":"S",
            "time":"17.10.2020 14:39:45",
            "turn-index":16,
            "utterance":"ランボルギーニやな"
        },
        {
            "speaker":"U",
            "time":"17.10.2020 14:40:04",
            "turn-index":17,
            "utterance":"ランボルギーニってどの国の車でしたっけ？"
        },
        {
            "speaker":"S",
            "time":"17.10.2020 14:40:07",
            "turn-index":18,
            "utterance":"ランボルギーニも人気あるよね"
        },
        {
            "speaker":"U",
            "time":"17.10.2020 14:40:31",
            "turn-index":19,
            "utterance":"ランボルギーニはかっこいいですからね"
        },
        {
            "speaker":"S",
            "time":"17.10.2020 14:40:33",
            "turn-index":20,
            "utterance":"ランボルギーニムルシエラゴの扉は電動である。◯か✕か"
        },
        {
            "speaker":"U",
            "time":"17.10.2020 14:40:50",
            "turn-index":21,
            "utterance":"わからないです、答えは？"
        },
        {
            "speaker":"S",
            "time":"17.10.2020 14:40:52",
            "turn-index":22,
            "utterance":"答えは無やな。これはイッチが適当に作っただけで答えなんてないんや！"
        },
        {
            "speaker":"U",
            "time":"17.10.2020 14:41:12",
            "turn-index":23,
            "utterance":"ランボルギーニの扉はみんな手動？"
        },
        {
            "speaker":"S",
            "time":"17.10.2020 14:41:15",
            "turn-index":24,
            "utterance":"ランボルギーニムルシエラゴの扉は電動である。◯か✕か"
        },
        {
            "speaker":"U",
            "time":"17.10.2020 14:41:28",
            "turn-index":25,
            "utterance":"×"
        },
        {
            "speaker":"S",
            "time":"17.10.2020 14:41:29",
            "turn-index":26,
            "utterance":"ファッ！？"
        },
        {
            "speaker":"U",
            "time":"17.10.2020 14:41:44",
            "turn-index":27,
            "utterance":"ランボルギーニムルシエラゴってどんな車ですか？"
        },
        {
            "speaker":"S",
            "time":"17.10.2020 14:41:48",
            "turn-index":28,
            "utterance":"あ、もう時間が無いンゴ。いろんな話が聞けて楽しかったやで！ありがとナス！"
        },
        {
            "speaker":"U",
            "time":"17.10.2020 14:42:03",
            "turn-index":29,
            "utterance":"ありがとうございました！"
        },
        {
            "speaker":"S",
            "time":"17.10.2020 14:42:05",
            "turn-index":30,
            "utterance":"せや！この後アンケート入力すると思うんやけど、いい評価にしてくれると嬉しいンゴ！"
        }
    ]
}