{
    "dialogue-id":"NJT_14",
    "group-id":"",
    "speaker-id":"NoneJupiter",
    "turns":[
        {
            "speaker":"S",
            "time":"17.10.2020 14:47:05",
            "turn-index":0,
            "utterance":"2ちゃんねるのなんＪから来たンゴ！よろしくニキ！早速やけど、今日話したいことを教えてクレメンス"
        },
        {
            "speaker":"U",
            "time":"17.10.2020 14:47:21",
            "turn-index":1,
            "utterance":"最近、長谷川町子にはまってるんですよ～"
        },
        {
            "speaker":"S",
            "time":"17.10.2020 14:47:23",
            "turn-index":2,
            "utterance":"長谷川一番はロマンってよく言われてたねぇ"
        },
        {
            "speaker":"U",
            "time":"17.10.2020 14:47:53",
            "turn-index":3,
            "utterance":"長谷川町子の何がロマンなの？"
        },
        {
            "speaker":"S",
            "time":"17.10.2020 14:47:56",
            "turn-index":4,
            "utterance":"ハム長谷川とかいうハセカラの奇跡"
        },
        {
            "speaker":"U",
            "time":"17.10.2020 14:48:30",
            "turn-index":5,
            "utterance":"奇跡なの？"
        },
        {
            "speaker":"S",
            "time":"17.10.2020 14:48:32",
            "turn-index":6,
            "utterance":"奇跡は2回までやで。5回続いてるんや。つまり、これはなんていうやつなんやろか"
        },
        {
            "speaker":"U",
            "time":"17.10.2020 14:49:06",
            "turn-index":7,
            "utterance":"どういうことなの？"
        },
        {
            "speaker":"S",
            "time":"17.10.2020 14:49:09",
            "turn-index":8,
            "utterance":"というかこれが原因だろ。なにageてんねん"
        },
        {
            "speaker":"U",
            "time":"17.10.2020 14:49:20",
            "turn-index":9,
            "utterance":"ageてないよ、別に。"
        },
        {
            "speaker":"S",
            "time":"17.10.2020 14:49:21",
            "turn-index":10,
            "utterance":"やめてクレメンス。普通に恥ずかしい"
        },
        {
            "speaker":"U",
            "time":"17.10.2020 14:49:38",
            "turn-index":11,
            "utterance":"恥ずかしいの？変な人だねぇ"
        },
        {
            "speaker":"S",
            "time":"17.10.2020 14:49:40",
            "turn-index":12,
            "utterance":"最小でも、耳栓しとったら聞こえるしな。それでもワイは最大やけどな。逆告白とかはかなり恥ずかしいけど、女の子が告白してくれるんやからそれを受け止めるのが男や"
        },
        {
            "speaker":"U",
            "time":"17.10.2020 14:50:04",
            "turn-index":13,
            "utterance":"ところでさ、動物は好き？"
        },
        {
            "speaker":"S",
            "time":"17.10.2020 14:50:06",
            "turn-index":14,
            "utterance":"動物が好きならケニアとかの保護区で生の動物見てみたらどうや？"
        },
        {
            "speaker":"U",
            "time":"17.10.2020 14:50:14",
            "turn-index":15,
            "utterance":"いいねー！行ってみたい！"
        },
        {
            "speaker":"S",
            "time":"17.10.2020 14:50:19",
            "turn-index":16,
            "utterance":"ワイもズムサタ行ってみたい。なおチケット"
        },
        {
            "speaker":"U",
            "time":"17.10.2020 14:51:07",
            "turn-index":17,
            "utterance":"私は動物園に行きたいよ"
        },
        {
            "speaker":"S",
            "time":"17.10.2020 14:51:09",
            "turn-index":18,
            "utterance":"天王寺動物園は、前にいったんよね"
        },
        {
            "speaker":"U",
            "time":"17.10.2020 14:51:17",
            "turn-index":19,
            "utterance":"どうだった？どの動物が良かった？"
        },
        {
            "speaker":"S",
            "time":"17.10.2020 14:51:19",
            "turn-index":20,
            "utterance":"動物が好きならケニアとかの保護区で生の動物見てみたらどうや？"
        },
        {
            "speaker":"U",
            "time":"17.10.2020 14:51:30",
            "turn-index":21,
            "utterance":"でもケニアまで行くのは大変だもん"
        },
        {
            "speaker":"S",
            "time":"17.10.2020 14:51:32",
            "turn-index":22,
            "utterance":"ケニア行くんか すげえな"
        },
        {
            "speaker":"U",
            "time":"17.10.2020 14:51:39",
            "turn-index":23,
            "utterance":"行かないって！"
        },
        {
            "speaker":"S",
            "time":"17.10.2020 14:51:41",
            "turn-index":24,
            "utterance":"行って即帰ろう"
        },
        {
            "speaker":"U",
            "time":"17.10.2020 14:51:54",
            "turn-index":25,
            "utterance":"せっかく行ったら長居したいでしょ"
        },
        {
            "speaker":"S",
            "time":"17.10.2020 14:51:57",
            "turn-index":26,
            "utterance":"宮崎駅もしょっっっっぼいぞ"
        },
        {
            "speaker":"U",
            "time":"17.10.2020 14:52:11",
            "turn-index":27,
            "utterance":"そうなの？なんで宮崎？"
        },
        {
            "speaker":"S",
            "time":"17.10.2020 14:52:12",
            "turn-index":28,
            "utterance":"あ、もう時間が無いンゴ。いろんな話が聞けて楽しかったやで！ありがとナス！"
        },
        {
            "speaker":"U",
            "time":"17.10.2020 14:52:17",
            "turn-index":29,
            "utterance":"ありがとねー"
        },
        {
            "speaker":"S",
            "time":"17.10.2020 14:52:19",
            "turn-index":30,
            "utterance":"せや！この後アンケート入力すると思うんやけど、いい評価にしてくれると嬉しいンゴ！"
        }
    ]
}