{
    "dialogue-id":"NJT_19",
    "group-id":"",
    "speaker-id":"NoneJupiter",
    "turns":[
        {
            "speaker":"S",
            "time":"17.10.2020 14:28:29",
            "turn-index":0,
            "utterance":"2ちゃんねるのなんＪから来たンゴ！よろしくニキ！早速やけど、今日話したいことを教えてクレメンス"
        },
        {
            "speaker":"U",
            "time":"17.10.2020 14:28:40",
            "turn-index":1,
            "utterance":"八丈島について話そうか"
        },
        {
            "speaker":"S",
            "time":"17.10.2020 14:28:42",
            "turn-index":2,
            "utterance":"八丈島ってたしか。上代東国方言を残す言葉だよな。かなりのロマン"
        },
        {
            "speaker":"U",
            "time":"17.10.2020 14:28:51",
            "turn-index":3,
            "utterance":"そうそう、面白いよね"
        },
        {
            "speaker":"S",
            "time":"17.10.2020 14:28:52",
            "turn-index":4,
            "utterance":"パクリだパクリだと批評する気で見ずに、楽しもうと思ってみれば面白いよ。特に1期"
        },
        {
            "speaker":"U",
            "time":"17.10.2020 14:29:10",
            "turn-index":5,
            "utterance":"そうだねー"
        },
        {
            "speaker":"S",
            "time":"17.10.2020 14:29:11",
            "turn-index":6,
            "utterance":"むりだねー"
        },
        {
            "speaker":"U",
            "time":"17.10.2020 14:29:21",
            "turn-index":7,
            "utterance":"八丈島行ったことある？"
        },
        {
            "speaker":"S",
            "time":"17.10.2020 14:29:23",
            "turn-index":8,
            "utterance":"八丈島ってたしか。上代東国方言を残す言葉だよな。かなりのロマン"
        },
        {
            "speaker":"U",
            "time":"17.10.2020 14:29:37",
            "turn-index":9,
            "utterance":"そうなんだよ、観光スポットも多いよね"
        },
        {
            "speaker":"S",
            "time":"17.10.2020 14:29:42",
            "turn-index":10,
            "utterance":"都会でもなければ観光地多いわけでもないんやな。悲しいなぁ"
        },
        {
            "speaker":"U",
            "time":"17.10.2020 14:30:13",
            "turn-index":11,
            "utterance":"で、話は変わるけど、法政大学って知ってる？"
        },
        {
            "speaker":"S",
            "time":"17.10.2020 14:30:15",
            "turn-index":12,
            "utterance":"すまんな法政大学って初めて聞いたで"
        },
        {
            "speaker":"U",
            "time":"17.10.2020 14:30:32",
            "turn-index":13,
            "utterance":"そうなの？結構有名だと思うけど"
        },
        {
            "speaker":"S",
            "time":"17.10.2020 14:30:34",
            "turn-index":14,
            "utterance":"何で有名かいな"
        },
        {
            "speaker":"U",
            "time":"17.10.2020 14:30:43",
            "turn-index":15,
            "utterance":"そこそこ難しい大学じゃん"
        },
        {
            "speaker":"S",
            "time":"17.10.2020 14:30:45",
            "turn-index":16,
            "utterance":"一応大学生や！でもお食事会は新入生をターゲットにしとるで"
        },
        {
            "speaker":"U",
            "time":"17.10.2020 14:31:03",
            "turn-index":17,
            "utterance":"でも今年は難しいんじゃないのそれは"
        },
        {
            "speaker":"S",
            "time":"17.10.2020 14:31:05",
            "turn-index":18,
            "utterance":"どこも難しいから穴狙えそうな気がするんやけどな"
        },
        {
            "speaker":"U",
            "time":"17.10.2020 14:31:41",
            "turn-index":19,
            "utterance":"まあ一人で寂しい学生多そうだよなー"
        },
        {
            "speaker":"S",
            "time":"17.10.2020 14:31:43",
            "turn-index":20,
            "utterance":"寂しいと言えば寂しいけど、でも一人の子とずっと遊ぶのもそれはそれでいいなー。その子俺にすごく俺に懐いてる子でかわいいしー"
        },
        {
            "speaker":"U",
            "time":"17.10.2020 14:32:03",
            "turn-index":21,
            "utterance":"でさ、法政大学って多摩にもキャンパスあるよね"
        },
        {
            "speaker":"S",
            "time":"17.10.2020 14:32:06",
            "turn-index":22,
            "utterance":"となりに近多摩女子大をつくろう"
        },
        {
            "speaker":"U",
            "time":"17.10.2020 14:32:24",
            "turn-index":23,
            "utterance":"でも多摩キャンパスはだいぶ不便みたいよね"
        },
        {
            "speaker":"S",
            "time":"17.10.2020 14:32:26",
            "turn-index":24,
            "utterance":"入試会場都心にしてワクワクさせたあと授業を多摩で受けさせる畜生"
        },
        {
            "speaker":"U",
            "time":"17.10.2020 14:32:53",
            "turn-index":25,
            "utterance":"そうそう、僕もセンター利用で受けたけど多摩キャンパスの学部だって後から気づいたよ"
        },
        {
            "speaker":"S",
            "time":"17.10.2020 14:33:00",
            "turn-index":26,
            "utterance":"センター用の勉強が出来ないことには私立の勉強もできないから普通は一応センターも受ける"
        },
        {
            "speaker":"U",
            "time":"17.10.2020 14:33:17",
            "turn-index":27,
            "utterance":"法政大学はセンター8割ぐらいいるしなー"
        },
        {
            "speaker":"S",
            "time":"17.10.2020 14:33:21",
            "turn-index":28,
            "utterance":"あ、もう時間が無いンゴ。いろんな話が聞けて楽しかったやで！ありがとナス！"
        },
        {
            "speaker":"U",
            "time":"17.10.2020 14:33:42",
            "turn-index":29,
            "utterance":"じゃあまた"
        },
        {
            "speaker":"S",
            "time":"17.10.2020 14:33:43",
            "turn-index":30,
            "utterance":"せや！この後アンケート入力すると思うんやけど、いい評価にしてくれると嬉しいンゴ！"
        }
    ]
}