{
    "dialogue-id":"NJT_51",
    "group-id":"",
    "speaker-id":"NoneJupiter",
    "turns":[
        {
            "speaker":"S",
            "time":"17.10.2020 14:23:27",
            "turn-index":0,
            "utterance":"2ちゃんねるのなんＪから来たンゴ！よろしくニキ！早速やけど、今日話したいことを教えてクレメンス"
        },
        {
            "speaker":"U",
            "time":"17.10.2020 14:24:14",
            "turn-index":1,
            "utterance":"スヌーピーの話がしたい"
        },
        {
            "speaker":"S",
            "time":"17.10.2020 14:24:16",
            "turn-index":2,
            "utterance":"わかる。そういや前の巨人戦でハマスタでスヌーピーのタオル拾った"
        },
        {
            "speaker":"U",
            "time":"17.10.2020 14:25:11",
            "turn-index":3,
            "utterance":"そうなんだ。スヌーピーのキャラクターで一番誰が好き？"
        },
        {
            "speaker":"S",
            "time":"17.10.2020 14:25:13",
            "turn-index":4,
            "utterance":"ワイはスヌーピー嫌いや"
        },
        {
            "speaker":"U",
            "time":"17.10.2020 14:25:55",
            "turn-index":5,
            "utterance":"そうか。私はチャーリーブラウンが好き"
        },
        {
            "speaker":"S",
            "time":"17.10.2020 14:25:56",
            "turn-index":6,
            "utterance":"何ブラウンなんだ・・・"
        },
        {
            "speaker":"U",
            "time":"17.10.2020 14:26:23",
            "turn-index":7,
            "utterance":"そうだ。かわいいよ"
        },
        {
            "speaker":"S",
            "time":"17.10.2020 14:26:24",
            "turn-index":8,
            "utterance":"びくびくしながらインタビューなんてほんとにかわいそう。自分でも理解できてなかったり気が動転してたりするのに"
        },
        {
            "speaker":"U",
            "time":"17.10.2020 14:27:23",
            "turn-index":9,
            "utterance":"え？あんたの話の穂が理解できないよ"
        },
        {
            "speaker":"S",
            "time":"17.10.2020 14:27:25",
            "turn-index":10,
            "utterance":"多少は理解できるよ？多少は"
        },
        {
            "speaker":"U",
            "time":"17.10.2020 14:28:50",
            "turn-index":11,
            "utterance":"多少だと共感できないな"
        },
        {
            "speaker":"S",
            "time":"17.10.2020 14:28:52",
            "turn-index":12,
            "utterance":"いうて1回と4回で3年近く時代差があるわけやからな"
        },
        {
            "speaker":"U",
            "time":"17.10.2020 14:29:51",
            "turn-index":13,
            "utterance":"わけわかんないからスヌーピーのことはもういいよ"
        },
        {
            "speaker":"S",
            "time":"17.10.2020 14:29:53",
            "turn-index":14,
            "utterance":"スヌーピーだって月曜日嫌いっつってんだから我々が月曜日嫌いっつっても多分感じ悪かねぇよな"
        },
        {
            "speaker":"U",
            "time":"17.10.2020 14:30:33",
            "turn-index":15,
            "utterance":"ところでSUBARUは好き？"
        },
        {
            "speaker":"S",
            "time":"17.10.2020 14:30:36",
            "turn-index":16,
            "utterance":"好きだよ。甘いもの苦手なのになぜか好き"
        },
        {
            "speaker":"U",
            "time":"17.10.2020 14:31:31",
            "turn-index":17,
            "utterance":"何のことを言ってるんだよ。SUBARUは車だよ"
        },
        {
            "speaker":"S",
            "time":"17.10.2020 14:31:34",
            "turn-index":18,
            "utterance":"これからの車はエンジンじゃなくてモーターって言うてるようなもんやろ"
        },
        {
            "speaker":"U",
            "time":"17.10.2020 14:33:08",
            "turn-index":19,
            "utterance":"そうだけどSUBARUの開発は遅れてるね"
        },
        {
            "speaker":"S",
            "time":"17.10.2020 14:33:11",
            "turn-index":20,
            "utterance":"２月から本格再開や"
        },
        {
            "speaker":"U",
            "time":"17.10.2020 14:33:32",
            "turn-index":21,
            "utterance":"何が？"
        },
        {
            "speaker":"S",
            "time":"17.10.2020 14:33:33",
            "turn-index":22,
            "utterance":"ソフトとか"
        },
        {
            "speaker":"U",
            "time":"17.10.2020 14:33:55",
            "turn-index":23,
            "utterance":"そうなの？知らなかったな"
        },
        {
            "speaker":"S",
            "time":"17.10.2020 14:33:57",
            "turn-index":24,
            "utterance":"えっ、Fじゃないの？"
        },
        {
            "speaker":"U",
            "time":"17.10.2020 14:34:20",
            "turn-index":25,
            "utterance":"わかんない"
        },
        {
            "speaker":"S",
            "time":"17.10.2020 14:34:21",
            "turn-index":26,
            "utterance":"申し訳ない"
        },
        {
            "speaker":"U",
            "time":"17.10.2020 14:34:48",
            "turn-index":27,
            "utterance":"別にいいけど"
        },
        {
            "speaker":"S",
            "time":"17.10.2020 14:34:50",
            "turn-index":28,
            "utterance":"あ、もう時間が無いンゴ。いろんな話が聞けて楽しかったやで！ありがとナス！"
        },
        {
            "speaker":"U",
            "time":"17.10.2020 14:35:22",
            "turn-index":29,
            "utterance":"ああ、こちらこそありがとう"
        },
        {
            "speaker":"S",
            "time":"17.10.2020 14:35:24",
            "turn-index":30,
            "utterance":"せや！この後アンケート入力すると思うんやけど、いい評価にしてくれると嬉しいンゴ！"
        }
    ]
}