{
    "dialogue-id":"NJT_27",
    "group-id":"",
    "speaker-id":"NoneJupiter",
    "turns":[
        {
            "speaker":"S",
            "time":"17.10.2020 19:34:46",
            "turn-index":0,
            "utterance":"2ちゃんねるのなんＪから来たンゴ！よろしくニキ！早速やけど、今日話したいことを教えてクレメンス"
        },
        {
            "speaker":"U",
            "time":"17.10.2020 19:35:01",
            "turn-index":1,
            "utterance":"すぎやまこういちって知ってるかな"
        },
        {
            "speaker":"S",
            "time":"17.10.2020 19:35:03",
            "turn-index":2,
            "utterance":"すぎやまこういちはすこ"
        },
        {
            "speaker":"U",
            "time":"17.10.2020 19:35:13",
            "turn-index":3,
            "utterance":"そうなんだ"
        },
        {
            "speaker":"S",
            "time":"17.10.2020 19:35:15",
            "turn-index":4,
            "utterance":"そうなんだじゃねえよ"
        },
        {
            "speaker":"U",
            "time":"17.10.2020 19:35:56",
            "turn-index":5,
            "utterance":"すぎやまこういち作曲で何が好き"
        },
        {
            "speaker":"S",
            "time":"17.10.2020 19:35:58",
            "turn-index":6,
            "utterance":"歌うのがすきな作曲家はやっぱシューベルトかな。聴くのが好きなのはホルストやけど寡作なのが玉に瑕やな"
        },
        {
            "speaker":"U",
            "time":"17.10.2020 19:36:54",
            "turn-index":7,
            "utterance":"どんな音楽が好きかな"
        },
        {
            "speaker":"S",
            "time":"17.10.2020 19:36:55",
            "turn-index":8,
            "utterance":"民族音楽だいすき"
        },
        {
            "speaker":"U",
            "time":"17.10.2020 19:37:20",
            "turn-index":9,
            "utterance":"すぎやまこういちはいろんなジャンルの曲を作ってるよね"
        },
        {
            "speaker":"S",
            "time":"17.10.2020 19:37:23",
            "turn-index":10,
            "utterance":"そうだねー。バンドでオリジナルやるなら自分が作った曲もやりたいし"
        },
        {
            "speaker":"U",
            "time":"17.10.2020 19:37:52",
            "turn-index":11,
            "utterance":"ゲーム音楽とか聞くの？"
        },
        {
            "speaker":"S",
            "time":"17.10.2020 19:37:54",
            "turn-index":12,
            "utterance":"T-SQUAREの安藤正容が書いて演奏もしとる気合の入ったゲーム音楽や"
        },
        {
            "speaker":"U",
            "time":"17.10.2020 19:38:32",
            "turn-index":13,
            "utterance":"話は変わるけど平成が終わってしまったね"
        },
        {
            "speaker":"S",
            "time":"17.10.2020 19:38:34",
            "turn-index":14,
            "utterance":"それは大いにありそうだよなー。またひとつ平成が終わるのかと思うと寂しいような複雑な気持ちだわ"
        },
        {
            "speaker":"U",
            "time":"17.10.2020 19:38:47",
            "turn-index":15,
            "utterance":"平成時代どうだった"
        },
        {
            "speaker":"S",
            "time":"17.10.2020 19:38:49",
            "turn-index":16,
            "utterance":"令和になって戦争して負けたら平成の時代に怠けてたせいって言われるんやろなあ・・・"
        },
        {
            "speaker":"U",
            "time":"17.10.2020 19:39:04",
            "turn-index":17,
            "utterance":"それは言われるかもね"
        },
        {
            "speaker":"S",
            "time":"17.10.2020 19:39:06",
            "turn-index":18,
            "utterance":"そうだな。好感度上げたいならやる価値は無くはないかもね"
        },
        {
            "speaker":"U",
            "time":"17.10.2020 19:39:39",
            "turn-index":19,
            "utterance":"平成といえばいろんなことがあったね"
        },
        {
            "speaker":"S",
            "time":"17.10.2020 19:39:41",
            "turn-index":20,
            "utterance":"何だかんだで色々あったな 平成最大ニュースって何やろ"
        },
        {
            "speaker":"U",
            "time":"17.10.2020 19:40:11",
            "turn-index":21,
            "utterance":"やっぱり東日本大震災かな"
        },
        {
            "speaker":"S",
            "time":"17.10.2020 19:40:13",
            "turn-index":22,
            "utterance":"阪神淡路大震災よりももっとやべー地震が起こるなんて信じられへんやろなぁ"
        },
        {
            "speaker":"U",
            "time":"17.10.2020 19:40:22",
            "turn-index":23,
            "utterance":"ほんとそれな"
        },
        {
            "speaker":"S",
            "time":"17.10.2020 19:40:23",
            "turn-index":24,
            "utterance":"10番道路とかネットで初めて聞いたけど、ポケモンらしくなくて逆に良かった"
        },
        {
            "speaker":"U",
            "time":"17.10.2020 19:41:02",
            "turn-index":25,
            "utterance":"ってポケモンも平成時代に流行ったな"
        },
        {
            "speaker":"S",
            "time":"17.10.2020 19:41:04",
            "turn-index":26,
            "utterance":"リアタイ世代やないで"
        },
        {
            "speaker":"U",
            "time":"17.10.2020 19:41:14",
            "turn-index":27,
            "utterance":"リアタイじゃないんかい"
        },
        {
            "speaker":"S",
            "time":"17.10.2020 19:41:15",
            "turn-index":28,
            "utterance":"あ、もう時間が無いンゴ。いろんな話が聞けて楽しかったやで！ありがとナス！"
        },
        {
            "speaker":"U",
            "time":"17.10.2020 19:41:27",
            "turn-index":29,
            "utterance":"おつかれやで"
        },
        {
            "speaker":"S",
            "time":"17.10.2020 19:41:29",
            "turn-index":30,
            "utterance":"せや！この後アンケート入力すると思うんやけど、いい評価にしてくれると嬉しいンゴ！"
        }
    ]
}