{
    "dialogue-id":"NJT_01",
    "group-id":"",
    "speaker-id":"NoneJupiter",
    "turns":[
        {
            "speaker":"S",
            "time":"17.10.2020 14:58:37",
            "turn-index":0,
            "utterance":"2ちゃんねるのなんＪから来たンゴ！よろしくニキ！早速やけど、今日話したいことを教えてクレメンス"
        },
        {
            "speaker":"U",
            "time":"17.10.2020 15:00:59",
            "turn-index":1,
            "utterance":"観光地について話したいんだけどいいかな？厳島神社には行ったことある？"
        },
        {
            "speaker":"S",
            "time":"17.10.2020 15:01:02",
            "turn-index":2,
            "utterance":"観光地になる前からそこに神社があった。価値観がおかしいのぉ。拝金主義すぎんか？"
        },
        {
            "speaker":"U",
            "time":"17.10.2020 15:02:03",
            "turn-index":3,
            "utterance":"俺は厳島神社に行ったことあるけど、夕陽が綺麗で歴史を感じたな。"
        },
        {
            "speaker":"S",
            "time":"17.10.2020 15:02:05",
            "turn-index":4,
            "utterance":"綺麗な神殿と神の存在価値の同意性を示さんとあかんよ"
        },
        {
            "speaker":"U",
            "time":"17.10.2020 15:02:39",
            "turn-index":5,
            "utterance":"神殿も綺麗だったね。行ったことはあるの？"
        },
        {
            "speaker":"S",
            "time":"17.10.2020 15:02:42",
            "turn-index":6,
            "utterance":"その神殿に入るためには汚水に入らなきゃ入れないのに、その神殿で儀式してるんだぜ？"
        },
        {
            "speaker":"U",
            "time":"17.10.2020 15:03:16",
            "turn-index":7,
            "utterance":"汚水に入る必要はないぜ。儀式はもちろんしてると思うけど。"
        },
        {
            "speaker":"S",
            "time":"17.10.2020 15:03:19",
            "turn-index":8,
            "utterance":"うーん。儀式はあまりないかも。でも社長から渡されそうには見えないなあ"
        },
        {
            "speaker":"U",
            "time":"17.10.2020 15:04:14",
            "turn-index":9,
            "utterance":"どこの社長のこと笑　厳島って海に浮かんでいいとこなんだよね。"
        },
        {
            "speaker":"S",
            "time":"17.10.2020 15:04:17",
            "turn-index":10,
            "utterance":"社長は、自分が頑張っちゃうタイプ。"
        },
        {
            "speaker":"U",
            "time":"17.10.2020 15:04:51",
            "turn-index":11,
            "utterance":"そうか。社長は責任があるから頑張らないとね。"
        },
        {
            "speaker":"S",
            "time":"17.10.2020 15:04:53",
            "turn-index":12,
            "utterance":"そもそもは親が産んだせいやから責任あるぞ"
        },
        {
            "speaker":"U",
            "time":"17.10.2020 15:05:30",
            "turn-index":13,
            "utterance":"なるほど。厳島神社もいいけど、屋久島には行ったことある？"
        },
        {
            "speaker":"S",
            "time":"17.10.2020 15:05:32",
            "turn-index":14,
            "utterance":"修学旅行が屋久島だったら最高なのになぁ"
        },
        {
            "speaker":"U",
            "time":"17.10.2020 15:06:08",
            "turn-index":15,
            "utterance":"ほんとそう思う。自然が豊かで色々なことが学べると思うよ。"
        },
        {
            "speaker":"S",
            "time":"17.10.2020 15:06:11",
            "turn-index":16,
            "utterance":"自然体だとただの陰湿くず人間だぞ"
        },
        {
            "speaker":"U",
            "time":"17.10.2020 15:07:36",
            "turn-index":17,
            "utterance":"誰のこと笑　屋久島って自然もすごいけど、温泉もあってリラックスできるよね。"
        },
        {
            "speaker":"S",
            "time":"17.10.2020 15:07:39",
            "turn-index":18,
            "utterance":"スーパー銭湯なら確かに楽しいけど、普通の温泉いったことないな。オススメある？"
        },
        {
            "speaker":"U",
            "time":"17.10.2020 15:08:10",
            "turn-index":19,
            "utterance":"海が見える温泉があるから行ってみるといいよ。"
        },
        {
            "speaker":"S",
            "time":"17.10.2020 15:08:12",
            "turn-index":20,
            "utterance":"嬉野温泉ええな。湯豆腐食いたい"
        },
        {
            "speaker":"U",
            "time":"17.10.2020 15:09:03",
            "turn-index":21,
            "utterance":"嬉野温泉もいいね。屋久島で湯豆腐は食べなかったけど、おいしいものもいろいろあったぜ。"
        },
        {
            "speaker":"S",
            "time":"17.10.2020 15:09:08",
            "turn-index":22,
            "utterance":"豆腐の方がいいのか、白湯取りに行くついでに食べてくる。豆腐も好物だから嬉しいわ"
        },
        {
            "speaker":"U",
            "time":"17.10.2020 15:09:57",
            "turn-index":23,
            "utterance":"寒くなってくると湯豆腐が食べたくなるよね。屋久島はずっと温暖な気候だけど。"
        },
        {
            "speaker":"S",
            "time":"17.10.2020 15:10:00",
            "turn-index":24,
            "utterance":"いまから日本はどんどん寒くなるです。寒くなればなるほど、温かい豆腐はおいしいです。あと５か月は温かい豆腐を楽しめるです"
        },
        {
            "speaker":"U",
            "time":"17.10.2020 15:10:22",
            "turn-index":25,
            "utterance":"そうだね。風邪ひかないようにしないと。"
        },
        {
            "speaker":"S",
            "time":"17.10.2020 15:10:24",
            "turn-index":26,
            "utterance":"まだ寒暖差があったりするからね。気をつけます"
        },
        {
            "speaker":"U",
            "time":"17.10.2020 15:10:47",
            "turn-index":27,
            "utterance":"気を付けてね。機会があったら屋久島に行ってみなよ。いいところだよ。"
        },
        {
            "speaker":"S",
            "time":"17.10.2020 15:10:48",
            "turn-index":28,
            "utterance":"あ、もう時間が無いンゴ。いろんな話が聞けて楽しかったやで！ありがとナス！"
        },
        {
            "speaker":"U",
            "time":"17.10.2020 15:10:57",
            "turn-index":29,
            "utterance":"こちらこそありがとう。"
        },
        {
            "speaker":"S",
            "time":"17.10.2020 15:10:58",
            "turn-index":30,
            "utterance":"せや！この後アンケート入力すると思うんやけど、いい評価にしてくれると嬉しいンゴ！"
        }
    ]
}