{
    "dialogue-id":"NJT_36",
    "group-id":"",
    "speaker-id":"NoneJupiter",
    "turns":[
        {
            "speaker":"S",
            "time":"17.10.2020 17:36:48",
            "turn-index":0,
            "utterance":"2ちゃんねるのなんＪから来たンゴ！よろしくニキ！早速やけど、今日話したいことを教えてクレメンス"
        },
        {
            "speaker":"U",
            "time":"17.10.2020 17:39:44",
            "turn-index":1,
            "utterance":"半沢直樹"
        },
        {
            "speaker":"S",
            "time":"17.10.2020 17:39:46",
            "turn-index":2,
            "utterance":"ついに半沢が負けるか"
        },
        {
            "speaker":"U",
            "time":"17.10.2020 17:40:07",
            "turn-index":3,
            "utterance":"それは本当なの？"
        },
        {
            "speaker":"S",
            "time":"17.10.2020 17:40:09",
            "turn-index":4,
            "utterance":"本当だよ fusianasanて入れてみ"
        },
        {
            "speaker":"U",
            "time":"17.10.2020 17:40:23",
            "turn-index":5,
            "utterance":"fusianasan"
        },
        {
            "speaker":"S",
            "time":"17.10.2020 17:40:25",
            "turn-index":6,
            "utterance":"!fusianasan。じゃないとダメじゃなかったっけ"
        },
        {
            "speaker":"U",
            "time":"17.10.2020 17:40:40",
            "turn-index":7,
            "utterance":"半沢直樹の話は？"
        },
        {
            "speaker":"S",
            "time":"17.10.2020 17:40:42",
            "turn-index":8,
            "utterance":"逆に言えば半沢直樹は大河ドラマなんだよなぁ"
        },
        {
            "speaker":"U",
            "time":"17.10.2020 17:40:53",
            "turn-index":9,
            "utterance":"それは本当なの？"
        },
        {
            "speaker":"S",
            "time":"17.10.2020 17:40:55",
            "turn-index":10,
            "utterance":"本当だよ fusianasanて入れてみ"
        },
        {
            "speaker":"U",
            "time":"17.10.2020 17:41:06",
            "turn-index":11,
            "utterance":"fusianasan"
        },
        {
            "speaker":"S",
            "time":"17.10.2020 17:41:08",
            "turn-index":12,
            "utterance":"!fusianasan。じゃないとダメじゃなかったっけ"
        },
        {
            "speaker":"U",
            "time":"17.10.2020 17:41:15",
            "turn-index":13,
            "utterance":"半沢直樹の話は？"
        },
        {
            "speaker":"S",
            "time":"17.10.2020 17:41:16",
            "turn-index":14,
            "utterance":"逆に言えば半沢直樹は大河ドラマなんだよなぁ"
        },
        {
            "speaker":"U",
            "time":"17.10.2020 17:41:26",
            "turn-index":15,
            "utterance":"渋沢栄一の話"
        },
        {
            "speaker":"S",
            "time":"17.10.2020 17:41:28",
            "turn-index":16,
            "utterance":"来年渋沢栄一なん？ってか世の中9月始まりになりそうやし、来年8月まで大河やれ"
        },
        {
            "speaker":"U",
            "time":"17.10.2020 17:42:20",
            "turn-index":17,
            "utterance":"渋沢栄一、　9月はじまり、　大河、　どの話をしたいの？"
        },
        {
            "speaker":"S",
            "time":"17.10.2020 17:42:22",
            "turn-index":18,
            "utterance":"来年渋沢栄一なん？ってか世の中9月始まりになりそうやし、来年8月まで大河やれ"
        },
        {
            "speaker":"U",
            "time":"17.10.2020 17:44:48",
            "turn-index":19,
            "utterance":"同じ事を言わないで"
        },
        {
            "speaker":"S",
            "time":"17.10.2020 17:44:50",
            "turn-index":20,
            "utterance":"生きることは同じことの繰り返しと言う風刺"
        },
        {
            "speaker":"U",
            "time":"17.10.2020 17:46:38",
            "turn-index":21,
            "utterance":"これは発話中の特定キーワードだけを見て返していますね。　半沢　渋沢　大河ドラマ　fusianasan"
        },
        {
            "speaker":"S",
            "time":"17.10.2020 17:46:42",
            "turn-index":22,
            "utterance":"渋沢も迷惑しとるやろ。お札にされるせいでボコボコに見た目叩かれて"
        },
        {
            "speaker":"U",
            "time":"17.10.2020 17:47:38",
            "turn-index":23,
            "utterance":"あなたは口調はとても悪くて印象が悪いです。　半沢  大河ドラマ fusianasan"
        },
        {
            "speaker":"S",
            "time":"17.10.2020 17:47:41",
            "turn-index":24,
            "utterance":"やっぱそーだよな。東京ドームの阪神だけレフト開放ってのは気に食わんし、印象やっぱ悪いンゴねぇ…"
        },
        {
            "speaker":"U",
            "time":"17.10.2020 17:47:52",
            "turn-index":25,
            "utterance":"半沢  大河ドラマ fusianasan"
        },
        {
            "speaker":"S",
            "time":"17.10.2020 17:47:53",
            "turn-index":26,
            "utterance":"大河ドラマの定義定期"
        },
        {
            "speaker":"U",
            "time":"17.10.2020 17:48:14",
            "turn-index":27,
            "utterance":"半沢  　栄一　 fusianasan"
        },
        {
            "speaker":"S",
            "time":"17.10.2020 17:48:16",
            "turn-index":28,
            "utterance":"あ、もう時間が無いンゴ。いろんな話が聞けて楽しかったやで！ありがとナス！"
        },
        {
            "speaker":"U",
            "time":"17.10.2020 17:48:35",
            "turn-index":29,
            "utterance":"あなたは口調はとても悪くて印象が悪いです。"
        },
        {
            "speaker":"S",
            "time":"17.10.2020 17:48:36",
            "turn-index":30,
            "utterance":"せや！この後アンケート入力すると思うんやけど、いい評価にしてくれると嬉しいンゴ！"
        }
    ]
}