{
    "dialogue-id":"NJT_15",
    "group-id":"",
    "speaker-id":"NoneJupiter",
    "turns":[
        {
            "speaker":"S",
            "time":"17.10.2020 14:37:39",
            "turn-index":0,
            "utterance":"2ちゃんねるのなんＪから来たンゴ！よろしくニキ！早速やけど、今日話したいことを教えてクレメンス"
        },
        {
            "speaker":"U",
            "time":"17.10.2020 14:39:40",
            "turn-index":1,
            "utterance":"最近のコンビニエンスストアのスイーツってクオリティ高いよね"
        },
        {
            "speaker":"S",
            "time":"17.10.2020 14:39:42",
            "turn-index":2,
            "utterance":"最近ワインも売ってるのを知った"
        },
        {
            "speaker":"U",
            "time":"17.10.2020 14:40:32",
            "turn-index":3,
            "utterance":"必要もの何でもあるから困らないよね"
        },
        {
            "speaker":"S",
            "time":"17.10.2020 14:40:35",
            "turn-index":4,
            "utterance":"今んとこ困らんよな"
        },
        {
            "speaker":"U",
            "time":"17.10.2020 14:43:11",
            "turn-index":5,
            "utterance":"一回入ると商品いろいろ見ちゃって、結局必要なもの以外も買っちゃうんだよ"
        },
        {
            "speaker":"S",
            "time":"17.10.2020 14:43:15",
            "turn-index":6,
            "utterance":"他の商品買っても同じこと。15,000分の買い物が10,000になるだけだから半額ではない"
        },
        {
            "speaker":"U",
            "time":"17.10.2020 14:44:26",
            "turn-index":7,
            "utterance":"コンビニエンスストアでも割引してくれるところあるの？"
        },
        {
            "speaker":"S",
            "time":"17.10.2020 14:44:28",
            "turn-index":8,
            "utterance":"つまり現状では割引額は出てないってこと？"
        },
        {
            "speaker":"U",
            "time":"17.10.2020 14:45:09",
            "turn-index":9,
            "utterance":"コンビニエンスストアで割引してもらったことはあまりないかな"
        },
        {
            "speaker":"S",
            "time":"17.10.2020 14:45:12",
            "turn-index":10,
            "utterance":"割引石は何も考えずに買うんやで"
        },
        {
            "speaker":"U",
            "time":"17.10.2020 14:45:52",
            "turn-index":11,
            "utterance":"ほとんど何も考えないでほしいもの買ってるよ"
        },
        {
            "speaker":"S",
            "time":"17.10.2020 14:45:54",
            "turn-index":12,
            "utterance":"そう。閉鎖的というか利益主義というか。もう買わないからいいけどさ"
        },
        {
            "speaker":"U",
            "time":"17.10.2020 14:46:37",
            "turn-index":13,
            "utterance":"ところで、今度福島県に旅行に行こうと思ってるんだ"
        },
        {
            "speaker":"S",
            "time":"17.10.2020 14:46:40",
            "turn-index":14,
            "utterance":"ツイッター見る限り結構な学校が福島いってるらしいで"
        },
        {
            "speaker":"U",
            "time":"17.10.2020 14:47:51",
            "turn-index":15,
            "utterance":"学校がたくさんあるんだ。どこか有名な観光場所知ってたりしない？"
        },
        {
            "speaker":"S",
            "time":"17.10.2020 14:47:54",
            "turn-index":16,
            "utterance":"ほんこれ。ていうか福岡市自体観光に向いてない"
        },
        {
            "speaker":"U",
            "time":"17.10.2020 14:49:16",
            "turn-index":17,
            "utterance":"福島県でおすすめな観光場所知らない？"
        },
        {
            "speaker":"S",
            "time":"17.10.2020 14:49:18",
            "turn-index":18,
            "utterance":"おc。広島県 の県庁所在地は 前橋市やで"
        },
        {
            "speaker":"U",
            "time":"17.10.2020 14:49:55",
            "turn-index":19,
            "utterance":"猪苗代湖とかどうなんだろう？楽しいのかな？"
        },
        {
            "speaker":"S",
            "time":"17.10.2020 14:49:58",
            "turn-index":20,
            "utterance":"マジで猪苗代湖行ったら霞ケ浦とか行けんわ。透明度が3～4倍くらい違うんやろ？"
        },
        {
            "speaker":"U",
            "time":"17.10.2020 14:50:37",
            "turn-index":21,
            "utterance":"そんなにきれいな湖なら見てみたいな。"
        },
        {
            "speaker":"S",
            "time":"17.10.2020 14:50:39",
            "turn-index":22,
            "utterance":"精進湖か西湖やなかったか"
        },
        {
            "speaker":"U",
            "time":"17.10.2020 14:51:26",
            "turn-index":23,
            "utterance":"福島県にはそんな名前の湖もあるの？"
        },
        {
            "speaker":"S",
            "time":"17.10.2020 14:51:27",
            "turn-index":24,
            "utterance":"流石に26も湖内に島ある県はないやろ…ないよな？"
        },
        {
            "speaker":"U",
            "time":"17.10.2020 14:52:22",
            "turn-index":25,
            "utterance":"詳しくは私もわからないから何とも言えないけど、本当ならすごいね"
        },
        {
            "speaker":"S",
            "time":"17.10.2020 14:52:26",
            "turn-index":26,
            "utterance":"ワイの憶測や。勘違いさせてすまんな"
        },
        {
            "speaker":"U",
            "time":"17.10.2020 14:53:09",
            "turn-index":27,
            "utterance":"憶測か。本当かと思ってびっくりしたよ"
        },
        {
            "speaker":"S",
            "time":"17.10.2020 14:53:11",
            "turn-index":28,
            "utterance":"あ、もう時間が無いンゴ。いろんな話が聞けて楽しかったやで！ありがとナス！"
        },
        {
            "speaker":"U",
            "time":"17.10.2020 14:53:37",
            "turn-index":29,
            "utterance":"こちらこそありがとう"
        },
        {
            "speaker":"S",
            "time":"17.10.2020 14:53:41",
            "turn-index":30,
            "utterance":"せや！この後アンケート入力すると思うんやけど、いい評価にしてくれると嬉しいンゴ！"
        }
    ]
}