{
    "dialogue-id":"NJT_45",
    "group-id":"",
    "speaker-id":"NoneJupiter",
    "turns":[
        {
            "speaker":"S",
            "time":"17.10.2020 18:05:29",
            "turn-index":0,
            "utterance":"2ちゃんねるのなんＪから来たンゴ！よろしくニキ！早速やけど、今日話したいことを教えてクレメンス"
        },
        {
            "speaker":"U",
            "time":"17.10.2020 18:07:25",
            "turn-index":1,
            "utterance":"体を鍛えようと思うんだけど"
        },
        {
            "speaker":"S",
            "time":"17.10.2020 18:07:27",
            "turn-index":2,
            "utterance":"鍛えてない"
        },
        {
            "speaker":"U",
            "time":"17.10.2020 18:07:35",
            "turn-index":3,
            "utterance":"ダルダル"
        },
        {
            "speaker":"S",
            "time":"17.10.2020 18:07:37",
            "turn-index":4,
            "utterance":"それってデートコースやん！"
        },
        {
            "speaker":"U",
            "time":"17.10.2020 18:08:52",
            "turn-index":5,
            "utterance":"違うわい！んでタンパク質流行ってるやん。鍛えるときの"
        },
        {
            "speaker":"S",
            "time":"17.10.2020 18:08:55",
            "turn-index":6,
            "utterance":"おいおいDNAはタンパク質じゃなくて核酸だぜ"
        },
        {
            "speaker":"U",
            "time":"17.10.2020 18:09:18",
            "turn-index":7,
            "utterance":"核酸では筋肉つかへんもん"
        },
        {
            "speaker":"S",
            "time":"17.10.2020 18:09:19",
            "turn-index":8,
            "utterance":"燃焼する体を作ってからですね。筋肉作ります。そんな簡単なことではないんだろうけど…"
        },
        {
            "speaker":"U",
            "time":"17.10.2020 18:09:56",
            "turn-index":9,
            "utterance":"その筋肉付けやすいの鶏の胸肉らしいけど、そんな生活つらいねん"
        },
        {
            "speaker":"S",
            "time":"17.10.2020 18:09:59",
            "turn-index":10,
            "utterance":"筋肉がつくってなに。筋肉はみんなついてるよ"
        },
        {
            "speaker":"U",
            "time":"17.10.2020 18:10:25",
            "turn-index":11,
            "utterance":"薄いな、ペラペラのな"
        },
        {
            "speaker":"S",
            "time":"17.10.2020 18:10:26",
            "turn-index":12,
            "utterance":"ペラペラとは言いがたいけど、意志疎通に関しては問題ないな。あとこの間英検の1級落ちたから、所詮その程度"
        },
        {
            "speaker":"U",
            "time":"17.10.2020 18:11:51",
            "turn-index":13,
            "utterance":"ギリシャ行ったんじゃなかた？英語要らないのか？"
        },
        {
            "speaker":"S",
            "time":"17.10.2020 18:11:53",
            "turn-index":14,
            "utterance":"あとラテン語な。ギリシャ語に関しては難解すぎて慣用句にすらなっとる"
        },
        {
            "speaker":"U",
            "time":"17.10.2020 18:12:07",
            "turn-index":15,
            "utterance":"あ、ギリシャはラテン語か"
        },
        {
            "speaker":"S",
            "time":"17.10.2020 18:12:09",
            "turn-index":16,
            "utterance":"ラテン語より難しい言語なんてたくさんあるぞサンスクリット語とか"
        },
        {
            "speaker":"U",
            "time":"17.10.2020 18:12:19",
            "turn-index":17,
            "utterance":"どこでつかうん？"
        },
        {
            "speaker":"S",
            "time":"17.10.2020 18:12:21",
            "turn-index":18,
            "utterance":"セカンドかセンターやないか？"
        },
        {
            "speaker":"U",
            "time":"17.10.2020 18:12:44",
            "turn-index":19,
            "utterance":"サードでなく？"
        },
        {
            "speaker":"S",
            "time":"17.10.2020 18:12:46",
            "turn-index":20,
            "utterance":"サードよりはセカンドやな"
        },
        {
            "speaker":"U",
            "time":"17.10.2020 18:13:10",
            "turn-index":21,
            "utterance":"ギリシャも好きな国のセカンドや"
        },
        {
            "speaker":"S",
            "time":"17.10.2020 18:13:12",
            "turn-index":22,
            "utterance":"ワイはエジプト、スペイン、チャイナ、フランスが好きやわ"
        },
        {
            "speaker":"U",
            "time":"17.10.2020 18:13:42",
            "turn-index":23,
            "utterance":"ギリシャと並ぶな、確かに"
        },
        {
            "speaker":"S",
            "time":"17.10.2020 18:13:44",
            "turn-index":24,
            "utterance":"アレクサンドロスの頃からギリシャの兵は弱いで"
        },
        {
            "speaker":"U",
            "time":"17.10.2020 18:13:58",
            "turn-index":25,
            "utterance":"今も弱いのか？"
        },
        {
            "speaker":"S",
            "time":"17.10.2020 18:14:00",
            "turn-index":26,
            "utterance":"もし弱いなら今年もやろ"
        },
        {
            "speaker":"U",
            "time":"17.10.2020 18:14:07",
            "turn-index":27,
            "utterance":"それはつらいな"
        },
        {
            "speaker":"S",
            "time":"17.10.2020 18:14:09",
            "turn-index":28,
            "utterance":"あ、もう時間が無いンゴ。いろんな話が聞けて楽しかったやで！ありがとナス！"
        },
        {
            "speaker":"U",
            "time":"17.10.2020 18:14:23",
            "turn-index":29,
            "utterance":"こちらこそ、楽しかった"
        },
        {
            "speaker":"S",
            "time":"17.10.2020 18:14:24",
            "turn-index":30,
            "utterance":"せや！この後アンケート入力すると思うんやけど、いい評価にしてくれると嬉しいンゴ！"
        }
    ]
}