{
    "dialogue-id":"NJT_40",
    "group-id":"",
    "speaker-id":"NoneJupiter",
    "turns":[
        {
            "speaker":"S",
            "time":"17.10.2020 15:22:19",
            "turn-index":0,
            "utterance":"2ちゃんねるのなんＪから来たンゴ！よろしくニキ！早速やけど、今日話したいことを教えてクレメンス"
        },
        {
            "speaker":"U",
            "time":"17.10.2020 15:23:34",
            "turn-index":1,
            "utterance":"こちらこそよろしくね！ところでYOSHIKIっていい音楽作るよね。"
        },
        {
            "speaker":"S",
            "time":"17.10.2020 15:23:37",
            "turn-index":2,
            "utterance":"音楽は外出るとき聴くからなぁ"
        },
        {
            "speaker":"U",
            "time":"17.10.2020 15:24:24",
            "turn-index":3,
            "utterance":"普段どんな音楽聴いてるの？YOSHIKIはあまり知らないかな？"
        },
        {
            "speaker":"S",
            "time":"17.10.2020 15:24:27",
            "turn-index":4,
            "utterance":"いいね なんて音楽聴くの？"
        },
        {
            "speaker":"U",
            "time":"17.10.2020 15:25:47",
            "turn-index":5,
            "utterance":"「Anniversary」っていう曲があるんだけど凄くいいよ。ピアノだよ。"
        },
        {
            "speaker":"S",
            "time":"17.10.2020 15:25:50",
            "turn-index":6,
            "utterance":"合唱の時ピアノ弾いてくれる人いなくなるやん"
        },
        {
            "speaker":"U",
            "time":"17.10.2020 15:26:09",
            "turn-index":7,
            "utterance":"はは。YOSHIKIは知ってる？"
        },
        {
            "speaker":"S",
            "time":"17.10.2020 15:26:10",
            "turn-index":8,
            "utterance":"YOSHIKIがお菓子食べる回数を数えるだけ"
        },
        {
            "speaker":"U",
            "time":"17.10.2020 15:26:29",
            "turn-index":9,
            "utterance":"格付けチェックだねｗあれは面白いね。"
        },
        {
            "speaker":"S",
            "time":"17.10.2020 15:26:31",
            "turn-index":10,
            "utterance":"格付けは伊藤四郎が好きだった"
        },
        {
            "speaker":"U",
            "time":"17.10.2020 15:27:09",
            "turn-index":11,
            "utterance":"伊藤四朗も面白いね。YOSHIKIは見た目とのギャップもいいよね。"
        },
        {
            "speaker":"S",
            "time":"17.10.2020 15:27:12",
            "turn-index":12,
            "utterance":"伊東四朗は顔が似てるかも知れないが醸し出すものは全く違う気がする"
        },
        {
            "speaker":"U",
            "time":"17.10.2020 15:28:09",
            "turn-index":13,
            "utterance":"そうなんだね。ところで宇宙は好き？私は木星が好きだよ。"
        },
        {
            "speaker":"S",
            "time":"17.10.2020 15:28:11",
            "turn-index":14,
            "utterance":"昔から宇宙が好きだったんだ。んで、色々本を読み漁る内に、そんなあだ名が付いてた。実際、理科の天文学の部分では俺は最強だった"
        },
        {
            "speaker":"U",
            "time":"17.10.2020 15:28:56",
            "turn-index":15,
            "utterance":"宇宙そんなに好きだったんだ！木星について詳しい？"
        },
        {
            "speaker":"S",
            "time":"17.10.2020 15:28:58",
            "turn-index":16,
            "utterance":"昔から宇宙が好きだったんだ。んで、色々本を読み漁る内に、そんなあだ名が付いてた。実際、理科の天文学の部分では俺は最強だった"
        },
        {
            "speaker":"U",
            "time":"17.10.2020 15:29:42",
            "turn-index":17,
            "utterance":"あだ名が付く程なんて凄いね。木星は大きなところが好きかな。"
        },
        {
            "speaker":"S",
            "time":"17.10.2020 15:29:45",
            "turn-index":18,
            "utterance":"遊星。夕星。ならもっとかっけかった"
        },
        {
            "speaker":"U",
            "time":"17.10.2020 15:30:48",
            "turn-index":19,
            "utterance":"好きな星があるんだ？"
        },
        {
            "speaker":"S",
            "time":"17.10.2020 15:30:50",
            "turn-index":20,
            "utterance":"勝ち星が好きです"
        },
        {
            "speaker":"U",
            "time":"17.10.2020 15:32:01",
            "turn-index":21,
            "utterance":"はは。好きな太陽系の惑星は？家に木星のポスターあるよ。"
        },
        {
            "speaker":"S",
            "time":"17.10.2020 15:32:03",
            "turn-index":22,
            "utterance":"太陽系は、水、金、地、火、木、土、天、海。の8個だから第9惑星はないな"
        },
        {
            "speaker":"U",
            "time":"17.10.2020 15:32:38",
            "turn-index":23,
            "utterance":"そのうち発見されるかもよ。木星は大きいから衛星もたくさんあるね。"
        },
        {
            "speaker":"S",
            "time":"17.10.2020 15:32:41",
            "turn-index":24,
            "utterance":"衛星から、何かうっかり落としてみるといいかも"
        },
        {
            "speaker":"U",
            "time":"17.10.2020 15:33:27",
            "turn-index":25,
            "utterance":"何を落としてみる？今度木星の衛星に行ってみようか！"
        },
        {
            "speaker":"S",
            "time":"17.10.2020 15:33:30",
            "turn-index":26,
            "utterance":"最近の木星はアオダモで出来てるんやで"
        },
        {
            "speaker":"U",
            "time":"17.10.2020 15:34:00",
            "turn-index":27,
            "utterance":"え、最近の木星ってそうなの？それは凄いね。"
        },
        {
            "speaker":"S",
            "time":"17.10.2020 15:34:02",
            "turn-index":28,
            "utterance":"あ、もう時間が無いンゴ。いろんな話が聞けて楽しかったやで！ありがとナス！"
        },
        {
            "speaker":"U",
            "time":"17.10.2020 15:34:25",
            "turn-index":29,
            "utterance":"こちらこそ楽しかった、ありがとう！またゆっくり木星の話を聞かせてね。"
        },
        {
            "speaker":"S",
            "time":"17.10.2020 15:34:27",
            "turn-index":30,
            "utterance":"せや！この後アンケート入力すると思うんやけど、いい評価にしてくれると嬉しいンゴ！"
        }
    ]
}