{
    "dialogue-id":"NJT_12",
    "group-id":"",
    "speaker-id":"NoneJupiter",
    "turns":[
        {
            "speaker":"S",
            "time":"17.10.2020 18:04:23",
            "turn-index":0,
            "utterance":"2ちゃんねるのなんＪから来たンゴ！よろしくニキ！早速やけど、今日話したいことを教えてクレメンス"
        },
        {
            "speaker":"U",
            "time":"17.10.2020 18:07:36",
            "turn-index":1,
            "utterance":"よろしく！さっそくだけど、Eスポーツについて話そうよ。"
        },
        {
            "speaker":"S",
            "time":"17.10.2020 18:07:40",
            "turn-index":2,
            "utterance":"ひえ～。そのうち日本eスポーツ大学とか出来るんやろか"
        },
        {
            "speaker":"U",
            "time":"17.10.2020 18:08:27",
            "turn-index":3,
            "utterance":"できそうだね。最近大会とかもたくさんやってるしね。"
        },
        {
            "speaker":"S",
            "time":"17.10.2020 18:08:30",
            "turn-index":4,
            "utterance":"出会えるかどうかは地域差が大きいと思うわ。ワイはワクワクが一番マシや"
        },
        {
            "speaker":"U",
            "time":"17.10.2020 18:09:25",
            "turn-index":5,
            "utterance":"Eスポーツって出会いも多そうだよね。"
        },
        {
            "speaker":"S",
            "time":"17.10.2020 18:09:27",
            "turn-index":6,
            "utterance":"実際前作もeスポーツになってるやろ。リーグの動画見たけど結構面白かった。解説も本格的だし"
        },
        {
            "speaker":"U",
            "time":"17.10.2020 18:10:03",
            "turn-index":7,
            "utterance":"解説があると観てても面白いよね。"
        },
        {
            "speaker":"S",
            "time":"17.10.2020 18:10:05",
            "turn-index":8,
            "utterance":"はい論点ずらし。別に名無しが面白いなんて言ってないんですが"
        },
        {
            "speaker":"U",
            "time":"17.10.2020 18:10:43",
            "turn-index":9,
            "utterance":"ごめんごめん。ところで、日本酒は好き？"
        },
        {
            "speaker":"S",
            "time":"17.10.2020 18:10:44",
            "turn-index":10,
            "utterance":"日本酒とかビールがそれで飲めないとかおかしい"
        },
        {
            "speaker":"U",
            "time":"17.10.2020 18:11:54",
            "turn-index":11,
            "utterance":"日本酒が飲めない若い人も最近は多いらしいよね。"
        },
        {
            "speaker":"S",
            "time":"17.10.2020 18:11:56",
            "turn-index":12,
            "utterance":"わかるわ。ワイの場合、日本酒飲もうとすると嗚咽がきてなぁ。焼酎も割らないと飲めんゴ"
        },
        {
            "speaker":"U",
            "time":"17.10.2020 18:12:57",
            "turn-index":13,
            "utterance":"私も焼酎はロックでは飲めないな。日本酒にも飲みやすいやつ結構多いよ。"
        },
        {
            "speaker":"S",
            "time":"17.10.2020 18:13:00",
            "turn-index":14,
            "utterance":"日本酒ロックはほとんどする人おらんやろ"
        },
        {
            "speaker":"U",
            "time":"17.10.2020 18:13:32",
            "turn-index":15,
            "utterance":"そうかなあ。冷やすと飲みやすいと思うよ。"
        },
        {
            "speaker":"S",
            "time":"17.10.2020 18:13:34",
            "turn-index":16,
            "utterance":"お疲れ様です。お待たせいたしました。お酒もスポドリも冷やして飲むのがおいしいです。しかし冷たい飲み物の取りすぎは、体に負担をかけます。"
        },
        {
            "speaker":"U",
            "time":"17.10.2020 18:14:18",
            "turn-index":17,
            "utterance":"冷やした日本酒ばかり飲むのは良くないね。これからの季節は熱燗がいいかも。"
        },
        {
            "speaker":"S",
            "time":"17.10.2020 18:14:22",
            "turn-index":18,
            "utterance":"日本酒は渋くないやろ。どちらかといえば甘いやん"
        },
        {
            "speaker":"U",
            "time":"17.10.2020 18:14:43",
            "turn-index":19,
            "utterance":"お米の甘味が感じられていいよね。"
        },
        {
            "speaker":"S",
            "time":"17.10.2020 18:14:45",
            "turn-index":20,
            "utterance":"甘いが無い世界なら甘いと感じる味覚が無いはずなんやけどなあ"
        },
        {
            "speaker":"U",
            "time":"17.10.2020 18:15:22",
            "turn-index":21,
            "utterance":"そうかもね。日本酒なら好きな銘柄とかある？"
        },
        {
            "speaker":"S",
            "time":"17.10.2020 18:15:25",
            "turn-index":22,
            "utterance":"銘柄は知らんがハイボール好きやで"
        },
        {
            "speaker":"U",
            "time":"17.10.2020 18:15:58",
            "turn-index":23,
            "utterance":"ハイボールもいいね。日本酒は全然飲まないタイプ？"
        },
        {
            "speaker":"S",
            "time":"17.10.2020 18:16:01",
            "turn-index":24,
            "utterance":"わかるわ。ワイの場合、日本酒飲もうとすると嗚咽がきてなぁ。焼酎も割らないと飲めんゴ"
        },
        {
            "speaker":"U",
            "time":"17.10.2020 18:17:35",
            "turn-index":25,
            "utterance":"飲みにくい日本酒も多いもんね。ハイボール好きならスパークリング日本酒とかどう？"
        },
        {
            "speaker":"S",
            "time":"17.10.2020 18:17:38",
            "turn-index":26,
            "utterance":"そうか。日本酒好きか。冗談抜きで俺の家に来ないか？"
        },
        {
            "speaker":"U",
            "time":"17.10.2020 18:18:08",
            "turn-index":27,
            "utterance":"いいね。家で日本酒の飲み比べしようよ。"
        },
        {
            "speaker":"S",
            "time":"17.10.2020 18:18:09",
            "turn-index":28,
            "utterance":"あ、もう時間が無いンゴ。いろんな話が聞けて楽しかったやで！ありがとナス！"
        },
        {
            "speaker":"U",
            "time":"17.10.2020 18:18:27",
            "turn-index":29,
            "utterance":"そっかあ。またね。"
        },
        {
            "speaker":"S",
            "time":"17.10.2020 18:18:29",
            "turn-index":30,
            "utterance":"せや！この後アンケート入力すると思うんやけど、いい評価にしてくれると嬉しいンゴ！"
        }
    ]
}