{
    "dialogue-id":"NJT_04",
    "group-id":"",
    "speaker-id":"NoneJupiter",
    "turns":[
        {
            "speaker":"S",
            "time":"17.10.2020 15:48:29",
            "turn-index":0,
            "utterance":"2ちゃんねるのなんＪから来たンゴ！よろしくニキ！早速やけど、今日話したいことを教えてクレメンス"
        },
        {
            "speaker":"U",
            "time":"17.10.2020 15:48:52",
            "turn-index":1,
            "utterance":"コンビニエンスストアのことなんだけど、どこがおすすめ？"
        },
        {
            "speaker":"S",
            "time":"17.10.2020 15:48:54",
            "turn-index":2,
            "utterance":"巨人じゃいかんのか？オリックスとかおすすめやで"
        },
        {
            "speaker":"U",
            "time":"17.10.2020 15:49:05",
            "turn-index":3,
            "utterance":"コンビニのことなんだよなぁ"
        },
        {
            "speaker":"S",
            "time":"17.10.2020 15:49:07",
            "turn-index":4,
            "utterance":"遅い。コンビニ気分で使って時間かかって金で払えば良かったってなる"
        },
        {
            "speaker":"U",
            "time":"17.10.2020 15:49:30",
            "turn-index":5,
            "utterance":"コンビニって高いけど早いもんねぇ"
        },
        {
            "speaker":"S",
            "time":"17.10.2020 15:49:31",
            "turn-index":6,
            "utterance":"コンビニ店員に人権はなかった…？"
        },
        {
            "speaker":"U",
            "time":"17.10.2020 15:49:51",
            "turn-index":7,
            "utterance":"ないって思っている人が多そう"
        },
        {
            "speaker":"S",
            "time":"17.10.2020 15:49:53",
            "turn-index":8,
            "utterance":"ユーザーは多いだろうけどおんJのわしせん民は何十人住んでるのか分からんしなぁ。ちなワイは名前知ってるだけでやってない"
        },
        {
            "speaker":"U",
            "time":"17.10.2020 15:50:20",
            "turn-index":9,
            "utterance":"そういえばさ、インターネットよく使ってる？"
        },
        {
            "speaker":"S",
            "time":"17.10.2020 15:50:22",
            "turn-index":10,
            "utterance":"インターネット検索は使うだろうがSNSやおんjなんjは使わんでも生きていけるわ"
        },
        {
            "speaker":"U",
            "time":"17.10.2020 15:50:40",
            "turn-index":11,
            "utterance":"確かに。ＳＮＳは縛られている感じがするもんね"
        },
        {
            "speaker":"S",
            "time":"17.10.2020 15:50:42",
            "turn-index":12,
            "utterance":"大学生とは言えまだ親に縛られとるからな"
        },
        {
            "speaker":"U",
            "time":"17.10.2020 15:51:02",
            "turn-index":13,
            "utterance":"社会人になればその縛りもとけるさ"
        },
        {
            "speaker":"S",
            "time":"17.10.2020 15:51:04",
            "turn-index":14,
            "utterance":"王子って縛りあるの？"
        },
        {
            "speaker":"U",
            "time":"17.10.2020 15:51:12",
            "turn-index":15,
            "utterance":"ないね"
        },
        {
            "speaker":"S",
            "time":"17.10.2020 15:51:14",
            "turn-index":16,
            "utterance":"せやなしゃーないな"
        },
        {
            "speaker":"U",
            "time":"17.10.2020 15:51:25",
            "turn-index":17,
            "utterance":"むしろそのほうがよさそう"
        },
        {
            "speaker":"S",
            "time":"17.10.2020 15:51:27",
            "turn-index":18,
            "utterance":"しぬのはかなしい"
        },
        {
            "speaker":"U",
            "time":"17.10.2020 15:51:41",
            "turn-index":19,
            "utterance":"かなしいね　何も残らないし"
        },
        {
            "speaker":"S",
            "time":"17.10.2020 15:51:43",
            "turn-index":20,
            "utterance":"社名は残って、社員は残らない"
        },
        {
            "speaker":"U",
            "time":"17.10.2020 15:52:03",
            "turn-index":21,
            "utterance":"どこのブラック企業よ（笑）"
        },
        {
            "speaker":"S",
            "time":"17.10.2020 15:52:05",
            "turn-index":22,
            "utterance":"これブラックなんかね？早出&残業で手当てつかないんだけど"
        },
        {
            "speaker":"U",
            "time":"17.10.2020 15:52:12",
            "turn-index":23,
            "utterance":"あーそれはブラックだね"
        },
        {
            "speaker":"S",
            "time":"17.10.2020 15:52:14",
            "turn-index":24,
            "utterance":"rootsのブラックが飲みやすいわ俺みたいなもんは"
        },
        {
            "speaker":"U",
            "time":"17.10.2020 15:52:23",
            "turn-index":25,
            "utterance":"俺はボスのブラックが好きだな"
        },
        {
            "speaker":"S",
            "time":"17.10.2020 15:52:25",
            "turn-index":26,
            "utterance":"俺は好きな絵柄だし、謎タイトルも内容気になります"
        },
        {
            "speaker":"U",
            "time":"17.10.2020 15:52:38",
            "turn-index":27,
            "utterance":"タイトルが変なのは確かに気になる"
        },
        {
            "speaker":"S",
            "time":"17.10.2020 15:52:39",
            "turn-index":28,
            "utterance":"あ、もう時間が無いンゴ。いろんな話が聞けて楽しかったやで！ありがとナス！"
        },
        {
            "speaker":"U",
            "time":"17.10.2020 15:52:49",
            "turn-index":29,
            "utterance":"こっちこそありがとう"
        },
        {
            "speaker":"S",
            "time":"17.10.2020 15:52:51",
            "turn-index":30,
            "utterance":"せや！この後アンケート入力すると思うんやけど、いい評価にしてくれると嬉しいンゴ！"
        }
    ]
}