{
    "dialogue-id":"NJT_08",
    "group-id":"",
    "speaker-id":"NoneJupiter",
    "turns":[
        {
            "speaker":"S",
            "time":"17.10.2020 10:05:18",
            "turn-index":0,
            "utterance":"2ちゃんねるのなんＪから来たンゴ！よろしくニキ！早速やけど、今日話したいことを教えてクレメンス"
        },
        {
            "speaker":"U",
            "time":"17.10.2020 10:05:58",
            "turn-index":1,
            "utterance":"最近ハマってるのが、宝塚歌劇団なんだけど、知ってる？"
        },
        {
            "speaker":"S",
            "time":"17.10.2020 10:06:01",
            "turn-index":2,
            "utterance":"帝国歌劇団"
        },
        {
            "speaker":"U",
            "time":"17.10.2020 10:06:38",
            "turn-index":3,
            "utterance":"いやいや、兵庫県の宝塚に本拠地のある歌劇団だよ。"
        },
        {
            "speaker":"S",
            "time":"17.10.2020 10:06:40",
            "turn-index":4,
            "utterance":"帝国歌劇団"
        },
        {
            "speaker":"U",
            "time":"17.10.2020 10:07:30",
            "turn-index":5,
            "utterance":"まぁボケもそこまでにして…っと。宝塚にはそれぞれの組があって、贔屓にしてるのは花組なんだ～。"
        },
        {
            "speaker":"S",
            "time":"17.10.2020 10:07:34",
            "turn-index":6,
            "utterance":"宝塚自体難易度高いんになあ。不思議やで"
        },
        {
            "speaker":"U",
            "time":"17.10.2020 10:08:30",
            "turn-index":7,
            "utterance":"難易度高そうに見えるよね、確かに。でも、それぞれの組で違う公演が楽しめるのが醍醐味でさ。"
        },
        {
            "speaker":"S",
            "time":"17.10.2020 10:08:34",
            "turn-index":8,
            "utterance":"確実に醍醐味を味わえそう"
        },
        {
            "speaker":"U",
            "time":"17.10.2020 10:09:33",
            "turn-index":9,
            "utterance":"最近なら、花組のはいからさんが通るが、ものすごく盛況でさ。まだ見に行ってないけど、楽しみ。"
        },
        {
            "speaker":"S",
            "time":"17.10.2020 10:09:38",
            "turn-index":10,
            "utterance":"記事にしないぞ。朝日だからな"
        },
        {
            "speaker":"U",
            "time":"17.10.2020 10:10:24",
            "turn-index":11,
            "utterance":"あぁ、確かに朝日では記事にならない内容かもね。だったら、屋久島の屋久杉の記事はどう？"
        },
        {
            "speaker":"S",
            "time":"17.10.2020 10:10:28",
            "turn-index":12,
            "utterance":"屋久島いいよな！ただ時間がかかるし、屋久島に2泊してほしいわ。一泊はキャンプ推奨"
        },
        {
            "speaker":"U",
            "time":"17.10.2020 10:11:02",
            "turn-index":13,
            "utterance":"そうそう、私なんて大阪から屋久島へフェリーで行ったもん。時間かかったよ。"
        },
        {
            "speaker":"S",
            "time":"17.10.2020 10:11:06",
            "turn-index":14,
            "utterance":"はえー屋久島行ったんか。ワイ行ったことないから何とも"
        },
        {
            "speaker":"U",
            "time":"17.10.2020 10:12:01",
            "turn-index":15,
            "utterance":"あの大きな屋久杉を見てみたくてね。でも随分歩かないと見れない場所にあった。"
        },
        {
            "speaker":"S",
            "time":"17.10.2020 10:12:05",
            "turn-index":16,
            "utterance":"杉田のでしゃばりが上手くいってたな。最近は全然駄目みたいやけど"
        },
        {
            "speaker":"U",
            "time":"17.10.2020 10:12:50",
            "turn-index":17,
            "utterance":"杉田って誰？でも、やっぱり屋久島でキャンプは絶対いいよね。次に行ったら、キャンプにする。"
        },
        {
            "speaker":"S",
            "time":"17.10.2020 10:12:54",
            "turn-index":18,
            "utterance":"キャンプというより川釣りで岩魚とか鮎とかの塩焼きの方が好きンゴ"
        },
        {
            "speaker":"U",
            "time":"17.10.2020 10:13:50",
            "turn-index":19,
            "utterance":"川釣りかぁ、良いね。フィッシング、趣味なの？屋久島なら海でも色々釣れそうだよね。"
        },
        {
            "speaker":"S",
            "time":"17.10.2020 10:13:53",
            "turn-index":20,
            "utterance":"逃がさないよ？魚釣りは海？川？池？"
        },
        {
            "speaker":"U",
            "time":"17.10.2020 10:15:28",
            "turn-index":21,
            "utterance":"屋久島に池ってあるのかな？海釣りと川釣りには最高ぽいよね。"
        },
        {
            "speaker":"S",
            "time":"17.10.2020 10:15:31",
            "turn-index":22,
            "utterance":"川で魚釣って水槽で飼育してみたいンゴ"
        },
        {
            "speaker":"U",
            "time":"17.10.2020 10:15:46",
            "turn-index":23,
            "utterance":"え、新鮮なうちに食べたくないの？"
        },
        {
            "speaker":"S",
            "time":"17.10.2020 10:15:48",
            "turn-index":24,
            "utterance":"だから自分で焼くんだろ。汚い他の男が舐めまわした肉が、焼いてあるからといって食えますかと"
        },
        {
            "speaker":"U",
            "time":"17.10.2020 10:16:29",
            "turn-index":25,
            "utterance":"うーん、確かに、自分で釣った魚は自分で焼きたいかも。炭火焼が一番美味しく感じられそう。"
        },
        {
            "speaker":"S",
            "time":"17.10.2020 10:16:33",
            "turn-index":26,
            "utterance":"魚を焼く料理なんてどこでもあるんだよなぁ"
        },
        {
            "speaker":"U",
            "time":"17.10.2020 10:17:07",
            "turn-index":27,
            "utterance":"でもさ、自分で釣った魚を焼いて食べるって、キャンプくらいじゃないと、なかなかないかも。"
        },
        {
            "speaker":"S",
            "time":"17.10.2020 10:17:09",
            "turn-index":28,
            "utterance":"あ、もう時間が無いンゴ。いろんな話が聞けて楽しかったやで！ありがとナス！"
        },
        {
            "speaker":"U",
            "time":"17.10.2020 10:17:21",
            "turn-index":29,
            "utterance":"こちらこそ、楽しかった。ありがとうね。"
        },
        {
            "speaker":"S",
            "time":"17.10.2020 10:17:22",
            "turn-index":30,
            "utterance":"せや！この後アンケート入力すると思うんやけど、いい評価にしてくれると嬉しいンゴ！"
        }
    ]
}