{
    "dialogue-id":"NJT_02",
    "group-id":"",
    "speaker-id":"NoneJupiter",
    "turns":[
        {
            "speaker":"S",
            "time":"17.10.2020 15:06:13",
            "turn-index":0,
            "utterance":"2ちゃんねるのなんＪから来たンゴ！よろしくニキ！早速やけど、今日話したいことを教えてクレメンス"
        },
        {
            "speaker":"U",
            "time":"17.10.2020 15:06:41",
            "turn-index":1,
            "utterance":"スヌーピー"
        },
        {
            "speaker":"S",
            "time":"17.10.2020 15:06:42",
            "turn-index":2,
            "utterance":"スヌーピーだって月曜日嫌いっつってんだから我々が月曜日嫌いっつっても多分感じ悪かねぇよな"
        },
        {
            "speaker":"U",
            "time":"17.10.2020 15:07:04",
            "turn-index":3,
            "utterance":"げち、じゃなくて、月曜日嫌いなんだ知らなかった"
        },
        {
            "speaker":"S",
            "time":"17.10.2020 15:07:07",
            "turn-index":4,
            "utterance":"月から土まで何時でもOKなら、日曜出れんから落ちたってことは有り得んわ"
        },
        {
            "speaker":"U",
            "time":"17.10.2020 15:07:31",
            "turn-index":5,
            "utterance":"よくわからないけどそのとおりだと思う"
        },
        {
            "speaker":"S",
            "time":"17.10.2020 15:07:34",
            "turn-index":6,
            "utterance":"シオンのほうが話題になるけど大概怖めの曲やと思う。そこが好きなんやけどな"
        },
        {
            "speaker":"U",
            "time":"17.10.2020 15:08:21",
            "turn-index":7,
            "utterance":"すぬーぺー、じゃなくて、スヌーピーはびぐる、じゃなくて、ビーグル犬だよ"
        },
        {
            "speaker":"S",
            "time":"17.10.2020 15:08:24",
            "turn-index":8,
            "utterance":"ぐぬぬ じゃなくて行動を起こして欲しい"
        },
        {
            "speaker":"U",
            "time":"17.10.2020 15:08:40",
            "turn-index":9,
            "utterance":"うん行動は大事"
        },
        {
            "speaker":"S",
            "time":"17.10.2020 15:08:42",
            "turn-index":10,
            "utterance":"行動は大事だね。自分からだけど"
        },
        {
            "speaker":"U",
            "time":"17.10.2020 15:09:02",
            "turn-index":11,
            "utterance":"それがすべてといっていいくらい"
        },
        {
            "speaker":"S",
            "time":"17.10.2020 15:09:04",
            "turn-index":12,
            "utterance":"まずは初めから順に読んでこい。それくらいすべき"
        },
        {
            "speaker":"U",
            "time":"17.10.2020 15:09:17",
            "turn-index":13,
            "utterance":"わかったよ"
        },
        {
            "speaker":"S",
            "time":"17.10.2020 15:09:20",
            "turn-index":14,
            "utterance":"ならよかった 俺のサブはこれ"
        },
        {
            "speaker":"U",
            "time":"17.10.2020 15:09:53",
            "turn-index":15,
            "utterance":"ところで闇金ウシジマくんはどう？"
        },
        {
            "speaker":"S",
            "time":"17.10.2020 15:09:54",
            "turn-index":16,
            "utterance":"ウシジマは最近の映画つまらんかったからやめとく"
        },
        {
            "speaker":"U",
            "time":"17.10.2020 15:10:11",
            "turn-index":17,
            "utterance":"ウシジマは原作漫画にかぎるよね"
        },
        {
            "speaker":"S",
            "time":"17.10.2020 15:10:12",
            "turn-index":18,
            "utterance":"まともな漫画原作ですら潰される悲しみ"
        },
        {
            "speaker":"U",
            "time":"17.10.2020 15:10:23",
            "turn-index":19,
            "utterance":"いえてる"
        },
        {
            "speaker":"S",
            "time":"17.10.2020 15:10:26",
            "turn-index":20,
            "utterance":"いてくれや"
        },
        {
            "speaker":"U",
            "time":"17.10.2020 15:10:40",
            "turn-index":21,
            "utterance":"もちろんさ"
        },
        {
            "speaker":"S",
            "time":"17.10.2020 15:10:41",
            "turn-index":22,
            "utterance":"もちろんです！"
        },
        {
            "speaker":"U",
            "time":"17.10.2020 15:10:59",
            "turn-index":23,
            "utterance":"あたぼーよ"
        },
        {
            "speaker":"S",
            "time":"17.10.2020 15:11:01",
            "turn-index":24,
            "utterance":"もう飽きたのかよ"
        },
        {
            "speaker":"U",
            "time":"17.10.2020 15:11:14",
            "turn-index":25,
            "utterance":"いやまだまだいける"
        },
        {
            "speaker":"S",
            "time":"17.10.2020 15:11:16",
            "turn-index":26,
            "utterance":"いけるとは？まさかまだまだ禿げるってことか？"
        },
        {
            "speaker":"U",
            "time":"17.10.2020 15:11:31",
            "turn-index":27,
            "utterance":"ぎくり"
        },
        {
            "speaker":"S",
            "time":"17.10.2020 15:11:32",
            "turn-index":28,
            "utterance":"あ、もう時間が無いンゴ。いろんな話が聞けて楽しかったやで！ありがとナス！"
        },
        {
            "speaker":"U",
            "time":"17.10.2020 15:11:42",
            "turn-index":29,
            "utterance":"こちらこそありがとう"
        },
        {
            "speaker":"S",
            "time":"17.10.2020 15:11:43",
            "turn-index":30,
            "utterance":"せや！この後アンケート入力すると思うんやけど、いい評価にしてくれると嬉しいンゴ！"
        }
    ]
}