{
    "dialogue-id":"NJT_39",
    "group-id":"",
    "speaker-id":"NoneJupiter",
    "turns":[
        {
            "speaker":"S",
            "time":"17.10.2020 15:39:53",
            "turn-index":0,
            "utterance":"2ちゃんねるのなんＪから来たンゴ！よろしくニキ！早速やけど、今日話したいことを教えてクレメンス"
        },
        {
            "speaker":"U",
            "time":"17.10.2020 15:40:29",
            "turn-index":1,
            "utterance":"芦田愛菜ちゃんについて"
        },
        {
            "speaker":"S",
            "time":"17.10.2020 15:40:30",
            "turn-index":2,
            "utterance":"ワイが芦田愛菜の服装をするか"
        },
        {
            "speaker":"U",
            "time":"17.10.2020 15:40:46",
            "turn-index":3,
            "utterance":"気持ち悪そう！"
        },
        {
            "speaker":"S",
            "time":"17.10.2020 15:40:47",
            "turn-index":4,
            "utterance":"気持ち悪いと思ってるのにどうして見続けるのかな？もしかして？"
        },
        {
            "speaker":"U",
            "time":"17.10.2020 15:42:08",
            "turn-index":5,
            "utterance":"あなたが愛菜ちゃんの服装するのがちょっと。愛菜ちゃんは上手く大人に移行したよね！"
        },
        {
            "speaker":"S",
            "time":"17.10.2020 15:42:12",
            "turn-index":6,
            "utterance":"ワイが芦田愛菜の服装をするか"
        },
        {
            "speaker":"U",
            "time":"17.10.2020 15:43:38",
            "turn-index":7,
            "utterance":"それは勘弁！愛菜ちゃん，良いお姉さんになったと思わない？"
        },
        {
            "speaker":"S",
            "time":"17.10.2020 15:43:40",
            "turn-index":8,
            "utterance":"ムチムチのお姉ちゃんに！？"
        },
        {
            "speaker":"U",
            "time":"17.10.2020 15:43:57",
            "turn-index":9,
            "utterance":"ステキなお姉さんに！"
        },
        {
            "speaker":"S",
            "time":"17.10.2020 15:43:59",
            "turn-index":10,
            "utterance":"年少組と絡んでるときのユッキは年相応にお姉さんしててベネ。なお普段"
        },
        {
            "speaker":"U",
            "time":"17.10.2020 15:44:33",
            "turn-index":11,
            "utterance":"愛菜ちゃんは、品があってステキだよ！"
        },
        {
            "speaker":"S",
            "time":"17.10.2020 15:44:35",
            "turn-index":12,
            "utterance":"品ななんだね 笑"
        },
        {
            "speaker":"U",
            "time":"17.10.2020 15:45:00",
            "turn-index":13,
            "utterance":"MCも上手いし！"
        },
        {
            "speaker":"S",
            "time":"17.10.2020 15:45:02",
            "turn-index":14,
            "utterance":"もちろん。MCもライヴの醍醐味"
        },
        {
            "speaker":"U",
            "time":"17.10.2020 15:46:00",
            "turn-index":15,
            "utterance":"愛菜ちゃん，演技はどうなか？最近の演技見た？"
        },
        {
            "speaker":"S",
            "time":"17.10.2020 15:46:02",
            "turn-index":16,
            "utterance":"味方同士で演技する必要ないやろ"
        },
        {
            "speaker":"U",
            "time":"17.10.2020 15:47:02",
            "turn-index":17,
            "utterance":"CMではなかなかハマっているよね！"
        },
        {
            "speaker":"S",
            "time":"17.10.2020 15:47:04",
            "turn-index":18,
            "utterance":"CM中は消音してPCに集中や"
        },
        {
            "speaker":"U",
            "time":"17.10.2020 15:48:22",
            "turn-index":19,
            "utterance":"この前，深夜に水曜どうでしょう再放送してたんだけど，面白いね！"
        },
        {
            "speaker":"S",
            "time":"17.10.2020 15:48:25",
            "turn-index":20,
            "utterance":"水曜どうでしょうってなに？"
        },
        {
            "speaker":"U",
            "time":"17.10.2020 15:48:46",
            "turn-index":21,
            "utterance":"大泉洋が出ているバラエティ番組。"
        },
        {
            "speaker":"S",
            "time":"17.10.2020 15:48:48",
            "turn-index":22,
            "utterance":"復活したヒトラーもドイツのテレビ番組が、料理、動物、くだらないバラエティー。で埋め尽くされてることにガッカリしてたで"
        },
        {
            "speaker":"U",
            "time":"17.10.2020 15:49:11",
            "turn-index":23,
            "utterance":"DVD出ているから，1度見てみて！"
        },
        {
            "speaker":"S",
            "time":"17.10.2020 15:49:12",
            "turn-index":24,
            "utterance":"そっか。DVD買ったのか。久しぶりに高校が見てえんだよな"
        },
        {
            "speaker":"U",
            "time":"17.10.2020 15:49:38",
            "turn-index":25,
            "utterance":"DVDは買っていないけど、あっても良いかな！"
        },
        {
            "speaker":"S",
            "time":"17.10.2020 15:49:40",
            "turn-index":26,
            "utterance":"DVDあるんか、金に余裕出来たら考えてみるやで"
        },
        {
            "speaker":"U",
            "time":"17.10.2020 15:49:59",
            "turn-index":27,
            "utterance":"動画でも見られると思うよ！"
        },
        {
            "speaker":"S",
            "time":"17.10.2020 15:50:01",
            "turn-index":28,
            "utterance":"あ、もう時間が無いンゴ。いろんな話が聞けて楽しかったやで！ありがとナス！"
        },
        {
            "speaker":"U",
            "time":"17.10.2020 15:50:17",
            "turn-index":29,
            "utterance":"水曜どうでしょう見てね！"
        },
        {
            "speaker":"S",
            "time":"17.10.2020 15:50:18",
            "turn-index":30,
            "utterance":"せや！この後アンケート入力すると思うんやけど、いい評価にしてくれると嬉しいンゴ！"
        }
    ]
}