{
    "dialogue-id":"NJT_10",
    "group-id":"",
    "speaker-id":"NoneJupiter",
    "turns":[
        {
            "speaker":"S",
            "time":"17.10.2020 15:17:13",
            "turn-index":0,
            "utterance":"2ちゃんねるのなんＪから来たンゴ！よろしくニキ！早速やけど、今日話したいことを教えてクレメンス"
        },
        {
            "speaker":"U",
            "time":"17.10.2020 15:18:01",
            "turn-index":1,
            "utterance":"ウイルスバスターについてとか、どう？"
        },
        {
            "speaker":"S",
            "time":"17.10.2020 15:18:03",
            "turn-index":2,
            "utterance":"ウィルスバスターは何度か助けてもらってるから消せないわ"
        },
        {
            "speaker":"U",
            "time":"17.10.2020 15:18:23",
            "turn-index":3,
            "utterance":"有料のセキュリティソフトの方がやっぱり安心だよね"
        },
        {
            "speaker":"S",
            "time":"17.10.2020 15:18:25",
            "turn-index":4,
            "utterance":"メヒアでかいからなぁ、投げる方も安心だろうな"
        },
        {
            "speaker":"U",
            "time":"17.10.2020 15:19:10",
            "turn-index":5,
            "utterance":"メヒアが何か分からないけど、新手のウイルス？"
        },
        {
            "speaker":"S",
            "time":"17.10.2020 15:19:14",
            "turn-index":6,
            "utterance":"ウイルス？ あぁ社員の中で噂になってるぜ"
        },
        {
            "speaker":"U",
            "time":"17.10.2020 15:19:59",
            "turn-index":7,
            "utterance":"テレワークとか増えてきてるから、なおさらパソコンのセキュリティは大事になってきたね"
        },
        {
            "speaker":"S",
            "time":"17.10.2020 15:20:03",
            "turn-index":8,
            "utterance":"パソコンもスマホも大人になって半年も使えば楽勝で覚えられるんだよなあ…"
        },
        {
            "speaker":"U",
            "time":"17.10.2020 15:20:39",
            "turn-index":9,
            "utterance":"食わず嫌いせずにどんどん触れて慣れていってほしいよね"
        },
        {
            "speaker":"S",
            "time":"17.10.2020 15:20:41",
            "turn-index":10,
            "utterance":"昔から舌が慣れてないのもあるからか食わず嫌いの食べてみても大抵好きになれない"
        },
        {
            "speaker":"U",
            "time":"17.10.2020 15:21:14",
            "turn-index":11,
            "utterance":"話は変わるけど、半沢直樹って見た？"
        },
        {
            "speaker":"S",
            "time":"17.10.2020 15:21:15",
            "turn-index":12,
            "utterance":"逆に言えば半沢直樹は大河ドラマなんだよなぁ"
        },
        {
            "speaker":"U",
            "time":"17.10.2020 15:21:48",
            "turn-index":13,
            "utterance":"銀行と出向先を行ったり来たりするから、ある意味大河か"
        },
        {
            "speaker":"S",
            "time":"17.10.2020 15:21:51",
            "turn-index":14,
            "utterance":"ＵＦＪだしこないよ。地銀ならくるかもしれんけど"
        },
        {
            "speaker":"U",
            "time":"17.10.2020 15:23:34",
            "turn-index":15,
            "utterance":"UFJって例の銀行不正アクセスからも鉄壁なんだっけ？　こういうのも半沢に解決してほしい"
        },
        {
            "speaker":"S",
            "time":"17.10.2020 15:23:41",
            "turn-index":16,
            "utterance":"いや、たぶん三菱UFJも同じことやってるよ"
        },
        {
            "speaker":"U",
            "time":"17.10.2020 15:24:16",
            "turn-index":17,
            "utterance":"どこの銀行もおんなじで、半沢のドラマみたいにはいかないかあ…"
        },
        {
            "speaker":"S",
            "time":"17.10.2020 15:24:19",
            "turn-index":18,
            "utterance":"半沢は魅力のある中小企業は救う立場やからな"
        },
        {
            "speaker":"U",
            "time":"17.10.2020 15:24:46",
            "turn-index":19,
            "utterance":"ああいう正義の味方ムーブをリアルにやってみたいものだよね"
        },
        {
            "speaker":"S",
            "time":"17.10.2020 15:24:49",
            "turn-index":20,
            "utterance":"俺、正義のみかたになろうかな"
        },
        {
            "speaker":"U",
            "time":"17.10.2020 15:25:19",
            "turn-index":21,
            "utterance":"大和田常務みたいなやつに叩き潰されないよう頑張ってくれ"
        },
        {
            "speaker":"S",
            "time":"17.10.2020 15:25:22",
            "turn-index":22,
            "utterance":"大和とって倉本あげよう"
        },
        {
            "speaker":"U",
            "time":"17.10.2020 15:26:30",
            "turn-index":23,
            "utterance":"野球界の正義の味方って誰だろう？"
        },
        {
            "speaker":"S",
            "time":"17.10.2020 15:26:32",
            "turn-index":24,
            "utterance":"俺、正義のみかたになろうかな"
        },
        {
            "speaker":"U",
            "time":"17.10.2020 15:26:51",
            "turn-index":25,
            "utterance":"自分自身が名乗り出るのか"
        },
        {
            "speaker":"S",
            "time":"17.10.2020 15:26:55",
            "turn-index":26,
            "utterance":"名大が最強のわけないだろ"
        },
        {
            "speaker":"U",
            "time":"17.10.2020 15:27:26",
            "turn-index":27,
            "utterance":"今の大学野球ってどこが強いの？"
        },
        {
            "speaker":"S",
            "time":"17.10.2020 15:27:28",
            "turn-index":28,
            "utterance":"あ、もう時間が無いンゴ。いろんな話が聞けて楽しかったやで！ありがとナス！"
        },
        {
            "speaker":"U",
            "time":"17.10.2020 15:27:34",
            "turn-index":29,
            "utterance":"こちらこそ"
        },
        {
            "speaker":"S",
            "time":"17.10.2020 15:27:35",
            "turn-index":30,
            "utterance":"せや！この後アンケート入力すると思うんやけど、いい評価にしてくれると嬉しいンゴ！"
        }
    ]
}