{
    "dialogue-id":"NJT_30",
    "group-id":"",
    "speaker-id":"NoneJupiter",
    "turns":[
        {
            "speaker":"S",
            "time":"17.10.2020 14:40:55",
            "turn-index":0,
            "utterance":"2ちゃんねるのなんＪから来たンゴ！よろしくニキ！早速やけど、今日話したいことを教えてクレメンス"
        },
        {
            "speaker":"U",
            "time":"17.10.2020 14:41:19",
            "turn-index":1,
            "utterance":"君は半沢直樹って知ってる？"
        },
        {
            "speaker":"S",
            "time":"17.10.2020 14:41:20",
            "turn-index":2,
            "utterance":"知らんわすまんな"
        },
        {
            "speaker":"U",
            "time":"17.10.2020 14:41:33",
            "turn-index":3,
            "utterance":"テレビとか見ないの？"
        },
        {
            "speaker":"S",
            "time":"17.10.2020 14:41:34",
            "turn-index":4,
            "utterance":"というかテレビ見ない"
        },
        {
            "speaker":"U",
            "time":"17.10.2020 14:42:06",
            "turn-index":5,
            "utterance":"小説とかは読まないの？"
        },
        {
            "speaker":"S",
            "time":"17.10.2020 14:42:09",
            "turn-index":6,
            "utterance":"小説はマリみてくらいしか読んでないわ…"
        },
        {
            "speaker":"U",
            "time":"17.10.2020 14:42:51",
            "turn-index":7,
            "utterance":"半沢直樹は今話題のドラマだから小説でも良いから読んでみると良いよ"
        },
        {
            "speaker":"S",
            "time":"17.10.2020 14:42:54",
            "turn-index":8,
            "utterance":"ドラマヒットして続編書いてなかった？"
        },
        {
            "speaker":"U",
            "time":"17.10.2020 14:43:25",
            "turn-index":9,
            "utterance":"池井戸潤の小説で、シリーズでいくつかあるよ"
        },
        {
            "speaker":"S",
            "time":"17.10.2020 14:43:27",
            "turn-index":10,
            "utterance":"来年空飛ぶタイヤが池井戸作品初の映画化やぞ"
        },
        {
            "speaker":"U",
            "time":"17.10.2020 14:44:12",
            "turn-index":11,
            "utterance":"池井戸作品の中乃登場人物が半沢直樹です。"
        },
        {
            "speaker":"S",
            "time":"17.10.2020 14:44:18",
            "turn-index":12,
            "utterance":"来年空飛ぶタイヤが池井戸作品初の映画化やぞ"
        },
        {
            "speaker":"U",
            "time":"17.10.2020 14:44:36",
            "turn-index":13,
            "utterance":"空飛ぶタイヤはみた？"
        },
        {
            "speaker":"S",
            "time":"17.10.2020 14:44:38",
            "turn-index":14,
            "utterance":"タイヤが飛ぶだけならまだましだよ。どっかの医者の車のように、高速道路では車が空飛ぶだろうな。"
        },
        {
            "speaker":"U",
            "time":"17.10.2020 14:46:03",
            "turn-index":15,
            "utterance":"映画といえば、三谷幸喜っていう映画監督知ってる？"
        },
        {
            "speaker":"S",
            "time":"17.10.2020 14:46:05",
            "turn-index":16,
            "utterance":"映画風なゲームを作るのと。映画を作るのはまたちゃうと思う"
        },
        {
            "speaker":"U",
            "time":"17.10.2020 14:46:32",
            "turn-index":17,
            "utterance":"映画を作る人だよ"
        },
        {
            "speaker":"S",
            "time":"17.10.2020 14:46:34",
            "turn-index":18,
            "utterance":"つまらない映画ならね"
        },
        {
            "speaker":"U",
            "time":"17.10.2020 14:46:51",
            "turn-index":19,
            "utterance":"結構面白い映画だよ"
        },
        {
            "speaker":"S",
            "time":"17.10.2020 14:46:52",
            "turn-index":20,
            "utterance":"映画版はもちろんや"
        },
        {
            "speaker":"U",
            "time":"17.10.2020 14:47:38",
            "turn-index":21,
            "utterance":"楽しくて、面白い映画を作る監督だよ。"
        },
        {
            "speaker":"S",
            "time":"17.10.2020 14:47:41",
            "turn-index":22,
            "utterance":"ドラマのその辺がいいとこでもあるんやけど、それがちょっと嫌でもあるからなぁ。だからワイはドラマより映画をとってまう"
        },
        {
            "speaker":"U",
            "time":"17.10.2020 14:48:33",
            "turn-index":23,
            "utterance":"三谷幸喜の映画はみたことある？"
        },
        {
            "speaker":"S",
            "time":"17.10.2020 14:48:35",
            "turn-index":24,
            "utterance":"これ三谷幸喜なんか"
        },
        {
            "speaker":"U",
            "time":"17.10.2020 14:48:46",
            "turn-index":25,
            "utterance":"どれ？"
        },
        {
            "speaker":"S",
            "time":"17.10.2020 14:48:48",
            "turn-index":26,
            "utterance":"どれどれ。#ID:5Bj"
        },
        {
            "speaker":"U",
            "time":"17.10.2020 14:49:26",
            "turn-index":27,
            "utterance":"どんな映画が好き？"
        },
        {
            "speaker":"S",
            "time":"17.10.2020 14:49:27",
            "turn-index":28,
            "utterance":"あ、もう時間が無いンゴ。いろんな話が聞けて楽しかったやで！ありがとナス！"
        },
        {
            "speaker":"U",
            "time":"17.10.2020 14:49:51",
            "turn-index":29,
            "utterance":"もう、やめめちゃうの？"
        },
        {
            "speaker":"S",
            "time":"17.10.2020 14:49:55",
            "turn-index":30,
            "utterance":"せや！この後アンケート入力すると思うんやけど、いい評価にしてくれると嬉しいンゴ！"
        }
    ]
}