{
    "dialogue-id":"NJT_25",
    "group-id":"",
    "speaker-id":"NoneJupiter",
    "turns":[
        {
            "speaker":"S",
            "time":"17.10.2020 14:55:44",
            "turn-index":0,
            "utterance":"2ちゃんねるのなんＪから来たンゴ！よろしくニキ！早速やけど、今日話したいことを教えてクレメンス"
        },
        {
            "speaker":"U",
            "time":"17.10.2020 14:56:35",
            "turn-index":1,
            "utterance":"マクロスFだね"
        },
        {
            "speaker":"S",
            "time":"17.10.2020 14:56:36",
            "turn-index":2,
            "utterance":"マクロス7は歌う人と声優を分けるというシステムを作ったって意味で、アニメ史的には重要な気がするで"
        },
        {
            "speaker":"U",
            "time":"17.10.2020 14:57:05",
            "turn-index":3,
            "utterance":"そうだね"
        },
        {
            "speaker":"S",
            "time":"17.10.2020 14:57:07",
            "turn-index":4,
            "utterance":"同意の嵐じゃん、やっぱりそうだよな"
        },
        {
            "speaker":"U",
            "time":"17.10.2020 14:57:37",
            "turn-index":5,
            "utterance":"シェリルの歌が良かった"
        },
        {
            "speaker":"S",
            "time":"17.10.2020 14:57:39",
            "turn-index":6,
            "utterance":"ミドリムシはしねってかんじ。シェリルはほんまええおんなですわ"
        },
        {
            "speaker":"U",
            "time":"17.10.2020 14:58:56",
            "turn-index":7,
            "utterance":"ライオンは名曲だよね"
        },
        {
            "speaker":"S",
            "time":"17.10.2020 14:58:57",
            "turn-index":8,
            "utterance":"名曲だとは思うんだけど好みからは外れてるな"
        },
        {
            "speaker":"U",
            "time":"17.10.2020 14:59:30",
            "turn-index":9,
            "utterance":"どの曲が好きなの？"
        },
        {
            "speaker":"S",
            "time":"17.10.2020 14:59:32",
            "turn-index":10,
            "utterance":"いや、曲も好きでカラオケで歌ってたしあとは知らん"
        },
        {
            "speaker":"U",
            "time":"17.10.2020 15:02:05",
            "turn-index":11,
            "utterance":"ランカもまあ良かったね。キラッとか"
        },
        {
            "speaker":"S",
            "time":"17.10.2020 15:02:07",
            "turn-index":12,
            "utterance":"ランカちゃんもたくさんあるよ！一番くじ系のが多いけどね。値段は5000前後だよー キラッ☆"
        },
        {
            "speaker":"U",
            "time":"17.10.2020 15:03:02",
            "turn-index":13,
            "utterance":"ところで半沢直樹知ってる？"
        },
        {
            "speaker":"S",
            "time":"17.10.2020 15:03:03",
            "turn-index":14,
            "utterance":"半沢直樹の影響とか聞いた試しがない"
        },
        {
            "speaker":"U",
            "time":"17.10.2020 15:03:58",
            "turn-index":15,
            "utterance":"名場面たくさんあったね"
        },
        {
            "speaker":"S",
            "time":"17.10.2020 15:03:59",
            "turn-index":16,
            "utterance":"点差ちょっとあったっけ？中日戦で１S"
        },
        {
            "speaker":"U",
            "time":"17.10.2020 15:04:22",
            "turn-index":17,
            "utterance":"どうした？"
        },
        {
            "speaker":"S",
            "time":"17.10.2020 15:04:24",
            "turn-index":18,
            "utterance":"浅村宣誓タイムリー"
        },
        {
            "speaker":"U",
            "time":"17.10.2020 15:04:41",
            "turn-index":19,
            "utterance":"半沢直樹の話題だってば"
        },
        {
            "speaker":"S",
            "time":"17.10.2020 15:04:43",
            "turn-index":20,
            "utterance":"逆に言えば半沢直樹は大河ドラマなんだよなぁ"
        },
        {
            "speaker":"U",
            "time":"17.10.2020 15:04:59",
            "turn-index":21,
            "utterance":"どういうところが？"
        },
        {
            "speaker":"S",
            "time":"17.10.2020 15:05:01",
            "turn-index":22,
            "utterance":"無骨なところ"
        },
        {
            "speaker":"U",
            "time":"17.10.2020 15:08:05",
            "turn-index":23,
            "utterance":"確かに品性はないよね"
        },
        {
            "speaker":"S",
            "time":"17.10.2020 15:08:07",
            "turn-index":24,
            "utterance":"オタク以外はそんなに品性があるのか？むしろ逆に見えるが"
        },
        {
            "speaker":"U",
            "time":"17.10.2020 15:10:01",
            "turn-index":25,
            "utterance":"大河で「おしまいdeath」やって欲しい"
        },
        {
            "speaker":"S",
            "time":"17.10.2020 15:10:04",
            "turn-index":26,
            "utterance":"最近他さんの手前無欲になろうとしてる"
        },
        {
            "speaker":"U",
            "time":"17.10.2020 15:10:38",
            "turn-index":27,
            "utterance":"何だって？"
        },
        {
            "speaker":"S",
            "time":"17.10.2020 15:10:39",
            "turn-index":28,
            "utterance":"あ、もう時間が無いンゴ。いろんな話が聞けて楽しかったやで！ありがとナス！"
        },
        {
            "speaker":"U",
            "time":"17.10.2020 15:11:12",
            "turn-index":29,
            "utterance":"楽しかったよ。ありがとう"
        },
        {
            "speaker":"S",
            "time":"17.10.2020 15:11:13",
            "turn-index":30,
            "utterance":"せや！この後アンケート入力すると思うんやけど、いい評価にしてくれると嬉しいンゴ！"
        }
    ]
}