{
    "dialogue-id":"NJT_24",
    "group-id":"",
    "speaker-id":"NoneJupiter",
    "turns":[
        {
            "speaker":"S",
            "time":"17.10.2020 15:25:33",
            "turn-index":0,
            "utterance":"2ちゃんねるのなんＪから来たンゴ！よろしくニキ！早速やけど、今日話したいことを教えてクレメンス"
        },
        {
            "speaker":"U",
            "time":"17.10.2020 15:27:20",
            "turn-index":1,
            "utterance":"平成といえばなに？"
        },
        {
            "speaker":"S",
            "time":"17.10.2020 15:27:22",
            "turn-index":2,
            "utterance":"ワイの免許も架空の平成やわ。いつ変わるんやろな"
        },
        {
            "speaker":"U",
            "time":"17.10.2020 15:27:57",
            "turn-index":3,
            "utterance":"たしかに、免許に平成残ってるね"
        },
        {
            "speaker":"S",
            "time":"17.10.2020 15:27:59",
            "turn-index":4,
            "utterance":"免許は就職するまでの期間で取れればいいというとこ受けたんだが、やっぱあれは方便なのかな・・"
        },
        {
            "speaker":"U",
            "time":"17.10.2020 15:28:51",
            "turn-index":5,
            "utterance":"平成の間にしたかったことってある？"
        },
        {
            "speaker":"S",
            "time":"17.10.2020 15:28:53",
            "turn-index":6,
            "utterance":"色々固まってなかったんでしょ"
        },
        {
            "speaker":"U",
            "time":"17.10.2020 15:29:45",
            "turn-index":7,
            "utterance":"あっという間に平成終わっちゃったかんじ"
        },
        {
            "speaker":"S",
            "time":"17.10.2020 15:29:47",
            "turn-index":8,
            "utterance":"むしろ平成終わるのを見越した調整の可能性"
        },
        {
            "speaker":"U",
            "time":"17.10.2020 15:30:06",
            "turn-index":9,
            "utterance":"平成は震災とか多かったんだろうな"
        },
        {
            "speaker":"S",
            "time":"17.10.2020 15:30:09",
            "turn-index":10,
            "utterance":"震災で原発爆発→世界的に安全基準が変更→建設費高騰。らしい"
        },
        {
            "speaker":"U",
            "time":"17.10.2020 15:30:41",
            "turn-index":11,
            "utterance":"ところで、すきなコンビニってある？"
        },
        {
            "speaker":"S",
            "time":"17.10.2020 15:30:43",
            "turn-index":12,
            "utterance":"そのコンビニを大切にするわね"
        },
        {
            "speaker":"U",
            "time":"17.10.2020 15:31:03",
            "turn-index":13,
            "utterance":"コンビニのスイーツとかおいしいよね"
        },
        {
            "speaker":"S",
            "time":"17.10.2020 15:31:07",
            "turn-index":14,
            "utterance":"まあ雑誌やおにぎりの種類とかはコンビニの方が多いよな"
        },
        {
            "speaker":"U",
            "time":"17.10.2020 15:31:21",
            "turn-index":15,
            "utterance":"コンビニの近くに住みたいわ"
        },
        {
            "speaker":"S",
            "time":"17.10.2020 15:31:22",
            "turn-index":16,
            "utterance":"いうてもコンビニなんて元々定価で物売るようなとこばっかやろ"
        },
        {
            "speaker":"U",
            "time":"17.10.2020 15:31:48",
            "turn-index":17,
            "utterance":"たしかに、コンビニ高くて買いづらいわ"
        },
        {
            "speaker":"S",
            "time":"17.10.2020 15:31:51",
            "turn-index":18,
            "utterance":"いまどきのコンビニって油圧ジャッキー売ってんのか..."
        },
        {
            "speaker":"U",
            "time":"17.10.2020 15:32:21",
            "turn-index":19,
            "utterance":"何でも売ってくれたら便利ではある"
        },
        {
            "speaker":"S",
            "time":"17.10.2020 15:32:23",
            "turn-index":20,
            "utterance":"便利やけどコスパが悪い"
        },
        {
            "speaker":"U",
            "time":"17.10.2020 15:32:49",
            "turn-index":21,
            "utterance":"その通り、コンビニは食品くらいしか使わん"
        },
        {
            "speaker":"S",
            "time":"17.10.2020 15:32:51",
            "turn-index":22,
            "utterance":"食品はリアル店舗には勝てないね"
        },
        {
            "speaker":"U",
            "time":"17.10.2020 15:33:10",
            "turn-index":23,
            "utterance":"値段では全然かなわんね"
        },
        {
            "speaker":"S",
            "time":"17.10.2020 15:33:15",
            "turn-index":24,
            "utterance":"値段やね。無駄遣いって連呼してた"
        },
        {
            "speaker":"U",
            "time":"17.10.2020 15:33:52",
            "turn-index":25,
            "utterance":"もったいないと思っちゃうね"
        },
        {
            "speaker":"S",
            "time":"17.10.2020 15:33:54",
            "turn-index":26,
            "utterance":"入ればよかったなぁ"
        },
        {
            "speaker":"U",
            "time":"17.10.2020 15:34:02",
            "turn-index":27,
            "utterance":"でもコンビニ好きだわ"
        },
        {
            "speaker":"S",
            "time":"17.10.2020 15:34:05",
            "turn-index":28,
            "utterance":"あ、もう時間が無いンゴ。いろんな話が聞けて楽しかったやで！ありがとナス！"
        },
        {
            "speaker":"U",
            "time":"17.10.2020 15:34:16",
            "turn-index":29,
            "utterance":"こちらこそ、楽しかったよ"
        },
        {
            "speaker":"S",
            "time":"17.10.2020 15:34:17",
            "turn-index":30,
            "utterance":"せや！この後アンケート入力すると思うんやけど、いい評価にしてくれると嬉しいンゴ！"
        }
    ]
}