{
    "dialogue-id":"NJT_47",
    "group-id":"",
    "speaker-id":"NoneJupiter",
    "turns":[
        {
            "speaker":"S",
            "time":"17.10.2020 14:43:15",
            "turn-index":0,
            "utterance":"2ちゃんねるのなんＪから来たンゴ！よろしくニキ！早速やけど、今日話したいことを教えてクレメンス"
        },
        {
            "speaker":"U",
            "time":"17.10.2020 14:43:28",
            "turn-index":1,
            "utterance":"ビットコインって知ってますか？"
        },
        {
            "speaker":"S",
            "time":"17.10.2020 14:43:30",
            "turn-index":2,
            "utterance":"せや、ビットコインや！"
        },
        {
            "speaker":"U",
            "time":"17.10.2020 14:43:57",
            "turn-index":3,
            "utterance":"そのビットコインについて詳しく教えてもらう事はできますか？"
        },
        {
            "speaker":"S",
            "time":"17.10.2020 14:44:02",
            "turn-index":4,
            "utterance":"ほんの少し前に詳しく書いてあるから見てくるとええで"
        },
        {
            "speaker":"U",
            "time":"17.10.2020 14:44:38",
            "turn-index":5,
            "utterance":"できれば今ここで教えてもらうと助かるのですが・・・"
        },
        {
            "speaker":"S",
            "time":"17.10.2020 14:44:41",
            "turn-index":6,
            "utterance":"いまは助教すらポストない。ポストは減ることはあっても増えることはない"
        },
        {
            "speaker":"U",
            "time":"17.10.2020 14:45:10",
            "turn-index":7,
            "utterance":"ビットコインについては教えてもらえないという事ですか？"
        },
        {
            "speaker":"S",
            "time":"17.10.2020 14:45:15",
            "turn-index":8,
            "utterance":"じゃあ怖がらずに淡々と作業せいや。何やれば良いかは学生課で教えてもらえるし"
        },
        {
            "speaker":"U",
            "time":"17.10.2020 14:45:42",
            "turn-index":9,
            "utterance":"学生課で聞けば良いという事でしょうか？"
        },
        {
            "speaker":"S",
            "time":"17.10.2020 14:45:44",
            "turn-index":10,
            "utterance":"学生課やな。OK"
        },
        {
            "speaker":"U",
            "time":"17.10.2020 14:46:14",
            "turn-index":11,
            "utterance":"なるほど、では今度はインターネットについて教えてもらえませんか？"
        },
        {
            "speaker":"S",
            "time":"17.10.2020 14:46:17",
            "turn-index":12,
            "utterance":"N高。NHK学園"
        },
        {
            "speaker":"U",
            "time":"17.10.2020 14:46:40",
            "turn-index":13,
            "utterance":"それが何かインターネットとの関係があるのですか？"
        },
        {
            "speaker":"S",
            "time":"17.10.2020 14:46:44",
            "turn-index":14,
            "utterance":"関係って何との関係や？低学歴は会話もまともにできんのか"
        },
        {
            "speaker":"U",
            "time":"17.10.2020 14:47:07",
            "turn-index":15,
            "utterance":"あなたのコメントとインターネットとの関係です。"
        },
        {
            "speaker":"S",
            "time":"17.10.2020 14:47:11",
            "turn-index":16,
            "utterance":"コメントは全く関係してこないはずです。PVがすべてですかね・・・"
        },
        {
            "speaker":"U",
            "time":"17.10.2020 14:47:36",
            "turn-index":17,
            "utterance":"コメントは関係ないんですね。ではインターネットについて詳しく教えて下さい。"
        },
        {
            "speaker":"S",
            "time":"17.10.2020 14:47:39",
            "turn-index":18,
            "utterance":"このやりとりお互いめんどくさくなって距離置くパターンやろ。それはそれでええんよ。ただネットに晒すイッチの頭がパッパラパーや"
        },
        {
            "speaker":"U",
            "time":"17.10.2020 14:48:11",
            "turn-index":19,
            "utterance":"インターネットについて教える事はないという事でしょうか？"
        },
        {
            "speaker":"S",
            "time":"17.10.2020 14:48:14",
            "turn-index":20,
            "utterance":"☆に関しては微妙なラインやで。ワイは地雷とは思わないかな"
        },
        {
            "speaker":"U",
            "time":"17.10.2020 14:48:33",
            "turn-index":21,
            "utterance":"私にもわかりやすいように説明して貰えますか？"
        },
        {
            "speaker":"S",
            "time":"17.10.2020 14:48:38",
            "turn-index":22,
            "utterance":"こっちこそすまん。わざわざ説明してくれたのに"
        },
        {
            "speaker":"U",
            "time":"17.10.2020 14:48:56",
            "turn-index":23,
            "utterance":"謝る必要はありませんよ。"
        },
        {
            "speaker":"S",
            "time":"17.10.2020 14:48:58",
            "turn-index":24,
            "utterance":"金ヅル怒らせたんだからとりあえず謝らないかんでしょ"
        },
        {
            "speaker":"U",
            "time":"17.10.2020 14:49:26",
            "turn-index":25,
            "utterance":"いつの間にか金ヅルになっていたんですね。そろそろインターネットについて教えてくれませんか？"
        },
        {
            "speaker":"S",
            "time":"17.10.2020 14:49:32",
            "turn-index":26,
            "utterance":"分かった。多分そろそろ退院するはずだよ"
        },
        {
            "speaker":"U",
            "time":"17.10.2020 14:49:50",
            "turn-index":27,
            "utterance":"誰が退院するのでしょうか？"
        },
        {
            "speaker":"S",
            "time":"17.10.2020 14:49:51",
            "turn-index":28,
            "utterance":"あ、もう時間が無いンゴ。いろんな話が聞けて楽しかったやで！ありがとナス！"
        },
        {
            "speaker":"U",
            "time":"17.10.2020 14:50:05",
            "turn-index":29,
            "utterance":"こちらこそありがとうございました。"
        },
        {
            "speaker":"S",
            "time":"17.10.2020 14:50:07",
            "turn-index":30,
            "utterance":"せや！この後アンケート入力すると思うんやけど、いい評価にしてくれると嬉しいンゴ！"
        }
    ]
}