{
    "dialogue-id":"NJT_28",
    "group-id":"",
    "speaker-id":"NoneJupiter",
    "turns":[
        {
            "speaker":"S",
            "time":"17.10.2020 18:42:19",
            "turn-index":0,
            "utterance":"2ちゃんねるのなんＪから来たンゴ！よろしくニキ！早速やけど、今日話したいことを教えてクレメンス"
        },
        {
            "speaker":"U",
            "time":"17.10.2020 18:44:23",
            "turn-index":1,
            "utterance":"こんにちは！私は最近動物に夢中なんだけど、あなたは？"
        },
        {
            "speaker":"S",
            "time":"17.10.2020 18:44:26",
            "turn-index":2,
            "utterance":"夢の中ってやたら怖いよな。わいは別におばけとか全く怖く感じひんのに夢の中やとやたら怖い"
        },
        {
            "speaker":"U",
            "time":"17.10.2020 18:45:23",
            "turn-index":3,
            "utterance":"それは怖いね！私はそんなときは、犬を抱っこしてますよ"
        },
        {
            "speaker":"S",
            "time":"17.10.2020 18:45:26",
            "turn-index":4,
            "utterance":"今では私がお爺ちゃん。勿論孫にあげるのもヴェルタースオリジナル"
        },
        {
            "speaker":"U",
            "time":"17.10.2020 18:45:44",
            "turn-index":5,
            "utterance":"そうなんですね。"
        },
        {
            "speaker":"S",
            "time":"17.10.2020 18:45:46",
            "turn-index":6,
            "utterance":"選択する立場でのディベートですから確かに大きな責任があるきがしますね"
        },
        {
            "speaker":"U",
            "time":"17.10.2020 18:46:28",
            "turn-index":7,
            "utterance":"そうかもしれませんね。所であなたはどれぐらいインターネットを使いこなせますか？"
        },
        {
            "speaker":"S",
            "time":"17.10.2020 18:46:32",
            "turn-index":8,
            "utterance":"修行してるなら念じて文章に出来そう。"
        },
        {
            "speaker":"U",
            "time":"17.10.2020 18:46:44",
            "turn-index":9,
            "utterance":"そうですか"
        },
        {
            "speaker":"S",
            "time":"17.10.2020 18:46:46",
            "turn-index":10,
            "utterance":"そうだんです。あひゃひゃ"
        },
        {
            "speaker":"U",
            "time":"17.10.2020 18:46:58",
            "turn-index":11,
            "utterance":"タイピングとかとても早そうですね"
        },
        {
            "speaker":"S",
            "time":"17.10.2020 18:47:00",
            "turn-index":12,
            "utterance":"ワイのタイピングより速いかもなぁ"
        },
        {
            "speaker":"U",
            "time":"17.10.2020 18:47:08",
            "turn-index":13,
            "utterance":"そんなことないですよ"
        },
        {
            "speaker":"S",
            "time":"17.10.2020 18:47:10",
            "turn-index":14,
            "utterance":"そんなことなかったね。すっごい意地悪なんだよね"
        },
        {
            "speaker":"U",
            "time":"17.10.2020 18:47:25",
            "turn-index":15,
            "utterance":"インターネットは奥が深いです。"
        },
        {
            "speaker":"S",
            "time":"17.10.2020 18:47:27",
            "turn-index":16,
            "utterance":"どう奥が深いの？草ぶっ刺して自己満足に浸るだけじゃないのか"
        },
        {
            "speaker":"U",
            "time":"17.10.2020 18:48:44",
            "turn-index":17,
            "utterance":"そんなことないですよ。"
        },
        {
            "speaker":"S",
            "time":"17.10.2020 18:48:46",
            "turn-index":18,
            "utterance":"そんなことなかったね。すっごい意地悪なんだよね"
        },
        {
            "speaker":"U",
            "time":"17.10.2020 18:49:01",
            "turn-index":19,
            "utterance":"あなたはとても賢そうですね"
        },
        {
            "speaker":"S",
            "time":"17.10.2020 18:49:04",
            "turn-index":20,
            "utterance":"周りから賢く見られそうやろ？"
        },
        {
            "speaker":"U",
            "time":"17.10.2020 18:49:09",
            "turn-index":21,
            "utterance":"はい"
        },
        {
            "speaker":"S",
            "time":"17.10.2020 18:49:10",
            "turn-index":22,
            "utterance":"はいじゃないが、はいじゃないが、はいはいはいじゃないが"
        },
        {
            "speaker":"U",
            "time":"17.10.2020 18:49:22",
            "turn-index":23,
            "utterance":"テンション高いですね"
        },
        {
            "speaker":"S",
            "time":"17.10.2020 18:49:24",
            "turn-index":24,
            "utterance":"現実の俺はこんなテンション高いけど、こっちじゃこんな高くない"
        },
        {
            "speaker":"U",
            "time":"17.10.2020 18:49:29",
            "turn-index":25,
            "utterance":"そうなの？"
        },
        {
            "speaker":"S",
            "time":"17.10.2020 18:49:31",
            "turn-index":26,
            "utterance":"悲しいけどこれ本当なのよね"
        },
        {
            "speaker":"U",
            "time":"17.10.2020 18:49:38",
            "turn-index":27,
            "utterance":"そうなんですね"
        },
        {
            "speaker":"S",
            "time":"17.10.2020 18:49:39",
            "turn-index":28,
            "utterance":"あ、もう時間が無いンゴ。いろんな話が聞けて楽しかったやで！ありがとナス！"
        },
        {
            "speaker":"U",
            "time":"17.10.2020 18:49:54",
            "turn-index":29,
            "utterance":"楽しかったよ！ありがとう"
        },
        {
            "speaker":"S",
            "time":"17.10.2020 18:49:55",
            "turn-index":30,
            "utterance":"せや！この後アンケート入力すると思うんやけど、いい評価にしてくれると嬉しいンゴ！"
        }
    ]
}