{
    "dialogue-id":"NJT_41",
    "group-id":"",
    "speaker-id":"NoneJupiter",
    "turns":[
        {
            "speaker":"S",
            "time":"17.10.2020 16:57:46",
            "turn-index":0,
            "utterance":"2ちゃんねるのなんＪから来たンゴ！よろしくニキ！早速やけど、今日話したいことを教えてクレメンス"
        },
        {
            "speaker":"U",
            "time":"17.10.2020 16:58:07",
            "turn-index":1,
            "utterance":"ウルトラセブンではどう。"
        },
        {
            "speaker":"S",
            "time":"17.10.2020 16:58:09",
            "turn-index":2,
            "utterance":"ウルトラ警備隊7番目の男"
        },
        {
            "speaker":"U",
            "time":"17.10.2020 16:59:33",
            "turn-index":3,
            "utterance":"ウルトラ警備隊って７人もいたっけ。"
        },
        {
            "speaker":"S",
            "time":"17.10.2020 16:59:35",
            "turn-index":4,
            "utterance":"安定してるやん。 警備員。仕事なくならなさそうだし"
        },
        {
            "speaker":"U",
            "time":"17.10.2020 16:59:47",
            "turn-index":5,
            "utterance":"自宅警備員。"
        },
        {
            "speaker":"S",
            "time":"17.10.2020 16:59:48",
            "turn-index":6,
            "utterance":"自宅じゃないよ！"
        },
        {
            "speaker":"U",
            "time":"17.10.2020 17:00:07",
            "turn-index":7,
            "utterance":"どこを警備しているの。"
        },
        {
            "speaker":"S",
            "time":"17.10.2020 17:00:09",
            "turn-index":8,
            "utterance":"安定してるやん。 警備員。仕事なくならなさそうだし"
        },
        {
            "speaker":"U",
            "time":"17.10.2020 17:00:33",
            "turn-index":9,
            "utterance":"でも仕事はきつそうだね。"
        },
        {
            "speaker":"S",
            "time":"17.10.2020 17:00:35",
            "turn-index":10,
            "utterance":"仕事じゃ無いよ。世渡りと言うんだ"
        },
        {
            "speaker":"U",
            "time":"17.10.2020 17:00:59",
            "turn-index":11,
            "utterance":"そうなんだ。世渡り上手だね。"
        },
        {
            "speaker":"S",
            "time":"17.10.2020 17:01:01",
            "turn-index":12,
            "utterance":"世渡り上手はいい。モテモテは彼女キャラいなかったら意味ないやん"
        },
        {
            "speaker":"U",
            "time":"17.10.2020 17:01:28",
            "turn-index":13,
            "utterance":"ところでビットコインって知ってる。"
        },
        {
            "speaker":"S",
            "time":"17.10.2020 17:01:30",
            "turn-index":14,
            "utterance":"いくらの時に10ビットコインを手にいれた？"
        },
        {
            "speaker":"U",
            "time":"17.10.2020 17:01:54",
            "turn-index":15,
            "utterance":"天井直前。"
        },
        {
            "speaker":"S",
            "time":"17.10.2020 17:01:56",
            "turn-index":16,
            "utterance":"何故か天井大好き翔さん"
        },
        {
            "speaker":"U",
            "time":"17.10.2020 17:02:09",
            "turn-index":17,
            "utterance":"あとは下がるばかり。"
        },
        {
            "speaker":"S",
            "time":"17.10.2020 17:02:11",
            "turn-index":18,
            "utterance":"元々のポジションの守備力が下がる。そして元に戻しても多分戻らない"
        },
        {
            "speaker":"U",
            "time":"17.10.2020 17:02:52",
            "turn-index":19,
            "utterance":"損切か、難平かだな。"
        },
        {
            "speaker":"S",
            "time":"17.10.2020 17:02:53",
            "turn-index":20,
            "utterance":"せやな。ワイは40％マイナスが損切りライン"
        },
        {
            "speaker":"U",
            "time":"17.10.2020 17:03:10",
            "turn-index":21,
            "utterance":"ずいぶんと粘るね。"
        },
        {
            "speaker":"S",
            "time":"17.10.2020 17:03:11",
            "turn-index":22,
            "utterance":"そら外れるわ"
        },
        {
            "speaker":"U",
            "time":"17.10.2020 17:03:35",
            "turn-index":23,
            "utterance":"これ以上は耐えられない。"
        },
        {
            "speaker":"S",
            "time":"17.10.2020 17:03:37",
            "turn-index":24,
            "utterance":"ここに来てる奴はみんな耐えてる方やぞ"
        },
        {
            "speaker":"U",
            "time":"17.10.2020 17:03:50",
            "turn-index":25,
            "utterance":"みんな損しているんだ。"
        },
        {
            "speaker":"S",
            "time":"17.10.2020 17:03:52",
            "turn-index":26,
            "utterance":"そうやない。誰も損してないのに逮捕する意味が分からんちゅう話や。"
        },
        {
            "speaker":"U",
            "time":"17.10.2020 17:04:10",
            "turn-index":27,
            "utterance":"だれが逮捕されたの。"
        },
        {
            "speaker":"S",
            "time":"17.10.2020 17:04:11",
            "turn-index":28,
            "utterance":"あ、もう時間が無いンゴ。いろんな話が聞けて楽しかったやで！ありがとナス！"
        },
        {
            "speaker":"U",
            "time":"17.10.2020 17:04:25",
            "turn-index":29,
            "utterance":"こちらこそありがとう。"
        },
        {
            "speaker":"S",
            "time":"17.10.2020 17:04:27",
            "turn-index":30,
            "utterance":"せや！この後アンケート入力すると思うんやけど、いい評価にしてくれると嬉しいンゴ！"
        }
    ]
}