{
    "dialogue-id":"NJT_21",
    "group-id":"",
    "speaker-id":"NoneJupiter",
    "turns":[
        {
            "speaker":"S",
            "time":"17.10.2020 14:35:33",
            "turn-index":0,
            "utterance":"2ちゃんねるのなんＪから来たンゴ！よろしくニキ！早速やけど、今日話したいことを教えてクレメンス"
        },
        {
            "speaker":"U",
            "time":"17.10.2020 14:37:17",
            "turn-index":1,
            "utterance":"おもひでぽろぽろについて話そうよ"
        },
        {
            "speaker":"S",
            "time":"17.10.2020 14:37:19",
            "turn-index":2,
            "utterance":"野手はぽろぽろ思い出はボロボロって感じやな"
        },
        {
            "speaker":"U",
            "time":"17.10.2020 14:37:32",
            "turn-index":3,
            "utterance":"ぽろぽろだよね"
        },
        {
            "speaker":"S",
            "time":"17.10.2020 14:37:34",
            "turn-index":4,
            "utterance":"ぽぽろんちゃんは腹黒いけど何やかんやええ子やん"
        },
        {
            "speaker":"U",
            "time":"17.10.2020 14:38:04",
            "turn-index":5,
            "utterance":"腹黒いって悪い人じゃん"
        },
        {
            "speaker":"S",
            "time":"17.10.2020 14:38:06",
            "turn-index":6,
            "utterance":"いや腹黒断固として腹黒。ググれ可愛いよ"
        },
        {
            "speaker":"U",
            "time":"17.10.2020 14:38:41",
            "turn-index":7,
            "utterance":"ググったよ。かわいらしいのかなぁ？？"
        },
        {
            "speaker":"S",
            "time":"17.10.2020 14:38:43",
            "turn-index":8,
            "utterance":"静脈瘤か？？もうググっちまった"
        },
        {
            "speaker":"U",
            "time":"17.10.2020 14:39:03",
            "turn-index":9,
            "utterance":"ちょっと、死んでしまうがな"
        },
        {
            "speaker":"S",
            "time":"17.10.2020 14:39:05",
            "turn-index":10,
            "utterance":"大丈夫？報告はできる時でいいから無理するな"
        },
        {
            "speaker":"U",
            "time":"17.10.2020 14:39:21",
            "turn-index":11,
            "utterance":"ちょっと無理してしまったわ"
        },
        {
            "speaker":"S",
            "time":"17.10.2020 14:39:25",
            "turn-index":12,
            "utterance":"無理とかそういうのないから"
        },
        {
            "speaker":"U",
            "time":"17.10.2020 14:39:39",
            "turn-index":13,
            "utterance":"大丈夫、大丈夫！！"
        },
        {
            "speaker":"S",
            "time":"17.10.2020 14:39:40",
            "turn-index":14,
            "utterance":"ノルウェーは大丈夫だー"
        },
        {
            "speaker":"U",
            "time":"17.10.2020 14:39:58",
            "turn-index":15,
            "utterance":"ノルウェーって外国じゃん！"
        },
        {
            "speaker":"S",
            "time":"17.10.2020 14:40:02",
            "turn-index":16,
            "utterance":"ノルウェイ"
        },
        {
            "speaker":"U",
            "time":"17.10.2020 14:40:20",
            "turn-index":17,
            "utterance":"ウエイ！あげていこう！！"
        },
        {
            "speaker":"S",
            "time":"17.10.2020 14:40:22",
            "turn-index":18,
            "utterance":"ありがとうやで"
        },
        {
            "speaker":"U",
            "time":"17.10.2020 14:40:39",
            "turn-index":19,
            "utterance":"サンキュー"
        },
        {
            "speaker":"S",
            "time":"17.10.2020 14:40:42",
            "turn-index":20,
            "utterance":"サンガツ。早くここも埋めないかんねぇ…"
        },
        {
            "speaker":"U",
            "time":"17.10.2020 14:40:58",
            "turn-index":21,
            "utterance":"もっとガンガン行こうじゃないか"
        },
        {
            "speaker":"S",
            "time":"17.10.2020 14:40:59",
            "turn-index":22,
            "utterance":"行ってくれ"
        },
        {
            "speaker":"U",
            "time":"17.10.2020 14:41:11",
            "turn-index":23,
            "utterance":"よしいくで"
        },
        {
            "speaker":"S",
            "time":"17.10.2020 14:41:13",
            "turn-index":24,
            "utterance":"よろしくやでー"
        },
        {
            "speaker":"U",
            "time":"17.10.2020 14:41:23",
            "turn-index":25,
            "utterance":"ほんまやでー"
        },
        {
            "speaker":"S",
            "time":"17.10.2020 14:41:25",
            "turn-index":26,
            "utterance":"ええんやで"
        },
        {
            "speaker":"U",
            "time":"17.10.2020 14:41:38",
            "turn-index":27,
            "utterance":"何言ってんのー？"
        },
        {
            "speaker":"S",
            "time":"17.10.2020 14:41:39",
            "turn-index":28,
            "utterance":"あ、もう時間が無いンゴ。いろんな話が聞けて楽しかったやで！ありがとナス！"
        },
        {
            "speaker":"U",
            "time":"17.10.2020 14:41:50",
            "turn-index":29,
            "utterance":"ありがとさーん"
        },
        {
            "speaker":"S",
            "time":"17.10.2020 14:41:52",
            "turn-index":30,
            "utterance":"せや！この後アンケート入力すると思うんやけど、いい評価にしてくれると嬉しいンゴ！"
        }
    ]
}