{
    "dialogue-id":"NJT_26",
    "group-id":"",
    "speaker-id":"NoneJupiter",
    "turns":[
        {
            "speaker":"S",
            "time":"17.10.2020 14:38:41",
            "turn-index":0,
            "utterance":"2ちゃんねるのなんＪから来たンゴ！よろしくニキ！早速やけど、今日話したいことを教えてクレメンス"
        },
        {
            "speaker":"U",
            "time":"17.10.2020 14:39:12",
            "turn-index":1,
            "utterance":"最近SUBARUの業績が良くないね。"
        },
        {
            "speaker":"S",
            "time":"17.10.2020 14:39:14",
            "turn-index":2,
            "utterance":"なんか業績あった？全部否定されていたような。肯定はなんかの純粋培養だけやなかった？"
        },
        {
            "speaker":"U",
            "time":"17.10.2020 14:39:51",
            "turn-index":3,
            "utterance":"あまりいい車が無いんだよね、"
        },
        {
            "speaker":"S",
            "time":"17.10.2020 14:39:52",
            "turn-index":4,
            "utterance":"内勤か外勤かにもよるし、手荷物で持ち込めないとやっぱり車だから免許ってなるし、駅近とは限らないし、電車とバスだけじゃ無理だな"
        },
        {
            "speaker":"U",
            "time":"17.10.2020 14:40:36",
            "turn-index":5,
            "utterance":"やっぱり車があると便利だよね。"
        },
        {
            "speaker":"S",
            "time":"17.10.2020 14:40:41",
            "turn-index":6,
            "utterance":"便利。期待値がかなり上がるわ。特に綾波時雨とか"
        },
        {
            "speaker":"U",
            "time":"17.10.2020 14:41:04",
            "turn-index":7,
            "utterance":"SUBARUの車買ってみたら？"
        },
        {
            "speaker":"S",
            "time":"17.10.2020 14:41:08",
            "turn-index":8,
            "utterance":"ワゴンRかな"
        },
        {
            "speaker":"U",
            "time":"17.10.2020 14:41:31",
            "turn-index":9,
            "utterance":"それはSUZUKIだね。SUBARUは嫌い？"
        },
        {
            "speaker":"S",
            "time":"17.10.2020 14:41:33",
            "turn-index":10,
            "utterance":"嫌なら。そうでないようにすればエエことや。ちゃうか？"
        },
        {
            "speaker":"U",
            "time":"17.10.2020 14:41:43",
            "turn-index":11,
            "utterance":"うん。そのとおりだね。"
        },
        {
            "speaker":"S",
            "time":"17.10.2020 14:41:47",
            "turn-index":12,
            "utterance":"なるほど 参考にする"
        },
        {
            "speaker":"U",
            "time":"17.10.2020 14:42:21",
            "turn-index":13,
            "utterance":"SUBARUが嫌いならどこの車が好き？"
        },
        {
            "speaker":"S",
            "time":"17.10.2020 14:42:23",
            "turn-index":14,
            "utterance":"どっかのスレでパジェロの話がでてたけど、パリダカのと市販車は全然違うからな"
        },
        {
            "speaker":"U",
            "time":"17.10.2020 14:42:41",
            "turn-index":15,
            "utterance":"そうだね、ランボルギーニはどう？"
        },
        {
            "speaker":"S",
            "time":"17.10.2020 14:42:42",
            "turn-index":16,
            "utterance":"チビガリの運転するランボルギーニならたとえ千キロで。突っ込まれてもなんともならん革新があるわ"
        },
        {
            "speaker":"U",
            "time":"17.10.2020 14:43:04",
            "turn-index":17,
            "utterance":"そうだね。ランボルギーニは革新的だよね。"
        },
        {
            "speaker":"S",
            "time":"17.10.2020 14:43:06",
            "turn-index":18,
            "utterance":"政治用語としての革新は通年的意味合いと違うといっているけど、何度も"
        },
        {
            "speaker":"U",
            "time":"17.10.2020 14:43:33",
            "turn-index":19,
            "utterance":"政治の話じゃなくて車の話だよ。"
        },
        {
            "speaker":"S",
            "time":"17.10.2020 14:43:36",
            "turn-index":20,
            "utterance":"雑談してるだけで政治とかの話はしてないと思うんですがそれは"
        },
        {
            "speaker":"U",
            "time":"17.10.2020 14:43:55",
            "turn-index":21,
            "utterance":"そうだね。車の話をしよう。"
        },
        {
            "speaker":"S",
            "time":"17.10.2020 14:43:57",
            "turn-index":22,
            "utterance":"電車でどこ行くの？"
        },
        {
            "speaker":"U",
            "time":"17.10.2020 14:44:12",
            "turn-index":23,
            "utterance":"電車は仕事に行く時に使っているよ。"
        },
        {
            "speaker":"S",
            "time":"17.10.2020 14:44:16",
            "turn-index":24,
            "utterance":"宿が取れなかった時に別の街に移動するために2回電車に乗ったのと。3日ぐらい前に東京に日帰りしたときに電車を使っています。毎日更新しているスタートとゴールの移動はキックボードです"
        },
        {
            "speaker":"U",
            "time":"17.10.2020 14:44:38",
            "turn-index":25,
            "utterance":"キックボードは危なくない？"
        },
        {
            "speaker":"S",
            "time":"17.10.2020 14:44:43",
            "turn-index":26,
            "utterance":"キックボードで通勤する姿を思い浮かべたら草"
        },
        {
            "speaker":"U",
            "time":"17.10.2020 14:45:01",
            "turn-index":27,
            "utterance":"そうだね。変だよね。"
        },
        {
            "speaker":"S",
            "time":"17.10.2020 14:45:02",
            "turn-index":28,
            "utterance":"あ、もう時間が無いンゴ。いろんな話が聞けて楽しかったやで！ありがとナス！"
        },
        {
            "speaker":"U",
            "time":"17.10.2020 14:45:16",
            "turn-index":29,
            "utterance":"いえいえ、こちらこそ楽しかったよ。"
        },
        {
            "speaker":"S",
            "time":"17.10.2020 14:45:17",
            "turn-index":30,
            "utterance":"せや！この後アンケート入力すると思うんやけど、いい評価にしてくれると嬉しいンゴ！"
        }
    ]
}