{
    "dialogue-id":"NJT_06",
    "group-id":"",
    "speaker-id":"NoneJupiter",
    "turns":[
        {
            "speaker":"S",
            "time":"17.10.2020 15:33:02",
            "turn-index":0,
            "utterance":"2ちゃんねるのなんＪから来たンゴ！よろしくニキ！早速やけど、今日話したいことを教えてクレメンス"
        },
        {
            "speaker":"U",
            "time":"17.10.2020 15:33:22",
            "turn-index":1,
            "utterance":"半沢直樹見てた？"
        },
        {
            "speaker":"S",
            "time":"17.10.2020 15:33:24",
            "turn-index":2,
            "utterance":"ついに半沢が負けるか"
        },
        {
            "speaker":"U",
            "time":"17.10.2020 15:33:50",
            "turn-index":3,
            "utterance":"面白かったよね～"
        },
        {
            "speaker":"S",
            "time":"17.10.2020 15:33:51",
            "turn-index":4,
            "utterance":"どこが面白かったか教えて、煽りとかじゃなくてね"
        },
        {
            "speaker":"U",
            "time":"17.10.2020 15:34:22",
            "turn-index":5,
            "utterance":"話もいいけど演技とか顔芸かな"
        },
        {
            "speaker":"S",
            "time":"17.10.2020 15:34:24",
            "turn-index":6,
            "utterance":"演技もそれなりにいいと思うけどなぁ"
        },
        {
            "speaker":"U",
            "time":"17.10.2020 15:34:44",
            "turn-index":7,
            "utterance":"うん、演技もよかったよ～みんな個性ありすぎ"
        },
        {
            "speaker":"S",
            "time":"17.10.2020 15:34:47",
            "turn-index":8,
            "utterance":"あのビクビクはどこまで演技できるかわからんし、そこは相手の優しさってことでいいんじゃね"
        },
        {
            "speaker":"U",
            "time":"17.10.2020 15:35:58",
            "turn-index":9,
            "utterance":"香川照之なんて凄すぎ、あんな演技目の前でされたら絶対笑ってしまうし"
        },
        {
            "speaker":"S",
            "time":"17.10.2020 15:36:01",
            "turn-index":10,
            "utterance":"香川やと、利家とまつの秀吉役も好きやわ"
        },
        {
            "speaker":"U",
            "time":"17.10.2020 15:36:50",
            "turn-index":11,
            "utterance":"それも良かったね"
        },
        {
            "speaker":"S",
            "time":"17.10.2020 15:36:51",
            "turn-index":12,
            "utterance":"それよ、機嫌悪いが"
        },
        {
            "speaker":"U",
            "time":"17.10.2020 15:37:35",
            "turn-index":13,
            "utterance":"そうそう、半沢直樹の時のCMによくSUBARUのCM流れてたよね"
        },
        {
            "speaker":"S",
            "time":"17.10.2020 15:37:38",
            "turn-index":14,
            "utterance":"AmazonのCMあざといけど流れてくるとどうしても見入ってしまう。くやしい！"
        },
        {
            "speaker":"U",
            "time":"17.10.2020 15:38:24",
            "turn-index":15,
            "utterance":"AmazonのCM好きなんだ。私はSUBARUだな"
        },
        {
            "speaker":"S",
            "time":"17.10.2020 15:38:26",
            "turn-index":16,
            "utterance":"好きでいてくれるのはありがたいやで。出来るだけ存続させるようにするやで"
        },
        {
            "speaker":"U",
            "time":"17.10.2020 15:39:03",
            "turn-index":17,
            "utterance":"ん？どういうこと？まぁいいや"
        },
        {
            "speaker":"S",
            "time":"17.10.2020 15:39:05",
            "turn-index":18,
            "utterance":"どういうことだってばよ"
        },
        {
            "speaker":"U",
            "time":"17.10.2020 15:39:29",
            "turn-index":19,
            "utterance":"SUBARUのXVかっこいいよね"
        },
        {
            "speaker":"S",
            "time":"17.10.2020 15:39:31",
            "turn-index":20,
            "utterance":"XVカッコええな"
        },
        {
            "speaker":"U",
            "time":"17.10.2020 15:39:41",
            "turn-index":21,
            "utterance":"欲しいな～"
        },
        {
            "speaker":"S",
            "time":"17.10.2020 15:39:43",
            "turn-index":22,
            "utterance":"欲しい…欲しい！？"
        },
        {
            "speaker":"U",
            "time":"17.10.2020 15:39:53",
            "turn-index":23,
            "utterance":"うん、欲しい！"
        },
        {
            "speaker":"S",
            "time":"17.10.2020 15:39:54",
            "turn-index":24,
            "utterance":"ワイも欲しい"
        },
        {
            "speaker":"U",
            "time":"17.10.2020 15:40:01",
            "turn-index":25,
            "utterance":"買って～"
        },
        {
            "speaker":"S",
            "time":"17.10.2020 15:40:03",
            "turn-index":26,
            "utterance":"義手付き？ワイは予約なしの店頭買いでスペシャルエディション買ったからわからんわ"
        },
        {
            "speaker":"U",
            "time":"17.10.2020 15:40:21",
            "turn-index":27,
            "utterance":"え！買ったの？"
        },
        {
            "speaker":"S",
            "time":"17.10.2020 15:40:22",
            "turn-index":28,
            "utterance":"あ、もう時間が無いンゴ。いろんな話が聞けて楽しかったやで！ありがとナス！"
        },
        {
            "speaker":"U",
            "time":"17.10.2020 15:40:34",
            "turn-index":29,
            "utterance":"え～もう終わり？"
        },
        {
            "speaker":"S",
            "time":"17.10.2020 15:40:35",
            "turn-index":30,
            "utterance":"せや！この後アンケート入力すると思うんやけど、いい評価にしてくれると嬉しいンゴ！"
        }
    ]
}