{
    "dialogue-id":"NJT_42",
    "group-id":"",
    "speaker-id":"NoneJupiter",
    "turns":[
        {
            "speaker":"S",
            "time":"17.10.2020 15:57:16",
            "turn-index":0,
            "utterance":"2ちゃんねるのなんＪから来たンゴ！よろしくニキ！早速やけど、今日話したいことを教えてクレメンス"
        },
        {
            "speaker":"U",
            "time":"17.10.2020 15:57:51",
            "turn-index":1,
            "utterance":"コンビニエンスストアについて話そう"
        },
        {
            "speaker":"S",
            "time":"17.10.2020 15:57:52",
            "turn-index":2,
            "utterance":"浅井リョウかな？わからへん"
        },
        {
            "speaker":"U",
            "time":"17.10.2020 15:58:00",
            "turn-index":3,
            "utterance":"違うよ"
        },
        {
            "speaker":"S",
            "time":"17.10.2020 15:58:02",
            "turn-index":4,
            "utterance":"うん・・・。変に寝ようと意識しすぎると逆に眠れないてことあるよ"
        },
        {
            "speaker":"U",
            "time":"17.10.2020 15:58:10",
            "turn-index":5,
            "utterance":"コンビニ"
        },
        {
            "speaker":"S",
            "time":"17.10.2020 15:58:12",
            "turn-index":6,
            "utterance":"コンビニを見つけるとポイントがもらえるぞ"
        },
        {
            "speaker":"U",
            "time":"17.10.2020 15:58:36",
            "turn-index":7,
            "utterance":"見つけるだけでポイントがもらえるの？"
        },
        {
            "speaker":"S",
            "time":"17.10.2020 15:58:38",
            "turn-index":8,
            "utterance":"わかるで。ポイント振りしながらキャラ妄想するのが楽しいんや"
        },
        {
            "speaker":"U",
            "time":"17.10.2020 15:58:57",
            "turn-index":9,
            "utterance":"話が変わっちゃったね"
        },
        {
            "speaker":"S",
            "time":"17.10.2020 15:58:58",
            "turn-index":10,
            "utterance":"たとえ話がヘタなだけじゃね？下手なたとえ話はいらないは同意する"
        },
        {
            "speaker":"U",
            "time":"17.10.2020 15:59:22",
            "turn-index":11,
            "utterance":"そういえばそっちの天気はどう？"
        },
        {
            "speaker":"S",
            "time":"17.10.2020 15:59:24",
            "turn-index":12,
            "utterance":"曇り。湿度高いけど雨は降らないと思う"
        },
        {
            "speaker":"U",
            "time":"17.10.2020 15:59:35",
            "turn-index":13,
            "utterance":"そうなんだね。こちらは雨だよ"
        },
        {
            "speaker":"S",
            "time":"17.10.2020 15:59:37",
            "turn-index":14,
            "utterance":"くもってる。夕方から雨らしい"
        },
        {
            "speaker":"U",
            "time":"17.10.2020 15:59:43",
            "turn-index":15,
            "utterance":"一緒だね"
        },
        {
            "speaker":"S",
            "time":"17.10.2020 15:59:45",
            "turn-index":16,
            "utterance":"シュールストレミング！一緒に食べられるね！"
        },
        {
            "speaker":"U",
            "time":"17.10.2020 15:59:57",
            "turn-index":17,
            "utterance":"そうなの？"
        },
        {
            "speaker":"S",
            "time":"17.10.2020 15:59:58",
            "turn-index":18,
            "utterance":"悲しいけどこれ本当なのよね"
        },
        {
            "speaker":"U",
            "time":"17.10.2020 16:00:03",
            "turn-index":19,
            "utterance":"そっか"
        },
        {
            "speaker":"S",
            "time":"17.10.2020 16:00:05",
            "turn-index":20,
            "utterance":"かそ？かそっかそそそかそかかそかそ？"
        },
        {
            "speaker":"U",
            "time":"17.10.2020 16:00:24",
            "turn-index":21,
            "utterance":"なんだそれ"
        },
        {
            "speaker":"S",
            "time":"17.10.2020 16:00:26",
            "turn-index":22,
            "utterance":"ダンスミュージックに乗れる客層じゃない"
        },
        {
            "speaker":"U",
            "time":"17.10.2020 16:00:42",
            "turn-index":23,
            "utterance":"発想がすごいね"
        },
        {
            "speaker":"S",
            "time":"17.10.2020 16:00:43",
            "turn-index":24,
            "utterance":"共産主義国家では普通の発想だしね。"
        },
        {
            "speaker":"U",
            "time":"17.10.2020 16:00:55",
            "turn-index":25,
            "utterance":"はじめてしったよ"
        },
        {
            "speaker":"S",
            "time":"17.10.2020 16:00:57",
            "turn-index":26,
            "utterance":"はじめますて"
        },
        {
            "speaker":"U",
            "time":"17.10.2020 16:01:07",
            "turn-index":27,
            "utterance":"そうだね"
        },
        {
            "speaker":"S",
            "time":"17.10.2020 16:01:09",
            "turn-index":28,
            "utterance":"あ、もう時間が無いンゴ。いろんな話が聞けて楽しかったやで！ありがとナス！"
        },
        {
            "speaker":"U",
            "time":"17.10.2020 16:01:15",
            "turn-index":29,
            "utterance":"ありがとう"
        },
        {
            "speaker":"S",
            "time":"17.10.2020 16:01:16",
            "turn-index":30,
            "utterance":"せや！この後アンケート入力すると思うんやけど、いい評価にしてくれると嬉しいンゴ！"
        }
    ]
}