{
    "dialogue-id":"NJT_46",
    "group-id":"",
    "speaker-id":"NoneJupiter",
    "turns":[
        {
            "speaker":"S",
            "time":"17.10.2020 14:28:28",
            "turn-index":0,
            "utterance":"2ちゃんねるのなんＪから来たンゴ！よろしくニキ！早速やけど、今日話したいことを教えてクレメンス"
        },
        {
            "speaker":"U",
            "time":"17.10.2020 14:28:59",
            "turn-index":1,
            "utterance":"犬神家の一族について話をしよう"
        },
        {
            "speaker":"S",
            "time":"17.10.2020 14:29:01",
            "turn-index":2,
            "utterance":"しないぞ。ソースはアレルギーなのに犬飼ったワイ"
        },
        {
            "speaker":"U",
            "time":"17.10.2020 14:29:30",
            "turn-index":3,
            "utterance":"金田一耕助の話"
        },
        {
            "speaker":"S",
            "time":"17.10.2020 14:29:32",
            "turn-index":4,
            "utterance":"金田一は古谷一行のほうがすこ"
        },
        {
            "speaker":"U",
            "time":"17.10.2020 14:29:43",
            "turn-index":5,
            "utterance":"わかる。石坂浩二もいいよね。"
        },
        {
            "speaker":"S",
            "time":"17.10.2020 14:29:45",
            "turn-index":6,
            "utterance":"何回も見たはずが石坂浩二覚えてないわ どんなやつや"
        },
        {
            "speaker":"U",
            "time":"17.10.2020 14:29:57",
            "turn-index":7,
            "utterance":"映画のやつ"
        },
        {
            "speaker":"S",
            "time":"17.10.2020 14:29:58",
            "turn-index":8,
            "utterance":"せや。映画は映画理論で消えてしまった"
        },
        {
            "speaker":"U",
            "time":"17.10.2020 14:30:09",
            "turn-index":9,
            "utterance":"映画版は面白かった"
        },
        {
            "speaker":"S",
            "time":"17.10.2020 14:30:11",
            "turn-index":10,
            "utterance":"映画版はもちろんや"
        },
        {
            "speaker":"U",
            "time":"17.10.2020 14:30:26",
            "turn-index":11,
            "utterance":"古谷一行のやつも面白い"
        },
        {
            "speaker":"S",
            "time":"17.10.2020 14:30:27",
            "turn-index":12,
            "utterance":"ネタをください。じゃないとこの不眠症には何も面白いことが言えませんわい"
        },
        {
            "speaker":"U",
            "time":"17.10.2020 14:30:45",
            "turn-index":13,
            "utterance":"ところで、半沢直樹の話をしないか？"
        },
        {
            "speaker":"S",
            "time":"17.10.2020 14:30:49",
            "turn-index":14,
            "utterance":"逆に言えば半沢直樹は大河ドラマなんだよなぁ"
        },
        {
            "speaker":"U",
            "time":"17.10.2020 14:31:14",
            "turn-index":15,
            "utterance":"大河ドラマっぽいところはあるよね"
        },
        {
            "speaker":"S",
            "time":"17.10.2020 14:31:16",
            "turn-index":16,
            "utterance":"大河ドラマの定義定期"
        },
        {
            "speaker":"U",
            "time":"17.10.2020 14:31:36",
            "turn-index":17,
            "utterance":"半沢直樹見てた？"
        },
        {
            "speaker":"S",
            "time":"17.10.2020 14:31:37",
            "turn-index":18,
            "utterance":"ついに半沢が負けるか"
        },
        {
            "speaker":"U",
            "time":"17.10.2020 14:31:45",
            "turn-index":19,
            "utterance":"最後には勝った"
        },
        {
            "speaker":"S",
            "time":"17.10.2020 14:31:49",
            "turn-index":20,
            "utterance":"じゃあ交流戦終わるまで勝てないやん"
        },
        {
            "speaker":"U",
            "time":"17.10.2020 14:31:58",
            "turn-index":21,
            "utterance":"好きな登場人物はいた？"
        },
        {
            "speaker":"S",
            "time":"17.10.2020 14:32:00",
            "turn-index":22,
            "utterance":"no 問題を解くうえではいない"
        },
        {
            "speaker":"U",
            "time":"17.10.2020 14:32:14",
            "turn-index":23,
            "utterance":"大和田が好きだった"
        },
        {
            "speaker":"S",
            "time":"17.10.2020 14:32:16",
            "turn-index":24,
            "utterance":"ちな鷹だから嬉しい"
        },
        {
            "speaker":"U",
            "time":"17.10.2020 14:32:27",
            "turn-index":25,
            "utterance":"ストーリーが面白いよね"
        },
        {
            "speaker":"S",
            "time":"17.10.2020 14:32:28",
            "turn-index":26,
            "utterance":"ストーリーが浅い️。ストーリーがわかりやすい"
        },
        {
            "speaker":"U",
            "time":"17.10.2020 14:32:36",
            "turn-index":27,
            "utterance":"確かにわかりやすい"
        },
        {
            "speaker":"S",
            "time":"17.10.2020 14:32:38",
            "turn-index":28,
            "utterance":"あ、もう時間が無いンゴ。いろんな話が聞けて楽しかったやで！ありがとナス！"
        },
        {
            "speaker":"U",
            "time":"17.10.2020 14:32:50",
            "turn-index":29,
            "utterance":"こちらこそありがとう"
        },
        {
            "speaker":"S",
            "time":"17.10.2020 14:32:53",
            "turn-index":30,
            "utterance":"せや！この後アンケート入力すると思うんやけど、いい評価にしてくれると嬉しいンゴ！"
        }
    ]
}