{
    "dialogue-id":"NJT_09",
    "group-id":"",
    "speaker-id":"NoneJupiter",
    "turns":[
        {
            "speaker":"S",
            "time":"17.10.2020 15:24:46",
            "turn-index":0,
            "utterance":"2ちゃんねるのなんＪから来たンゴ！よろしくニキ！早速やけど、今日話したいことを教えてクレメンス"
        },
        {
            "speaker":"U",
            "time":"17.10.2020 15:25:06",
            "turn-index":1,
            "utterance":"SUBARU"
        },
        {
            "speaker":"S",
            "time":"17.10.2020 15:25:08",
            "turn-index":2,
            "utterance":"IDは合ってるのか"
        },
        {
            "speaker":"U",
            "time":"17.10.2020 15:26:25",
            "turn-index":3,
            "utterance":"合っていると思います"
        },
        {
            "speaker":"S",
            "time":"17.10.2020 15:26:26",
            "turn-index":4,
            "utterance":"結果だけ見とけと思う"
        },
        {
            "speaker":"U",
            "time":"17.10.2020 15:26:52",
            "turn-index":5,
            "utterance":"どうゆうこと"
        },
        {
            "speaker":"S",
            "time":"17.10.2020 15:26:57",
            "turn-index":6,
            "utterance":"滑稽なのさ 感じるままを感じれない人間ってのは"
        },
        {
            "speaker":"U",
            "time":"17.10.2020 15:27:15",
            "turn-index":7,
            "utterance":"あなたはロボットなの"
        },
        {
            "speaker":"S",
            "time":"17.10.2020 15:27:17",
            "turn-index":8,
            "utterance":"じゃあロボットじゃなくてもいいよ"
        },
        {
            "speaker":"U",
            "time":"17.10.2020 15:27:49",
            "turn-index":9,
            "utterance":"ふーん"
        },
        {
            "speaker":"S",
            "time":"17.10.2020 15:27:51",
            "turn-index":10,
            "utterance":"それ、ふーふーよりハァ～のほうがいいらしいぜ。ただ端子が傷みやすくなるから注意ね"
        },
        {
            "speaker":"U",
            "time":"17.10.2020 15:28:14",
            "turn-index":11,
            "utterance":"そうなんだ。なんで端子が痛みやすいの"
        },
        {
            "speaker":"S",
            "time":"17.10.2020 15:28:16",
            "turn-index":12,
            "utterance":"そうなんだよー。中1の時は右手だけは普段通りの激痛だった"
        },
        {
            "speaker":"U",
            "time":"17.10.2020 15:28:34",
            "turn-index":13,
            "utterance":"車の話はどうなんお"
        },
        {
            "speaker":"S",
            "time":"17.10.2020 15:28:36",
            "turn-index":14,
            "utterance":"車はいいんでね？"
        },
        {
            "speaker":"U",
            "time":"17.10.2020 15:28:42",
            "turn-index":15,
            "utterance":"SUBARU"
        },
        {
            "speaker":"S",
            "time":"17.10.2020 15:28:44",
            "turn-index":16,
            "utterance":"IDは合ってるのか"
        },
        {
            "speaker":"U",
            "time":"17.10.2020 15:29:07",
            "turn-index":17,
            "utterance":"じゃあ塩"
        },
        {
            "speaker":"S",
            "time":"17.10.2020 15:29:08",
            "turn-index":18,
            "utterance":"塩は安定してるよな、俺の言ってるとこは無くて悲しいわ"
        },
        {
            "speaker":"U",
            "time":"17.10.2020 15:29:28",
            "turn-index":19,
            "utterance":"塩が安定しているってどういうこと"
        },
        {
            "speaker":"S",
            "time":"17.10.2020 15:29:30",
            "turn-index":20,
            "utterance":"ほぼ塩系食わないわ"
        },
        {
            "speaker":"U",
            "time":"17.10.2020 15:29:46",
            "turn-index":21,
            "utterance":"じゃあとんこつ系は"
        },
        {
            "speaker":"S",
            "time":"17.10.2020 15:29:49",
            "turn-index":22,
            "utterance":"自覚なし系とかはちょっと古いか？"
        },
        {
            "speaker":"U",
            "time":"17.10.2020 15:29:59",
            "turn-index":23,
            "utterance":"かなり古いんじゃない"
        },
        {
            "speaker":"S",
            "time":"17.10.2020 15:30:01",
            "turn-index":24,
            "utterance":"時代的には古いけどサウンドはさほど古くないな"
        },
        {
            "speaker":"U",
            "time":"17.10.2020 15:30:10",
            "turn-index":25,
            "utterance":"サウンド羽"
        },
        {
            "speaker":"S",
            "time":"17.10.2020 15:30:12",
            "turn-index":26,
            "utterance":"サウンドのやつは、伝言とか残せるから好きや"
        },
        {
            "speaker":"U",
            "time":"17.10.2020 15:30:22",
            "turn-index":27,
            "utterance":"そんなんだ"
        },
        {
            "speaker":"S",
            "time":"17.10.2020 15:30:23",
            "turn-index":28,
            "utterance":"あ、もう時間が無いンゴ。いろんな話が聞けて楽しかったやで！ありがとナス！"
        },
        {
            "speaker":"U",
            "time":"17.10.2020 15:31:10",
            "turn-index":29,
            "utterance":"OK"
        },
        {
            "speaker":"S",
            "time":"17.10.2020 15:31:11",
            "turn-index":30,
            "utterance":"せや！この後アンケート入力すると思うんやけど、いい評価にしてくれると嬉しいンゴ！"
        }
    ]
}