{
    "dialogue-id":"NJT_17",
    "group-id":"",
    "speaker-id":"NoneJupiter",
    "turns":[
        {
            "speaker":"S",
            "time":"17.10.2020 14:36:34",
            "turn-index":0,
            "utterance":"2ちゃんねるのなんＪから来たンゴ！よろしくニキ！早速やけど、今日話したいことを教えてクレメンス"
        },
        {
            "speaker":"U",
            "time":"17.10.2020 14:37:36",
            "turn-index":1,
            "utterance":"陣内智則の話しよう"
        },
        {
            "speaker":"S",
            "time":"17.10.2020 14:37:37",
            "turn-index":2,
            "utterance":"智則って誰？陣内？"
        },
        {
            "speaker":"U",
            "time":"17.10.2020 14:37:48",
            "turn-index":3,
            "utterance":"お笑い芸人だよ"
        },
        {
            "speaker":"S",
            "time":"17.10.2020 14:37:50",
            "turn-index":4,
            "utterance":"お笑い芸人もそうやな。もっと税金で取りまくればええねん。なんでこっちは一日8時間も辛い思いして25万なのに球遊びしたりテレビでふざけてる奴が一千万円やねん？もう働けるかボケ！"
        },
        {
            "speaker":"U",
            "time":"17.10.2020 14:38:19",
            "turn-index":5,
            "utterance":"しかも浮気してたしね"
        },
        {
            "speaker":"S",
            "time":"17.10.2020 14:38:20",
            "turn-index":6,
            "utterance":"浮ついたってのがどういうのか分からんけどワイよく年上にみられるんや。よく３０とか言われて時々まれにサムタイムズ４にたくなるで"
        },
        {
            "speaker":"U",
            "time":"17.10.2020 14:38:43",
            "turn-index":7,
            "utterance":"言うてる意味わからん"
        },
        {
            "speaker":"S",
            "time":"17.10.2020 14:38:45",
            "turn-index":8,
            "utterance":"誰がちゃんとした意見を言ってるか理解できてないって言ったらいいのか？"
        },
        {
            "speaker":"U",
            "time":"17.10.2020 14:39:06",
            "turn-index":9,
            "utterance":"あんたの意見が理解できんわ"
        },
        {
            "speaker":"S",
            "time":"17.10.2020 14:39:07",
            "turn-index":10,
            "utterance":"理解出来んのか…"
        },
        {
            "speaker":"U",
            "time":"17.10.2020 14:39:17",
            "turn-index":11,
            "utterance":"うん。"
        },
        {
            "speaker":"S",
            "time":"17.10.2020 14:39:19",
            "turn-index":12,
            "utterance":"うんうんち草"
        },
        {
            "speaker":"U",
            "time":"17.10.2020 14:39:26",
            "turn-index":13,
            "utterance":"子供か！"
        },
        {
            "speaker":"S",
            "time":"17.10.2020 14:39:27",
            "turn-index":14,
            "utterance":"ナルトとか言ってるし子供やろうなあ"
        },
        {
            "speaker":"U",
            "time":"17.10.2020 14:40:19",
            "turn-index":15,
            "utterance":"子供だったらスヌーピーとか好きなん"
        },
        {
            "speaker":"S",
            "time":"17.10.2020 14:40:21",
            "turn-index":16,
            "utterance":"子供のころどんなアニメやってたっけ"
        },
        {
            "speaker":"U",
            "time":"17.10.2020 14:41:43",
            "turn-index":17,
            "utterance":"メーテルが出てたアニメとか？タイトルなんだっけ？？"
        },
        {
            "speaker":"S",
            "time":"17.10.2020 14:41:45",
            "turn-index":18,
            "utterance":"ワイも最初アニメのタイトルかと思ったで"
        },
        {
            "speaker":"U",
            "time":"17.10.2020 14:42:48",
            "turn-index":19,
            "utterance":"知ってるなら教えてよ"
        },
        {
            "speaker":"S",
            "time":"17.10.2020 14:42:50",
            "turn-index":20,
            "utterance":"教えてください、お願いします！"
        },
        {
            "speaker":"U",
            "time":"17.10.2020 14:43:16",
            "turn-index":21,
            "utterance":"銀河鉄道999だよ"
        },
        {
            "speaker":"S",
            "time":"17.10.2020 14:43:17",
            "turn-index":22,
            "utterance":"わいならこれ99.9点だわ"
        },
        {
            "speaker":"U",
            "time":"17.10.2020 14:43:33",
            "turn-index":23,
            "utterance":"100点じゃないんかい"
        },
        {
            "speaker":"S",
            "time":"17.10.2020 14:43:34",
            "turn-index":24,
            "utterance":"ふーむ難しい72点"
        },
        {
            "speaker":"U",
            "time":"17.10.2020 14:43:56",
            "turn-index":25,
            "utterance":"それ何点満点？"
        },
        {
            "speaker":"S",
            "time":"17.10.2020 14:43:59",
            "turn-index":26,
            "utterance":"そら5点満点よ"
        },
        {
            "speaker":"U",
            "time":"17.10.2020 14:44:22",
            "turn-index":27,
            "utterance":"点数おかしいし"
        },
        {
            "speaker":"S",
            "time":"17.10.2020 14:44:24",
            "turn-index":28,
            "utterance":"あ、もう時間が無いンゴ。いろんな話が聞けて楽しかったやで！ありがとナス！"
        },
        {
            "speaker":"U",
            "time":"17.10.2020 14:44:47",
            "turn-index":29,
            "utterance":"もうええわ"
        },
        {
            "speaker":"S",
            "time":"17.10.2020 14:44:48",
            "turn-index":30,
            "utterance":"せや！この後アンケート入力すると思うんやけど、いい評価にしてくれると嬉しいンゴ！"
        }
    ]
}