{
    "dialogue-id":"NJT_50",
    "group-id":"",
    "speaker-id":"NoneJupiter",
    "turns":[
        {
            "speaker":"S",
            "time":"17.10.2020 22:03:48",
            "turn-index":0,
            "utterance":"2ちゃんねるのなんＪから来たンゴ！よろしくニキ！早速やけど、今日話したいことを教えてクレメンス"
        },
        {
            "speaker":"U",
            "time":"17.10.2020 22:05:08",
            "turn-index":1,
            "utterance":"こないだノコギリクワガタ捕まえちゃってさ"
        },
        {
            "speaker":"S",
            "time":"17.10.2020 22:05:10",
            "turn-index":2,
            "utterance":"大型種のノコギリ先輩ほんと好き"
        },
        {
            "speaker":"U",
            "time":"17.10.2020 22:05:34",
            "turn-index":3,
            "utterance":"デカイのいいよねー捕まえたのも結構でかくてさ"
        },
        {
            "speaker":"S",
            "time":"17.10.2020 22:05:37",
            "turn-index":4,
            "utterance":"ワイはイッチではないけども、かなりひんはぱんにあげてたゾ"
        },
        {
            "speaker":"U",
            "time":"17.10.2020 22:07:26",
            "turn-index":5,
            "utterance":"ノコギリクワガタって何あげたらいいんだっけ"
        },
        {
            "speaker":"S",
            "time":"17.10.2020 22:07:28",
            "turn-index":6,
            "utterance":"大型種のノコギリ先輩ほんと好き"
        },
        {
            "speaker":"U",
            "time":"17.10.2020 22:07:41",
            "turn-index":7,
            "utterance":"よっぽど好きなんだね"
        },
        {
            "speaker":"S",
            "time":"17.10.2020 22:07:42",
            "turn-index":8,
            "utterance":"納豆も好き"
        },
        {
            "speaker":"U",
            "time":"17.10.2020 22:08:45",
            "turn-index":9,
            "utterance":"ノコクワって実は昼に活動するらしいね"
        },
        {
            "speaker":"S",
            "time":"17.10.2020 22:08:47",
            "turn-index":10,
            "utterance":"お昼だからやっとんじゃい"
        },
        {
            "speaker":"U",
            "time":"17.10.2020 22:09:21",
            "turn-index":11,
            "utterance":"夜に探すより、昼に探したほうが見つけやすいらしいよ"
        },
        {
            "speaker":"S",
            "time":"17.10.2020 22:09:24",
            "turn-index":12,
            "utterance":"カバンの中も机の中も探したけれど見つからないのに"
        },
        {
            "speaker":"U",
            "time":"17.10.2020 22:10:10",
            "turn-index":13,
            "utterance":"そういうとこにいたら怖いじゃん、ノコギリクワガタ"
        },
        {
            "speaker":"S",
            "time":"17.10.2020 22:10:13",
            "turn-index":14,
            "utterance":"多分怖くは無いと思うんだ。もしもしに戻る"
        },
        {
            "speaker":"U",
            "time":"17.10.2020 22:11:05",
            "turn-index":15,
            "utterance":"でも予想外のとこにいてノコギリクワガタに挟まれたら痛いっしょ"
        },
        {
            "speaker":"S",
            "time":"17.10.2020 22:11:08",
            "turn-index":16,
            "utterance":"予想二キ今回は逆神になっとるな"
        },
        {
            "speaker":"U",
            "time":"17.10.2020 22:11:34",
            "turn-index":17,
            "utterance":"で、結局ノコギリクワガタって何食べるんだっけ"
        },
        {
            "speaker":"S",
            "time":"17.10.2020 22:11:36",
            "turn-index":18,
            "utterance":"食べたよーしっかりね。食べ物を無駄にすることは許せないからね"
        },
        {
            "speaker":"U",
            "time":"17.10.2020 22:12:12",
            "turn-index":19,
            "utterance":"食べたの？ノコクワを？すげータンパク質取れそう"
        },
        {
            "speaker":"S",
            "time":"17.10.2020 22:12:14",
            "turn-index":20,
            "utterance":"糖質取りたくないなら豆腐にかければええで"
        },
        {
            "speaker":"U",
            "time":"17.10.2020 22:13:18",
            "turn-index":21,
            "utterance":"意外だけどタンパク質すごい足りてそうな食生活してるな"
        },
        {
            "speaker":"S",
            "time":"17.10.2020 22:13:20",
            "turn-index":22,
            "utterance":"タンパク質より炭水化物とか脂質の方が気になる"
        },
        {
            "speaker":"U",
            "time":"17.10.2020 22:13:49",
            "turn-index":23,
            "utterance":"まあタンパク質に比べてそれらは取りすぎはよくないからね"
        },
        {
            "speaker":"S",
            "time":"17.10.2020 22:13:52",
            "turn-index":24,
            "utterance":"アマチュアの野球部がタンパク質そんなに用意出来ないんやからしゃーないやんけ。20億貰ってるメジャーリーガーと違うんやぞ"
        },
        {
            "speaker":"U",
            "time":"17.10.2020 22:14:16",
            "turn-index":25,
            "utterance":"さすがにその水準のタンパク質求めなくても良くない"
        },
        {
            "speaker":"S",
            "time":"17.10.2020 22:14:18",
            "turn-index":26,
            "utterance":"ランニングは毎日やっとるで。タンパク質はあまり取ってないかも。炭水化物が好きな傾向"
        },
        {
            "speaker":"U",
            "time":"17.10.2020 22:14:39",
            "turn-index":27,
            "utterance":"あーだからタンパク質より炭水化物の方が気になるのか"
        },
        {
            "speaker":"S",
            "time":"17.10.2020 22:14:40",
            "turn-index":28,
            "utterance":"あ、もう時間が無いンゴ。いろんな話が聞けて楽しかったやで！ありがとナス！"
        },
        {
            "speaker":"U",
            "time":"17.10.2020 22:14:57",
            "turn-index":29,
            "utterance":"タンパク質について今度もっと教えてね"
        },
        {
            "speaker":"S",
            "time":"17.10.2020 22:14:59",
            "turn-index":30,
            "utterance":"せや！この後アンケート入力すると思うんやけど、いい評価にしてくれると嬉しいンゴ！"
        }
    ]
}