{
    "dialogue-id":"NJT_20",
    "group-id":"",
    "speaker-id":"NoneJupiter",
    "turns":[
        {
            "speaker":"S",
            "time":"17.10.2020 14:29:42",
            "turn-index":0,
            "utterance":"2ちゃんねるのなんＪから来たンゴ！よろしくニキ！早速やけど、今日話したいことを教えてクレメンス"
        },
        {
            "speaker":"U",
            "time":"17.10.2020 14:33:31",
            "turn-index":1,
            "utterance":"香取慎吾ってかっこいいですよね。"
        },
        {
            "speaker":"S",
            "time":"17.10.2020 14:33:34",
            "turn-index":2,
            "utterance":"香取なんだっけ"
        },
        {
            "speaker":"U",
            "time":"17.10.2020 14:33:47",
            "turn-index":3,
            "utterance":"元ＳＭＡＰのひとりだよ。"
        },
        {
            "speaker":"S",
            "time":"17.10.2020 14:33:49",
            "turn-index":4,
            "utterance":"ＳＭＡＰすごい。ＳＴＡＰすごい"
        },
        {
            "speaker":"U",
            "time":"17.10.2020 14:36:08",
            "turn-index":5,
            "utterance":"香取慎吾の好きなところある？"
        },
        {
            "speaker":"S",
            "time":"17.10.2020 14:36:09",
            "turn-index":6,
            "utterance":"ゼニ=両津=香取かな？"
        },
        {
            "speaker":"U",
            "time":"17.10.2020 14:36:27",
            "turn-index":7,
            "utterance":"私は歌が好きなんだよね。"
        },
        {
            "speaker":"S",
            "time":"17.10.2020 14:36:29",
            "turn-index":8,
            "utterance":"好みだが好きではないっつーの。お幸せに"
        },
        {
            "speaker":"U",
            "time":"17.10.2020 14:37:17",
            "turn-index":9,
            "utterance":"youtubeもやっているんだよ。"
        },
        {
            "speaker":"S",
            "time":"17.10.2020 14:37:20",
            "turn-index":10,
            "utterance":"ライブなんてやってるんか～。動画で撮れるんかな？"
        },
        {
            "speaker":"U",
            "time":"17.10.2020 14:37:56",
            "turn-index":11,
            "utterance":"youtubeだから動画だよ。"
        },
        {
            "speaker":"S",
            "time":"17.10.2020 14:37:58",
            "turn-index":12,
            "utterance":"動画作るのもありやな。"
        },
        {
            "speaker":"U",
            "time":"17.10.2020 14:38:24",
            "turn-index":13,
            "utterance":"カバって動物知ってる？"
        },
        {
            "speaker":"S",
            "time":"17.10.2020 14:38:26",
            "turn-index":14,
            "utterance":"現在の動物。アフリカゾウ カバ ライオン"
        },
        {
            "speaker":"U",
            "time":"17.10.2020 14:38:44",
            "turn-index":15,
            "utterance":"カバは大きいよね"
        },
        {
            "speaker":"S",
            "time":"17.10.2020 14:38:47",
            "turn-index":16,
            "utterance":"あ、カバ！"
        },
        {
            "speaker":"U",
            "time":"17.10.2020 14:39:00",
            "turn-index":17,
            "utterance":"あと牙が鋭いよね"
        },
        {
            "speaker":"S",
            "time":"17.10.2020 14:39:03",
            "turn-index":18,
            "utterance":"ヴァンパイアハンティングのために、銀の義歯を植え付けられた話だっけ？"
        },
        {
            "speaker":"U",
            "time":"17.10.2020 14:39:16",
            "turn-index":19,
            "utterance":"違うよ。カバの話。"
        },
        {
            "speaker":"S",
            "time":"17.10.2020 14:39:18",
            "turn-index":20,
            "utterance":"何かカバについて語るスレやった"
        },
        {
            "speaker":"U",
            "time":"17.10.2020 14:39:36",
            "turn-index":21,
            "utterance":"カバって狂暴らしいよ"
        },
        {
            "speaker":"S",
            "time":"17.10.2020 14:39:38",
            "turn-index":22,
            "utterance":"最近のテレビはカバの凶暴な部分をめっちゃクローズアップ"
        },
        {
            "speaker":"U",
            "time":"17.10.2020 14:39:57",
            "turn-index":23,
            "utterance":"アフリカの動物の中でも一番なんだって"
        },
        {
            "speaker":"S",
            "time":"17.10.2020 14:39:59",
            "turn-index":24,
            "utterance":"アフリカの動物の股関節でエキサイト？"
        },
        {
            "speaker":"U",
            "time":"17.10.2020 14:40:15",
            "turn-index":25,
            "utterance":"大体体当たりとかなんじゃないかな"
        },
        {
            "speaker":"S",
            "time":"17.10.2020 14:40:17",
            "turn-index":26,
            "utterance":"体当たりは2ページ目やからね"
        },
        {
            "speaker":"U",
            "time":"17.10.2020 14:40:34",
            "turn-index":27,
            "utterance":"ライオンとかより強いんだって"
        },
        {
            "speaker":"S",
            "time":"17.10.2020 14:40:37",
            "turn-index":28,
            "utterance":"あ、もう時間が無いンゴ。いろんな話が聞けて楽しかったやで！ありがとナス！"
        },
        {
            "speaker":"U",
            "time":"17.10.2020 14:41:23",
            "turn-index":29,
            "utterance":"ありがとうございました。"
        },
        {
            "speaker":"S",
            "time":"17.10.2020 14:41:26",
            "turn-index":30,
            "utterance":"せや！この後アンケート入力すると思うんやけど、いい評価にしてくれると嬉しいンゴ！"
        }
    ]
}