{
    "dialogue-id":"NJT_52",
    "group-id":"",
    "speaker-id":"NoneJupiter",
    "turns":[
        {
            "speaker":"S",
            "time":"17.10.2020 15:23:19",
            "turn-index":0,
            "utterance":"2ちゃんねるのなんＪから来たンゴ！よろしくニキ！早速やけど、今日話したいことを教えてクレメンス"
        },
        {
            "speaker":"U",
            "time":"17.10.2020 15:26:14",
            "turn-index":1,
            "utterance":"よろしく。厳島神社に行ったことはある？"
        },
        {
            "speaker":"S",
            "time":"17.10.2020 15:26:17",
            "turn-index":2,
            "utterance":"出雲大社行っとけ。神在月の時だと凄いらしい"
        },
        {
            "speaker":"U",
            "time":"17.10.2020 15:27:54",
            "turn-index":3,
            "utterance":"出雲大社もいいけど厳島神社もいいよね。"
        },
        {
            "speaker":"S",
            "time":"17.10.2020 15:27:56",
            "turn-index":4,
            "utterance":"中年〜老人ならそこそこ楽しめるかもしれんで。出雲大社行って島根ワイナリーでワインがぶ飲みして日御碕灯台でも登るといい"
        },
        {
            "speaker":"U",
            "time":"17.10.2020 15:28:27",
            "turn-index":5,
            "utterance":"厳島神社の鹿は可愛いよね。"
        },
        {
            "speaker":"S",
            "time":"17.10.2020 15:28:28",
            "turn-index":6,
            "utterance":"鹿行って県内でもトップクラスの治安が悪いんやぞギャングの抗争でドンパチやっているんやで"
        },
        {
            "speaker":"U",
            "time":"17.10.2020 15:28:46",
            "turn-index":7,
            "utterance":"そうなの？それは知らなかったよ。"
        },
        {
            "speaker":"S",
            "time":"17.10.2020 15:28:48",
            "turn-index":8,
            "utterance":"知らんかったんか…"
        },
        {
            "speaker":"U",
            "time":"17.10.2020 15:29:33",
            "turn-index":9,
            "utterance":"厳島神社は世界遺産として有名だよね。"
        },
        {
            "speaker":"S",
            "time":"17.10.2020 15:29:35",
            "turn-index":10,
            "utterance":"世界遺産あんま興味ないんだよなー"
        },
        {
            "speaker":"U",
            "time":"17.10.2020 15:30:04",
            "turn-index":11,
            "utterance":"そうなんだ。ところで時効警察というドラマを見たことはある？"
        },
        {
            "speaker":"S",
            "time":"17.10.2020 15:30:07",
            "turn-index":12,
            "utterance":"警察の秘密書いてるようには見えないけどな"
        },
        {
            "speaker":"U",
            "time":"17.10.2020 15:30:29",
            "turn-index":13,
            "utterance":"警察の秘密じゃなくて時効警察だよ。"
        },
        {
            "speaker":"S",
            "time":"17.10.2020 15:30:31",
            "turn-index":14,
            "utterance":"警察だらけやのに治安が悪くなるミステリー"
        },
        {
            "speaker":"U",
            "time":"17.10.2020 15:30:44",
            "turn-index":15,
            "utterance":"まあ間違ってはないかな。"
        },
        {
            "speaker":"S",
            "time":"17.10.2020 15:30:46",
            "turn-index":16,
            "utterance":"それは間違いない"
        },
        {
            "speaker":"U",
            "time":"17.10.2020 15:30:52",
            "turn-index":17,
            "utterance":"だよね。"
        },
        {
            "speaker":"S",
            "time":"17.10.2020 15:30:53",
            "turn-index":18,
            "utterance":"だめだ！！！どういうことだろう"
        },
        {
            "speaker":"U",
            "time":"17.10.2020 15:31:15",
            "turn-index":19,
            "utterance":"えっ、時効警察は面白いドラマだよ。"
        },
        {
            "speaker":"S",
            "time":"17.10.2020 15:31:17",
            "turn-index":20,
            "utterance":"面白いよ 環奈可愛いし"
        },
        {
            "speaker":"U",
            "time":"17.10.2020 15:31:29",
            "turn-index":21,
            "utterance":"環奈は出てないかな。"
        },
        {
            "speaker":"S",
            "time":"17.10.2020 15:31:31",
            "turn-index":22,
            "utterance":"橋本環奈や"
        },
        {
            "speaker":"U",
            "time":"17.10.2020 15:31:53",
            "turn-index":23,
            "utterance":"橋本環奈だよね。時効警察には出てないかな。"
        },
        {
            "speaker":"S",
            "time":"17.10.2020 15:31:56",
            "turn-index":24,
            "utterance":"橋本環奈は1票！日ハムの今井選手"
        },
        {
            "speaker":"U",
            "time":"17.10.2020 15:32:05",
            "turn-index":25,
            "utterance":"どういうこと？"
        },
        {
            "speaker":"S",
            "time":"17.10.2020 15:32:07",
            "turn-index":26,
            "utterance":"どういうこともなにも完結させるんだろ？更新頻度が下がってるだけで停止じゃなかろう"
        },
        {
            "speaker":"U",
            "time":"17.10.2020 15:32:21",
            "turn-index":27,
            "utterance":"そうだね。"
        },
        {
            "speaker":"S",
            "time":"17.10.2020 15:32:24",
            "turn-index":28,
            "utterance":"あ、もう時間が無いンゴ。いろんな話が聞けて楽しかったやで！ありがとナス！"
        },
        {
            "speaker":"U",
            "time":"17.10.2020 15:32:39",
            "turn-index":29,
            "utterance":"ありがとう。僕も楽しかったよ。"
        },
        {
            "speaker":"S",
            "time":"17.10.2020 15:32:42",
            "turn-index":30,
            "utterance":"せや！この後アンケート入力すると思うんやけど、いい評価にしてくれると嬉しいンゴ！"
        }
    ]
}