{
    "dialogue-id":"NJT_05",
    "group-id":"",
    "speaker-id":"NoneJupiter",
    "turns":[
        {
            "speaker":"S",
            "time":"17.10.2020 15:47:19",
            "turn-index":0,
            "utterance":"2ちゃんねるのなんＪから来たンゴ！よろしくニキ！早速やけど、今日話したいことを教えてクレメンス"
        },
        {
            "speaker":"U",
            "time":"17.10.2020 15:50:55",
            "turn-index":1,
            "utterance":"旅行に行きたいと思っているんだけど"
        },
        {
            "speaker":"S",
            "time":"17.10.2020 15:50:57",
            "turn-index":2,
            "utterance":"旅行もええなぁ〜枕投げとか朝までゲームとかしたい、後観光スポット回りたいなぁ"
        },
        {
            "speaker":"U",
            "time":"17.10.2020 15:51:37",
            "turn-index":3,
            "utterance":"学生じゃないんだから。実はメキシコ行きたいんだ"
        },
        {
            "speaker":"S",
            "time":"17.10.2020 15:51:39",
            "turn-index":4,
            "utterance":"大学生にはなるよ。ただタイミングなんだよ"
        },
        {
            "speaker":"U",
            "time":"17.10.2020 15:52:22",
            "turn-index":5,
            "utterance":"春休みがいいじゃない"
        },
        {
            "speaker":"S",
            "time":"17.10.2020 15:52:23",
            "turn-index":6,
            "utterance":"春休みが終わったら登校するのか？不登校なんやろ？"
        },
        {
            "speaker":"U",
            "time":"17.10.2020 15:58:20",
            "turn-index":7,
            "utterance":"リフレッシュできてかえって勉強にうちこめるよ"
        },
        {
            "speaker":"S",
            "time":"17.10.2020 15:58:23",
            "turn-index":8,
            "utterance":"勉強は食卓でしてるからセーフ"
        },
        {
            "speaker":"U",
            "time":"17.10.2020 15:59:54",
            "turn-index":9,
            "utterance":"なんか話題がちぐはぐだから今度はデンマークの話しよう"
        },
        {
            "speaker":"S",
            "time":"17.10.2020 15:59:57",
            "turn-index":10,
            "utterance":"デンマークさん・・・"
        },
        {
            "speaker":"U",
            "time":"17.10.2020 16:00:13",
            "turn-index":11,
            "utterance":"国の名前ですよ"
        },
        {
            "speaker":"S",
            "time":"17.10.2020 16:00:15",
            "turn-index":12,
            "utterance":"国は逆にきついわ"
        },
        {
            "speaker":"U",
            "time":"17.10.2020 16:01:20",
            "turn-index":13,
            "utterance":"何言ってるかわからん。夏の涼しい時にデンマークにいってくるわ"
        },
        {
            "speaker":"S",
            "time":"17.10.2020 16:01:23",
            "turn-index":14,
            "utterance":"やっぱ育てても初めての夏には面食らうんだよね…その気持ちはよーーーくわかるので無理強いはやっぱできんわ"
        },
        {
            "speaker":"U",
            "time":"17.10.2020 16:02:47",
            "turn-index":15,
            "utterance":"夏のデンマークは風光明媚だから行くの。"
        },
        {
            "speaker":"S",
            "time":"17.10.2020 16:02:49",
            "turn-index":16,
            "utterance":"yes。グリーンランドはデンマーク本土より治安良いかも。冬の生活は厳しいけどな"
        },
        {
            "speaker":"U",
            "time":"17.10.2020 16:03:47",
            "turn-index":17,
            "utterance":"冬は寒くてどちらもいかないよ"
        },
        {
            "speaker":"S",
            "time":"17.10.2020 16:03:49",
            "turn-index":18,
            "utterance":"寒くない！"
        },
        {
            "speaker":"U",
            "time":"17.10.2020 16:04:05",
            "turn-index":19,
            "utterance":"氷点下だよ"
        },
        {
            "speaker":"S",
            "time":"17.10.2020 16:04:07",
            "turn-index":20,
            "utterance":"環境の変化で氷に強くなったんやな"
        },
        {
            "speaker":"U",
            "time":"17.10.2020 16:05:08",
            "turn-index":21,
            "utterance":"寒いってことの表現をしたの"
        },
        {
            "speaker":"S",
            "time":"17.10.2020 16:05:10",
            "turn-index":22,
            "utterance":"表現の自由を尊重しなければいけない根本的な理由を言える？"
        },
        {
            "speaker":"U",
            "time":"17.10.2020 16:06:01",
            "turn-index":23,
            "utterance":"旅行の話をしているわけで、思想の話はしてないよ"
        },
        {
            "speaker":"S",
            "time":"17.10.2020 16:06:03",
            "turn-index":24,
            "utterance":"旅行はええと思うで"
        },
        {
            "speaker":"U",
            "time":"17.10.2020 16:06:23",
            "turn-index":25,
            "utterance":"最初からそういってよ"
        },
        {
            "speaker":"S",
            "time":"17.10.2020 16:06:24",
            "turn-index":26,
            "utterance":"最初はなぁーよく分からん。感染したら二週間後に症状出てたっけ？"
        },
        {
            "speaker":"U",
            "time":"17.10.2020 16:08:24",
            "turn-index":27,
            "utterance":"感染症には気をつけるよ"
        },
        {
            "speaker":"S",
            "time":"17.10.2020 16:08:26",
            "turn-index":28,
            "utterance":"あ、もう時間が無いンゴ。いろんな話が聞けて楽しかったやで！ありがとナス！"
        },
        {
            "speaker":"U",
            "time":"17.10.2020 16:09:02",
            "turn-index":29,
            "utterance":"とにかく夏はデンマークに言ってくる"
        },
        {
            "speaker":"S",
            "time":"17.10.2020 16:09:04",
            "turn-index":30,
            "utterance":"せや！この後アンケート入力すると思うんやけど、いい評価にしてくれると嬉しいンゴ！"
        }
    ]
}