{
    "dialogue-id":"NJT_13",
    "group-id":"",
    "speaker-id":"NoneJupiter",
    "turns":[
        {
            "speaker":"S",
            "time":"17.10.2020 18:37:59",
            "turn-index":0,
            "utterance":"2ちゃんねるのなんＪから来たンゴ！よろしくニキ！早速やけど、今日話したいことを教えてクレメンス"
        },
        {
            "speaker":"U",
            "time":"17.10.2020 18:42:58",
            "turn-index":1,
            "utterance":"SUBARUについて話そうじゃないか"
        },
        {
            "speaker":"S",
            "time":"17.10.2020 18:43:00",
            "turn-index":2,
            "utterance":"どういう話なんや？"
        },
        {
            "speaker":"U",
            "time":"17.10.2020 18:43:21",
            "turn-index":3,
            "utterance":"レガシーB4は最高にして最強だよな？"
        },
        {
            "speaker":"S",
            "time":"17.10.2020 18:43:23",
            "turn-index":4,
            "utterance":"スパロボでは毎回ゲッターが最強で締められとったな"
        },
        {
            "speaker":"U",
            "time":"17.10.2020 18:43:49",
            "turn-index":5,
            "utterance":"スパロボではなくSUBARUじゃ！"
        },
        {
            "speaker":"S",
            "time":"17.10.2020 18:43:51",
            "turn-index":6,
            "utterance":"ガンソード視聴すれば今回のスパロボ絶対欲しくなるやで"
        },
        {
            "speaker":"U",
            "time":"17.10.2020 18:44:07",
            "turn-index":7,
            "utterance":"おい。スパロボじゃなくてSUBARUだぞい"
        },
        {
            "speaker":"S",
            "time":"17.10.2020 18:44:09",
            "turn-index":8,
            "utterance":"ガンソード視聴すれば今回のスパロボ絶対欲しくなるやで"
        },
        {
            "speaker":"U",
            "time":"17.10.2020 18:44:35",
            "turn-index":9,
            "utterance":"おまえ、そればっかりやないけ！ほかのこと言えないんかい！！"
        },
        {
            "speaker":"S",
            "time":"17.10.2020 18:44:39",
            "turn-index":10,
            "utterance":"どゆことだ"
        },
        {
            "speaker":"U",
            "time":"17.10.2020 18:45:03",
            "turn-index":11,
            "utterance":"SUBARUの話をしようぜ"
        },
        {
            "speaker":"S",
            "time":"17.10.2020 18:45:05",
            "turn-index":12,
            "utterance":"なんかセンスある感じするなあ。名無しで来ていきなりサメの話しようぜってなかなか出来んわ"
        },
        {
            "speaker":"U",
            "time":"17.10.2020 18:45:40",
            "turn-index":13,
            "utterance":"お前おもしろいな。。。もういい。つぎはイチローの話だ。"
        },
        {
            "speaker":"S",
            "time":"17.10.2020 18:45:42",
            "turn-index":14,
            "utterance":"そう、イチローだ"
        },
        {
            "speaker":"U",
            "time":"17.10.2020 18:45:53",
            "turn-index":15,
            "utterance":"イチロー最高だよな？"
        },
        {
            "speaker":"S",
            "time":"17.10.2020 18:45:55",
            "turn-index":16,
            "utterance":"最高だな！漫画の方が好きだけど"
        },
        {
            "speaker":"U",
            "time":"17.10.2020 18:46:11",
            "turn-index":17,
            "utterance":"漫画？どうゆうことだ？"
        },
        {
            "speaker":"S",
            "time":"17.10.2020 18:46:13",
            "turn-index":18,
            "utterance":"漫画も殆ど読まないぞ。映画はたまに見るけど漫画にも映画にも感情移入とかしたことない"
        },
        {
            "speaker":"U",
            "time":"17.10.2020 18:46:38",
            "turn-index":19,
            "utterance":"漫画読まんのかい！！"
        },
        {
            "speaker":"S",
            "time":"17.10.2020 18:46:40",
            "turn-index":20,
            "utterance":"あまり読まん"
        },
        {
            "speaker":"U",
            "time":"17.10.2020 18:47:13",
            "turn-index":21,
            "utterance":"野球は好きだよな？イチローは過去最高の選手だよなー。"
        },
        {
            "speaker":"S",
            "time":"17.10.2020 18:47:15",
            "turn-index":22,
            "utterance":"城島やイチローがいた頃と比べると歴代最高でもないやろ"
        },
        {
            "speaker":"U",
            "time":"17.10.2020 18:47:46",
            "turn-index":23,
            "utterance":"城島もいい選手だったよな。シアトルでイチローと一緒にやっているころは最高だった。"
        },
        {
            "speaker":"S",
            "time":"17.10.2020 18:47:49",
            "turn-index":24,
            "utterance":"城島はまだ活躍したイメージあるけど、西岡って規定に乗ったことあったっけ？"
        },
        {
            "speaker":"U",
            "time":"17.10.2020 18:48:20",
            "turn-index":25,
            "utterance":"西岡って誰？って感じだな。メジャーではほとんど何もしていないイメージ。"
        },
        {
            "speaker":"S",
            "time":"17.10.2020 18:48:23",
            "turn-index":26,
            "utterance":"試合テンポと曲だけは良いメジャー"
        },
        {
            "speaker":"U",
            "time":"17.10.2020 18:48:46",
            "turn-index":27,
            "utterance":"日本に比べればそうだな。"
        },
        {
            "speaker":"S",
            "time":"17.10.2020 18:48:47",
            "turn-index":28,
            "utterance":"あ、もう時間が無いンゴ。いろんな話が聞けて楽しかったやで！ありがとナス！"
        },
        {
            "speaker":"U",
            "time":"17.10.2020 18:49:09",
            "turn-index":29,
            "utterance":"おう、もう終わりか。こちらこそありがとうな！"
        },
        {
            "speaker":"S",
            "time":"17.10.2020 18:49:11",
            "turn-index":30,
            "utterance":"せや！この後アンケート入力すると思うんやけど、いい評価にしてくれると嬉しいンゴ！"
        }
    ]
}