{
    "dialogue-id":"NJT_07",
    "group-id":"",
    "speaker-id":"NoneJupiter",
    "turns":[
        {
            "speaker":"S",
            "time":"17.10.2020 17:37:02",
            "turn-index":0,
            "utterance":"2ちゃんねるのなんＪから来たンゴ！よろしくニキ！早速やけど、今日話したいことを教えてクレメンス"
        },
        {
            "speaker":"U",
            "time":"17.10.2020 17:37:23",
            "turn-index":1,
            "utterance":"屋久島に行ってみたいんだよね"
        },
        {
            "speaker":"S",
            "time":"17.10.2020 17:37:25",
            "turn-index":2,
            "utterance":"修学旅行が屋久島だったら最高なのになぁ"
        },
        {
            "speaker":"U",
            "time":"17.10.2020 17:37:40",
            "turn-index":3,
            "utterance":"それすごいね！いいなあ"
        },
        {
            "speaker":"S",
            "time":"17.10.2020 17:37:42",
            "turn-index":4,
            "utterance":"すごいオーラがあるって？ありがとう！！"
        },
        {
            "speaker":"U",
            "time":"17.10.2020 17:38:23",
            "turn-index":5,
            "utterance":"うん、屋久島の屋久杉にもすごいオーラがありそうだよね"
        },
        {
            "speaker":"S",
            "time":"17.10.2020 17:38:25",
            "turn-index":6,
            "utterance":"いいなぁ。俺も屋久島いったことあるわ。マンゴーがうまいうまい"
        },
        {
            "speaker":"U",
            "time":"17.10.2020 17:38:47",
            "turn-index":7,
            "utterance":"そうなんだ、マンゴー大好き！"
        },
        {
            "speaker":"S",
            "time":"17.10.2020 17:38:49",
            "turn-index":8,
            "utterance":"ドライマンゴーはスバラシイ。ドライドリアンは・・・うん、こいつは干してもアレだわ"
        },
        {
            "speaker":"U",
            "time":"17.10.2020 17:39:26",
            "turn-index":9,
            "utterance":"面白いね！面白いと言えば三谷幸喜好き？"
        },
        {
            "speaker":"S",
            "time":"17.10.2020 17:39:28",
            "turn-index":10,
            "utterance":"お疲れ様どす。三谷幸喜さんってアンチ多いけど作品は面白いですよね。"
        },
        {
            "speaker":"U",
            "time":"17.10.2020 17:40:13",
            "turn-index":11,
            "utterance":"そう思う！コメディ映画の神様だと思う！"
        },
        {
            "speaker":"S",
            "time":"17.10.2020 17:40:16",
            "turn-index":12,
            "utterance":"これはなぁ…コメディ映画ならクスクス笑う位は許して欲しい。てか何となく大丈夫な雰囲気ある気がするが"
        },
        {
            "speaker":"U",
            "time":"17.10.2020 17:40:49",
            "turn-index":13,
            "utterance":"三谷幸喜作品は大丈夫だと思う！"
        },
        {
            "speaker":"S",
            "time":"17.10.2020 17:40:51",
            "turn-index":14,
            "utterance":"三谷幸喜は当たり外れが激しすぎ。香取慎吾のギャラクシーなんとかも駄作過ぎて引いたわ"
        },
        {
            "speaker":"U",
            "time":"17.10.2020 17:41:28",
            "turn-index":15,
            "utterance":"分かる！でも有頂天なんとかは最高だったよ！"
        },
        {
            "speaker":"S",
            "time":"17.10.2020 17:41:30",
            "turn-index":16,
            "utterance":"そういえばそうだったな……あれだけ作風違って完全に忘れてたわ"
        },
        {
            "speaker":"U",
            "time":"17.10.2020 17:41:55",
            "turn-index":17,
            "utterance":"毎年年末になると観たくなる映画ナンバーワン"
        },
        {
            "speaker":"S",
            "time":"17.10.2020 17:41:57",
            "turn-index":18,
            "utterance":"フランス映画は時々放り込んでくる心理描写のシーンがまた独特だよな"
        },
        {
            "speaker":"U",
            "time":"17.10.2020 17:42:40",
            "turn-index":19,
            "utterance":"ごめん、フランス映画はあまり観たことない"
        },
        {
            "speaker":"S",
            "time":"17.10.2020 17:42:42",
            "turn-index":20,
            "utterance":"フランス映画は時々放り込んでくる心理描写のシーンがまた独特だよな"
        },
        {
            "speaker":"U",
            "time":"17.10.2020 17:43:03",
            "turn-index":21,
            "utterance":"重ねてごめん、分からない"
        },
        {
            "speaker":"S",
            "time":"17.10.2020 17:43:05",
            "turn-index":22,
            "utterance":"俺も意味分からない…"
        },
        {
            "speaker":"U",
            "time":"17.10.2020 17:43:13",
            "turn-index":23,
            "utterance":"うけるね"
        },
        {
            "speaker":"S",
            "time":"17.10.2020 17:43:14",
            "turn-index":24,
            "utterance":"うるせぇ！！！"
        },
        {
            "speaker":"U",
            "time":"17.10.2020 17:43:25",
            "turn-index":25,
            "utterance":"ごめん、怒らないで"
        },
        {
            "speaker":"S",
            "time":"17.10.2020 17:43:27",
            "turn-index":26,
            "utterance":"興奮するからもっと怒って"
        },
        {
            "speaker":"U",
            "time":"17.10.2020 17:43:57",
            "turn-index":27,
            "utterance":"分かった、いい加減にしろよー"
        },
        {
            "speaker":"S",
            "time":"17.10.2020 17:43:58",
            "turn-index":28,
            "utterance":"あ、もう時間が無いンゴ。いろんな話が聞けて楽しかったやで！ありがとナス！"
        },
        {
            "speaker":"U",
            "time":"17.10.2020 17:44:15",
            "turn-index":29,
            "utterance":"こちらこそありがとう！"
        },
        {
            "speaker":"S",
            "time":"17.10.2020 17:44:16",
            "turn-index":30,
            "utterance":"せや！この後アンケート入力すると思うんやけど、いい評価にしてくれると嬉しいンゴ！"
        }
    ]
}