{
    "dialogue-id":"NJT_11",
    "group-id":"",
    "speaker-id":"NoneJupiter",
    "turns":[
        {
            "speaker":"S",
            "time":"17.10.2020 14:47:46",
            "turn-index":0,
            "utterance":"2ちゃんねるのなんＪから来たンゴ！よろしくニキ！早速やけど、今日話したいことを教えてクレメンス"
        },
        {
            "speaker":"U",
            "time":"17.10.2020 14:50:13",
            "turn-index":1,
            "utterance":"よろしく。ランボルギーニからオープンカーが出るみたいだけど見た？"
        },
        {
            "speaker":"S",
            "time":"17.10.2020 14:50:15",
            "turn-index":2,
            "utterance":"ランボルギーニも人気あるよね"
        },
        {
            "speaker":"U",
            "time":"17.10.2020 14:50:26",
            "turn-index":3,
            "utterance":"買えないんだけどさ、かっこいいよね"
        },
        {
            "speaker":"S",
            "time":"17.10.2020 14:50:28",
            "turn-index":4,
            "utterance":"愛はお金で買えないけど、お金が無くなると愛は消えるんだよ"
        },
        {
            "speaker":"U",
            "time":"17.10.2020 14:50:58",
            "turn-index":5,
            "utterance":"あるあるだね"
        },
        {
            "speaker":"S",
            "time":"17.10.2020 14:51:02",
            "turn-index":6,
            "utterance":"確かにひまわり学級あるあるやな"
        },
        {
            "speaker":"U",
            "time":"17.10.2020 14:51:17",
            "turn-index":7,
            "utterance":"で、ランボは見たの？"
        },
        {
            "speaker":"S",
            "time":"17.10.2020 14:51:20",
            "turn-index":8,
            "utterance":"未来のランボがなんか十分に力発揮できない理由あったんやっけ？"
        },
        {
            "speaker":"U",
            "time":"17.10.2020 14:51:53",
            "turn-index":9,
            "utterance":"未来と言えば、ランボルギーニもEVになるのかな"
        },
        {
            "speaker":"S",
            "time":"17.10.2020 14:51:55",
            "turn-index":10,
            "utterance":"ランボルギーニやな"
        },
        {
            "speaker":"U",
            "time":"17.10.2020 14:52:12",
            "turn-index":11,
            "utterance":"あの音が無くなるのも寂しいよね"
        },
        {
            "speaker":"S",
            "time":"17.10.2020 14:52:16",
            "turn-index":12,
            "utterance":"音も出ないよ"
        },
        {
            "speaker":"U",
            "time":"17.10.2020 14:52:33",
            "turn-index":13,
            "utterance":"乗っててもつまらなそう"
        },
        {
            "speaker":"S",
            "time":"17.10.2020 14:52:35",
            "turn-index":14,
            "utterance":"それがアンの乗ってた馬車なんか？"
        },
        {
            "speaker":"U",
            "time":"17.10.2020 14:53:03",
            "turn-index":15,
            "utterance":"アンって誰？"
        },
        {
            "speaker":"S",
            "time":"17.10.2020 14:53:05",
            "turn-index":16,
            "utterance":"アン・ミカやで"
        },
        {
            "speaker":"U",
            "time":"17.10.2020 14:53:29",
            "turn-index":17,
            "utterance":"知らないわ　そういや、福島の汚染水を海に流すんだってね"
        },
        {
            "speaker":"S",
            "time":"17.10.2020 14:53:31",
            "turn-index":18,
            "utterance":"福島も復興にまだ時間かかるやろうけど、柿とか美味しいもんいっぱいあるしまた行きたいで！"
        },
        {
            "speaker":"U",
            "time":"17.10.2020 14:53:54",
            "turn-index":19,
            "utterance":"放射性物質があるから危険だよ"
        },
        {
            "speaker":"S",
            "time":"17.10.2020 14:53:56",
            "turn-index":20,
            "utterance":"じゃあ健康に害が及ぶレベルの放射性物質で"
        },
        {
            "speaker":"U",
            "time":"17.10.2020 14:54:13",
            "turn-index":21,
            "utterance":"どれくらいで具合が悪くなるんだろうね"
        },
        {
            "speaker":"S",
            "time":"17.10.2020 14:54:16",
            "turn-index":22,
            "utterance":"具合悪いで"
        },
        {
            "speaker":"U",
            "time":"17.10.2020 14:54:28",
            "turn-index":23,
            "utterance":"もう被爆しちゃったんだ"
        },
        {
            "speaker":"S",
            "time":"17.10.2020 14:54:29",
            "turn-index":24,
            "utterance":"既に被爆しとるからセーフ"
        },
        {
            "speaker":"U",
            "time":"17.10.2020 14:54:48",
            "turn-index":25,
            "utterance":"じゃ福島に行っても大丈夫だね"
        },
        {
            "speaker":"S",
            "time":"17.10.2020 14:54:49",
            "turn-index":26,
            "utterance":"そうか。当たってる広島打線と反応してどうなるか楽しみやわ～"
        },
        {
            "speaker":"U",
            "time":"17.10.2020 14:55:08",
            "turn-index":27,
            "utterance":"なにそれ"
        },
        {
            "speaker":"S",
            "time":"17.10.2020 14:55:10",
            "turn-index":28,
            "utterance":"あ、もう時間が無いンゴ。いろんな話が聞けて楽しかったやで！ありがとナス！"
        },
        {
            "speaker":"U",
            "time":"17.10.2020 14:55:18",
            "turn-index":29,
            "utterance":"こちらこそ、ありがとう"
        },
        {
            "speaker":"S",
            "time":"17.10.2020 14:55:19",
            "turn-index":30,
            "utterance":"せや！この後アンケート入力すると思うんやけど、いい評価にしてくれると嬉しいンゴ！"
        }
    ]
}