{
    "dialogue-id":"HBY_47",
    "group-id":"",
    "speaker-id":"hobbyist",
    "turns":[
        {
            "speaker":"S",
            "time":"18.10.2020 12:37:28",
            "turn-index":0,
            "utterance":"こんにちは。よろしくお願いします。早速ですけど、何か趣味ってありますか？"
        },
        {
            "speaker":"U",
            "time":"18.10.2020 12:37:43",
            "turn-index":1,
            "utterance":"宝塚歌劇団が好きですね。"
        },
        {
            "speaker":"S",
            "time":"18.10.2020 12:37:47",
            "turn-index":2,
            "utterance":"そうなんですね。私も宝塚歌劇団好きです。"
        },
        {
            "speaker":"U",
            "time":"18.10.2020 12:38:03",
            "turn-index":3,
            "utterance":"そうですか！劇はよくご覧になりますか？"
        },
        {
            "speaker":"S",
            "time":"18.10.2020 12:38:06",
            "turn-index":4,
            "utterance":"はい、よく観に行きます。好きな役者さんとかいらっしゃいますか?"
        },
        {
            "speaker":"U",
            "time":"18.10.2020 12:38:36",
            "turn-index":5,
            "utterance":"これといっていませんね。劇団全体で好きというのは宝塚ですね。"
        },
        {
            "speaker":"S",
            "time":"18.10.2020 12:38:40",
            "turn-index":6,
            "utterance":"宝塚歌劇団のライブとかも観に行かれたりしますか?"
        },
        {
            "speaker":"U",
            "time":"18.10.2020 12:39:18",
            "turn-index":7,
            "utterance":"ライブはないですね。ほぼ劇場かDVDですね。"
        },
        {
            "speaker":"S",
            "time":"18.10.2020 12:39:22",
            "turn-index":8,
            "utterance":"そうなんですね。最近だと何を観に行かれましたか?"
        },
        {
            "speaker":"U",
            "time":"18.10.2020 12:39:53",
            "turn-index":9,
            "utterance":"最近は見に行けていないんです。そちらは見に行かれましたか？"
        },
        {
            "speaker":"S",
            "time":"18.10.2020 12:39:57",
            "turn-index":10,
            "utterance":"はい、先日も劇団四季のオペラ座の怪人観に行ってきました。"
        },
        {
            "speaker":"U",
            "time":"18.10.2020 12:40:32",
            "turn-index":11,
            "utterance":"それは良さそうですね！私は最近あまり趣味を楽しめていないので羨ましいです。"
        },
        {
            "speaker":"S",
            "time":"18.10.2020 12:40:37",
            "turn-index":12,
            "utterance":"すごくよかったです。好きな劇団四季のオペラ座の怪人なので。"
        },
        {
            "speaker":"U",
            "time":"18.10.2020 12:41:04",
            "turn-index":13,
            "utterance":"そうなんですね。私は旅行も趣味なんですが、旅行などは行かれますか？"
        },
        {
            "speaker":"S",
            "time":"18.10.2020 12:41:08",
            "turn-index":14,
            "utterance":"旅行も好きですよ。国内と海外どちらによく行かれますか?"
        },
        {
            "speaker":"U",
            "time":"18.10.2020 12:41:33",
            "turn-index":15,
            "utterance":"以前は海外へ行ってましたが、今は国内ですね。この間は厳島神社へ行きました。"
        },
        {
            "speaker":"S",
            "time":"18.10.2020 12:41:38",
            "turn-index":16,
            "utterance":"いいですね。厳島神社。私も一度行ってみたいです。"
        },
        {
            "speaker":"U",
            "time":"18.10.2020 12:42:20",
            "turn-index":17,
            "utterance":"厳島神社は宮島にあるので船に乗る必要がありますが、海にある鳥居は一見の価値ありますよ。"
        },
        {
            "speaker":"S",
            "time":"18.10.2020 12:42:24",
            "turn-index":18,
            "utterance":"そうなんですね。厳島神社はどのあたりにあるのでしょうか?"
        },
        {
            "speaker":"U",
            "time":"18.10.2020 12:42:36",
            "turn-index":19,
            "utterance":"広島県の宮島というところです。"
        },
        {
            "speaker":"S",
            "time":"18.10.2020 12:42:40",
            "turn-index":20,
            "utterance":"厳島神社は宮島なんですね。宮島はどうやって行くのですか?"
        },
        {
            "speaker":"U",
            "time":"18.10.2020 12:43:14",
            "turn-index":21,
            "utterance":"宮島へは船で行くことになります。宮島の対岸までは電車で行けますよ。"
        },
        {
            "speaker":"S",
            "time":"18.10.2020 12:43:19",
            "turn-index":22,
            "utterance":"そうなんですね。広島県にもあるんですね。知らなかったです。"
        },
        {
            "speaker":"U",
            "time":"18.10.2020 12:43:40",
            "turn-index":23,
            "utterance":"厳島神社は世界遺産に登録されてから特に有名になりましたね。"
        },
        {
            "speaker":"S",
            "time":"18.10.2020 12:43:44",
            "turn-index":24,
            "utterance":"へぇ<unk>。世界遺産登録されたんですね。知りませんでした。"
        },
        {
            "speaker":"U",
            "time":"18.10.2020 12:44:21",
            "turn-index":25,
            "utterance":"そうなんです。以前はそこまで観光客も多くありませんでしたが、世界遺産に登録されてから外国人の観光客も増えたそうですよ。"
        },
        {
            "speaker":"S",
            "time":"18.10.2020 12:44:26",
            "turn-index":26,
            "utterance":"へぇ、外国人の観光客も増えたんですね。"
        },
        {
            "speaker":"U",
            "time":"18.10.2020 12:44:44",
            "turn-index":27,
            "utterance":"そうです。私が行ったときも外国人が多くいましたよ。"
        },
        {
            "speaker":"S",
            "time":"18.10.2020 12:44:47",
            "turn-index":28,
            "utterance":"そうなんですね。世界遺産登録される前は何人くらい観光客がいたんですか?あ、すみません。そろそろ時間ですね。今日はありがとうございました。"
        },
        {
            "speaker":"U",
            "time":"18.10.2020 12:44:56",
            "turn-index":29,
            "utterance":"ありがとうございました。"
        },
        {
            "speaker":"S",
            "time":"18.10.2020 12:44:59",
            "turn-index":30,
            "utterance":"いえいえ、こちらこそありがとうございました。 ではまた。"
        }
    ]
}