{
    "dialogue-id":"HBY_17",
    "group-id":"",
    "speaker-id":"hobbyist",
    "turns":[
        {
            "speaker":"S",
            "time":"18.10.2020 07:24:39",
            "turn-index":0,
            "utterance":"こんにちは。よろしくお願いします。早速ですけど、何か趣味ってありますか？"
        },
        {
            "speaker":"U",
            "time":"18.10.2020 07:25:41",
            "turn-index":1,
            "utterance":"ビットコインですね"
        },
        {
            "speaker":"S",
            "time":"18.10.2020 07:25:44",
            "turn-index":2,
            "utterance":"私は株・fx・仮想通貨・fxなどいろいろやってます。 ビットコインは最近始めたばっかりです。"
        },
        {
            "speaker":"U",
            "time":"18.10.2020 07:25:54",
            "turn-index":3,
            "utterance":"そうなんですね。すごいな"
        },
        {
            "speaker":"S",
            "time":"18.10.2020 07:25:58",
            "turn-index":4,
            "utterance":"そうなんですね。お互い情報交換できたらいいですね。 いえいえ、全然ですよ。 逆にご趣味は何ですか?"
        },
        {
            "speaker":"U",
            "time":"18.10.2020 07:26:18",
            "turn-index":5,
            "utterance":"ランボルギーニが好きです"
        },
        {
            "speaker":"S",
            "time":"18.10.2020 07:26:23",
            "turn-index":6,
            "utterance":"ランボルギーニかっこいいですよね! 宝くじ当たったら買いたいです"
        },
        {
            "speaker":"U",
            "time":"18.10.2020 07:26:33",
            "turn-index":7,
            "utterance":"カッコいいし速いですよ"
        },
        {
            "speaker":"S",
            "time":"18.10.2020 07:26:37",
            "turn-index":8,
            "utterance":"私はランボルギーニよりフェラーリ派です。"
        },
        {
            "speaker":"U",
            "time":"18.10.2020 07:26:51",
            "turn-index":9,
            "utterance":"甲乙つけがたいですよね"
        },
        {
            "speaker":"S",
            "time":"18.10.2020 07:26:55",
            "turn-index":10,
            "utterance":"でもフェラーリは維持費が、、、"
        },
        {
            "speaker":"U",
            "time":"18.10.2020 07:27:01",
            "turn-index":11,
            "utterance":"高いと思いますよ"
        },
        {
            "speaker":"S",
            "time":"18.10.2020 07:27:04",
            "turn-index":12,
            "utterance":"フェラーリはやっぱり維持費高いですよね。。。"
        },
        {
            "speaker":"U",
            "time":"18.10.2020 07:27:13",
            "turn-index":13,
            "utterance":"はい。間違いないです。"
        },
        {
            "speaker":"S",
            "time":"18.10.2020 07:27:16",
            "turn-index":14,
            "utterance":"ですよね。。。 私フェラーリ買うならランボルギーニがいいです"
        },
        {
            "speaker":"U",
            "time":"18.10.2020 07:27:43",
            "turn-index":15,
            "utterance":"アヴェンタドールとかですかね"
        },
        {
            "speaker":"S",
            "time":"18.10.2020 07:27:47",
            "turn-index":16,
            "utterance":"アヴェンタドールいいですね! フォルクスワーゲンは好きな車とかありますか?"
        },
        {
            "speaker":"U",
            "time":"18.10.2020 07:28:03",
            "turn-index":17,
            "utterance":"ニュービートルですね"
        },
        {
            "speaker":"S",
            "time":"18.10.2020 07:28:07",
            "turn-index":18,
            "utterance":"ニュービートルって初めて聞きました! どんな車ですか?"
        },
        {
            "speaker":"U",
            "time":"18.10.2020 07:28:15",
            "turn-index":19,
            "utterance":"丸い感じの"
        },
        {
            "speaker":"S",
            "time":"18.10.2020 07:28:19",
            "turn-index":20,
            "utterance":"丸い車ですか! ちょっと想像がつかないです"
        },
        {
            "speaker":"U",
            "time":"18.10.2020 07:28:27",
            "turn-index":21,
            "utterance":"可愛らしい形です"
        },
        {
            "speaker":"S",
            "time":"18.10.2020 07:28:30",
            "turn-index":22,
            "utterance":"今度見かけたら写真撮っておきますね!"
        },
        {
            "speaker":"U",
            "time":"18.10.2020 07:28:33",
            "turn-index":23,
            "utterance":"はい。"
        },
        {
            "speaker":"S",
            "time":"18.10.2020 07:28:36",
            "turn-index":24,
            "utterance":"楽しみにしときます! 後趣味はなんですか?"
        },
        {
            "speaker":"U",
            "time":"18.10.2020 07:28:43",
            "turn-index":25,
            "utterance":"車ですね"
        },
        {
            "speaker":"S",
            "time":"18.10.2020 07:28:46",
            "turn-index":26,
            "utterance":"趣味は旅行、食べ歩き、飲み歩きです!"
        },
        {
            "speaker":"U",
            "time":"18.10.2020 07:28:56",
            "turn-index":27,
            "utterance":"食べるのもいいですね"
        },
        {
            "speaker":"S",
            "time":"18.10.2020 07:28:59",
            "turn-index":28,
            "utterance":"旅行いいですね! 最近はどこか行かれましたか?あ、すみません。そろそろ時間ですね。今日はありがとうございました。"
        },
        {
            "speaker":"U",
            "time":"18.10.2020 07:29:05",
            "turn-index":29,
            "utterance":"どうお"
        },
        {
            "speaker":"S",
            "time":"18.10.2020 07:29:08",
            "turn-index":30,
            "utterance":"こちらこそ、ありがとうございました。楽しかったです。ではまた。"
        }
    ]
}