{
    "dialogue-id":"HBY_05",
    "group-id":"",
    "speaker-id":"hobbyist",
    "turns":[
        {
            "speaker":"S",
            "time":"17.10.2020 21:21:06",
            "turn-index":0,
            "utterance":"こんにちは。よろしくお願いします。早速ですけど、何か趣味ってありますか？"
        },
        {
            "speaker":"U",
            "time":"17.10.2020 21:22:15",
            "turn-index":1,
            "utterance":"日本酒が好きです。"
        },
        {
            "speaker":"S",
            "time":"17.10.2020 21:22:18",
            "turn-index":2,
            "utterance":"おー、日本酒ですか。いいですね。どんな銘柄を飲まれるんですか?"
        },
        {
            "speaker":"U",
            "time":"17.10.2020 21:22:56",
            "turn-index":3,
            "utterance":"鶴齢というお酒が好きです"
        },
        {
            "speaker":"S",
            "time":"17.10.2020 21:23:02",
            "turn-index":4,
            "utterance":"鶴齢、飲んだことないです。美味しいですか?"
        },
        {
            "speaker":"U",
            "time":"17.10.2020 21:23:13",
            "turn-index":5,
            "utterance":"すっきりしていて飲みやすいですよ"
        },
        {
            "speaker":"S",
            "time":"17.10.2020 21:23:17",
            "turn-index":6,
            "utterance":"そうなんですか。飲みやすそうですね。今度飲んでみます。"
        },
        {
            "speaker":"U",
            "time":"17.10.2020 21:23:30",
            "turn-index":7,
            "utterance":"珍しいお酒ですがおすすめです"
        },
        {
            "speaker":"S",
            "time":"17.10.2020 21:23:33",
            "turn-index":8,
            "utterance":"珍しいんですね。お酒って奥が深いですね。"
        },
        {
            "speaker":"U",
            "time":"17.10.2020 21:23:45",
            "turn-index":9,
            "utterance":"日本酒はまだまだ勉強中です"
        },
        {
            "speaker":"S",
            "time":"17.10.2020 21:23:49",
            "turn-index":10,
            "utterance":"勉強熱心ですね。私は最近ウイスキーにハマってます。"
        },
        {
            "speaker":"U",
            "time":"17.10.2020 21:24:32",
            "turn-index":11,
            "utterance":"ウイスキーもおいしいですよね、日本酒に合うおつまみも気になります。"
        },
        {
            "speaker":"S",
            "time":"17.10.2020 21:24:35",
            "turn-index":12,
            "utterance":"そうですね。お酒は飲まれますか?何かよく飲まれるものはありますか?"
        },
        {
            "speaker":"U",
            "time":"17.10.2020 21:26:30",
            "turn-index":13,
            "utterance":"日本酒が好きです。タンパク質を摂って元気になりたいので鶏肉のおつまみなんかもいいですね。"
        },
        {
            "speaker":"S",
            "time":"17.10.2020 21:26:40",
            "turn-index":14,
            "utterance":"鶏肉はおいしいですよね。アサリやサバの塩焼きなんかが好きです。"
        },
        {
            "speaker":"U",
            "time":"17.10.2020 21:27:15",
            "turn-index":15,
            "utterance":"タンパク質豊富な料理、ほかに何かありますかね"
        },
        {
            "speaker":"S",
            "time":"17.10.2020 21:27:23",
            "turn-index":16,
            "utterance":"ササミのユッケとか好きです。"
        },
        {
            "speaker":"U",
            "time":"17.10.2020 21:27:43",
            "turn-index":17,
            "utterance":"おいしそうですね。ササミは体にいいですよね"
        },
        {
            "speaker":"S",
            "time":"17.10.2020 21:27:52",
            "turn-index":18,
            "utterance":"そうですね。あとは大根おろしでさっぱりいただくのも好きです。"
        },
        {
            "speaker":"U",
            "time":"17.10.2020 21:28:24",
            "turn-index":19,
            "utterance":"いいですね。タンパク質が足りないと貧血になったりするらしいですね。"
        },
        {
            "speaker":"S",
            "time":"17.10.2020 21:28:30",
            "turn-index":20,
            "utterance":"そうですね。鉄分が足りてないと貧血になりやすいですね。"
        },
        {
            "speaker":"U",
            "time":"17.10.2020 21:28:48",
            "turn-index":21,
            "utterance":"積極的にタンパク質の多いメニューを摂りたいですね。"
        },
        {
            "speaker":"S",
            "time":"17.10.2020 21:28:52",
            "turn-index":22,
            "utterance":"野菜も肉も魚もバランスよくとるのが大事ですね。"
        },
        {
            "speaker":"U",
            "time":"17.10.2020 21:29:04",
            "turn-index":23,
            "utterance":"そのとおりですね。"
        },
        {
            "speaker":"S",
            "time":"17.10.2020 21:29:07",
            "turn-index":24,
            "utterance":"和食、洋食、中華、和食、どれが好きですか?"
        },
        {
            "speaker":"U",
            "time":"17.10.2020 21:29:40",
            "turn-index":25,
            "utterance":"和食が好きです。和食のタンパク質多めのメニューってなんですかね。"
        },
        {
            "speaker":"S",
            "time":"17.10.2020 21:29:45",
            "turn-index":26,
            "utterance":"豚肉、白菜、しめじ、豆腐、魚とかでしょうか。"
        },
        {
            "speaker":"U",
            "time":"17.10.2020 21:30:05",
            "turn-index":27,
            "utterance":"鍋にして食べたらバランスよく栄養摂れそうですね。"
        },
        {
            "speaker":"S",
            "time":"17.10.2020 21:30:10",
            "turn-index":28,
            "utterance":"そうですね。特に締めの雑炊がおいしいですね。あ、すみません。そろそろ時間ですね。今日はありがとうございました。"
        },
        {
            "speaker":"U",
            "time":"17.10.2020 21:30:22",
            "turn-index":29,
            "utterance":"こちらこそありがとうございました。"
        },
        {
            "speaker":"S",
            "time":"17.10.2020 21:30:25",
            "turn-index":30,
            "utterance":"こちらこそありがとうございました。またよろしくお願いします。おやすみなさい。"
        }
    ]
}