{
    "dialogue-id":"HBY_09",
    "group-id":"",
    "speaker-id":"hobbyist",
    "turns":[
        {
            "speaker":"S",
            "time":"18.10.2020 19:34:18",
            "turn-index":0,
            "utterance":"こんにちは。よろしくお願いします。早速ですけど、何か趣味ってありますか？"
        },
        {
            "speaker":"U",
            "time":"18.10.2020 19:34:57",
            "turn-index":1,
            "utterance":"最近は夜、月を見る事だな"
        },
        {
            "speaker":"S",
            "time":"18.10.2020 19:35:00",
            "turn-index":2,
            "utterance":"私も月を見るの好きです。どんな月が好きですか?"
        },
        {
            "speaker":"U",
            "time":"18.10.2020 19:35:20",
            "turn-index":3,
            "utterance":"真っ白い満月が最高だよね"
        },
        {
            "speaker":"S",
            "time":"18.10.2020 19:35:23",
            "turn-index":4,
            "utterance":"そうですね。今日はストロベリームーンというらしいですね。"
        },
        {
            "speaker":"U",
            "time":"18.10.2020 19:35:47",
            "turn-index":5,
            "utterance":"知ってる、見たことないから見てみたいな"
        },
        {
            "speaker":"S",
            "time":"18.10.2020 19:35:50",
            "turn-index":6,
            "utterance":"私も見たことがないです。1年に1度見られるか見れないかくらいらしいですよ。"
        },
        {
            "speaker":"U",
            "time":"18.10.2020 19:36:18",
            "turn-index":7,
            "utterance":"今度見れるときには絶対に忘れないようにしないと。"
        },
        {
            "speaker":"S",
            "time":"18.10.2020 19:36:21",
            "turn-index":8,
            "utterance":"そうですね。空に祈りを捧げましょう。"
        },
        {
            "speaker":"U",
            "time":"18.10.2020 19:37:00",
            "turn-index":9,
            "utterance":"秋は夜空が綺麗ですからね"
        },
        {
            "speaker":"S",
            "time":"18.10.2020 19:37:04",
            "turn-index":10,
            "utterance":"秋の夜空はいいですね。 秋の紅葉も好きです。"
        },
        {
            "speaker":"U",
            "time":"18.10.2020 19:37:34",
            "turn-index":11,
            "utterance":"飽きの月と言ったら、ウサギだよね、動物は好き？"
        },
        {
            "speaker":"S",
            "time":"18.10.2020 19:37:38",
            "turn-index":12,
            "utterance":"そうですね。 飽きの月は初耳です。 動物は好きですよ。"
        },
        {
            "speaker":"U",
            "time":"18.10.2020 19:38:03",
            "turn-index":13,
            "utterance":"私はやっぱり犬が好きだけど、あなたは？"
        },
        {
            "speaker":"S",
            "time":"18.10.2020 19:38:07",
            "turn-index":14,
            "utterance":"私も犬が好きです。 ポメラニアンが好きです。"
        },
        {
            "speaker":"U",
            "time":"18.10.2020 19:38:28",
            "turn-index":15,
            "utterance":"可愛いよね、私はチワワが好きです。"
        },
        {
            "speaker":"S",
            "time":"18.10.2020 19:38:32",
            "turn-index":16,
            "utterance":"私はトイプードルが好きです。 チワワも可愛いですよね。"
        },
        {
            "speaker":"U",
            "time":"18.10.2020 19:39:03",
            "turn-index":17,
            "utterance":"犬が飼いたいけど賃貸だから無理なんだ"
        },
        {
            "speaker":"S",
            "time":"18.10.2020 19:39:07",
            "turn-index":18,
            "utterance":"そうですよね。 ペットを飼うのは大変ですよね。"
        },
        {
            "speaker":"U",
            "time":"18.10.2020 19:39:22",
            "turn-index":19,
            "utterance":"動物は癒してくれるからね"
        },
        {
            "speaker":"S",
            "time":"18.10.2020 19:39:25",
            "turn-index":20,
            "utterance":"そうですよね。 私も飼いたいんですけど、 マンションで飼えないんです。"
        },
        {
            "speaker":"U",
            "time":"18.10.2020 19:39:56",
            "turn-index":21,
            "utterance":"ハムスターとかなら飼えるね"
        },
        {
            "speaker":"S",
            "time":"18.10.2020 19:40:00",
            "turn-index":22,
            "utterance":"ハムスターは飼ったことあります。 かわいいですよね。"
        },
        {
            "speaker":"U",
            "time":"18.10.2020 19:40:20",
            "turn-index":23,
            "utterance":"私もありますよ、ほんとに可愛い！"
        },
        {
            "speaker":"S",
            "time":"18.10.2020 19:40:23",
            "turn-index":24,
            "utterance":"何匹くらい飼ったんですか? 私は4匹です。"
        },
        {
            "speaker":"U",
            "time":"18.10.2020 19:40:45",
            "turn-index":25,
            "utterance":"私は２匹ですよ"
        },
        {
            "speaker":"S",
            "time":"18.10.2020 19:40:48",
            "turn-index":26,
            "utterance":"結構いますね。 もふもふしてて気持ちよさそうです。"
        },
        {
            "speaker":"U",
            "time":"18.10.2020 19:41:12",
            "turn-index":27,
            "utterance":"本当にもふもふですね"
        },
        {
            "speaker":"S",
            "time":"18.10.2020 19:41:15",
            "turn-index":28,
            "utterance":"もふもふです。毛並みがきれいです。あ、すみません。そろそろ時間ですね。今日はありがとうございました。"
        },
        {
            "speaker":"U",
            "time":"18.10.2020 19:41:29",
            "turn-index":29,
            "utterance":"いえいえ、またね。"
        },
        {
            "speaker":"S",
            "time":"18.10.2020 19:41:32",
            "turn-index":30,
            "utterance":"ありがとうございました。楽しかったです。 ではまた。おやすみなさい。"
        }
    ]
}