{
    "dialogue-id":"HBY_12",
    "group-id":"",
    "speaker-id":"hobbyist",
    "turns":[
        {
            "speaker":"S",
            "time":"18.10.2020 00:18:33",
            "turn-index":0,
            "utterance":"こんにちは。よろしくお願いします。早速ですけど、何か趣味ってありますか？"
        },
        {
            "speaker":"U",
            "time":"18.10.2020 00:19:37",
            "turn-index":1,
            "utterance":"こんにちは。趣味は音楽を聞くことです。すぎやまこういちって知ってますか？"
        },
        {
            "speaker":"S",
            "time":"18.10.2020 00:19:41",
            "turn-index":2,
            "utterance":"名前は聞いたことあります。どんな音楽を聴かれるんですか?"
        },
        {
            "speaker":"U",
            "time":"18.10.2020 00:20:22",
            "turn-index":3,
            "utterance":"すぎやまこういちはドラゴンクエストの曲を作ってるんですよ"
        },
        {
            "speaker":"S",
            "time":"18.10.2020 00:20:26",
            "turn-index":4,
            "utterance":"すぎやまこういちは、初めてききました。ドラゴンクエストの曲を作っているんですか?"
        },
        {
            "speaker":"U",
            "time":"18.10.2020 00:20:47",
            "turn-index":5,
            "utterance":"そうなんです。そのゲーム音楽が結構好きなんですよね。"
        },
        {
            "speaker":"S",
            "time":"18.10.2020 00:20:51",
            "turn-index":6,
            "utterance":"いいですね。今度きいてみます。どんなゲーム音楽がお好きなんですか?"
        },
        {
            "speaker":"U",
            "time":"18.10.2020 00:22:58",
            "turn-index":7,
            "utterance":"是非聞いてみてくださいね。他のゲームについてはあまり詳しくないんですよね。"
        },
        {
            "speaker":"S",
            "time":"18.10.2020 00:23:03",
            "turn-index":8,
            "utterance":"ゲーム音楽も、すぎやまこういちが作詞作曲しているのですか?"
        },
        {
            "speaker":"U",
            "time":"18.10.2020 00:23:57",
            "turn-index":9,
            "utterance":"ドラクエはそうですよ～。"
        },
        {
            "speaker":"S",
            "time":"18.10.2020 00:24:05",
            "turn-index":10,
            "utterance":"そうなんですね。すぎやまこういち、天才ですね。"
        },
        {
            "speaker":"U",
            "time":"18.10.2020 00:24:40",
            "turn-index":11,
            "utterance":"天才ですよね！ところで、好きな歌手はいますか？"
        },
        {
            "speaker":"S",
            "time":"18.10.2020 00:24:45",
            "turn-index":12,
            "utterance":"すぎやまこういちは、ロックバンドのギタリストで、ブルーハーツとか、コブクロとかが好きです。"
        },
        {
            "speaker":"U",
            "time":"18.10.2020 00:25:27",
            "turn-index":13,
            "utterance":"いいですね～、コブクロ好きですよ。桑田佳祐とかすきですか？"
        },
        {
            "speaker":"S",
            "time":"18.10.2020 00:25:33",
            "turn-index":14,
            "utterance":"コブクロいいですよね。桑田佳祐も好きです。"
        },
        {
            "speaker":"U",
            "time":"18.10.2020 00:26:01",
            "turn-index":15,
            "utterance":"いい曲がいっぱいあるよね"
        },
        {
            "speaker":"S",
            "time":"18.10.2020 00:26:06",
            "turn-index":16,
            "utterance":"桑田佳祐は、よくカラオケで歌います。"
        },
        {
            "speaker":"U",
            "time":"18.10.2020 00:26:25",
            "turn-index":17,
            "utterance":"へ～！何の曲を歌うんですか？"
        },
        {
            "speaker":"S",
            "time":"18.10.2020 00:26:30",
            "turn-index":18,
            "utterance":"十八番は、バックナンバーです。 あと、サザンも歌います。"
        },
        {
            "speaker":"U",
            "time":"18.10.2020 00:27:40",
            "turn-index":19,
            "utterance":"サザンの曲いいよね！"
        },
        {
            "speaker":"S",
            "time":"18.10.2020 00:27:45",
            "turn-index":20,
            "utterance":"いい曲ばかりです。 ほかには、浜崎あゆみやミスチルも歌います。"
        },
        {
            "speaker":"U",
            "time":"18.10.2020 00:28:34",
            "turn-index":21,
            "utterance":"ミスチルいいね！歌うまそうですね"
        },
        {
            "speaker":"S",
            "time":"18.10.2020 00:28:37",
            "turn-index":22,
            "utterance":"ミスチルもいいですよね。 十八番は、何ですか?"
        },
        {
            "speaker":"U",
            "time":"18.10.2020 00:28:51",
            "turn-index":23,
            "utterance":"タッチです"
        },
        {
            "speaker":"S",
            "time":"18.10.2020 00:28:56",
            "turn-index":24,
            "utterance":"十八番は、桜井さんとかです。"
        },
        {
            "speaker":"U",
            "time":"18.10.2020 00:29:14",
            "turn-index":25,
            "utterance":"もしかしてモノマネするんですか？"
        },
        {
            "speaker":"S",
            "time":"18.10.2020 00:29:18",
            "turn-index":26,
            "utterance":"モノマネはしないです。 似てないので"
        },
        {
            "speaker":"U",
            "time":"18.10.2020 00:29:51",
            "turn-index":27,
            "utterance":"十八番たくさんあるんですね～"
        },
        {
            "speaker":"S",
            "time":"18.10.2020 00:29:54",
            "turn-index":28,
            "utterance":"似てないですけど、似てるとは言われます あ、すみません。そろそろ時間ですね。今日はありがとうございました。"
        },
        {
            "speaker":"U",
            "time":"18.10.2020 00:30:42",
            "turn-index":29,
            "utterance":"楽しかったです！ありがとうございました！"
        },
        {
            "speaker":"S",
            "time":"18.10.2020 00:30:45",
            "turn-index":30,
            "utterance":"私も楽しかったです。またお話しましょう。ではまた。"
        }
    ]
}