{
    "dialogue-id":"HBY_27",
    "group-id":"",
    "speaker-id":"hobbyist",
    "turns":[
        {
            "speaker":"S",
            "time":"17.10.2020 22:47:11",
            "turn-index":0,
            "utterance":"こんにちは。よろしくお願いします。早速ですけど、何か趣味ってありますか？"
        },
        {
            "speaker":"U",
            "time":"17.10.2020 22:47:38",
            "turn-index":1,
            "utterance":"ええ。恐竜のフィギュアを集めています"
        },
        {
            "speaker":"S",
            "time":"17.10.2020 22:47:41",
            "turn-index":2,
            "utterance":"恐竜ですか! 珍しいですね! 博物館とか行かれるんですか?"
        },
        {
            "speaker":"U",
            "time":"17.10.2020 22:47:57",
            "turn-index":3,
            "utterance":"行きます、行きます。恐竜展とかあったら、ぜったい行きます"
        },
        {
            "speaker":"S",
            "time":"17.10.2020 22:48:01",
            "turn-index":4,
            "utterance":"私も昔集めてました! 今も集めてるんですか?"
        },
        {
            "speaker":"U",
            "time":"17.10.2020 22:48:27",
            "turn-index":5,
            "utterance":"集めてますよ。あなたは、どれくらいの数、集めましたか？"
        },
        {
            "speaker":"S",
            "time":"17.10.2020 22:48:32",
            "turn-index":6,
            "utterance":"どれくらいでしょう? 覚えてないです  結構ありましたよ!"
        },
        {
            "speaker":"U",
            "time":"17.10.2020 22:48:57",
            "turn-index":7,
            "utterance":"それは、今は、どうなっているんですか？まだ持ってますか？それとも、処分しちゃいましたか？"
        },
        {
            "speaker":"S",
            "time":"17.10.2020 22:49:01",
            "turn-index":8,
            "utterance":"集めるの飽きてしまって、今はインテリアになってます"
        },
        {
            "speaker":"U",
            "time":"17.10.2020 22:49:16",
            "turn-index":9,
            "utterance":"ああ。飾ってあるんですね"
        },
        {
            "speaker":"S",
            "time":"17.10.2020 22:49:19",
            "turn-index":10,
            "utterance":"押入れにしまってます。押入れの中が凄いことになってます。"
        },
        {
            "speaker":"U",
            "time":"17.10.2020 22:49:44",
            "turn-index":11,
            "utterance":"ははは。集めていたのは、恐竜だけですか？動物は？"
        },
        {
            "speaker":"S",
            "time":"17.10.2020 22:49:48",
            "turn-index":12,
            "utterance":"トカゲとカエルと蛇とカマキリです"
        },
        {
            "speaker":"U",
            "time":"17.10.2020 22:50:35",
            "turn-index":13,
            "utterance":"あ、集めてたんですね。動物の中では爬虫類系が好きなのですか？"
        },
        {
            "speaker":"S",
            "time":"17.10.2020 22:50:39",
            "turn-index":14,
            "utterance":"爬虫類好きです。ヒョウモントカゲモドキとか、ナマケモノとか"
        },
        {
            "speaker":"U",
            "time":"17.10.2020 22:51:27",
            "turn-index":15,
            "utterance":"ナマケモノは、ほ乳類ですね。ははは。ヒョウモントカゲモドキって、どんなやつですか？"
        },
        {
            "speaker":"S",
            "time":"17.10.2020 22:51:32",
            "turn-index":16,
            "utterance":"ヒョウモントカゲモドキは、ちっちゃいオウムみたいなやつです"
        },
        {
            "speaker":"U",
            "time":"17.10.2020 22:51:59",
            "turn-index":17,
            "utterance":"えっ。そうなんですか。それは、びっくりです"
        },
        {
            "speaker":"S",
            "time":"17.10.2020 22:52:04",
            "turn-index":18,
            "utterance":"ヒョウモントカゲモドキの尻尾がかわいくて"
        },
        {
            "speaker":"U",
            "time":"17.10.2020 22:52:13",
            "turn-index":19,
            "utterance":"なかなか、マニアックですね"
        },
        {
            "speaker":"S",
            "time":"17.10.2020 22:52:17",
            "turn-index":20,
            "utterance":"マニアックですか?!笑 ほ乳類のほうがマニアックですよ!笑"
        },
        {
            "speaker":"U",
            "time":"17.10.2020 22:53:22",
            "turn-index":21,
            "utterance":"哺乳類は、毛がもふもふなのがかわいいですね"
        },
        {
            "speaker":"S",
            "time":"17.10.2020 22:53:25",
            "turn-index":22,
            "utterance":"そうですか?笑 もふもふがかわいいですよね!"
        },
        {
            "speaker":"U",
            "time":"17.10.2020 22:53:44",
            "turn-index":23,
            "utterance":"ですよね。もふりたくなりますよね"
        },
        {
            "speaker":"S",
            "time":"17.10.2020 22:53:47",
            "turn-index":24,
            "utterance":"はい!もふもふです! 動物園とかは行かれますか?"
        },
        {
            "speaker":"U",
            "time":"17.10.2020 22:53:57",
            "turn-index":25,
            "utterance":"行きますよ。行かれますか？"
        },
        {
            "speaker":"S",
            "time":"17.10.2020 22:54:01",
            "turn-index":26,
            "utterance":"最近は行けてないですが、昔はよく行ってました!"
        },
        {
            "speaker":"U",
            "time":"17.10.2020 22:54:14",
            "turn-index":27,
            "utterance":"どちらの動物園によく行かれてましたか？"
        },
        {
            "speaker":"S",
            "time":"17.10.2020 22:54:19",
            "turn-index":28,
            "utterance":"北海道にいた時は旭川動物園に行ってました! そちらはどちらによく行かれますか?あ、すみません。そろそろ時間ですね。今日はありがとうございました。"
        },
        {
            "speaker":"U",
            "time":"17.10.2020 22:54:31",
            "turn-index":29,
            "utterance":"こちらこそ、ありがとうございました。"
        },
        {
            "speaker":"S",
            "time":"17.10.2020 22:54:35",
            "turn-index":30,
            "utterance":"札幌動物園や旭山動物園によく行ってました! ではまた!"
        }
    ]
}