{
    "dialogue-id":"HBY_33",
    "group-id":"",
    "speaker-id":"hobbyist",
    "turns":[
        {
            "speaker":"S",
            "time":"17.10.2020 21:23:02",
            "turn-index":0,
            "utterance":"こんにちは。よろしくお願いします。早速ですけど、何か趣味ってありますか？"
        },
        {
            "speaker":"U",
            "time":"17.10.2020 21:24:06",
            "turn-index":1,
            "utterance":"ウルトラセブン好きなんだけど"
        },
        {
            "speaker":"S",
            "time":"17.10.2020 21:24:09",
            "turn-index":2,
            "utterance":"ウルトラセブンいいですよね。私も好きです。 好きなウルトラマンはいますか?"
        },
        {
            "speaker":"U",
            "time":"17.10.2020 21:24:27",
            "turn-index":3,
            "utterance":"今やってるウルトラマンZかなり好き"
        },
        {
            "speaker":"S",
            "time":"17.10.2020 21:24:30",
            "turn-index":4,
            "utterance":"今やってるの面白いですよね。ウルトラマンシリーズではどの作品が好きですか?"
        },
        {
            "speaker":"U",
            "time":"17.10.2020 21:25:01",
            "turn-index":5,
            "utterance":"ウルトラマンメビウスかな"
        },
        {
            "speaker":"S",
            "time":"17.10.2020 21:25:05",
            "turn-index":6,
            "utterance":"メビウスいいですよね。平成三部作の中で一番好きです。"
        },
        {
            "speaker":"U",
            "time":"17.10.2020 21:26:39",
            "turn-index":7,
            "utterance":"メビウス以外に好きなのある？"
        },
        {
            "speaker":"S",
            "time":"17.10.2020 21:26:46",
            "turn-index":8,
            "utterance":"戦隊だと、トッキュウジャーとニンニンジャーが好きです。"
        },
        {
            "speaker":"U",
            "time":"17.10.2020 21:27:14",
            "turn-index":9,
            "utterance":"トッキュウジャー面白かったね"
        },
        {
            "speaker":"S",
            "time":"17.10.2020 21:27:18",
            "turn-index":10,
            "utterance":"そうですね。トッキュウジャー面白かったです。"
        },
        {
            "speaker":"U",
            "time":"17.10.2020 21:27:39",
            "turn-index":11,
            "utterance":"シンケンジャーも良かった"
        },
        {
            "speaker":"S",
            "time":"17.10.2020 21:27:43",
            "turn-index":12,
            "utterance":"面白かったです。 シンケンジャーも面白かったですね。"
        },
        {
            "speaker":"U",
            "time":"17.10.2020 21:28:18",
            "turn-index":13,
            "utterance":"ところで闇金ウシジマくん見たことある？"
        },
        {
            "speaker":"S",
            "time":"17.10.2020 21:28:22",
            "turn-index":14,
            "utterance":"ウシジマくん見たことないです。 面白いですか?"
        },
        {
            "speaker":"U",
            "time":"17.10.2020 21:28:51",
            "turn-index":15,
            "utterance":"面白いよ。読んでみて。"
        },
        {
            "speaker":"S",
            "time":"17.10.2020 21:28:55",
            "turn-index":16,
            "utterance":"闇金ウシジマくんは途中まで読みました。 今度読んでみます。"
        },
        {
            "speaker":"U",
            "time":"17.10.2020 21:29:37",
            "turn-index":17,
            "utterance":"内容はかなり過激だよ。"
        },
        {
            "speaker":"S",
            "time":"17.10.2020 21:29:40",
            "turn-index":18,
            "utterance":"え、そうなんですか。 どう過激なんですか?"
        },
        {
            "speaker":"U",
            "time":"17.10.2020 21:30:13",
            "turn-index":19,
            "utterance":"めっちゃ怖いのよ。"
        },
        {
            "speaker":"S",
            "time":"17.10.2020 21:30:16",
            "turn-index":20,
            "utterance":"へえ、そうなんですね。 心して読みます。"
        },
        {
            "speaker":"U",
            "time":"17.10.2020 21:30:34",
            "turn-index":21,
            "utterance":"絶対借金したくないって思うよ。"
        },
        {
            "speaker":"S",
            "time":"17.10.2020 21:30:38",
            "turn-index":22,
            "utterance":"ああ、なるほど。 それは心して読まないとですね。"
        },
        {
            "speaker":"U",
            "time":"17.10.2020 21:31:03",
            "turn-index":23,
            "utterance":"ドラマ版も面白いよ。"
        },
        {
            "speaker":"S",
            "time":"17.10.2020 21:31:07",
            "turn-index":24,
            "utterance":"ドラマ版もあるんですね。 tsutayaで借りて読んでみます。"
        },
        {
            "speaker":"U",
            "time":"17.10.2020 21:32:18",
            "turn-index":25,
            "utterance":"ドラマは山田孝之が出てるんだよね"
        },
        {
            "speaker":"S",
            "time":"17.10.2020 21:32:21",
            "turn-index":26,
            "utterance":"あ、山田孝之いいですね。 好きな俳優さんとかいますか?"
        },
        {
            "speaker":"U",
            "time":"17.10.2020 21:32:56",
            "turn-index":27,
            "utterance":"阿部寛とか好き"
        },
        {
            "speaker":"S",
            "time":"17.10.2020 21:32:59",
            "turn-index":28,
            "utterance":"阿部寛かっこいいですよね。 演技もうまいし。あ、すみません。そろそろ時間ですね。今日はありがとうございました。"
        },
        {
            "speaker":"U",
            "time":"17.10.2020 21:33:14",
            "turn-index":29,
            "utterance":"こちらこそありがとう"
        },
        {
            "speaker":"S",
            "time":"17.10.2020 21:33:19",
            "turn-index":30,
            "utterance":"こちらこそありがとうございました。楽しかったです。 おやすみなさい。"
        }
    ]
}