{
    "dialogue-id":"HBY_44",
    "group-id":"",
    "speaker-id":"hobbyist",
    "turns":[
        {
            "speaker":"S",
            "time":"17.10.2020 22:29:51",
            "turn-index":0,
            "utterance":"こんにちは。よろしくお願いします。早速ですけど、何か趣味ってありますか？"
        },
        {
            "speaker":"U",
            "time":"17.10.2020 22:31:10",
            "turn-index":1,
            "utterance":"香取慎吾"
        },
        {
            "speaker":"S",
            "time":"17.10.2020 22:31:18",
            "turn-index":2,
            "utterance":"私の趣味は旅行と食べ歩きです。 香取慎吾さん好きなんですね!"
        },
        {
            "speaker":"U",
            "time":"17.10.2020 22:31:53",
            "turn-index":3,
            "utterance":"そうなんです。SMAPファンなんです"
        },
        {
            "speaker":"S",
            "time":"17.10.2020 22:31:56",
            "turn-index":4,
            "utterance":"そうなんですね!私もsmapファンです! ライブとか行かれますか?"
        },
        {
            "speaker":"U",
            "time":"17.10.2020 22:32:50",
            "turn-index":5,
            "utterance":"行きまくりました。地方まで応援しに行きました。"
        },
        {
            "speaker":"S",
            "time":"17.10.2020 22:32:55",
            "turn-index":6,
            "utterance":"すごいですね! どのあたりまで行かれましたか?"
        },
        {
            "speaker":"U",
            "time":"17.10.2020 22:33:15",
            "turn-index":7,
            "utterance":"北海道から福岡まで全国行きました。"
        },
        {
            "speaker":"S",
            "time":"17.10.2020 22:33:19",
            "turn-index":8,
            "utterance":"すごいですね! 私は北海道と沖縄しか行ったことないです!"
        },
        {
            "speaker":"U",
            "time":"17.10.2020 22:33:56",
            "turn-index":9,
            "utterance":"どちらもおいしい食べ物があって良いですね"
        },
        {
            "speaker":"S",
            "time":"17.10.2020 22:33:59",
            "turn-index":10,
            "utterance":"北海道は何を食べましたか? 私はジンギスカンが美味しかったです!"
        },
        {
            "speaker":"U",
            "time":"17.10.2020 22:34:31",
            "turn-index":11,
            "utterance":"ラーメンを食べました。えびラーメンが有名ですよ。"
        },
        {
            "speaker":"S",
            "time":"17.10.2020 22:34:34",
            "turn-index":12,
            "utterance":"えびラーメンですか! 初めて聞きました! えび好きなんで食べてみたいです!"
        },
        {
            "speaker":"U",
            "time":"17.10.2020 22:35:10",
            "turn-index":13,
            "utterance":"千歳空港にあるので良ければ一度行ってみてください。"
        },
        {
            "speaker":"S",
            "time":"17.10.2020 22:35:14",
            "turn-index":14,
            "utterance":"千歳空港ですね! わかりました! 千歳空港は空港ですか?"
        },
        {
            "speaker":"U",
            "time":"17.10.2020 22:36:05",
            "turn-index":15,
            "utterance":"恐竜"
        },
        {
            "speaker":"S",
            "time":"17.10.2020 22:36:08",
            "turn-index":16,
            "utterance":"はい! そうです! 恐竜博物館です!"
        },
        {
            "speaker":"U",
            "time":"17.10.2020 22:36:34",
            "turn-index":17,
            "utterance":"一番好きな恐竜はプテラノドンです"
        },
        {
            "speaker":"S",
            "time":"17.10.2020 22:36:37",
            "turn-index":18,
            "utterance":"わかりました! プテラノドンですね! 行ってみます!"
        },
        {
            "speaker":"U",
            "time":"17.10.2020 22:37:25",
            "turn-index":19,
            "utterance":"一番好きな恐竜はなんですか？"
        },
        {
            "speaker":"S",
            "time":"17.10.2020 22:37:30",
            "turn-index":20,
            "utterance":"トカゲとサメが好きです! ペンギンも好きです!"
        },
        {
            "speaker":"U",
            "time":"17.10.2020 22:38:07",
            "turn-index":21,
            "utterance":"動物ってまだ見ぬ発見があってロマンを感じます"
        },
        {
            "speaker":"S",
            "time":"17.10.2020 22:38:11",
            "turn-index":22,
            "utterance":"ハリポタのスネイプ教授です! 動物はいいですよ!"
        },
        {
            "speaker":"U",
            "time":"17.10.2020 22:38:38",
            "turn-index":23,
            "utterance":"ペットは飼っていますか？"
        },
        {
            "speaker":"S",
            "time":"17.10.2020 22:38:42",
            "turn-index":24,
            "utterance":"かわいいですよね! インコを飼ってます!"
        },
        {
            "speaker":"U",
            "time":"17.10.2020 22:39:01",
            "turn-index":25,
            "utterance":"私はポメラニアンを飼っています。"
        },
        {
            "speaker":"S",
            "time":"17.10.2020 22:39:04",
            "turn-index":26,
            "utterance":"ポメラニアンもかわいいですよね! 昔飼ってました!"
        },
        {
            "speaker":"U",
            "time":"17.10.2020 22:39:35",
            "turn-index":27,
            "utterance":"韓国でも人気ですよね。チャオリアなんて種類もあるみたいですし"
        },
        {
            "speaker":"S",
            "time":"17.10.2020 22:39:39",
            "turn-index":28,
            "utterance":"人気ですよね! そうなんですか! 知らなかったです!あ、すみません。そろそろ時間ですね。今日はありがとうございました。"
        },
        {
            "speaker":"U",
            "time":"17.10.2020 22:39:52",
            "turn-index":29,
            "utterance":"ありがとうございました。"
        },
        {
            "speaker":"S",
            "time":"17.10.2020 22:39:55",
            "turn-index":30,
            "utterance":"こちらこそありがとうございました! 楽しかったです! おやすみなさい。"
        }
    ]
}