{
    "dialogue-id":"HBY_28",
    "group-id":"",
    "speaker-id":"hobbyist",
    "turns":[
        {
            "speaker":"S",
            "time":"18.10.2020 01:19:12",
            "turn-index":0,
            "utterance":"こんにちは。よろしくお願いします。早速ですけど、何か趣味ってありますか？"
        },
        {
            "speaker":"U",
            "time":"18.10.2020 01:21:57",
            "turn-index":1,
            "utterance":"インターネットをするのが趣味なんだ"
        },
        {
            "speaker":"S",
            "time":"18.10.2020 01:22:00",
            "turn-index":2,
            "utterance":"そうなんですね。私も好きです。どういうジャンルの本を読まれますか?"
        },
        {
            "speaker":"U",
            "time":"18.10.2020 01:22:46",
            "turn-index":3,
            "utterance":"漫画をよく読むよ"
        },
        {
            "speaker":"S",
            "time":"18.10.2020 01:22:49",
            "turn-index":4,
            "utterance":"漫画ですか。どんな漫画を読まれるんですか?"
        },
        {
            "speaker":"U",
            "time":"18.10.2020 01:23:18",
            "turn-index":5,
            "utterance":"とくに青年漫画かな"
        },
        {
            "speaker":"S",
            "time":"18.10.2020 01:23:21",
            "turn-index":6,
            "utterance":"へえ、どんな青年漫画ですか? 私は少年漫画をよく読みます。"
        },
        {
            "speaker":"U",
            "time":"18.10.2020 01:24:01",
            "turn-index":7,
            "utterance":"例えばヤングマガジン"
        },
        {
            "speaker":"S",
            "time":"18.10.2020 01:24:05",
            "turn-index":8,
            "utterance":"ヤングマガジンは少年漫画が多いんですか?"
        },
        {
            "speaker":"U",
            "time":"18.10.2020 01:24:41",
            "turn-index":9,
            "utterance":"少年漫画は少ないよ"
        },
        {
            "speaker":"S",
            "time":"18.10.2020 01:24:47",
            "turn-index":10,
            "utterance":"ヤングマガジンですね、チェックしてみます。"
        },
        {
            "speaker":"U",
            "time":"18.10.2020 01:25:49",
            "turn-index":11,
            "utterance":"インターネットの方が好きだけどね"
        },
        {
            "speaker":"S",
            "time":"18.10.2020 01:25:52",
            "turn-index":12,
            "utterance":"電子書籍ですか?単行本ですか? 紙の本は読まれないんですか?"
        },
        {
            "speaker":"U",
            "time":"18.10.2020 01:27:40",
            "turn-index":13,
            "utterance":"何か勘違いしてるようだからもういいわ。ところで恐竜は好きなの？"
        },
        {
            "speaker":"S",
            "time":"18.10.2020 01:27:44",
            "turn-index":14,
            "utterance":"はい、恐竜は好きですよ。 動物園は京都の伏見稲荷大社に行きました。"
        },
        {
            "speaker":"U",
            "time":"18.10.2020 01:28:45",
            "turn-index":15,
            "utterance":"京都の伏見稲荷大社は動物園ではないよ"
        },
        {
            "speaker":"S",
            "time":"18.10.2020 01:28:50",
            "turn-index":16,
            "utterance":"恐竜はテレビで見ただけです。 京都の伏見稲荷大社は水族館ですか?"
        },
        {
            "speaker":"U",
            "time":"18.10.2020 01:29:29",
            "turn-index":17,
            "utterance":"そうですか。 京都の伏見稲荷大社は神社ですよ"
        },
        {
            "speaker":"S",
            "time":"18.10.2020 01:29:34",
            "turn-index":18,
            "utterance":"京都の伏見稲荷大社には行ったことあります。"
        },
        {
            "speaker":"U",
            "time":"18.10.2020 01:29:51",
            "turn-index":19,
            "utterance":"わたしもあります。"
        },
        {
            "speaker":"S",
            "time":"18.10.2020 01:29:54",
            "turn-index":20,
            "utterance":"そうなんですね。 今度行ってみようと思います。 鳥羽水族館には行ったことありますか?"
        },
        {
            "speaker":"U",
            "time":"18.10.2020 01:30:20",
            "turn-index":21,
            "utterance":"行ったことないですよ"
        },
        {
            "speaker":"S",
            "time":"18.10.2020 01:30:24",
            "turn-index":22,
            "utterance":"鳥羽水族館はペンギンがいましたよ。"
        },
        {
            "speaker":"U",
            "time":"18.10.2020 01:30:42",
            "turn-index":23,
            "utterance":"それはすごいですね"
        },
        {
            "speaker":"S",
            "time":"18.10.2020 01:30:46",
            "turn-index":24,
            "utterance":"ぺんぎんかわいかったです。 シロイルカもいましたよ。"
        },
        {
            "speaker":"U",
            "time":"18.10.2020 01:31:23",
            "turn-index":25,
            "utterance":"私はイルカショーが好きです"
        },
        {
            "speaker":"S",
            "time":"18.10.2020 01:31:26",
            "turn-index":26,
            "utterance":"わたしもイルカショー好きです。 クラゲも綺麗でした。"
        },
        {
            "speaker":"U",
            "time":"18.10.2020 01:31:59",
            "turn-index":27,
            "utterance":"クラゲは美味しいですよね"
        },
        {
            "speaker":"S",
            "time":"18.10.2020 01:32:02",
            "turn-index":28,
            "utterance":"イルカショーも迫力ありますよね。 クラゲの透明感とかわいさはすごいです。あ、すみません。そろそろ時間ですね。今日はありがとうございました。"
        },
        {
            "speaker":"U",
            "time":"18.10.2020 01:32:31",
            "turn-index":29,
            "utterance":"そうですか。こちらこそありがとうございました。"
        },
        {
            "speaker":"S",
            "time":"18.10.2020 01:32:35",
            "turn-index":30,
            "utterance":"こちらこそありがとうございました。 楽しかったです。 またよろしくお願いします。"
        }
    ]
}