{
    "dialogue-id":"HBY_42",
    "group-id":"",
    "speaker-id":"hobbyist",
    "turns":[
        {
            "speaker":"S",
            "time":"17.10.2020 20:34:19",
            "turn-index":0,
            "utterance":"こんにちは。よろしくお願いします。早速ですけど、何か趣味ってありますか？"
        },
        {
            "speaker":"U",
            "time":"17.10.2020 20:34:51",
            "turn-index":1,
            "utterance":"投資が趣味で今はビットコインを集めるのことに夢中です。"
        },
        {
            "speaker":"S",
            "time":"17.10.2020 20:34:54",
            "turn-index":2,
            "utterance":"ビットコインって仮想通貨ですか?株みたいなものですか?"
        },
        {
            "speaker":"U",
            "time":"17.10.2020 20:35:30",
            "turn-index":3,
            "utterance":"そうですね。株とは違うかもしれません。いわば暗号資産です。"
        },
        {
            "speaker":"S",
            "time":"17.10.2020 20:35:35",
            "turn-index":4,
            "utterance":"なるほど。 どんな暗号通貨ですか?無知ですみません。"
        },
        {
            "speaker":"U",
            "time":"17.10.2020 20:36:24",
            "turn-index":5,
            "utterance":"暗号通貨（暗号資産）は主にビットコインが有名で、それ以外はイーサリアムやリップルなども有名ですね。"
        },
        {
            "speaker":"S",
            "time":"17.10.2020 20:36:27",
            "turn-index":6,
            "utterance":"イーサリアムとリップルって何が違うんですか?"
        },
        {
            "speaker":"U",
            "time":"17.10.2020 20:36:59",
            "turn-index":7,
            "utterance":"私も詳しくは知りませんが、これらはアルトコインと呼ばれていて暗号通貨の中ではかなり有名です。"
        },
        {
            "speaker":"S",
            "time":"17.10.2020 20:37:03",
            "turn-index":8,
            "utterance":"ふむふむ。 勉強になりました。 ありがとうございます。"
        },
        {
            "speaker":"U",
            "time":"17.10.2020 20:37:40",
            "turn-index":9,
            "utterance":"いえいえ、どういたしました。ビットコインは今後まだまだ伸びると思うので今のうちにコツコツ買い集めたいですね。"
        },
        {
            "speaker":"S",
            "time":"17.10.2020 20:37:44",
            "turn-index":10,
            "utterance":"なるほど。 ビットコインは日本円でいくらくらいですか?"
        },
        {
            "speaker":"U",
            "time":"17.10.2020 20:39:48",
            "turn-index":11,
            "utterance":"だいたい119万円ほどですね"
        },
        {
            "speaker":"S",
            "time":"17.10.2020 20:39:53",
            "turn-index":12,
            "utterance":"そんなに安いんですか?! びっくりです。。。"
        },
        {
            "speaker":"U",
            "time":"17.10.2020 20:40:07",
            "turn-index":13,
            "utterance":"結構高いと思うのですが。"
        },
        {
            "speaker":"S",
            "time":"17.10.2020 20:40:10",
            "turn-index":14,
            "utterance":"そうなんですね。 今度調べてみようと思います。 いろいろ教えてくださってありがとうございます。"
        },
        {
            "speaker":"U",
            "time":"17.10.2020 20:40:19",
            "turn-index":15,
            "utterance":"ところで半沢直樹って知っていますか？"
        },
        {
            "speaker":"S",
            "time":"17.10.2020 20:40:21",
            "turn-index":16,
            "utterance":"存じ上げないです。 どういう方ですか?"
        },
        {
            "speaker":"U",
            "time":"17.10.2020 20:40:41",
            "turn-index":17,
            "utterance":"かなり日本では視聴率が取れたドラマです。"
        },
        {
            "speaker":"S",
            "time":"17.10.2020 20:40:47",
            "turn-index":18,
            "utterance":"初めて聞きました。 日本のドラマなんですね。 どんな内容なんですか?"
        },
        {
            "speaker":"U",
            "time":"17.10.2020 20:41:31",
            "turn-index":19,
            "utterance":"銀行員の話で、半沢直樹が理不尽な敵をばっさりとねじ伏せる爽快ドラマです。"
        },
        {
            "speaker":"S",
            "time":"17.10.2020 20:41:35",
            "turn-index":20,
            "utterance":"へぇ、面白そうですね。 見てみようかな。"
        },
        {
            "speaker":"U",
            "time":"17.10.2020 20:41:52",
            "turn-index":21,
            "utterance":"ぜひ見てみてください。かなり面白いです。"
        },
        {
            "speaker":"S",
            "time":"17.10.2020 20:41:55",
            "turn-index":22,
            "utterance":"はい、チェックしてみます。 好きな俳優さんとかいますか?"
        },
        {
            "speaker":"U",
            "time":"17.10.2020 20:42:10",
            "turn-index":23,
            "utterance":"堺雅人さんが好きです"
        },
        {
            "speaker":"S",
            "time":"17.10.2020 20:42:15",
            "turn-index":24,
            "utterance":"私も堺雅人さん好きです。 かっこいいですよね。"
        },
        {
            "speaker":"U",
            "time":"17.10.2020 20:42:33",
            "turn-index":25,
            "utterance":"はい、イケメンで格好良いです"
        },
        {
            "speaker":"S",
            "time":"17.10.2020 20:42:36",
            "turn-index":26,
            "utterance":"私、花ざかりの君たちへで惚れました。"
        },
        {
            "speaker":"U",
            "time":"17.10.2020 20:42:57",
            "turn-index":27,
            "utterance":"私はそのドラマみていないです。半沢直樹で知りました。"
        },
        {
            "speaker":"S",
            "time":"17.10.2020 20:43:01",
            "turn-index":28,
            "utterance":"そうなんですね。 私も半沢直樹で堺雅人さん知りました。あ、すみません。そろそろ時間ですね。今日はありがとうございました。"
        },
        {
            "speaker":"U",
            "time":"17.10.2020 20:43:13",
            "turn-index":29,
            "utterance":"はい、こちらこそありがとうございました。"
        },
        {
            "speaker":"S",
            "time":"17.10.2020 20:43:19",
            "turn-index":30,
            "utterance":"では、また。ありがとうございました。 おやすみなさい。"
        }
    ]
}