{
    "dialogue-id":"HBY_08",
    "group-id":"",
    "speaker-id":"hobbyist",
    "turns":[
        {
            "speaker":"S",
            "time":"17.10.2020 20:55:45",
            "turn-index":0,
            "utterance":"こんにちは。よろしくお願いします。早速ですけど、何か趣味ってありますか？"
        },
        {
            "speaker":"U",
            "time":"17.10.2020 20:56:28",
            "turn-index":1,
            "utterance":"時効警察が面白くてテレビで見ています。"
        },
        {
            "speaker":"S",
            "time":"17.10.2020 20:56:31",
            "turn-index":2,
            "utterance":"時効警察、私も観てます!面白いですよね。 どんな時効警察を観てますか?"
        },
        {
            "speaker":"U",
            "time":"17.10.2020 20:57:34",
            "turn-index":3,
            "utterance":"シリーズの最初から見ていて、もう少しで次のシリーズに行けそうです"
        },
        {
            "speaker":"S",
            "time":"17.10.2020 20:57:38",
            "turn-index":4,
            "utterance":"そうなんですね。次のシリーズが待ち遠しいですね。"
        },
        {
            "speaker":"U",
            "time":"17.10.2020 20:58:50",
            "turn-index":5,
            "utterance":"トリックも面白いですが、登場人物ひとりひとりの個性も面白くてはまってしまいます"
        },
        {
            "speaker":"S",
            "time":"17.10.2020 20:58:54",
            "turn-index":6,
            "utterance":"そうですね。一人ひとりのキャラが立ってて面白いですよね。"
        },
        {
            "speaker":"U",
            "time":"17.10.2020 21:00:44",
            "turn-index":7,
            "utterance":"やっぱり主人公が面白いと思います"
        },
        {
            "speaker":"S",
            "time":"17.10.2020 21:00:49",
            "turn-index":8,
            "utterance":"登場人物が個性的だと見ごたえがありますよね。"
        },
        {
            "speaker":"U",
            "time":"17.10.2020 21:02:12",
            "turn-index":9,
            "utterance":"そうですね。見ていて飽きません。"
        },
        {
            "speaker":"S",
            "time":"17.10.2020 21:02:15",
            "turn-index":10,
            "utterance":"今期のドラマはなにかご覧になりましたか?"
        },
        {
            "speaker":"U",
            "time":"17.10.2020 21:03:03",
            "turn-index":11,
            "utterance":"どれも面白そうで、何を見ようか悩んでいます。"
        },
        {
            "speaker":"S",
            "time":"17.10.2020 21:03:07",
            "turn-index":12,
            "utterance":"今は、昼顔、貴族探偵、月9のリバースなどを見てます。"
        },
        {
            "speaker":"U",
            "time":"17.10.2020 21:04:23",
            "turn-index":13,
            "utterance":"どれも見ごたえがありそうですね。どれがおすすめですか？"
        },
        {
            "speaker":"S",
            "time":"17.10.2020 21:04:28",
            "turn-index":14,
            "utterance":"月9のリバースは面白いですよ。"
        },
        {
            "speaker":"U",
            "time":"17.10.2020 21:05:50",
            "turn-index":15,
            "utterance":"そうなんですね。ところで、今度厳島神社に行ってみたいなと思ってるんですが、何県でしたっけ？"
        },
        {
            "speaker":"S",
            "time":"17.10.2020 21:05:53",
            "turn-index":16,
            "utterance":"広島県です。牡蠣が美味しいですよ。"
        },
        {
            "speaker":"U",
            "time":"17.10.2020 21:07:24",
            "turn-index":17,
            "utterance":"厳島神社ってなんの神様がいるんでしたっけ？"
        },
        {
            "speaker":"S",
            "time":"17.10.2020 21:07:28",
            "turn-index":18,
            "utterance":"香川県です。厳島神社は宮島ですよ。"
        },
        {
            "speaker":"U",
            "time":"17.10.2020 21:09:27",
            "turn-index":19,
            "utterance":"宮島って広島県のどのあたりですか？"
        },
        {
            "speaker":"S",
            "time":"17.10.2020 21:09:37",
            "turn-index":20,
            "utterance":"宮島は広島県の県庁所在地です。"
        },
        {
            "speaker":"U",
            "time":"17.10.2020 21:10:51",
            "turn-index":21,
            "utterance":"厳島神社で何をお願いしようか悩んでいます"
        },
        {
            "speaker":"S",
            "time":"17.10.2020 21:10:55",
            "turn-index":22,
            "utterance":"宮島は原爆ドームのすぐ近くです。"
        },
        {
            "speaker":"U",
            "time":"17.10.2020 21:11:18",
            "turn-index":23,
            "utterance":"そうなんですか。初めて知りました。"
        },
        {
            "speaker":"S",
            "time":"17.10.2020 21:11:21",
            "turn-index":24,
            "utterance":"牡蠣と揚げもみじ饅頭ですかね。"
        },
        {
            "speaker":"U",
            "time":"17.10.2020 21:12:20",
            "turn-index":25,
            "utterance":"厳島神社に行った後に原爆ドームを見に行くのもいいですね"
        },
        {
            "speaker":"S",
            "time":"17.10.2020 21:12:24",
            "turn-index":26,
            "utterance":"カキは好き嫌いありますが、揚げもみじは絶品です。"
        },
        {
            "speaker":"U",
            "time":"17.10.2020 21:13:17",
            "turn-index":27,
            "utterance":"厳島神社はいつも混んでいそうですね"
        },
        {
            "speaker":"S",
            "time":"17.10.2020 21:13:21",
            "turn-index":28,
            "utterance":"もみじ饅頭、本当に美味しいですよ。あ、すみません。そろそろ時間ですね。今日はありがとうございました。"
        },
        {
            "speaker":"U",
            "time":"17.10.2020 21:13:37",
            "turn-index":29,
            "utterance":"こちらこそありがとうございました。"
        },
        {
            "speaker":"S",
            "time":"17.10.2020 21:13:42",
            "turn-index":30,
            "utterance":"いえいえ、こちらこそありがとうございました。 ではまた。"
        }
    ]
}