{
    "dialogue-id":"HBY_19",
    "group-id":"",
    "speaker-id":"hobbyist",
    "turns":[
        {
            "speaker":"S",
            "time":"17.10.2020 18:44:55",
            "turn-index":0,
            "utterance":"こんにちは。よろしくお願いします。早速ですけど、何か趣味ってありますか？"
        },
        {
            "speaker":"U",
            "time":"17.10.2020 18:45:06",
            "turn-index":1,
            "utterance":"将棋です"
        },
        {
            "speaker":"S",
            "time":"17.10.2020 18:45:09",
            "turn-index":2,
            "utterance":"いいですね。私は野球観戦です。好きな球団はありますか?"
        },
        {
            "speaker":"U",
            "time":"17.10.2020 18:46:27",
            "turn-index":3,
            "utterance":"野球はよくわからないな。将棋なら羽生善治さんが好きだよ"
        },
        {
            "speaker":"S",
            "time":"17.10.2020 18:46:31",
            "turn-index":4,
            "utterance":"そうなんですね。羽生さんかっこいいですよね。よくテレビに出ているのを見てます。"
        },
        {
            "speaker":"U",
            "time":"17.10.2020 18:47:05",
            "turn-index":5,
            "utterance":"前人未踏のタイトル100期に向けて頑張ってますよね"
        },
        {
            "speaker":"S",
            "time":"17.10.2020 18:47:08",
            "turn-index":6,
            "utterance":"はい。100期目指してがんばってほしいです。 前人未到のタイトル100期ってかっこいいですね。"
        },
        {
            "speaker":"U",
            "time":"17.10.2020 18:47:30",
            "turn-index":7,
            "utterance":"尊敬してます"
        },
        {
            "speaker":"S",
            "time":"17.10.2020 18:47:34",
            "turn-index":8,
            "utterance":"ほんとですね。100期なんて夢のまた夢ですが。"
        },
        {
            "speaker":"U",
            "time":"17.10.2020 18:48:39",
            "turn-index":9,
            "utterance":"ベテランですが若い子に負けず頑張ってほしいです"
        },
        {
            "speaker":"S",
            "time":"17.10.2020 18:48:42",
            "turn-index":10,
            "utterance":"そうですね。若い選手には頑張ってほしいです。 注目している選手はいますか?"
        },
        {
            "speaker":"U",
            "time":"17.10.2020 18:49:29",
            "turn-index":11,
            "utterance":"野球だと現役引退しているけどイチローさんかな"
        },
        {
            "speaker":"S",
            "time":"17.10.2020 18:49:35",
            "turn-index":12,
            "utterance":"イチローですか。 イチローは去年優勝しましたね。"
        },
        {
            "speaker":"U",
            "time":"17.10.2020 18:49:59",
            "turn-index":13,
            "utterance":"なにか優勝してましたか"
        },
        {
            "speaker":"S",
            "time":"17.10.2020 18:50:03",
            "turn-index":14,
            "utterance":"一塁での走塁が素晴らしかったです。"
        },
        {
            "speaker":"U",
            "time":"17.10.2020 18:50:20",
            "turn-index":15,
            "utterance":"あの走塁はすごいよね"
        },
        {
            "speaker":"S",
            "time":"17.10.2020 18:50:24",
            "turn-index":16,
            "utterance":"はい。 メジャーリーガーに勝るとも劣らない走りでした。"
        },
        {
            "speaker":"U",
            "time":"17.10.2020 18:50:32",
            "turn-index":17,
            "utterance":"一流ですね"
        },
        {
            "speaker":"S",
            "time":"17.10.2020 18:50:34",
            "turn-index":18,
            "utterance":"生で見ると迫力もすごかったです。 早く次の試合が見たいです。"
        },
        {
            "speaker":"U",
            "time":"17.10.2020 18:50:50",
            "turn-index":19,
            "utterance":"生で見たんですか"
        },
        {
            "speaker":"S",
            "time":"17.10.2020 18:50:52",
            "turn-index":20,
            "utterance":"生で見ました。 すごい迫力でした。"
        },
        {
            "speaker":"U",
            "time":"17.10.2020 18:51:02",
            "turn-index":21,
            "utterance":"詳しく教えてほしいな"
        },
        {
            "speaker":"S",
            "time":"17.10.2020 18:51:05",
            "turn-index":22,
            "utterance":"高校野球の試合で甲子園に見に行きました。"
        },
        {
            "speaker":"U",
            "time":"17.10.2020 18:51:17",
            "turn-index":23,
            "utterance":"甲子園ですか"
        },
        {
            "speaker":"S",
            "time":"17.10.2020 18:51:23",
            "turn-index":24,
            "utterance":"そうです。 甲子園です。 高校野球は好きですか?"
        },
        {
            "speaker":"U",
            "time":"17.10.2020 18:51:28",
            "turn-index":25,
            "utterance":"好きですよ"
        },
        {
            "speaker":"S",
            "time":"17.10.2020 18:51:31",
            "turn-index":26,
            "utterance":"高校野球はどのチームのファンですか? 阪神ですか?"
        },
        {
            "speaker":"U",
            "time":"17.10.2020 18:51:46",
            "turn-index":27,
            "utterance":"面白いこと言いますね"
        },
        {
            "speaker":"S",
            "time":"17.10.2020 18:51:50",
            "turn-index":28,
            "utterance":"関西人ですから  甲子園球場は行ったことありますか?あ、すみません。そろそろ時間ですね。今日はありがとうございました。"
        },
        {
            "speaker":"U",
            "time":"17.10.2020 18:52:00",
            "turn-index":29,
            "utterance":"ありがとうございました"
        },
        {
            "speaker":"S",
            "time":"17.10.2020 18:52:03",
            "turn-index":30,
            "utterance":"いえいえ、こちらこそありがとうございました。ではまた。明日も楽しんでください。"
        }
    ]
}