{
    "dialogue-id":"HBY_52",
    "group-id":"",
    "speaker-id":"hobbyist",
    "turns":[
        {
            "speaker":"S",
            "time":"17.10.2020 21:17:17",
            "turn-index":0,
            "utterance":"こんにちは。よろしくお願いします。早速ですけど、何か趣味ってありますか？"
        },
        {
            "speaker":"U",
            "time":"17.10.2020 21:18:04",
            "turn-index":1,
            "utterance":"動物鑑賞ですかね"
        },
        {
            "speaker":"S",
            "time":"17.10.2020 21:18:11",
            "turn-index":2,
            "utterance":"動物ですか! どんな動物がお好きですか?"
        },
        {
            "speaker":"U",
            "time":"17.10.2020 21:18:44",
            "turn-index":3,
            "utterance":"大空を自由に飛べる鳥ですね"
        },
        {
            "speaker":"S",
            "time":"17.10.2020 21:18:47",
            "turn-index":4,
            "utterance":"大空を自由に飛べる鳥ですか!すごいですね!"
        },
        {
            "speaker":"U",
            "time":"17.10.2020 21:19:13",
            "turn-index":5,
            "utterance":"あなたの好きな動物は何ですか？"
        },
        {
            "speaker":"S",
            "time":"17.10.2020 21:19:17",
            "turn-index":6,
            "utterance":"空を飛べるってすごいですよね! うちはインコ飼ってます!"
        },
        {
            "speaker":"U",
            "time":"17.10.2020 21:20:05",
            "turn-index":7,
            "utterance":"羨ましい。私はクワガタくらいしか飼ったことないです"
        },
        {
            "speaker":"S",
            "time":"17.10.2020 21:20:09",
            "turn-index":8,
            "utterance":"そうなんですか!クワガタもかわいいですよね!"
        },
        {
            "speaker":"U",
            "time":"17.10.2020 21:20:47",
            "turn-index":9,
            "utterance":"一般的な犬や猫も好きですけどね"
        },
        {
            "speaker":"S",
            "time":"17.10.2020 21:20:50",
            "turn-index":10,
            "utterance":"そうなんですね! 私も猫も犬も好きです!"
        },
        {
            "speaker":"U",
            "time":"17.10.2020 21:21:35",
            "turn-index":11,
            "utterance":"動物はとにかく飼うのが大変なんで、もっぱら見る専門です"
        },
        {
            "speaker":"S",
            "time":"17.10.2020 21:21:39",
            "turn-index":12,
            "utterance":"私も見る専門です  飼うのは難しそうです"
        },
        {
            "speaker":"U",
            "time":"17.10.2020 21:22:05",
            "turn-index":13,
            "utterance":"ところで、今何かバイトしてます？"
        },
        {
            "speaker":"S",
            "time":"17.10.2020 21:22:08",
            "turn-index":14,
            "utterance":"そうなんですね! ハムスターは昔飼ってました! 今は飲食でバイトしてます"
        },
        {
            "speaker":"U",
            "time":"17.10.2020 21:22:49",
            "turn-index":15,
            "utterance":"私はつい最近、コンビニエンスストアでバイトを始めました"
        },
        {
            "speaker":"S",
            "time":"17.10.2020 21:22:52",
            "turn-index":16,
            "utterance":"コンビニエンスストアですか! 覚えること多そうですね"
        },
        {
            "speaker":"U",
            "time":"17.10.2020 21:23:14",
            "turn-index":17,
            "utterance":"そうなんですよ。覚えるだけでいっぱいいっぱいです"
        },
        {
            "speaker":"S",
            "time":"17.10.2020 21:23:20",
            "turn-index":18,
            "utterance":"覚えること多いと大変ですよね... でもやりがいありそうですね"
        },
        {
            "speaker":"U",
            "time":"17.10.2020 21:23:39",
            "turn-index":19,
            "utterance":"おでん作ったりするのが楽しいです"
        },
        {
            "speaker":"S",
            "time":"17.10.2020 21:23:42",
            "turn-index":20,
            "utterance":"おでんいいですね! 暑い日に食べるおでんは格別ですよね"
        },
        {
            "speaker":"U",
            "time":"17.10.2020 21:24:58",
            "turn-index":21,
            "utterance":"作っているとつまみぐいしたくなります"
        },
        {
            "speaker":"S",
            "time":"17.10.2020 21:25:01",
            "turn-index":22,
            "utterance":"おでんの具は何が好きですか? うちは卵と牛すじとこんにゃくです"
        },
        {
            "speaker":"U",
            "time":"17.10.2020 21:26:27",
            "turn-index":23,
            "utterance":"私はダイコンとハンペンです。コンビニのバイトは賞味期限の切れた弁当をただで食べられるのがいいです。"
        },
        {
            "speaker":"S",
            "time":"17.10.2020 21:26:32",
            "turn-index":24,
            "utterance":"ハンペンって食べたことないんですけど、おいしいんですか?"
        },
        {
            "speaker":"U",
            "time":"17.10.2020 21:27:05",
            "turn-index":25,
            "utterance":"とろけるような食感がたまらないです"
        },
        {
            "speaker":"S",
            "time":"17.10.2020 21:27:09",
            "turn-index":26,
            "utterance":"おでんは大根、はんぺん、たまごが王道ですね"
        },
        {
            "speaker":"U",
            "time":"17.10.2020 21:27:54",
            "turn-index":27,
            "utterance":"夜のコンビニはお客があまりいないので、休憩時間がけっこう多くなりやすいです"
        },
        {
            "speaker":"S",
            "time":"17.10.2020 21:27:57",
            "turn-index":28,
            "utterance":"たしかに夜中はお客さん少ないですよね 休憩多いのはいいですねあ、すみません。そろそろ時間ですね。今日はありがとうございました。"
        },
        {
            "speaker":"U",
            "time":"17.10.2020 21:28:23",
            "turn-index":29,
            "utterance":"こちらこそ楽しい時間を過ごせました"
        },
        {
            "speaker":"S",
            "time":"17.10.2020 21:28:25",
            "turn-index":30,
            "utterance":"こちらこそ、楽しかったです。 ではまた。"
        }
    ]
}