{
    "dialogue-id":"HBY_04",
    "group-id":"",
    "speaker-id":"hobbyist",
    "turns":[
        {
            "speaker":"S",
            "time":"17.10.2020 20:38:20",
            "turn-index":0,
            "utterance":"こんにちは。よろしくお願いします。早速ですけど、何か趣味ってありますか？"
        },
        {
            "speaker":"U",
            "time":"17.10.2020 20:39:20",
            "turn-index":1,
            "utterance":"宝塚歌劇団が好きです。"
        },
        {
            "speaker":"S",
            "time":"17.10.2020 20:39:23",
            "turn-index":2,
            "utterance":"私も宝塚歌劇団好きです!最近はご贔屓様はどなたですか?"
        },
        {
            "speaker":"U",
            "time":"17.10.2020 20:41:25",
            "turn-index":3,
            "utterance":"星風まどかさんです"
        },
        {
            "speaker":"S",
            "time":"17.10.2020 20:41:29",
            "turn-index":4,
            "utterance":"そうなんですね!まどかさん、かっこいいですよね!"
        },
        {
            "speaker":"U",
            "time":"17.10.2020 20:41:44",
            "turn-index":5,
            "utterance":"美しくかっこいいです"
        },
        {
            "speaker":"S",
            "time":"17.10.2020 20:41:48",
            "turn-index":6,
            "utterance":"星風さん、歌もダンスもお上手ですよね!"
        },
        {
            "speaker":"U",
            "time":"17.10.2020 20:41:54",
            "turn-index":7,
            "utterance":"はい"
        },
        {
            "speaker":"S",
            "time":"17.10.2020 20:41:58",
            "turn-index":8,
            "utterance":"まどかさんみたいなお顔になりたいものです"
        },
        {
            "speaker":"U",
            "time":"17.10.2020 20:42:19",
            "turn-index":9,
            "utterance":"かわいくなりたいです。"
        },
        {
            "speaker":"S",
            "time":"17.10.2020 20:42:23",
            "turn-index":10,
            "utterance":"まどかさんはどんなメイクが好きですか?"
        },
        {
            "speaker":"U",
            "time":"17.10.2020 20:42:58",
            "turn-index":11,
            "utterance":"メイクはわかりませんが、スヌーピーがお好きだそうです。"
        },
        {
            "speaker":"S",
            "time":"17.10.2020 20:43:04",
            "turn-index":12,
            "utterance":"そうなんですね! 私もスヌーピー好きです!"
        },
        {
            "speaker":"U",
            "time":"17.10.2020 20:43:28",
            "turn-index":13,
            "utterance":"私も大好きです。"
        },
        {
            "speaker":"S",
            "time":"17.10.2020 20:43:39",
            "turn-index":14,
            "utterance":"スヌーピーかわいいですよね! どのシリーズが好きですか?"
        },
        {
            "speaker":"U",
            "time":"17.10.2020 20:44:21",
            "turn-index":15,
            "utterance":"あまり詳しくないのでわかりませんが、見た目がとても好きです。"
        },
        {
            "speaker":"S",
            "time":"17.10.2020 20:44:29",
            "turn-index":16,
            "utterance":"わかります! あのつぶらな瞳がかわいいですよね!"
        },
        {
            "speaker":"U",
            "time":"17.10.2020 20:44:46",
            "turn-index":17,
            "utterance":"はい、とても癒されます。"
        },
        {
            "speaker":"S",
            "time":"17.10.2020 20:44:49",
            "turn-index":18,
            "utterance":"私もそんなに詳しくはないのですが、あのつぶらな瞳に吸い込まれます"
        },
        {
            "speaker":"U",
            "time":"17.10.2020 20:45:49",
            "turn-index":19,
            "utterance":"スヌーピーグッズをついつい買ってしまいます。"
        },
        {
            "speaker":"S",
            "time":"17.10.2020 20:45:53",
            "turn-index":20,
            "utterance":"わかります! すぬーぴーグッズってついつい買ってしまいますよね"
        },
        {
            "speaker":"U",
            "time":"17.10.2020 20:46:12",
            "turn-index":21,
            "utterance":"持っていると幸せです。"
        },
        {
            "speaker":"S",
            "time":"17.10.2020 20:46:16",
            "turn-index":22,
            "utterance":"見てるだけでも癒されますもんね。 好きなキャラクターとかいますか?"
        },
        {
            "speaker":"U",
            "time":"17.10.2020 20:46:50",
            "turn-index":23,
            "utterance":"はい、すっみこぐらしも好きです。"
        },
        {
            "speaker":"S",
            "time":"17.10.2020 20:46:56",
            "turn-index":24,
            "utterance":"私もすっみこぐらし好きです! ぬいぐるみ持ってます"
        },
        {
            "speaker":"U",
            "time":"17.10.2020 20:47:22",
            "turn-index":25,
            "utterance":"私は置物を持っています。"
        },
        {
            "speaker":"S",
            "time":"17.10.2020 20:47:30",
            "turn-index":26,
            "utterance":"すっみこぐらしもかわいいですよね。 どんな置物ですか?"
        },
        {
            "speaker":"U",
            "time":"17.10.2020 20:47:57",
            "turn-index":27,
            "utterance":"手のひらサイズで、ピカピカ光ります。"
        },
        {
            "speaker":"S",
            "time":"17.10.2020 20:48:00",
            "turn-index":28,
            "utterance":"ピカピカ光るんですね! 結構大きいんですか?あ、すみません。そろそろ時間ですね。今日はありがとうございました。"
        },
        {
            "speaker":"U",
            "time":"17.10.2020 20:48:31",
            "turn-index":29,
            "utterance":"ありがとうございました"
        },
        {
            "speaker":"S",
            "time":"17.10.2020 20:48:33",
            "turn-index":30,
            "utterance":"こちらこそありがとうございました。 お話できて楽しかったです。"
        }
    ]
}