{
    "dialogue-id":"HBY_41",
    "group-id":"",
    "speaker-id":"hobbyist",
    "turns":[
        {
            "speaker":"S",
            "time":"17.10.2020 20:53:08",
            "turn-index":0,
            "utterance":"こんにちは。よろしくお願いします。早速ですけど、何か趣味ってありますか？"
        },
        {
            "speaker":"U",
            "time":"17.10.2020 20:54:04",
            "turn-index":1,
            "utterance":"こんにちは。こちらこそよろしくお願いします。私の趣味の一つは将棋です。"
        },
        {
            "speaker":"S",
            "time":"17.10.2020 20:54:08",
            "turn-index":2,
            "utterance":"将棋ですか! かっこいいですね! どういった対局がお好きなんですか?"
        },
        {
            "speaker":"U",
            "time":"17.10.2020 20:55:08",
            "turn-index":3,
            "utterance":"トップのプロ棋士同氏のレベルの高い対局が好きですね。棋士では羽生善治さんが好きです。"
        },
        {
            "speaker":"S",
            "time":"17.10.2020 20:55:12",
            "turn-index":4,
            "utterance":"羽生善治さんですか。私も羽生さんは好きですよ。"
        },
        {
            "speaker":"U",
            "time":"17.10.2020 20:57:00",
            "turn-index":5,
            "utterance":"それは嬉しいです。10代の若い頃からずっとトップ棋士なので憧れています。"
        },
        {
            "speaker":"S",
            "time":"17.10.2020 20:57:04",
            "turn-index":6,
            "utterance":"そうなんですか! すごいですね! 対局会などは行かれるんですか?"
        },
        {
            "speaker":"U",
            "time":"17.10.2020 20:57:45",
            "turn-index":7,
            "utterance":"昔は行っていたんですが、最近は忙しいのでなかなかいけません。あなたは対局会に行かれますか？"
        },
        {
            "speaker":"S",
            "time":"17.10.2020 20:57:50",
            "turn-index":8,
            "utterance":"そうなんですね。 いえ、対局会には行ったことがないです。"
        },
        {
            "speaker":"U",
            "time":"17.10.2020 20:58:42",
            "turn-index":9,
            "utterance":"最近では自分が対局するのではなくプロ棋士の将棋観戦を楽しんでます。"
        },
        {
            "speaker":"S",
            "time":"17.10.2020 20:58:46",
            "turn-index":10,
            "utterance":"そうなんですね! プロ棋士の将棋観戦も楽しいですよね!"
        },
        {
            "speaker":"U",
            "time":"17.10.2020 21:00:43",
            "turn-index":11,
            "utterance":"そうですね。機会があればまた自分でも対局したいとは思ってます。"
        },
        {
            "speaker":"S",
            "time":"17.10.2020 21:00:46",
            "turn-index":12,
            "utterance":"なるほど! そうですね、また対局したいですね!"
        },
        {
            "speaker":"U",
            "time":"17.10.2020 21:01:45",
            "turn-index":13,
            "utterance":"はい。ところで私は将棋の他に戦国時代を題材にした小説を読むのも趣味なんです。"
        },
        {
            "speaker":"S",
            "time":"17.10.2020 21:01:48",
            "turn-index":14,
            "utterance":"そうなんですね! 戦国時代を題材にした小説ってどんなのですか?"
        },
        {
            "speaker":"U",
            "time":"17.10.2020 21:03:44",
            "turn-index":15,
            "utterance":"例えば津本陽さんが書いた「独眼竜政宗」なんか最高に面白いです。伊達政宗が主人公の小説です。"
        },
        {
            "speaker":"S",
            "time":"17.10.2020 21:03:50",
            "turn-index":16,
            "utterance":"独眼竜政宗、初めて聞きました! 伊達政宗が主人公なんですね! 面白そうですね!"
        },
        {
            "speaker":"U",
            "time":"17.10.2020 21:04:52",
            "turn-index":17,
            "utterance":"面白いですよ。伊達政宗の生き様が生き生きと描かれています。"
        },
        {
            "speaker":"S",
            "time":"17.10.2020 21:04:58",
            "turn-index":18,
            "utterance":"独眼竜政宗、題名からして面白そうですね! 伊達政宗の生き様ってすごいかっこいいですね!"
        },
        {
            "speaker":"U",
            "time":"17.10.2020 21:06:25",
            "turn-index":19,
            "utterance":"はい。この本を読んで伊達政宗が好きになりました。他にも織田信長や徳川家康を主人公にした小説をかなり読んでいます。"
        },
        {
            "speaker":"S",
            "time":"17.10.2020 21:06:31",
            "turn-index":20,
            "utterance":"そうなんですか! 私も読んでみたいです! 他に好きな作家さんとかいらっしゃいますか?"
        },
        {
            "speaker":"U",
            "time":"17.10.2020 21:07:29",
            "turn-index":21,
            "utterance":"歴史小説を書く人なら池波正太郎さんや藤木桂さんが好きですね。"
        },
        {
            "speaker":"S",
            "time":"17.10.2020 21:07:37",
            "turn-index":22,
            "utterance":"池波正太郎さん、私も好きです! 藤木桂さんってどなたですか?"
        },
        {
            "speaker":"U",
            "time":"17.10.2020 21:08:42",
            "turn-index":23,
            "utterance":"昔はテレビドラマの脚本を書いていたんですが、最近は時代小説を書いている人です。"
        },
        {
            "speaker":"S",
            "time":"17.10.2020 21:08:47",
            "turn-index":24,
            "utterance":"池波正太郎さんは聞いたことがあります! 藤木桂さんは初めて聞きました! 時代小説を書く人なんですね!"
        },
        {
            "speaker":"U",
            "time":"17.10.2020 21:09:29",
            "turn-index":25,
            "utterance":"そうです。あなたは歴史を題材にした小説は読みますか？"
        },
        {
            "speaker":"S",
            "time":"17.10.2020 21:09:42",
            "turn-index":26,
            "utterance":"いえ、読んだことないです。 どんなジャンルですか?"
        },
        {
            "speaker":"U",
            "time":"17.10.2020 21:10:15",
            "turn-index":27,
            "utterance":"いわゆる時代小説と呼ばれるジャンルですね。"
        },
        {
            "speaker":"S",
            "time":"17.10.2020 21:10:19",
            "turn-index":28,
            "utterance":"私はミステリーとか推理小説をよく読みます。 そうなんですね!あ、すみません。そろそろ時間ですね。今日はありがとうございました。"
        },
        {
            "speaker":"U",
            "time":"17.10.2020 21:10:39",
            "turn-index":29,
            "utterance":"こちらこそありがとうございました。"
        },
        {
            "speaker":"S",
            "time":"17.10.2020 21:10:43",
            "turn-index":30,
            "utterance":"いえいえ、こちらこそありがとうございました。 楽しかったです。"
        }
    ]
}