{
    "dialogue-id":"HBY_24",
    "group-id":"",
    "speaker-id":"hobbyist",
    "turns":[
        {
            "speaker":"S",
            "time":"18.10.2020 13:33:53",
            "turn-index":0,
            "utterance":"こんにちは。よろしくお願いします。早速ですけど、何か趣味ってありますか？"
        },
        {
            "speaker":"U",
            "time":"18.10.2020 13:34:02",
            "turn-index":1,
            "utterance":"将棋です"
        },
        {
            "speaker":"S",
            "time":"18.10.2020 13:34:05",
            "turn-index":2,
            "utterance":"将棋ですか。面白いですよね。私の趣味は野球観戦と釣りです。"
        },
        {
            "speaker":"U",
            "time":"18.10.2020 13:34:59",
            "turn-index":3,
            "utterance":"それはいいですね。羽生善治さんは知ってますか"
        },
        {
            "speaker":"S",
            "time":"18.10.2020 13:35:03",
            "turn-index":4,
            "utterance":"いえ、存じ上げないです。どんな方ですか?"
        },
        {
            "speaker":"U",
            "time":"18.10.2020 13:35:21",
            "turn-index":5,
            "utterance":"将棋の強い人です"
        },
        {
            "speaker":"S",
            "time":"18.10.2020 13:35:25",
            "turn-index":6,
            "utterance":"あ、存じ上げてます。この前もnhk杯出てましたよね。"
        },
        {
            "speaker":"U",
            "time":"18.10.2020 13:35:52",
            "turn-index":7,
            "utterance":"よく知ってますね。どうでしたか"
        },
        {
            "speaker":"S",
            "time":"18.10.2020 13:35:55",
            "turn-index":8,
            "utterance":"優勝されましたね。2回戦で負けてしまいましたが。"
        },
        {
            "speaker":"U",
            "time":"18.10.2020 13:36:22",
            "turn-index":9,
            "utterance":"2回戦で負けたのに優勝したんですか"
        },
        {
            "speaker":"S",
            "time":"18.10.2020 13:36:26",
            "turn-index":10,
            "utterance":"あ、すみません。1回戦です。1勝2敗でした。"
        },
        {
            "speaker":"U",
            "time":"18.10.2020 13:36:42",
            "turn-index":11,
            "utterance":"優勝したのではないのですか"
        },
        {
            "speaker":"S",
            "time":"18.10.2020 13:36:46",
            "turn-index":12,
            "utterance":"1回戦は負けましたが、2回戦で勝ちました。"
        },
        {
            "speaker":"U",
            "time":"18.10.2020 13:37:26",
            "turn-index":13,
            "utterance":"桑田佳祐って知ってますか"
        },
        {
            "speaker":"S",
            "time":"18.10.2020 13:37:30",
            "turn-index":14,
            "utterance":"知らないです。2回戦の相手ですか?"
        },
        {
            "speaker":"U",
            "time":"18.10.2020 13:37:50",
            "turn-index":15,
            "utterance":"ごめんなさい。音楽のアーティストです"
        },
        {
            "speaker":"S",
            "time":"18.10.2020 13:37:53",
            "turn-index":16,
            "utterance":"すいません、知らないです。 音楽のアーティストなんですね。"
        },
        {
            "speaker":"U",
            "time":"18.10.2020 13:38:03",
            "turn-index":17,
            "utterance":"音楽は興味ないですか"
        },
        {
            "speaker":"S",
            "time":"18.10.2020 13:38:07",
            "turn-index":18,
            "utterance":"あまり聴かないですね。 アニソンとかj-popが多いです。"
        },
        {
            "speaker":"U",
            "time":"18.10.2020 13:38:22",
            "turn-index":19,
            "utterance":"アニソンは誰が好きですか"
        },
        {
            "speaker":"S",
            "time":"18.10.2020 13:38:30",
            "turn-index":20,
            "utterance":"aikoとか宇多田ヒカルとかですね。"
        },
        {
            "speaker":"U",
            "time":"18.10.2020 13:38:39",
            "turn-index":21,
            "utterance":"私も好きですよ"
        },
        {
            "speaker":"S",
            "time":"18.10.2020 13:38:42",
            "turn-index":22,
            "utterance":"そうなんですね。 最近はどんなのを聴かれますか?"
        },
        {
            "speaker":"U",
            "time":"18.10.2020 13:39:15",
            "turn-index":23,
            "utterance":"きめつのやいば"
        },
        {
            "speaker":"S",
            "time":"18.10.2020 13:39:19",
            "turn-index":24,
            "utterance":"懐かしいですね。 古いですが、雨のち晴レルヤとか好きですね。"
        },
        {
            "speaker":"U",
            "time":"18.10.2020 13:39:34",
            "turn-index":25,
            "utterance":"よく知ってますね"
        },
        {
            "speaker":"S",
            "time":"18.10.2020 13:39:37",
            "turn-index":26,
            "utterance":"雨のち晴レルヤ、youtubeにmvがあるのでよく観てます。"
        },
        {
            "speaker":"U",
            "time":"18.10.2020 13:39:49",
            "turn-index":27,
            "utterance":"今度観てみよう"
        },
        {
            "speaker":"S",
            "time":"18.10.2020 13:39:53",
            "turn-index":28,
            "utterance":"雨のち晴レルヤ、めちゃくちゃいい曲です。あ、すみません。そろそろ時間ですね。今日はありがとうございました。"
        },
        {
            "speaker":"U",
            "time":"18.10.2020 13:40:04",
            "turn-index":29,
            "utterance":"こちらこそ、ありがとう"
        },
        {
            "speaker":"S",
            "time":"18.10.2020 13:40:08",
            "turn-index":30,
            "utterance":"はい、ぜひ。 ではまた。。。"
        }
    ]
}