{
    "dialogue-id":"HBY_06",
    "group-id":"",
    "speaker-id":"hobbyist",
    "turns":[
        {
            "speaker":"S",
            "time":"17.10.2020 21:46:00",
            "turn-index":0,
            "utterance":"こんにちは。よろしくお願いします。早速ですけど、何か趣味ってありますか？"
        },
        {
            "speaker":"U",
            "time":"17.10.2020 21:49:54",
            "turn-index":1,
            "utterance":"最近、スヌーピーのグッツを集めています。"
        },
        {
            "speaker":"S",
            "time":"17.10.2020 21:49:57",
            "turn-index":2,
            "utterance":"かわいいですね!スヌーピー好きなんですか?"
        },
        {
            "speaker":"U",
            "time":"17.10.2020 21:50:19",
            "turn-index":3,
            "utterance":"好きです。ビーグルが好きなので。"
        },
        {
            "speaker":"S",
            "time":"17.10.2020 21:50:23",
            "turn-index":4,
            "utterance":"そうなんですね!スヌーピーのグッズってかわいいですよね! 私もビーグル好きです!"
        },
        {
            "speaker":"U",
            "time":"17.10.2020 21:50:44",
            "turn-index":5,
            "utterance":"この前は人形を買いました。"
        },
        {
            "speaker":"S",
            "time":"17.10.2020 21:50:47",
            "turn-index":6,
            "utterance":"人形もかわいいですよね!スヌーピーカフェとか行ったことありますか?"
        },
        {
            "speaker":"U",
            "time":"17.10.2020 21:50:59",
            "turn-index":7,
            "utterance":"どこにあるんですか。"
        },
        {
            "speaker":"S",
            "time":"17.10.2020 21:51:02",
            "turn-index":8,
            "utterance":"東京と大阪にありますよ!渋谷と原宿にもありました!"
        },
        {
            "speaker":"U",
            "time":"17.10.2020 21:51:53",
            "turn-index":9,
            "utterance":"まだ行ったことないです、ところで、芦田愛菜ちゃんが大河にでるらしいでですね。"
        },
        {
            "speaker":"S",
            "time":"17.10.2020 21:51:58",
            "turn-index":10,
            "utterance":"原宿の竹下通りのあたりです!"
        },
        {
            "speaker":"U",
            "time":"17.10.2020 21:52:40",
            "turn-index":11,
            "utterance":"芦田愛菜ちゃん知ってますか？"
        },
        {
            "speaker":"S",
            "time":"17.10.2020 21:52:43",
            "turn-index":12,
            "utterance":"芦田愛菜ちゃん知らないです。どんな子ですか?"
        },
        {
            "speaker":"U",
            "time":"17.10.2020 21:53:02",
            "turn-index":13,
            "utterance":"子役出身の女優さんです。"
        },
        {
            "speaker":"S",
            "time":"17.10.2020 21:53:06",
            "turn-index":14,
            "utterance":"芦田愛菜ちゃんって子役の子なんですね!"
        },
        {
            "speaker":"U",
            "time":"17.10.2020 21:55:25",
            "turn-index":15,
            "utterance":"とても偏差値の高い高校に行っているそうです。"
        },
        {
            "speaker":"S",
            "time":"17.10.2020 21:55:28",
            "turn-index":16,
            "utterance":"へぇ!そうなんですね! ドラマとか出てるんですか?"
        },
        {
            "speaker":"U",
            "time":"17.10.2020 21:56:16",
            "turn-index":17,
            "utterance":"ドラマは最近は見ないですが、東京ガスのCMに出てますね。"
        },
        {
            "speaker":"S",
            "time":"17.10.2020 21:56:19",
            "turn-index":18,
            "utterance":"へぇー! 東京ガスのcmに出てたんですね!"
        },
        {
            "speaker":"U",
            "time":"17.10.2020 21:56:47",
            "turn-index":19,
            "utterance":"かわいくて、頭がいいなんてすごいですよね。"
        },
        {
            "speaker":"S",
            "time":"17.10.2020 21:56:51",
            "turn-index":20,
            "utterance":"そうなんですか! 東京ガスのcm見たことないんですけど、面白いですか?"
        },
        {
            "speaker":"U",
            "time":"17.10.2020 21:57:18",
            "turn-index":21,
            "utterance":"cmは別に面白くないですね。"
        },
        {
            "speaker":"S",
            "time":"17.10.2020 21:57:22",
            "turn-index":22,
            "utterance":"かわいくて頭いいって、天は二物を与えずじゃないんですね  cmってどれも同じに感じちゃいますよね。"
        },
        {
            "speaker":"U",
            "time":"17.10.2020 21:58:00",
            "turn-index":23,
            "utterance":"芦田愛菜ちゃんが出ているのでそのcmは印象に残りますね。"
        },
        {
            "speaker":"S",
            "time":"17.10.2020 21:58:03",
            "turn-index":24,
            "utterance":"そうなんですね。 あしだまなちゃんって芦田愛菜ちゃんと同じ高校だったんですか?"
        },
        {
            "speaker":"U",
            "time":"17.10.2020 21:59:48",
            "turn-index":25,
            "utterance":"あしだまなちゃんって誰ですか？"
        },
        {
            "speaker":"S",
            "time":"17.10.2020 21:59:52",
            "turn-index":26,
            "utterance":"大食いの子です。あしだまなちゃん"
        },
        {
            "speaker":"U",
            "time":"17.10.2020 22:00:12",
            "turn-index":27,
            "utterance":"初めて聞きました。"
        },
        {
            "speaker":"S",
            "time":"17.10.2020 22:00:16",
            "turn-index":28,
            "utterance":"あしだまなちゃんは福原愛ちゃんです。 好きな芸能人とかいますか?あ、すみません。そろそろ時間ですね。今日はありがとうございました。"
        },
        {
            "speaker":"U",
            "time":"17.10.2020 22:00:36",
            "turn-index":29,
            "utterance":"なるほど？ありがとうございます。"
        },
        {
            "speaker":"S",
            "time":"17.10.2020 22:00:40",
            "turn-index":30,
            "utterance":"いえいえ、こちらこそありがとうございました。 おやすみなさい。"
        }
    ]
}