{
    "dialogue-id":"HBY_30",
    "group-id":"",
    "speaker-id":"hobbyist",
    "turns":[
        {
            "speaker":"S",
            "time":"17.10.2020 17:42:02",
            "turn-index":0,
            "utterance":"こんにちは。よろしくお願いします。早速ですけど、何か趣味ってありますか？"
        },
        {
            "speaker":"U",
            "time":"17.10.2020 17:42:30",
            "turn-index":1,
            "utterance":"ボードゲームかな？"
        },
        {
            "speaker":"S",
            "time":"17.10.2020 17:42:32",
            "turn-index":2,
            "utterance":"ボードゲームですか。どんなのをされるんですか?"
        },
        {
            "speaker":"U",
            "time":"17.10.2020 17:42:40",
            "turn-index":3,
            "utterance":"将棋とかやるね"
        },
        {
            "speaker":"S",
            "time":"17.10.2020 17:42:44",
            "turn-index":4,
            "utterance":"そうなんですね。私は、カラオケが好きです。どんな曲を歌われますか?"
        },
        {
            "speaker":"U",
            "time":"17.10.2020 17:43:27",
            "turn-index":5,
            "utterance":"いや将棋ばっかりしてるし、面白いからね"
        },
        {
            "speaker":"S",
            "time":"17.10.2020 17:43:32",
            "turn-index":6,
            "utterance":"そうなんですね。私は、あまりしないです。友達がやってるのを隣で見てます。"
        },
        {
            "speaker":"U",
            "time":"17.10.2020 17:43:59",
            "turn-index":7,
            "utterance":"将棋のルールは理解してるの？"
        },
        {
            "speaker":"S",
            "time":"17.10.2020 17:44:02",
            "turn-index":8,
            "utterance":"ルールは、わかります。 でも、得意ではないですね。"
        },
        {
            "speaker":"U",
            "time":"17.10.2020 17:45:02",
            "turn-index":9,
            "utterance":"勝てるようになってきてから面白くなってくるんだけどね。"
        },
        {
            "speaker":"S",
            "time":"17.10.2020 17:45:05",
            "turn-index":10,
            "utterance":"そうなんですか。駒の動かし方とかですかね?"
        },
        {
            "speaker":"U",
            "time":"17.10.2020 17:45:33",
            "turn-index":11,
            "utterance":"後は定石を覚えることも重要だよ。"
        },
        {
            "speaker":"S",
            "time":"17.10.2020 17:45:38",
            "turn-index":12,
            "utterance":"なるほど。 定石覚えるのは、難しそうですね。"
        },
        {
            "speaker":"U",
            "time":"17.10.2020 17:46:26",
            "turn-index":13,
            "utterance":"でも一番は対戦をこなすことかな。"
        },
        {
            "speaker":"S",
            "time":"17.10.2020 17:46:29",
            "turn-index":14,
            "utterance":"なるほど。将棋は奥が深いですね。 ちなみに将棋ウォーズっていうアプリはやっていますか?"
        },
        {
            "speaker":"U",
            "time":"17.10.2020 17:47:44",
            "turn-index":15,
            "utterance":"よくオンライン対戦してるアプリだわ。"
        },
        {
            "speaker":"S",
            "time":"17.10.2020 17:47:48",
            "turn-index":16,
            "utterance":"おー、オンライン対戦できるんですね。知らなかったです。"
        },
        {
            "speaker":"U",
            "time":"17.10.2020 17:48:23",
            "turn-index":17,
            "utterance":"やっぱり今はオンラインだよ。というかeスポーツになっても良いと思う。"
        },
        {
            "speaker":"S",
            "time":"17.10.2020 17:48:36",
            "turn-index":18,
            "utterance":"確かにeスポーツになっちゃってもいい気がしますね。"
        },
        {
            "speaker":"U",
            "time":"17.10.2020 17:49:22",
            "turn-index":19,
            "utterance":"インターネット世代も多くなってきたし、eスポーツとして成り立つと思う。"
        },
        {
            "speaker":"S",
            "time":"17.10.2020 17:49:26",
            "turn-index":20,
            "utterance":"確かにそうですね。 スマホの普及も大きいですし。"
        },
        {
            "speaker":"U",
            "time":"17.10.2020 17:50:15",
            "turn-index":21,
            "utterance":"シンプルな分、スマホと相性が良いのは間違いないよね。"
        },
        {
            "speaker":"S",
            "time":"17.10.2020 17:50:18",
            "turn-index":22,
            "utterance":"ほんとそうですね。 チャットも気軽にできますしね。"
        },
        {
            "speaker":"U",
            "time":"17.10.2020 17:52:46",
            "turn-index":23,
            "utterance":"オンラインで指導将棋もできるし、敷居は低いんじゃないかな。"
        },
        {
            "speaker":"S",
            "time":"17.10.2020 17:52:49",
            "turn-index":24,
            "utterance":"なるほど。 確かに手軽さはあるかもですね。"
        },
        {
            "speaker":"U",
            "time":"17.10.2020 17:54:45",
            "turn-index":25,
            "utterance":"eスポーツ化すれば若い人増えないかな。"
        },
        {
            "speaker":"S",
            "time":"17.10.2020 17:54:49",
            "turn-index":26,
            "utterance":"そうですね。 もっといろんな人に普及してほしいです。"
        },
        {
            "speaker":"U",
            "time":"17.10.2020 17:55:24",
            "turn-index":27,
            "utterance":"そしたら一緒に対戦しましょうね。"
        },
        {
            "speaker":"S",
            "time":"17.10.2020 17:55:30",
            "turn-index":28,
            "utterance":"そうですね。 はい、ぜひ。 おやすみなさい。あ、すみません。そろそろ時間ですね。今日はありがとうございました。"
        },
        {
            "speaker":"U",
            "time":"17.10.2020 17:55:37",
            "turn-index":29,
            "utterance":"こちらこそありがとう。"
        },
        {
            "speaker":"S",
            "time":"17.10.2020 17:55:40",
            "turn-index":30,
            "utterance":"はい、またお願いします。 では、失礼します。"
        }
    ]
}