{
    "dialogue-id":"HBY_16",
    "group-id":"",
    "speaker-id":"hobbyist",
    "turns":[
        {
            "speaker":"S",
            "time":"18.10.2020 11:54:24",
            "turn-index":0,
            "utterance":"こんにちは。よろしくお願いします。早速ですけど、何か趣味ってありますか？"
        },
        {
            "speaker":"U",
            "time":"18.10.2020 11:54:48",
            "turn-index":1,
            "utterance":"旅行が好きです。ちょっと前に厳島神社に行きましたよ。"
        },
        {
            "speaker":"S",
            "time":"18.10.2020 11:54:58",
            "turn-index":2,
            "utterance":"私も旅行好きです。最近はどちらに行かれましたか?"
        },
        {
            "speaker":"U",
            "time":"18.10.2020 11:55:16",
            "turn-index":3,
            "utterance":"厳島神社に行きました。"
        },
        {
            "speaker":"S",
            "time":"18.10.2020 11:55:20",
            "turn-index":4,
            "utterance":"厳島神社、まだ行ったことないです。どうでしたか?"
        },
        {
            "speaker":"U",
            "time":"18.10.2020 11:55:39",
            "turn-index":5,
            "utterance":"紅葉がきれいでしたよ。"
        },
        {
            "speaker":"S",
            "time":"18.10.2020 11:55:42",
            "turn-index":6,
            "utterance":"行ってみたいです。京都や奈良は行かれますか?"
        },
        {
            "speaker":"U",
            "time":"18.10.2020 11:56:14",
            "turn-index":7,
            "utterance":"行ったことありますよ。歴史を感じられます。"
        },
        {
            "speaker":"S",
            "time":"18.10.2020 11:56:18",
            "turn-index":8,
            "utterance":"そうなんですか! 奈良の鹿せんべい食べ放題には行かれましたか?"
        },
        {
            "speaker":"U",
            "time":"18.10.2020 11:56:33",
            "turn-index":9,
            "utterance":"そんなのあるんですね。知らなかったです。"
        },
        {
            "speaker":"S",
            "time":"18.10.2020 11:56:41",
            "turn-index":10,
            "utterance":"鹿せんべいの誘惑に負けました"
        },
        {
            "speaker":"U",
            "time":"18.10.2020 11:57:18",
            "turn-index":11,
            "utterance":"そうなんですね。話は変わりますがコンビニエンスストアには行きますか？"
        },
        {
            "speaker":"S",
            "time":"18.10.2020 11:57:22",
            "turn-index":12,
            "utterance":"コンビニエンスストアは行ったことないです 近くにありますか?"
        },
        {
            "speaker":"U",
            "time":"18.10.2020 11:58:13",
            "turn-index":13,
            "utterance":"家から歩いて行けるくらいの場所にあります。"
        },
        {
            "speaker":"S",
            "time":"18.10.2020 11:58:18",
            "turn-index":14,
            "utterance":"いきます! ローソン、ファミマ、ミニストップがおおいです"
        },
        {
            "speaker":"U",
            "time":"18.10.2020 11:58:41",
            "turn-index":15,
            "utterance":"あるんですね。僕はセブンイレブン、ローソン、ファミマばかりです。"
        },
        {
            "speaker":"S",
            "time":"18.10.2020 11:58:45",
            "turn-index":16,
            "utterance":"セブイレとファミマは行ったことないです"
        },
        {
            "speaker":"U",
            "time":"18.10.2020 11:58:56",
            "turn-index":17,
            "utterance":"じゃあローソンばかりなんですね。"
        },
        {
            "speaker":"S",
            "time":"18.10.2020 11:58:59",
            "turn-index":18,
            "utterance":"ローソンかファミマです からあげくんがおいしいです"
        },
        {
            "speaker":"U",
            "time":"18.10.2020 11:59:24",
            "turn-index":19,
            "utterance":"からあげくん、僕も好きです。おでんも美味しいですよ。"
        },
        {
            "speaker":"S",
            "time":"18.10.2020 11:59:28",
            "turn-index":20,
            "utterance":"おでんもおいしいですよねー お腹すいてきました"
        },
        {
            "speaker":"U",
            "time":"18.10.2020 11:59:54",
            "turn-index":21,
            "utterance":"僕もです。コンビニで買ってこようかなって考えています。"
        },
        {
            "speaker":"S",
            "time":"18.10.2020 11:59:58",
            "turn-index":22,
            "utterance":"おでんははんぺんがおいしいです!"
        },
        {
            "speaker":"U",
            "time":"18.10.2020 12:00:11",
            "turn-index":23,
            "utterance":"はんぺんもいいですね。僕は大根が一番好きです。"
        },
        {
            "speaker":"S",
            "time":"18.10.2020 12:00:14",
            "turn-index":24,
            "utterance":"大根もいいですね! おでん食べたくなってきました"
        },
        {
            "speaker":"U",
            "time":"18.10.2020 12:00:29",
            "turn-index":25,
            "utterance":"気が合いますね。今から買ってこようかな。"
        },
        {
            "speaker":"S",
            "time":"18.10.2020 12:00:32",
            "turn-index":26,
            "utterance":"私もはんぺんかってこようかな!"
        },
        {
            "speaker":"U",
            "time":"18.10.2020 12:01:05",
            "turn-index":27,
            "utterance":"いいですね。ほかにコンビニで好きなものはありますか？"
        },
        {
            "speaker":"S",
            "time":"18.10.2020 12:01:10",
            "turn-index":28,
            "utterance":"こんにゃくがすきです! あ、すみません。そろそろ時間ですね。今日はありがとうございました。"
        },
        {
            "speaker":"U",
            "time":"18.10.2020 12:01:31",
            "turn-index":29,
            "utterance":"こんにゃくもいいですね。あ、お時間ですか。こちらこそありがとうございました。"
        },
        {
            "speaker":"S",
            "time":"18.10.2020 12:01:35",
            "turn-index":30,
            "utterance":"あ、はい。またのちほど。おつかれさまでした。"
        }
    ]
}