{
    "dialogue-id":"HBY_31",
    "group-id":"",
    "speaker-id":"hobbyist",
    "turns":[
        {
            "speaker":"S",
            "time":"18.10.2020 11:45:51",
            "turn-index":0,
            "utterance":"こんにちは。よろしくお願いします。早速ですけど、何か趣味ってありますか？"
        },
        {
            "speaker":"U",
            "time":"18.10.2020 11:46:31",
            "turn-index":1,
            "utterance":"ペットで動物をかっているんだ"
        },
        {
            "speaker":"S",
            "time":"18.10.2020 11:46:35",
            "turn-index":2,
            "utterance":"ペットを飼われてるんですね。どんなペットですか?"
        },
        {
            "speaker":"U",
            "time":"18.10.2020 11:47:14",
            "turn-index":3,
            "utterance":"マンチカンゆう猫だよ"
        },
        {
            "speaker":"S",
            "time":"18.10.2020 11:47:17",
            "turn-index":4,
            "utterance":"マンチカンですか。可愛いですね。名前はなんていうんですか?"
        },
        {
            "speaker":"U",
            "time":"18.10.2020 11:47:37",
            "turn-index":5,
            "utterance":"レオちゃんてゆうんだ"
        },
        {
            "speaker":"S",
            "time":"18.10.2020 11:47:40",
            "turn-index":6,
            "utterance":"レオちゃん、可愛らしい名前ですね。レオちゃんは女の子ですか?"
        },
        {
            "speaker":"U",
            "time":"18.10.2020 11:48:00",
            "turn-index":7,
            "utterance":"男の子なんだ"
        },
        {
            "speaker":"S",
            "time":"18.10.2020 11:48:04",
            "turn-index":8,
            "utterance":"男の子なんですね。じゃあ、レオくんかな?"
        },
        {
            "speaker":"U",
            "time":"18.10.2020 11:49:08",
            "turn-index":9,
            "utterance":"そうだね。男の子だけに突然噛みついてきたり結構凶暴なところがあるんだ"
        },
        {
            "speaker":"S",
            "time":"18.10.2020 11:49:12",
            "turn-index":10,
            "utterance":"あはは。噛みつかれるんですね。 犬って、結構凶暴なとこありますよね。"
        },
        {
            "speaker":"U",
            "time":"18.10.2020 11:50:05",
            "turn-index":11,
            "utterance":"凶暴といえば、見かけはムーミンみたいだけどカバが凶暴らしいよ"
        },
        {
            "speaker":"S",
            "time":"18.10.2020 11:50:10",
            "turn-index":12,
            "utterance":"ムーミンって凶暴なんですか? 知らなかったです。"
        },
        {
            "speaker":"U",
            "time":"18.10.2020 11:51:38",
            "turn-index":13,
            "utterance":"ムーミンは漫画の主人公だよ。カバの見かけは、かわいいっていいたかったの"
        },
        {
            "speaker":"S",
            "time":"18.10.2020 11:51:42",
            "turn-index":14,
            "utterance":"漫画の主人公なんですか。 かわいいけど凶暴なんですね。"
        },
        {
            "speaker":"U",
            "time":"18.10.2020 11:52:35",
            "turn-index":15,
            "utterance":"ムーミンは凶暴じゃなくて、カバが凶暴なの"
        },
        {
            "speaker":"S",
            "time":"18.10.2020 11:52:38",
            "turn-index":16,
            "utterance":"あ、なるほど。 読み間違えました。 でもムーミンが凶暴なのはかわいいですね。"
        },
        {
            "speaker":"U",
            "time":"18.10.2020 11:54:47",
            "turn-index":17,
            "utterance":"ムーミンは凶暴じゃなくて、かわいいだけ。かばは見かけか、かわいいけど凶暴なの"
        },
        {
            "speaker":"S",
            "time":"18.10.2020 11:54:55",
            "turn-index":18,
            "utterance":"あ、かばが凶暴なんですか。 でもかわいいですね。"
        },
        {
            "speaker":"U",
            "time":"18.10.2020 11:55:43",
            "turn-index":19,
            "utterance":"見かけは愛らしいよね。見たことある？"
        },
        {
            "speaker":"S",
            "time":"18.10.2020 11:55:47",
            "turn-index":20,
            "utterance":"ないです。 かばが凶暴なのは見たことあります。"
        },
        {
            "speaker":"U",
            "time":"18.10.2020 11:56:33",
            "turn-index":21,
            "utterance":"凶暴なのは、どこで見たの？"
        },
        {
            "speaker":"S",
            "time":"18.10.2020 11:56:37",
            "turn-index":22,
            "utterance":"テレビで見ました。 あれも凶暴でした。"
        },
        {
            "speaker":"U",
            "time":"18.10.2020 11:57:45",
            "turn-index":23,
            "utterance":"実は僕もテレビで見たんだ。カバに襲われたら怖そうだよね"
        },
        {
            "speaker":"S",
            "time":"18.10.2020 11:57:49",
            "turn-index":24,
            "utterance":"シマウマも見てみたいです。 川で泳いでいるところを見ました。"
        },
        {
            "speaker":"U",
            "time":"18.10.2020 11:59:22",
            "turn-index":25,
            "utterance":"ほんとう？川で泳ぐのはカバの見間違いじゃないの？"
        },
        {
            "speaker":"S",
            "time":"18.10.2020 11:59:26",
            "turn-index":26,
            "utterance":"野生のシマウマは凶暴ですよ。"
        },
        {
            "speaker":"U",
            "time":"18.10.2020 12:00:58",
            "turn-index":27,
            "utterance":"シマウマはおとなしいと思うな。カバのほうが突進もしてくるし怖いよ"
        },
        {
            "speaker":"S",
            "time":"18.10.2020 12:01:02",
            "turn-index":28,
            "utterance":"突進してくるんですか! それは怖いですね。あ、すみません。そろそろ時間ですね。今日はありがとうございました。"
        },
        {
            "speaker":"U",
            "time":"18.10.2020 12:01:25",
            "turn-index":29,
            "utterance":"ありがとう。楽しかったよ"
        },
        {
            "speaker":"S",
            "time":"18.10.2020 12:01:29",
            "turn-index":30,
            "utterance":"こちらこそありがとうございました。 楽しかったです。おやすみなさい。"
        }
    ]
}