{
    "dialogue-id":"HBY_25",
    "group-id":"",
    "speaker-id":"hobbyist",
    "turns":[
        {
            "speaker":"S",
            "time":"17.10.2020 15:43:06",
            "turn-index":0,
            "utterance":"こんにちは。よろしくお願いします。早速ですけど、何か趣味ってありますか？"
        },
        {
            "speaker":"U",
            "time":"17.10.2020 15:43:57",
            "turn-index":1,
            "utterance":"趣味っていうか、休みのたびに日本列島のあちこちを旅行するのが好きですね"
        },
        {
            "speaker":"S",
            "time":"17.10.2020 15:43:59",
            "turn-index":2,
            "utterance":"いいですね。私も旅行好きです。最近どこか行かれましたか?"
        },
        {
            "speaker":"U",
            "time":"17.10.2020 15:44:20",
            "turn-index":3,
            "utterance":"久しぶりに京都に行ってきました。"
        },
        {
            "speaker":"S",
            "time":"17.10.2020 15:44:23",
            "turn-index":4,
            "utterance":"京都いいですね。最近行けてないので行きたいです。"
        },
        {
            "speaker":"U",
            "time":"17.10.2020 15:44:46",
            "turn-index":5,
            "utterance":"観光客が激減してて、移動がすごく楽でしたよ"
        },
        {
            "speaker":"S",
            "time":"17.10.2020 15:44:49",
            "turn-index":6,
            "utterance":"そうなんですね。行くなら夏ですか?冬ですか?"
        },
        {
            "speaker":"U",
            "time":"17.10.2020 15:45:33",
            "turn-index":7,
            "utterance":"季節は問わないですよね。冬には冬なりの良さがあるし。兼六園の雪景色とかいいじゃないですか"
        },
        {
            "speaker":"S",
            "time":"17.10.2020 15:45:37",
            "turn-index":8,
            "utterance":"なるほど。紅葉もきれいですよね。兼六園の雪景色はすごくきれいでした。"
        },
        {
            "speaker":"U",
            "time":"17.10.2020 15:45:56",
            "turn-index":9,
            "utterance":"一年中いつ行っても楽しめるスポットですね"
        },
        {
            "speaker":"S",
            "time":"17.10.2020 15:46:01",
            "turn-index":10,
            "utterance":"そうですね。兼六園は春もきれいですが、秋の紅葉もきれいでした。"
        },
        {
            "speaker":"U",
            "time":"17.10.2020 15:46:43",
            "turn-index":11,
            "utterance":"秋に行ったことありませんが、紅葉と聞いて行きたくなりました"
        },
        {
            "speaker":"S",
            "time":"17.10.2020 15:46:47",
            "turn-index":12,
            "utterance":"ぜひ行ってみてください。 ではそろそろ時間なので 失礼します。"
        },
        {
            "speaker":"U",
            "time":"17.10.2020 15:47:38",
            "turn-index":13,
            "utterance":"え、もう時間ですか、もう少し旅行の話したかったですね"
        },
        {
            "speaker":"S",
            "time":"17.10.2020 15:47:43",
            "turn-index":14,
            "utterance":"そうですね。また後ほどお願いします。 ありがとうございました。"
        },
        {
            "speaker":"U",
            "time":"17.10.2020 15:48:58",
            "turn-index":15,
            "utterance":"今月は実は九州旅行に出かける予定なんですよ"
        },
        {
            "speaker":"S",
            "time":"17.10.2020 15:49:01",
            "turn-index":16,
            "utterance":"九州ですか。九州は行ったことがないのですが、 九州のどちらへ行かれるんですか?"
        },
        {
            "speaker":"U",
            "time":"17.10.2020 15:49:28",
            "turn-index":17,
            "utterance":"長崎、福岡、佐賀と回ってこようと思ってます"
        },
        {
            "speaker":"S",
            "time":"17.10.2020 15:49:32",
            "turn-index":18,
            "utterance":"長崎はハウステンボスに行ったことがあります。 佐賀は長崎ですか?"
        },
        {
            "speaker":"U",
            "time":"17.10.2020 15:51:40",
            "turn-index":19,
            "utterance":"違います。有田焼とかが有名ですね。平成から令和に変わって、まだ九州に行ってないので、今回は長旅の予定です"
        },
        {
            "speaker":"S",
            "time":"17.10.2020 15:51:45",
            "turn-index":20,
            "utterance":"有田焼は初めて聞きました。どんなところなんですか?"
        },
        {
            "speaker":"U",
            "time":"17.10.2020 15:52:54",
            "turn-index":21,
            "utterance":"窯元がたくさんあって焼き物作りを体験できるんですよ。平成の間によく行きました。"
        },
        {
            "speaker":"S",
            "time":"17.10.2020 15:53:04",
            "turn-index":22,
            "utterance":"そうなんですね。焼き物好きなので、ぜひ行ってみたいです。"
        },
        {
            "speaker":"U",
            "time":"17.10.2020 15:53:33",
            "turn-index":23,
            "utterance":"雰囲気あっていいですよ。令和はじめての佐賀なので、楽しみです。"
        },
        {
            "speaker":"S",
            "time":"17.10.2020 15:53:41",
            "turn-index":24,
            "utterance":"佐賀なんですね。佐賀といえば、佐賀牛もおいしいですね。"
        },
        {
            "speaker":"U",
            "time":"17.10.2020 15:55:34",
            "turn-index":25,
            "utterance":"そうですね、佐賀は美味しいものもたくさんありますね。平成から年号が変わってもやっぱり変わらない味も有るんだろうなって思います。"
        },
        {
            "speaker":"S",
            "time":"17.10.2020 15:55:41",
            "turn-index":26,
            "utterance":"佐賀牛は1度しか食べたことないですが、おいしかったです。"
        },
        {
            "speaker":"U",
            "time":"17.10.2020 15:56:53",
            "turn-index":27,
            "utterance":"海に面しているから、海の幸もありますよ。平成のと同じように旅行を楽しんできます。"
        },
        {
            "speaker":"S",
            "time":"17.10.2020 15:56:59",
            "turn-index":28,
            "utterance":"年号変わってもおいしいもの変わらないんですね。 それはうれしいですね。 海の幸もおいしそうですね。 旅行楽しんでくださいね。あ、すみません。そろそろ時間ですね。今日はありがとうございました。"
        },
        {
            "speaker":"U",
            "time":"17.10.2020 15:57:39",
            "turn-index":29,
            "utterance":"こちらこそ、旅行の話ができて楽しかったです。"
        },
        {
            "speaker":"S",
            "time":"17.10.2020 15:57:42",
            "turn-index":30,
            "utterance":"こちらこそ、楽しかったです。 ではまた。"
        }
    ]
}