{
    "dialogue-id":"V2R_19",
    "group-id":"",
    "speaker-id":"RiskyPolitenessBotVersion2",
    "turns":[
        {
            "speaker":"S",
            "time":"17.10.2020 14:57:53",
            "turn-index":0,
            "utterance":"はい、なんですか？"
        },
        {
            "speaker":"U",
            "time":"17.10.2020 14:58:16",
            "turn-index":1,
            "utterance":"毎年同窓会をしているんだけど"
        },
        {
            "speaker":"S",
            "time":"17.10.2020 14:58:17",
            "turn-index":2,
            "utterance":"あぁ、幹事ですか。僕なんかでいいんですかね..."
        },
        {
            "speaker":"U",
            "time":"17.10.2020 14:58:32",
            "turn-index":3,
            "utterance":"お、話が早いね。幹事やってくれる？"
        },
        {
            "speaker":"S",
            "time":"17.10.2020 14:58:33",
            "turn-index":4,
            "utterance":"幹事できるかは相談の結果次第ですが、時間があるならよかったです。まず場所ってどこらへんがいいみたいなのってありますか？"
        },
        {
            "speaker":"U",
            "time":"17.10.2020 14:58:51",
            "turn-index":5,
            "utterance":"新宿あたりを考えてる"
        },
        {
            "speaker":"S",
            "time":"17.10.2020 14:58:52",
            "turn-index":6,
            "utterance":"集まりたいですね！"
        },
        {
            "speaker":"U",
            "time":"17.10.2020 14:59:16",
            "turn-index":7,
            "utterance":"みんな久しぶりだからね。"
        },
        {
            "speaker":"S",
            "time":"17.10.2020 14:59:17",
            "turn-index":8,
            "utterance":"僕なんかでも忙しいんですよ"
        },
        {
            "speaker":"U",
            "time":"17.10.2020 14:59:27",
            "turn-index":9,
            "utterance":"仕事忙しいの？"
        },
        {
            "speaker":"S",
            "time":"17.10.2020 14:59:28",
            "turn-index":10,
            "utterance":"実は、研究室の後輩への引継ぎ資料がまだ終わってなくって…それが忙しいんすよ。"
        },
        {
            "speaker":"U",
            "time":"17.10.2020 14:59:46",
            "turn-index":11,
            "utterance":"大変だね。"
        },
        {
            "speaker":"S",
            "time":"17.10.2020 14:59:47",
            "turn-index":12,
            "utterance":"そしたら、場所が決めにくいのですがどうしましょう？"
        },
        {
            "speaker":"U",
            "time":"17.10.2020 15:00:09",
            "turn-index":13,
            "utterance":"他の人にも聞いてみて、場合によっては池袋あたりにするかも"
        },
        {
            "speaker":"S",
            "time":"17.10.2020 15:00:11",
            "turn-index":14,
            "utterance":"僕だと参加する人に迷惑かけるかもしれません。たぶん、他の人の方に任せた方が良いと思います。"
        },
        {
            "speaker":"U",
            "time":"17.10.2020 15:00:25",
            "turn-index":15,
            "utterance":"迷惑なんてことはないよ"
        },
        {
            "speaker":"S",
            "time":"17.10.2020 15:00:27",
            "turn-index":16,
            "utterance":"いやあ、でも僕はやりたくないですねえ"
        },
        {
            "speaker":"U",
            "time":"17.10.2020 15:00:50",
            "turn-index":17,
            "utterance":"他に頼める人がいなくて・・・"
        },
        {
            "speaker":"S",
            "time":"17.10.2020 15:00:51",
            "turn-index":18,
            "utterance":"ほかにもいそうですが僕なんかしかいないのでしょうか"
        },
        {
            "speaker":"U",
            "time":"17.10.2020 15:00:57",
            "turn-index":19,
            "utterance":"そうなの"
        },
        {
            "speaker":"S",
            "time":"17.10.2020 15:00:59",
            "turn-index":20,
            "utterance":"僕の記憶の限りだとそのようなことは一切ございません。誰かと勘違いされておられませんか？"
        },
        {
            "speaker":"U",
            "time":"17.10.2020 15:01:16",
            "turn-index":21,
            "utterance":"いや、さすがに勘違いはしないよ"
        },
        {
            "speaker":"S",
            "time":"17.10.2020 15:01:17",
            "turn-index":22,
            "utterance":"いやー、そういうのはちゃんとできる人がやった方がいいんじゃないですかねー"
        },
        {
            "speaker":"U",
            "time":"17.10.2020 15:01:30",
            "turn-index":23,
            "utterance":"お前ならちゃんとできると思うけど"
        },
        {
            "speaker":"S",
            "time":"17.10.2020 15:01:32",
            "turn-index":24,
            "utterance":"鈴木君はサークル内のリーダー的存在だったので、幹事という役目にも適していると考えます。"
        },
        {
            "speaker":"U",
            "time":"17.10.2020 15:01:41",
            "turn-index":25,
            "utterance":"鈴木は来れないみたい"
        },
        {
            "speaker":"S",
            "time":"17.10.2020 15:01:42",
            "turn-index":26,
            "utterance":"こっちで話通しておきますよ。鈴木君は先輩のことわかると思いますし。絶対鈴木君の方が良いですし。"
        },
        {
            "speaker":"U",
            "time":"17.10.2020 15:01:50",
            "turn-index":27,
            "utterance":"うーん"
        },
        {
            "speaker":"S",
            "time":"17.10.2020 15:01:51",
            "turn-index":28,
            "utterance":"ええ・・・"
        },
        {
            "speaker":"U",
            "time":"17.10.2020 15:02:03",
            "turn-index":29,
            "utterance":"そうしたら話してみてくれる？"
        },
        {
            "speaker":"S",
            "time":"17.10.2020 15:02:04",
            "turn-index":30,
            "utterance":"繰り返しになりますが、それとこれとは話が別です。"
        }
    ]
}