{
    "dialogue-id":"V2R_35",
    "group-id":"",
    "speaker-id":"RiskyPolitenessBotVersion2",
    "turns":[
        {
            "speaker":"S",
            "time":"17.10.2020 14:05:52",
            "turn-index":0,
            "utterance":"はい、なんですか？"
        },
        {
            "speaker":"U",
            "time":"17.10.2020 14:06:08",
            "turn-index":1,
            "utterance":"同窓会の幹事って興味ある？"
        },
        {
            "speaker":"S",
            "time":"17.10.2020 14:06:09",
            "turn-index":2,
            "utterance":"あぁ、幹事ですか。僕なんかでいいんですかね..."
        },
        {
            "speaker":"U",
            "time":"17.10.2020 14:07:26",
            "turn-index":3,
            "utterance":"もちろん、ぜひ君にお願いしたい😄"
        },
        {
            "speaker":"S",
            "time":"17.10.2020 14:07:27",
            "turn-index":4,
            "utterance":"本当に勘弁してください。嫌です。"
        },
        {
            "speaker":"U",
            "time":"17.10.2020 14:08:20",
            "turn-index":5,
            "utterance":"まあまあ、大したことではないんだ。"
        },
        {
            "speaker":"S",
            "time":"17.10.2020 14:08:22",
            "turn-index":6,
            "utterance":"そのようなことをされると困ります!先輩！"
        },
        {
            "speaker":"U",
            "time":"17.10.2020 14:09:05",
            "turn-index":7,
            "utterance":"引き受けてもらえるとほんっとに助かるんだよね。"
        },
        {
            "speaker":"S",
            "time":"17.10.2020 14:09:07",
            "turn-index":8,
            "utterance":"厳しいっすね…僕以外にできそうな人誰かいないんすか？"
        },
        {
            "speaker":"U",
            "time":"17.10.2020 14:10:02",
            "turn-index":9,
            "utterance":"いないわけじゃないんだけど、清水にお願いしたいな。"
        },
        {
            "speaker":"S",
            "time":"17.10.2020 14:10:03",
            "turn-index":10,
            "utterance":"でもせっかくなら良いお店行きたくないですか？いつものじゃなくて先輩のおススメとかあれば行ってみたいです！"
        },
        {
            "speaker":"U",
            "time":"17.10.2020 14:10:44",
            "turn-index":11,
            "utterance":"俺のおすすめか～、じゃあしゃぶしゃぶとか温かいのがいいよな。"
        },
        {
            "speaker":"S",
            "time":"17.10.2020 14:10:46",
            "turn-index":12,
            "utterance":"なるほど…そう言ってもらえるのはうれしいっすね。でも僕が知ってる店ほとんど使っちゃったんで…"
        },
        {
            "speaker":"U",
            "time":"17.10.2020 14:11:17",
            "turn-index":13,
            "utterance":"どんな店がおすすめだと思う🤔"
        },
        {
            "speaker":"S",
            "time":"17.10.2020 14:11:18",
            "turn-index":14,
            "utterance":"お店...サークルのみんなと良く行っていたお店とかしか思いつかないですが..."
        },
        {
            "speaker":"U",
            "time":"17.10.2020 14:11:38",
            "turn-index":15,
            "utterance":"全然それでもいいよ😊"
        },
        {
            "speaker":"S",
            "time":"17.10.2020 14:11:39",
            "turn-index":16,
            "utterance":"鈴木君の方か良いですよ。とりあえず鈴木君と一回会ってみたらどうですか。"
        },
        {
            "speaker":"U",
            "time":"17.10.2020 14:12:16",
            "turn-index":17,
            "utterance":"鈴木より清水のほうが好きだし😘"
        },
        {
            "speaker":"S",
            "time":"17.10.2020 14:12:17",
            "turn-index":18,
            "utterance":"僕はちょっと難しいです。鈴木君と会うのはだめですかね。"
        },
        {
            "speaker":"U",
            "time":"17.10.2020 14:12:42",
            "turn-index":19,
            "utterance":"清水にぜひお願いしたい！"
        },
        {
            "speaker":"S",
            "time":"17.10.2020 14:12:44",
            "turn-index":20,
            "utterance":"一生のお願いはもっと大事な場面にとっておいておくことをお勧めいたします"
        },
        {
            "speaker":"U",
            "time":"17.10.2020 14:12:54",
            "turn-index":21,
            "utterance":"来世のお願いだから！"
        },
        {
            "speaker":"S",
            "time":"17.10.2020 14:12:55",
            "turn-index":22,
            "utterance":"えっと、ごめんなさい、それはわかるのですが、、ほんとに、ちょっと…すみません…"
        },
        {
            "speaker":"U",
            "time":"17.10.2020 14:13:34",
            "turn-index":23,
            "utterance":"ひさしぶりだし、打ち合わせとか色々話したいこともあるしさ。"
        },
        {
            "speaker":"S",
            "time":"17.10.2020 14:13:35",
            "turn-index":24,
            "utterance":"いやまあ、それとこれとは、話が...って感じなんですけど..."
        },
        {
            "speaker":"U",
            "time":"17.10.2020 14:14:19",
            "turn-index":25,
            "utterance":"まあね笑、でも引き受けてくれると嬉しいのはホントだよ😁"
        },
        {
            "speaker":"S",
            "time":"17.10.2020 14:14:21",
            "turn-index":26,
            "utterance":"いやー先輩にそこまで言われるとすっごいうれしいんですけど、ちょっとご期待には添えないっすね…申し訳ないっす。"
        },
        {
            "speaker":"U",
            "time":"17.10.2020 14:15:02",
            "turn-index":27,
            "utterance":"そんなに大変な仕事ってわけでもないからさ。"
        },
        {
            "speaker":"S",
            "time":"17.10.2020 14:15:03",
            "turn-index":28,
            "utterance":"すみません…どうしても…ちょっと…責任が重い仕事というのは…"
        },
        {
            "speaker":"U",
            "time":"17.10.2020 14:15:26",
            "turn-index":29,
            "utterance":"そんなに重く考える必要はないやつだよ～"
        },
        {
            "speaker":"S",
            "time":"17.10.2020 14:15:28",
            "turn-index":30,
            "utterance":"何と言いますか…やはり自分のなかでどうしても気持ちの整理がつかないと言いますか、どうしてもちょっとアレなんです…"
        }
    ]
}