{
    "dialogue-id":"V2R_20",
    "group-id":"",
    "speaker-id":"RiskyPolitenessBotVersion2",
    "turns":[
        {
            "speaker":"S",
            "time":"17.10.2020 13:52:14",
            "turn-index":0,
            "utterance":"はい、なんですか？"
        },
        {
            "speaker":"U",
            "time":"17.10.2020 13:53:04",
            "turn-index":1,
            "utterance":"同窓会の幹事をしてくれないか？"
        },
        {
            "speaker":"S",
            "time":"17.10.2020 13:53:05",
            "turn-index":2,
            "utterance":"あぁ、幹事ですか。僕なんかでいいんですかね..."
        },
        {
            "speaker":"U",
            "time":"17.10.2020 13:53:31",
            "turn-index":3,
            "utterance":"大丈夫だよ。俺もやったから。"
        },
        {
            "speaker":"S",
            "time":"17.10.2020 13:53:32",
            "turn-index":4,
            "utterance":"佐藤先輩だったら声掛けも早いと思いますよ。"
        },
        {
            "speaker":"U",
            "time":"17.10.2020 13:54:32",
            "turn-index":5,
            "utterance":"だからお前に頼んでるんだよ。"
        },
        {
            "speaker":"S",
            "time":"17.10.2020 13:54:34",
            "turn-index":6,
            "utterance":"一生のお願いはもっと大事な場面にとっておいておくことをお勧めいたします"
        },
        {
            "speaker":"U",
            "time":"17.10.2020 13:54:46",
            "turn-index":7,
            "utterance":"一生のお願いとは言ってないぞ"
        },
        {
            "speaker":"S",
            "time":"17.10.2020 13:54:47",
            "turn-index":8,
            "utterance":"何度も繰り返すようで大変恐縮ですが、幹事は別の方にお願いしてくださると幸いです"
        },
        {
            "speaker":"U",
            "time":"17.10.2020 13:55:02",
            "turn-index":9,
            "utterance":"他に誰か候補はいるかい？"
        },
        {
            "speaker":"S",
            "time":"17.10.2020 13:55:03",
            "turn-index":10,
            "utterance":"僕だと参加する人に迷惑かけるかもしれません。たぶん、他の人の方に任せた方が良いと思います。"
        },
        {
            "speaker":"U",
            "time":"17.10.2020 13:55:23",
            "turn-index":11,
            "utterance":"君なら問題なくできるよ。"
        },
        {
            "speaker":"S",
            "time":"17.10.2020 13:55:24",
            "turn-index":12,
            "utterance":"ちょっと、僕には難しいです。同じ4年で同サークルの鈴木君なら任せられると思います。"
        },
        {
            "speaker":"U",
            "time":"17.10.2020 13:55:46",
            "turn-index":13,
            "utterance":"鈴木より、清水のほうが適任だろう。"
        },
        {
            "speaker":"S",
            "time":"17.10.2020 13:55:47",
            "turn-index":14,
            "utterance":"同じサークルなので先輩も会ったことあると思います。鈴木君は飲み会とかよくしているので幹事向いてますよ。"
        },
        {
            "speaker":"U",
            "time":"17.10.2020 13:56:17",
            "turn-index":15,
            "utterance":"鈴木にはもう断れれて君しかいないんだよ。"
        },
        {
            "speaker":"S",
            "time":"17.10.2020 13:56:19",
            "turn-index":16,
            "utterance":"こっちで話通しておきますよ。鈴木君は先輩のことわかると思いますし。絶対鈴木君の方が良いですし。"
        },
        {
            "speaker":"U",
            "time":"17.10.2020 13:56:38",
            "turn-index":17,
            "utterance":"だから、もう断られたから君にお願いしてるんだって。"
        },
        {
            "speaker":"S",
            "time":"17.10.2020 13:56:40",
            "turn-index":18,
            "utterance":"すみません、参加する人に申し訳ないです。ちょっと、僕には難しいと思います。"
        },
        {
            "speaker":"U",
            "time":"17.10.2020 13:57:04",
            "turn-index":19,
            "utterance":"心配しないでいいぞ。頼むから引き受けてくれ。"
        },
        {
            "speaker":"S",
            "time":"17.10.2020 13:57:05",
            "turn-index":20,
            "utterance":"そこまで僕を推してもらっているので断るのは若干心苦しいですが、やはりさすがに、幹事はちょっと…"
        },
        {
            "speaker":"U",
            "time":"17.10.2020 13:57:17",
            "turn-index":21,
            "utterance":"君しかいないと思ってるんだ。"
        },
        {
            "speaker":"S",
            "time":"17.10.2020 13:57:19",
            "turn-index":22,
            "utterance":"鈴木君は、いろんなお店知ってますよ。大人数の幹事とかもしていましたし、信頼して任せられると思います。僕は鈴木君を信頼しているので大丈夫ですよ。"
        },
        {
            "speaker":"U",
            "time":"17.10.2020 13:57:35",
            "turn-index":23,
            "utterance":"ダメだ。君にお願いすると決めてるんだ。"
        },
        {
            "speaker":"S",
            "time":"17.10.2020 13:57:36",
            "turn-index":24,
            "utterance":"ほとんど僕に任せる感じですか…それはちょっと荷が重いのでいろんな人と相談したいです。"
        },
        {
            "speaker":"U",
            "time":"17.10.2020 13:58:17",
            "turn-index":25,
            "utterance":"清水しかいないんだから引き受けてくれ。"
        },
        {
            "speaker":"S",
            "time":"17.10.2020 13:58:18",
            "turn-index":26,
            "utterance":"頼みます。他の人にお願いしてください。"
        },
        {
            "speaker":"U",
            "time":"17.10.2020 13:59:19",
            "turn-index":27,
            "utterance":"他の人ではなく、清水が適任なんだよ。"
        },
        {
            "speaker":"S",
            "time":"17.10.2020 13:59:20",
            "turn-index":28,
            "utterance":"もっと探してください。僕以外にもいると思います。"
        },
        {
            "speaker":"U",
            "time":"17.10.2020 14:00:05",
            "turn-index":29,
            "utterance":"いないんだよ。頼むから引き受けてくれ。"
        },
        {
            "speaker":"S",
            "time":"17.10.2020 14:00:07",
            "turn-index":30,
            "utterance":"いやいや、先輩が幹事をやってほうがみんな喜んで集まりますよ！"
        }
    ]
}