{
    "dialogue-id":"V2R_08",
    "group-id":"",
    "speaker-id":"RiskyPolitenessBotVersion2",
    "turns":[
        {
            "speaker":"S",
            "time":"17.10.2020 19:23:04",
            "turn-index":0,
            "utterance":"はい、なんですか？"
        },
        {
            "speaker":"U",
            "time":"17.10.2020 19:24:33",
            "turn-index":1,
            "utterance":"今度、同窓会があるんだけど"
        },
        {
            "speaker":"S",
            "time":"17.10.2020 19:24:34",
            "turn-index":2,
            "utterance":"それって同窓会盛り上がらなさそうだし無しって大丈夫ですかね？"
        },
        {
            "speaker":"U",
            "time":"17.10.2020 19:26:11",
            "turn-index":3,
            "utterance":"同窓会はやる予定なんだけど、幹事を引き受けてくれないかな"
        },
        {
            "speaker":"S",
            "time":"17.10.2020 19:26:12",
            "turn-index":4,
            "utterance":"あぁ、幹事ですか。僕なんかでいいんですかね..."
        },
        {
            "speaker":"U",
            "time":"17.10.2020 19:26:32",
            "turn-index":5,
            "utterance":"全然OKだよ"
        },
        {
            "speaker":"S",
            "time":"17.10.2020 19:26:33",
            "turn-index":6,
            "utterance":"正直自分が何もしたくないので他の奴にやらせるのありですか？"
        },
        {
            "speaker":"U",
            "time":"17.10.2020 19:27:15",
            "turn-index":7,
            "utterance":"幹事やってみたくない？"
        },
        {
            "speaker":"S",
            "time":"17.10.2020 19:27:16",
            "turn-index":8,
            "utterance":"幹事できるかは相談の結果次第ですが、時間があるならよかったです。まず場所ってどこらへんがいいみたいなのってありますか？"
        },
        {
            "speaker":"U",
            "time":"17.10.2020 19:28:13",
            "turn-index":9,
            "utterance":"どこがいいかな？"
        },
        {
            "speaker":"S",
            "time":"17.10.2020 19:28:15",
            "turn-index":10,
            "utterance":"はい、何ですか？"
        },
        {
            "speaker":"U",
            "time":"17.10.2020 19:28:49",
            "turn-index":11,
            "utterance":"どういう場所がいいかな？"
        },
        {
            "speaker":"S",
            "time":"17.10.2020 19:28:50",
            "turn-index":12,
            "utterance":"ほんとうに、そう言っていただけるのはとても嬉しいんですが…えーっと、その…すみません…"
        },
        {
            "speaker":"U",
            "time":"17.10.2020 19:30:50",
            "turn-index":13,
            "utterance":"今までに幹事の経験とかある？"
        },
        {
            "speaker":"S",
            "time":"17.10.2020 19:30:51",
            "turn-index":14,
            "utterance":"サークルの方々は素晴らしい人々ばかりだと記憶しております。僕より優れた方がいらっしゃると思います。"
        },
        {
            "speaker":"U",
            "time":"17.10.2020 19:31:24",
            "turn-index":15,
            "utterance":"そんなことないよ"
        },
        {
            "speaker":"S",
            "time":"17.10.2020 19:31:25",
            "turn-index":16,
            "utterance":"いやあ、でも僕はやりたくないですねえ"
        },
        {
            "speaker":"U",
            "time":"17.10.2020 19:31:53",
            "turn-index":17,
            "utterance":"やりたくないか"
        },
        {
            "speaker":"S",
            "time":"17.10.2020 19:31:54",
            "turn-index":18,
            "utterance":"同窓会はすごく賛成ですけど、幹事はやりたくないですよ。"
        },
        {
            "speaker":"U",
            "time":"17.10.2020 19:32:36",
            "turn-index":19,
            "utterance":"引き受けてくれる人がいなくて困ってるんだよね"
        },
        {
            "speaker":"S",
            "time":"17.10.2020 19:32:37",
            "turn-index":20,
            "utterance":"すみません…どうしても…ちょっと…責任が重い仕事というのは…"
        },
        {
            "speaker":"U",
            "time":"17.10.2020 19:32:55",
            "turn-index":21,
            "utterance":"そんなに難しくないよ"
        },
        {
            "speaker":"S",
            "time":"17.10.2020 19:32:56",
            "turn-index":22,
            "utterance":"先輩はコミュ障をなめておられる…。特に深い付き合いのない不特定多数の人間と集って飲む会のまとめ役とかハードルしかないです。"
        },
        {
            "speaker":"U",
            "time":"17.10.2020 19:34:00",
            "turn-index":23,
            "utterance":"良い経験になるよ"
        },
        {
            "speaker":"S",
            "time":"17.10.2020 19:34:01",
            "turn-index":24,
            "utterance":"こっちで話通しておきますよ。鈴木君は先輩のことわかると思いますし。絶対鈴木君の方が良いですし。"
        },
        {
            "speaker":"U",
            "time":"17.10.2020 19:34:29",
            "turn-index":25,
            "utterance":"どうしてもダメ？"
        },
        {
            "speaker":"S",
            "time":"17.10.2020 19:34:30",
            "turn-index":26,
            "utterance":"修造キャラ暑苦しいのでやめていただけますか…？"
        },
        {
            "speaker":"U",
            "time":"17.10.2020 19:35:15",
            "turn-index":27,
            "utterance":"いやいや、修造キャラじゃないし"
        },
        {
            "speaker":"S",
            "time":"17.10.2020 19:35:16",
            "turn-index":28,
            "utterance":"いやまあ、それとこれとは、話が...って感じなんですけど..."
        },
        {
            "speaker":"U",
            "time":"17.10.2020 19:35:27",
            "turn-index":29,
            "utterance":"そうだね"
        },
        {
            "speaker":"S",
            "time":"17.10.2020 19:35:29",
            "turn-index":30,
            "utterance":"そしたら、場所が決めにくいのですがどうしましょう？"
        }
    ]
}