{
    "dialogue-id":"V2R_53",
    "group-id":"",
    "speaker-id":"RiskyPolitenessBotVersion2",
    "turns":[
        {
            "speaker":"S",
            "time":"17.10.2020 14:11:51",
            "turn-index":0,
            "utterance":"はい、なんですか？"
        },
        {
            "speaker":"U",
            "time":"17.10.2020 14:15:07",
            "turn-index":1,
            "utterance":"今年の同窓会の事で"
        },
        {
            "speaker":"S",
            "time":"17.10.2020 14:15:09",
            "turn-index":2,
            "utterance":"それって同窓会盛り上がらなさそうだし無しって大丈夫ですかね？"
        },
        {
            "speaker":"U",
            "time":"17.10.2020 14:18:45",
            "turn-index":3,
            "utterance":"いやいや"
        },
        {
            "speaker":"S",
            "time":"17.10.2020 14:18:46",
            "turn-index":4,
            "utterance":"はい…できることならば、ちょっと今回は…"
        },
        {
            "speaker":"U",
            "time":"17.10.2020 14:19:38",
            "turn-index":5,
            "utterance":"実は幹事をお願いしたいんだけど"
        },
        {
            "speaker":"S",
            "time":"17.10.2020 14:19:40",
            "turn-index":6,
            "utterance":"大変申し訳ないですが、今回はご遠慮させていただけると幸いです。"
        },
        {
            "speaker":"U",
            "time":"17.10.2020 14:20:57",
            "turn-index":7,
            "utterance":"君以外相応しい人がいないんだよ"
        },
        {
            "speaker":"S",
            "time":"17.10.2020 14:20:58",
            "turn-index":8,
            "utterance":"もっと探してください。僕以外にもいると思います。"
        },
        {
            "speaker":"U",
            "time":"17.10.2020 14:21:58",
            "turn-index":9,
            "utterance":"いや、君しかいない"
        },
        {
            "speaker":"S",
            "time":"17.10.2020 14:21:59",
            "turn-index":10,
            "utterance":"こっちで話通しておきますよ。鈴木君は先輩のことわかると思いますし。絶対鈴木君の方が良いですし。"
        },
        {
            "speaker":"U",
            "time":"17.10.2020 14:23:40",
            "turn-index":11,
            "utterance":"君は鈴木君よりも仕切るのが上手い"
        },
        {
            "speaker":"S",
            "time":"17.10.2020 14:23:41",
            "turn-index":12,
            "utterance":"大丈夫ですよ。鈴木君は本当にこういうの上手いんで。よかったら先輩と鈴木君が会えるように連絡付けましょうか。"
        },
        {
            "speaker":"U",
            "time":"17.10.2020 14:24:36",
            "turn-index":13,
            "utterance":"俺は君を買ってるんだ"
        },
        {
            "speaker":"S",
            "time":"17.10.2020 14:24:37",
            "turn-index":14,
            "utterance":"いや、ないので…。"
        },
        {
            "speaker":"U",
            "time":"17.10.2020 14:25:27",
            "turn-index":15,
            "utterance":"ｻｰｸﾙでも上手くみんなをまとめていたじゃないか"
        },
        {
            "speaker":"S",
            "time":"17.10.2020 14:25:29",
            "turn-index":16,
            "utterance":"僕はできないですね。ほかの人は分からないですが、先輩から声を掛ければみんな喜ぶんじゃないですか？"
        },
        {
            "speaker":"U",
            "time":"17.10.2020 14:27:19",
            "turn-index":17,
            "utterance":"この経験は社会できっと役に立つはずだ"
        },
        {
            "speaker":"S",
            "time":"17.10.2020 14:27:21",
            "turn-index":18,
            "utterance":"いえ、そういったことは社会に出てからで十分です。"
        },
        {
            "speaker":"U",
            "time":"17.10.2020 14:29:39",
            "turn-index":19,
            "utterance":"なぜそんなに嫌なんだ？"
        },
        {
            "speaker":"S",
            "time":"17.10.2020 14:29:40",
            "turn-index":20,
            "utterance":"先輩のことは嫌いではないですよ！幹事が嫌なだけです！"
        },
        {
            "speaker":"U",
            "time":"17.10.2020 14:30:13",
            "turn-index":21,
            "utterance":"幹事の何が嫌なんだ？"
        },
        {
            "speaker":"S",
            "time":"17.10.2020 14:30:14",
            "turn-index":22,
            "utterance":"お言葉を返すようで恐縮ですが、でしたら先輩が幹事をやられてはいかがでしょうか？"
        },
        {
            "speaker":"U",
            "time":"17.10.2020 14:33:52",
            "turn-index":23,
            "utterance":"俺はもうやったよ。君もいい経験になる。"
        },
        {
            "speaker":"S",
            "time":"17.10.2020 14:33:53",
            "turn-index":24,
            "utterance":"かと言って今やったところで苦労の度合いは変わらない気がします。だから勘弁してください。"
        },
        {
            "speaker":"U",
            "time":"17.10.2020 14:36:28",
            "turn-index":25,
            "utterance":"若い時の苦労は買ってもせよ、と言うだろ？"
        },
        {
            "speaker":"S",
            "time":"17.10.2020 14:36:30",
            "turn-index":26,
            "utterance":"そうですかね～でも若さじゃ勝てないものを先輩はもってますよ！"
        },
        {
            "speaker":"U",
            "time":"17.10.2020 14:41:01",
            "turn-index":27,
            "utterance":"若い時にしか出来ない事もある"
        },
        {
            "speaker":"S",
            "time":"17.10.2020 14:41:02",
            "turn-index":28,
            "utterance":"いやいや、できないっすよー。僕じゃなくてもできる人いますって！"
        },
        {
            "speaker":"U",
            "time":"17.10.2020 14:41:58",
            "turn-index":29,
            "utterance":"君という人間に期待しているんだ"
        },
        {
            "speaker":"S",
            "time":"17.10.2020 14:41:59",
            "turn-index":30,
            "utterance":"その期待に応えられない僕をお許しください。"
        }
    ]
}