{
    "dialogue-id":"V2R_10",
    "group-id":"",
    "speaker-id":"RiskyPolitenessBotVersion2",
    "turns":[
        {
            "speaker":"S",
            "time":"17.10.2020 15:13:44",
            "turn-index":0,
            "utterance":"はい、なんですか？"
        },
        {
            "speaker":"U",
            "time":"17.10.2020 15:13:55",
            "turn-index":1,
            "utterance":"そろそろまた、みんなで集まりたいよね。"
        },
        {
            "speaker":"S",
            "time":"17.10.2020 15:13:56",
            "turn-index":2,
            "utterance":"集まりたいですね！"
        },
        {
            "speaker":"U",
            "time":"17.10.2020 15:14:06",
            "turn-index":3,
            "utterance":"でしょ。同窓会なんでどうかな。"
        },
        {
            "speaker":"S",
            "time":"17.10.2020 15:14:07",
            "turn-index":4,
            "utterance":"同期だけならいいですけど、OBOGの方や3年生と僕はそこまで親しくはないので..."
        },
        {
            "speaker":"U",
            "time":"17.10.2020 15:14:32",
            "turn-index":5,
            "utterance":"なら、先輩と親しくなる良い機会だよ。"
        },
        {
            "speaker":"S",
            "time":"17.10.2020 15:14:33",
            "turn-index":6,
            "utterance":"いやー、先輩は僕のことを買い被りすぎじゃないですかね。こういう言い方もなんですが、もっと僕のことを見てると思っていました。。"
        },
        {
            "speaker":"U",
            "time":"17.10.2020 15:15:31",
            "turn-index":7,
            "utterance":"君が謙遜しすぎなんだよ。"
        },
        {
            "speaker":"S",
            "time":"17.10.2020 15:15:32",
            "turn-index":8,
            "utterance":"先輩に対して失礼の無いように接することを心がけております"
        },
        {
            "speaker":"U",
            "time":"17.10.2020 15:15:48",
            "turn-index":9,
            "utterance":"ありがとう。そこで頼みなんだが、幹事をしてくれないかな。"
        },
        {
            "speaker":"S",
            "time":"17.10.2020 15:15:49",
            "turn-index":10,
            "utterance":"僕なんかがやるより先輩がやる方が良いと思って。誰も僕に幹事なんて期待してないですよ！"
        },
        {
            "speaker":"U",
            "time":"17.10.2020 15:16:05",
            "turn-index":11,
            "utterance":"僕が期待してるんだ！"
        },
        {
            "speaker":"S",
            "time":"17.10.2020 15:16:06",
            "turn-index":12,
            "utterance":"いや！ここは盛り上げ上手の先輩がお願いします！"
        },
        {
            "speaker":"U",
            "time":"17.10.2020 15:16:20",
            "turn-index":13,
            "utterance":"いや、幹事は盛り上げなくてよいんだよ。"
        },
        {
            "speaker":"S",
            "time":"17.10.2020 15:16:22",
            "turn-index":14,
            "utterance":"いっそのこと、幹事もやって倒れたら休みを取れるんじゃないですかね。"
        },
        {
            "speaker":"U",
            "time":"17.10.2020 15:16:35",
            "turn-index":15,
            "utterance":"だれが、倒れるの？"
        },
        {
            "speaker":"S",
            "time":"17.10.2020 15:16:36",
            "turn-index":16,
            "utterance":"いやー、、さすがに、、アレですね…ごめんなさい…"
        },
        {
            "speaker":"U",
            "time":"17.10.2020 15:17:01",
            "turn-index":17,
            "utterance":"大丈夫(^^)/。幹事、やってみなよ。"
        },
        {
            "speaker":"S",
            "time":"17.10.2020 15:17:02",
            "turn-index":18,
            "utterance":"そんなことあるんですよ、これが。前回のお花見企画、誰もこなかったのでもう二度と幹事はやりません。"
        },
        {
            "speaker":"U",
            "time":"17.10.2020 15:17:32",
            "turn-index":19,
            "utterance":"それ、連絡来てないよ？"
        },
        {
            "speaker":"S",
            "time":"17.10.2020 15:17:33",
            "turn-index":20,
            "utterance":"流石に先輩にはかないません笑　みんな先輩に会いたがってますよ！"
        },
        {
            "speaker":"U",
            "time":"17.10.2020 15:17:45",
            "turn-index":21,
            "utterance":"そうでしょ？なので、段取りしてみてね。"
        },
        {
            "speaker":"S",
            "time":"17.10.2020 15:17:46",
            "turn-index":22,
            "utterance":"でもおまけ扱いはかわいそうですし、気配りができる人が幹事を務めたほうが良いのでは...?"
        },
        {
            "speaker":"U",
            "time":"17.10.2020 15:17:59",
            "turn-index":23,
            "utterance":"だからこその、君だよ。"
        },
        {
            "speaker":"S",
            "time":"17.10.2020 15:18:00",
            "turn-index":24,
            "utterance":"こっちで話通しておきますよ。鈴木君は先輩のことわかると思いますし。絶対鈴木君の方が良いですし。"
        },
        {
            "speaker":"U",
            "time":"17.10.2020 15:18:14",
            "turn-index":25,
            "utterance":"鈴木君って、だれだっけ？"
        },
        {
            "speaker":"S",
            "time":"17.10.2020 15:18:15",
            "turn-index":26,
            "utterance":"ちょっと、僕には難しいです。同じ4年で同サークルの鈴木君なら任せられると思います。"
        },
        {
            "speaker":"U",
            "time":"17.10.2020 15:18:27",
            "turn-index":27,
            "utterance":"そうか、君と同期の鈴木か。"
        },
        {
            "speaker":"S",
            "time":"17.10.2020 15:18:29",
            "turn-index":28,
            "utterance":"同期に声かけるのは別に幹事じゃなくても全然やりますけど、なんで僕が幹事やるのがいいんです？それがわからなくって。"
        },
        {
            "speaker":"U",
            "time":"17.10.2020 15:18:50",
            "turn-index":29,
            "utterance":"それじゃ、鈴木と二人ならやる？一人じゃ辛いもんね。"
        },
        {
            "speaker":"S",
            "time":"17.10.2020 15:18:52",
            "turn-index":30,
            "utterance":"同じサークルなので先輩も会ったことあると思います。鈴木君は飲み会とかよくしているので幹事向いてますよ。"
        }
    ]
}