{
    "dialogue-id":"V2R_50",
    "group-id":"",
    "speaker-id":"RiskyPolitenessBotVersion2",
    "turns":[
        {
            "speaker":"S",
            "time":"17.10.2020 14:53:36",
            "turn-index":0,
            "utterance":"はい、なんですか？"
        },
        {
            "speaker":"U",
            "time":"17.10.2020 14:54:08",
            "turn-index":1,
            "utterance":"同窓会の幹事を頼みたいんだ"
        },
        {
            "speaker":"S",
            "time":"17.10.2020 14:54:09",
            "turn-index":2,
            "utterance":"あぁ、幹事ですか。僕なんかでいいんですかね..."
        },
        {
            "speaker":"U",
            "time":"17.10.2020 14:54:16",
            "turn-index":3,
            "utterance":"君が適任なんだ"
        },
        {
            "speaker":"S",
            "time":"17.10.2020 14:54:17",
            "turn-index":4,
            "utterance":"そうっすかねー？個人的には鈴木君の方がいい気がするんすけど…僕がいい理由とかってあるんですか？"
        },
        {
            "speaker":"U",
            "time":"17.10.2020 14:54:28",
            "turn-index":5,
            "utterance":"しっかりこなしてくれそうだから"
        },
        {
            "speaker":"S",
            "time":"17.10.2020 14:54:29",
            "turn-index":6,
            "utterance":"任せてもらった時は先輩が常にカバーに入ってもらってできたことじゃないですか。先輩がいなかったらうまくはいっていないですよ。それを僕に任せるなんて厳しいですよ。"
        },
        {
            "speaker":"U",
            "time":"17.10.2020 14:54:37",
            "turn-index":7,
            "utterance":"君ならできるよ"
        },
        {
            "speaker":"S",
            "time":"17.10.2020 14:54:39",
            "turn-index":8,
            "utterance":"ちょっと、僕には難しいです。同じ4年で同サークルの鈴木君なら任せられると思います。"
        },
        {
            "speaker":"U",
            "time":"17.10.2020 14:54:44",
            "turn-index":9,
            "utterance":"そんなことはないよ"
        },
        {
            "speaker":"S",
            "time":"17.10.2020 14:54:46",
            "turn-index":10,
            "utterance":"絶対知ってる！陽キャの湯川先輩が良いお店を知らない訳がない！"
        },
        {
            "speaker":"U",
            "time":"17.10.2020 14:54:59",
            "turn-index":11,
            "utterance":"君が最適だと思ったからね"
        },
        {
            "speaker":"S",
            "time":"17.10.2020 14:55:00",
            "turn-index":12,
            "utterance":"まだ諦めるには早いと思われます。僕の同級生の鈴木君なら強引にお願いすることで幹事を任せられるのでは？"
        },
        {
            "speaker":"U",
            "time":"17.10.2020 14:55:09",
            "turn-index":13,
            "utterance":"それは責任逃れだよ"
        },
        {
            "speaker":"S",
            "time":"17.10.2020 14:55:10",
            "turn-index":14,
            "utterance":"それはもう大変ですよ"
        },
        {
            "speaker":"U",
            "time":"17.10.2020 14:55:16",
            "turn-index":15,
            "utterance":"頑張れそう？"
        },
        {
            "speaker":"S",
            "time":"17.10.2020 14:55:17",
            "turn-index":16,
            "utterance":"修造キャラ暑苦しいのでやめていただけますか…？"
        },
        {
            "speaker":"U",
            "time":"17.10.2020 14:55:29",
            "turn-index":17,
            "utterance":"お願いしたいんだけど"
        },
        {
            "speaker":"S",
            "time":"17.10.2020 14:55:31",
            "turn-index":18,
            "utterance":"本当に勘弁してください。嫌です。"
        },
        {
            "speaker":"U",
            "time":"17.10.2020 14:55:38",
            "turn-index":19,
            "utterance":"嫌とは言わせないよ"
        },
        {
            "speaker":"S",
            "time":"17.10.2020 14:55:39",
            "turn-index":20,
            "utterance":"かと言って今やったところで苦労の度合いは変わらない気がします。だから勘弁してください。"
        },
        {
            "speaker":"U",
            "time":"17.10.2020 14:55:51",
            "turn-index":21,
            "utterance":"そこをなんとか"
        },
        {
            "speaker":"S",
            "time":"17.10.2020 14:55:52",
            "turn-index":22,
            "utterance":"うーん。何とかできないかいろいろ調整してみますけど、多分きついっすよ？"
        },
        {
            "speaker":"U",
            "time":"17.10.2020 14:56:01",
            "turn-index":23,
            "utterance":"出来るよ"
        },
        {
            "speaker":"S",
            "time":"17.10.2020 14:56:02",
            "turn-index":24,
            "utterance":"いやいや、できないっすよー。僕じゃなくてもできる人いますって！"
        },
        {
            "speaker":"U",
            "time":"17.10.2020 14:56:08",
            "turn-index":25,
            "utterance":"君しかいないよ"
        },
        {
            "speaker":"S",
            "time":"17.10.2020 14:56:10",
            "turn-index":26,
            "utterance":"こっちで話通しておきますよ。鈴木君は先輩のことわかると思いますし。絶対鈴木君の方が良いですし。"
        },
        {
            "speaker":"U",
            "time":"17.10.2020 14:56:21",
            "turn-index":27,
            "utterance":"鈴木は予定あるって"
        },
        {
            "speaker":"S",
            "time":"17.10.2020 14:56:22",
            "turn-index":28,
            "utterance":"同じサークルなので先輩も会ったことあると思います。鈴木君は飲み会とかよくしているので幹事向いてますよ。"
        },
        {
            "speaker":"U",
            "time":"17.10.2020 14:56:32",
            "turn-index":29,
            "utterance":"鈴木は忙しいからできないんだよ"
        },
        {
            "speaker":"S",
            "time":"17.10.2020 14:56:33",
            "turn-index":30,
            "utterance":"合間で幹事の仕事進めるってなると、同窓会できるのずいぶん先になると思うんすよねー…うーん…"
        }
    ]
}