{
    "dialogue-id":"V2R_38",
    "group-id":"",
    "speaker-id":"RiskyPolitenessBotVersion2",
    "turns":[
        {
            "speaker":"S",
            "time":"17.10.2020 14:19:28",
            "turn-index":0,
            "utterance":"はい、なんですか？"
        },
        {
            "speaker":"U",
            "time":"17.10.2020 14:20:25",
            "turn-index":1,
            "utterance":"同窓会の幹事、お願いしたいんだけど・・・"
        },
        {
            "speaker":"S",
            "time":"17.10.2020 14:20:26",
            "turn-index":2,
            "utterance":"あぁ、幹事ですか。僕なんかでいいんですかね..."
        },
        {
            "speaker":"U",
            "time":"17.10.2020 14:20:50",
            "turn-index":3,
            "utterance":"お、大丈夫なの？幹事。"
        },
        {
            "speaker":"S",
            "time":"17.10.2020 14:20:52",
            "turn-index":4,
            "utterance":"そんなことあるんですよ、これが。前回のお花見企画、誰もこなかったのでもう二度と幹事はやりません。"
        },
        {
            "speaker":"U",
            "time":"17.10.2020 14:21:28",
            "turn-index":5,
            "utterance":"えー、そんなことあるの？大変だったね。じゃあ、駄目なの？"
        },
        {
            "speaker":"S",
            "time":"17.10.2020 14:21:30",
            "turn-index":6,
            "utterance":"いやー、そういうのはちゃんとできる人がやった方がいいんじゃないですかねー"
        },
        {
            "speaker":"U",
            "time":"17.10.2020 14:21:54",
            "turn-index":7,
            "utterance":"いやいや、お前はちゃんとしてるって。大丈夫だよ。"
        },
        {
            "speaker":"S",
            "time":"17.10.2020 14:21:56",
            "turn-index":8,
            "utterance":"えーっと、それでもやっぱりちょっと…自信がないと言いますか何と言いますか…"
        },
        {
            "speaker":"U",
            "time":"17.10.2020 14:22:32",
            "turn-index":9,
            "utterance":"大丈夫だって。同窓会なら集まってくれるよ。"
        },
        {
            "speaker":"S",
            "time":"17.10.2020 14:22:33",
            "turn-index":10,
            "utterance":"ちなみに先輩はどんな規模の同窓会を考えてますか？"
        },
        {
            "speaker":"U",
            "time":"17.10.2020 14:22:51",
            "turn-index":11,
            "utterance":"15人から20人くらいだよ。"
        },
        {
            "speaker":"S",
            "time":"17.10.2020 14:22:53",
            "turn-index":12,
            "utterance":"確か、今年のサークルの同期は10人くらいですねー。"
        },
        {
            "speaker":"U",
            "time":"17.10.2020 14:23:17",
            "turn-index":13,
            "utterance":"それくらいなら、幹事やれそうじゃない？"
        },
        {
            "speaker":"S",
            "time":"17.10.2020 14:23:20",
            "turn-index":14,
            "utterance":"いや、そこは盛り上げ上手の先輩にお任せしたいです！"
        },
        {
            "speaker":"U",
            "time":"17.10.2020 14:23:45",
            "turn-index":15,
            "utterance":"いやいや、上手じゃないよ。頼むよ。"
        },
        {
            "speaker":"S",
            "time":"17.10.2020 14:23:46",
            "turn-index":16,
            "utterance":"そこまで僕を推してもらっているので断るのは若干心苦しいですが、やはりさすがに、幹事はちょっと…"
        },
        {
            "speaker":"U",
            "time":"17.10.2020 14:24:12",
            "turn-index":17,
            "utterance":"もちろん、俺だって強力するよ？"
        },
        {
            "speaker":"S",
            "time":"17.10.2020 14:24:14",
            "turn-index":18,
            "utterance":"いやでも先輩の輝きには勝てませんよお"
        },
        {
            "speaker":"U",
            "time":"17.10.2020 14:24:48",
            "turn-index":19,
            "utterance":"何言ってるんだよ。お前は昔からしっかりしていたじゃないか。"
        },
        {
            "speaker":"S",
            "time":"17.10.2020 14:24:50",
            "turn-index":20,
            "utterance":"僕は自分の能力をちゃんと把握しているつもりです。僕では、役不足だと言っているんです。"
        },
        {
            "speaker":"U",
            "time":"17.10.2020 14:25:28",
            "turn-index":21,
            "utterance":"役不足の部分は、これから鍛えていけばいいんだからさ。大丈夫だよ。"
        },
        {
            "speaker":"S",
            "time":"17.10.2020 14:25:31",
            "turn-index":22,
            "utterance":"僕には自信ないです"
        },
        {
            "speaker":"U",
            "time":"17.10.2020 14:25:58",
            "turn-index":23,
            "utterance":"自信は、やれば自然についてくるものだよ。"
        },
        {
            "speaker":"S",
            "time":"17.10.2020 14:26:00",
            "turn-index":24,
            "utterance":"いや、無理ですって。できませんって。"
        },
        {
            "speaker":"U",
            "time":"17.10.2020 14:27:01",
            "turn-index":25,
            "utterance":"もちろん無理にとはいわないけど、お前ならいけると思うよ？"
        },
        {
            "speaker":"S",
            "time":"17.10.2020 14:27:02",
            "turn-index":26,
            "utterance":"そのようなことは思っておりません！今回は遠慮させていただきます！"
        },
        {
            "speaker":"U",
            "time":"17.10.2020 14:27:28",
            "turn-index":27,
            "utterance":"そう？できると思ったんだけどなあ。"
        },
        {
            "speaker":"S",
            "time":"17.10.2020 14:27:30",
            "turn-index":28,
            "utterance":"出来そうなことですか......思いつかないですね。先輩の行動力を見習いたいですが、僕には難しいみたいです。"
        },
        {
            "speaker":"U",
            "time":"17.10.2020 14:27:57",
            "turn-index":29,
            "utterance":"難しく考えないことが大事だよ。"
        },
        {
            "speaker":"S",
            "time":"17.10.2020 14:27:58",
            "turn-index":30,
            "utterance":"僕はちょっと難しいです。鈴木君と会うのはだめですかね。"
        }
    ]
}