{
    "dialogue-id":"V2R_31",
    "group-id":"",
    "speaker-id":"RiskyPolitenessBotVersion2",
    "turns":[
        {
            "speaker":"S",
            "time":"17.10.2020 14:47:39",
            "turn-index":0,
            "utterance":"はい、なんですか？"
        },
        {
            "speaker":"U",
            "time":"17.10.2020 14:48:02",
            "turn-index":1,
            "utterance":"うん、実はね今度のサークルの同窓会の件なんだけど。"
        },
        {
            "speaker":"S",
            "time":"17.10.2020 14:48:04",
            "turn-index":2,
            "utterance":"大変申し訳ないですが、今回はご遠慮させていただけると幸いです。"
        },
        {
            "speaker":"U",
            "time":"17.10.2020 14:49:14",
            "turn-index":3,
            "utterance":"え？もしかして最近忙しいの？"
        },
        {
            "speaker":"S",
            "time":"17.10.2020 14:49:16",
            "turn-index":4,
            "utterance":"合間で幹事の仕事進めるってなると、同窓会できるのずいぶん先になると思うんすよねー…うーん…"
        },
        {
            "speaker":"U",
            "time":"17.10.2020 14:50:11",
            "turn-index":5,
            "utterance":"さすが清水は勘がいいなぁ。実はまさに、その幹事をお願いしようかと思ってたんだ。"
        },
        {
            "speaker":"S",
            "time":"17.10.2020 14:50:13",
            "turn-index":6,
            "utterance":"僕だと参加する人に迷惑かけるかもしれません。たぶん、他の人の方に任せた方が良いと思います。"
        },
        {
            "speaker":"U",
            "time":"17.10.2020 14:50:31",
            "turn-index":7,
            "utterance":"大丈夫だよ。日程の調整はできるから。"
        },
        {
            "speaker":"S",
            "time":"17.10.2020 14:50:32",
            "turn-index":8,
            "utterance":"ちょっと、難しいですね。参加する人を考えると。"
        },
        {
            "speaker":"U",
            "time":"17.10.2020 14:51:10",
            "turn-index":9,
            "utterance":"そんなに気を遣わなくていいから。幹事引き受けてもらえない？"
        },
        {
            "speaker":"S",
            "time":"17.10.2020 14:51:11",
            "turn-index":10,
            "utterance":"同期に声かけるのは別に幹事じゃなくても全然やりますけど、なんで僕が幹事やるのがいいんです？それがわからなくって。"
        },
        {
            "speaker":"U",
            "time":"17.10.2020 14:51:42",
            "turn-index":11,
            "utterance":"だって清水が一番しっかりしてるもん。だからお願いしてるんだよ。"
        },
        {
            "speaker":"S",
            "time":"17.10.2020 14:51:44",
            "turn-index":12,
            "utterance":"僕が一番ちゃんとしてるわけではないと思います。"
        },
        {
            "speaker":"U",
            "time":"17.10.2020 14:52:03",
            "turn-index":13,
            "utterance":"そういう謙虚なところも含めて、お前が一番適任なの。"
        },
        {
            "speaker":"S",
            "time":"17.10.2020 14:52:04",
            "turn-index":14,
            "utterance":"そうですかね？先輩を慕っているって言った後輩もいましたよ！先輩を知ってる後輩までなら先輩がやった方がいいんじゃないですか？"
        },
        {
            "speaker":"U",
            "time":"17.10.2020 14:53:33",
            "turn-index":15,
            "utterance":"それは嬉しいんだけど、俺はちょっと仕事で都合がつかなくて。そこで、なんとかお願いできない？"
        },
        {
            "speaker":"S",
            "time":"17.10.2020 14:53:34",
            "turn-index":16,
            "utterance":"出来そうなことですか......思いつかないですね。先輩の行動力を見習いたいですが、僕には難しいみたいです。"
        },
        {
            "speaker":"U",
            "time":"17.10.2020 14:54:12",
            "turn-index":17,
            "utterance":"またまた。お前は気が利くし、行動力もあるから、だからやってみてよ。"
        },
        {
            "speaker":"S",
            "time":"17.10.2020 14:54:13",
            "turn-index":18,
            "utterance":"かと言って今やったところで苦労の度合いは変わらない気がします。だから勘弁してください。"
        },
        {
            "speaker":"U",
            "time":"17.10.2020 14:56:40",
            "turn-index":19,
            "utterance":"うん。まあそうかもね。あっ！そういえば、お前の好きな陽菜ちゃんも来るよ？"
        },
        {
            "speaker":"S",
            "time":"17.10.2020 14:56:41",
            "turn-index":20,
            "utterance":"でもせっかくなら良いお店行きたくないですか？いつものじゃなくて先輩のおススメとかあれば行ってみたいです！"
        },
        {
            "speaker":"U",
            "time":"17.10.2020 14:57:50",
            "turn-index":21,
            "utterance":"うん、いいね。おススメのお店かー。それで、陽菜ちゃんも来ることだし、幹事引き受けてくれる？"
        },
        {
            "speaker":"S",
            "time":"17.10.2020 14:57:51",
            "turn-index":22,
            "utterance":"お店...サークルのみんなと良く行っていたお店とかしか思いつかないですが..."
        },
        {
            "speaker":"U",
            "time":"17.10.2020 14:58:27",
            "turn-index":23,
            "utterance":"そういうお店で全然オーケーだよ。お店は清水にまかせるからさ。"
        },
        {
            "speaker":"S",
            "time":"17.10.2020 14:58:28",
            "turn-index":24,
            "utterance":"なるほど…そう言ってもらえるのはうれしいっすね。でも僕が知ってる店ほとんど使っちゃったんで…"
        },
        {
            "speaker":"U",
            "time":"17.10.2020 14:59:04",
            "turn-index":25,
            "utterance":"いや、使ったお店のほうがみんな慣れてていいよ。だからお願いできる？"
        },
        {
            "speaker":"S",
            "time":"17.10.2020 14:59:05",
            "turn-index":26,
            "utterance":"ほかにもいそうですが僕なんかしかいないのでしょうか"
        },
        {
            "speaker":"U",
            "time":"17.10.2020 14:59:46",
            "turn-index":27,
            "utterance":"そうなの。清水なら上手くやってくれそうだし。"
        },
        {
            "speaker":"S",
            "time":"17.10.2020 14:59:48",
            "turn-index":28,
            "utterance":"任せてもらった時は先輩が常にカバーに入ってもらってできたことじゃないですか。先輩がいなかったらうまくはいっていないですよ。それを僕に任せるなんて厳しいですよ。"
        },
        {
            "speaker":"U",
            "time":"17.10.2020 15:00:30",
            "turn-index":29,
            "utterance":"そう？それなら俺もできるかぎりカバーするからさ。だから頑張れ！"
        },
        {
            "speaker":"S",
            "time":"17.10.2020 15:00:31",
            "turn-index":30,
            "utterance":"それこそ先輩を慕っていたメンバーがサークルには多いので、先輩がメンバーとか集めた方が楽しくなるんじゃないですか？"
        }
    ]
}