{
    "dialogue-id":"V2R_24",
    "group-id":"",
    "speaker-id":"RiskyPolitenessBotVersion2",
    "turns":[
        {
            "speaker":"S",
            "time":"17.10.2020 14:41:35",
            "turn-index":0,
            "utterance":"はい、なんですか？"
        },
        {
            "speaker":"U",
            "time":"17.10.2020 14:41:53",
            "turn-index":1,
            "utterance":"そろそろ同窓会の時期だよね"
        },
        {
            "speaker":"S",
            "time":"17.10.2020 14:41:56",
            "turn-index":2,
            "utterance":"それって同窓会盛り上がらなさそうだし無しって大丈夫ですかね？"
        },
        {
            "speaker":"U",
            "time":"17.10.2020 14:42:18",
            "turn-index":3,
            "utterance":"そんなことないよ"
        },
        {
            "speaker":"S",
            "time":"17.10.2020 14:42:19",
            "turn-index":4,
            "utterance":"いやあ、でも僕はやりたくないですねえ"
        },
        {
            "speaker":"U",
            "time":"17.10.2020 14:43:08",
            "turn-index":5,
            "utterance":"そんなこと言わずに、幹事お願いした"
        },
        {
            "speaker":"S",
            "time":"17.10.2020 14:43:09",
            "turn-index":6,
            "utterance":"お言葉を返すようで恐縮ですが、でしたら先輩が幹事をやられてはいかがでしょうか？"
        },
        {
            "speaker":"U",
            "time":"17.10.2020 14:44:44",
            "turn-index":7,
            "utterance":"俺は去年やったから、頼みたかったんだ"
        },
        {
            "speaker":"S",
            "time":"17.10.2020 14:44:45",
            "turn-index":8,
            "utterance":"失礼ですが、僕を推薦する理由をお聞かせ願えますか？"
        },
        {
            "speaker":"U",
            "time":"17.10.2020 14:45:07",
            "turn-index":9,
            "utterance":"みんなに頼られていたから適任だと思って"
        },
        {
            "speaker":"S",
            "time":"17.10.2020 14:45:08",
            "turn-index":10,
            "utterance":"何で先輩はそんなに僕にやらせようとするんですか？"
        },
        {
            "speaker":"U",
            "time":"17.10.2020 14:45:32",
            "turn-index":11,
            "utterance":"安心して任せられるからだよ"
        },
        {
            "speaker":"S",
            "time":"17.10.2020 14:45:33",
            "turn-index":12,
            "utterance":"申し訳ないですが、別の方に頼んでみるのはいかがでしょうか？"
        },
        {
            "speaker":"U",
            "time":"17.10.2020 14:45:56",
            "turn-index":13,
            "utterance":"他に頼りがいあるやついないしなぁ"
        },
        {
            "speaker":"S",
            "time":"17.10.2020 14:45:58",
            "turn-index":14,
            "utterance":"僕なんかがやるより先輩がやる方が良いと思って。誰も僕に幹事なんて期待してないですよ！"
        },
        {
            "speaker":"U",
            "time":"17.10.2020 14:46:18",
            "turn-index":15,
            "utterance":"そんなことないよ、いつもみんなに頼りにされてたじゃないか"
        },
        {
            "speaker":"S",
            "time":"17.10.2020 14:46:19",
            "turn-index":16,
            "utterance":"でもせっかくなら良いお店行きたくないですか？いつものじゃなくて先輩のおススメとかあれば行ってみたいです！"
        },
        {
            "speaker":"U",
            "time":"17.10.2020 14:46:54",
            "turn-index":17,
            "utterance":"駅前に去年できた居酒屋、料理もうまいしコスパいいよ"
        },
        {
            "speaker":"S",
            "time":"17.10.2020 14:46:56",
            "turn-index":18,
            "utterance":"駅近はそうですけど、去年卒業した佐藤先輩とかって結構都心から遠かったじゃないですか。それを思うとどの駅ってのも大事じゃないですか？"
        },
        {
            "speaker":"U",
            "time":"17.10.2020 14:47:42",
            "turn-index":19,
            "utterance":"確かに、やっぱり頼りになるな"
        },
        {
            "speaker":"S",
            "time":"17.10.2020 14:47:43",
            "turn-index":20,
            "utterance":"大丈夫ですよ。鈴木君は本当にこういうの上手いんで。よかったら先輩と鈴木君が会えるように連絡付けましょうか。"
        },
        {
            "speaker":"U",
            "time":"17.10.2020 14:48:25",
            "turn-index":21,
            "utterance":"鈴木もいいけど清水も気が利くじゃないか"
        },
        {
            "speaker":"S",
            "time":"17.10.2020 14:48:26",
            "turn-index":22,
            "utterance":"こっちで話通しておきますよ。鈴木君は先輩のことわかると思いますし。絶対鈴木君の方が良いですし。"
        },
        {
            "speaker":"U",
            "time":"17.10.2020 14:48:54",
            "turn-index":23,
            "utterance":"清水のほうがみんなに頼られてたと思うけどな"
        },
        {
            "speaker":"S",
            "time":"17.10.2020 14:48:55",
            "turn-index":24,
            "utterance":"そんなことないですって。先輩はみんなから慕われていたし、卒業生も喜んで参加してくれると思います。"
        },
        {
            "speaker":"U",
            "time":"17.10.2020 14:49:16",
            "turn-index":25,
            "utterance":"俺は去年幹事やったしなぁ"
        },
        {
            "speaker":"S",
            "time":"17.10.2020 14:49:17",
            "turn-index":26,
            "utterance":"そんなことあるんですよ、これが。前回のお花見企画、誰もこなかったのでもう二度と幹事はやりません。"
        },
        {
            "speaker":"U",
            "time":"17.10.2020 14:49:52",
            "turn-index":27,
            "utterance":"お花見は平日だったし場所も悪かったから、清水のせいじゃないよ"
        },
        {
            "speaker":"S",
            "time":"17.10.2020 14:49:53",
            "turn-index":28,
            "utterance":"でも、こう...他にも頼めそうな人いたりとかしないんですか？"
        },
        {
            "speaker":"U",
            "time":"17.10.2020 14:50:26",
            "turn-index":29,
            "utterance":"清水に任せられたら安心だからなぁ"
        },
        {
            "speaker":"S",
            "time":"17.10.2020 14:50:27",
            "turn-index":30,
            "utterance":"僕だと参加する人に迷惑かけるかもしれません。たぶん、他の人の方に任せた方が良いと思います。"
        }
    ]
}