{
    "dialogue-id":"V2R_25",
    "group-id":"",
    "speaker-id":"RiskyPolitenessBotVersion2",
    "turns":[
        {
            "speaker":"S",
            "time":"17.10.2020 16:31:16",
            "turn-index":0,
            "utterance":"はい、なんですか？"
        },
        {
            "speaker":"U",
            "time":"17.10.2020 16:32:11",
            "turn-index":1,
            "utterance":"今度サークルの同窓会やりたいんだけどさ"
        },
        {
            "speaker":"S",
            "time":"17.10.2020 16:32:12",
            "turn-index":2,
            "utterance":"いやぁ、先輩には非常に申し訳ないですけど遠慮させていただきます..."
        },
        {
            "speaker":"U",
            "time":"17.10.2020 16:34:51",
            "turn-index":3,
            "utterance":"そんなこと言わず久しぶりに皆で会おうよ"
        },
        {
            "speaker":"S",
            "time":"17.10.2020 16:34:52",
            "turn-index":4,
            "utterance":"そのようなことをされると困ります!先輩！"
        },
        {
            "speaker":"U",
            "time":"17.10.2020 16:35:27",
            "turn-index":5,
            "utterance":"オレの顔を立てるつもりでお願いします！"
        },
        {
            "speaker":"S",
            "time":"17.10.2020 16:35:28",
            "turn-index":6,
            "utterance":"いくら信頼していただいても、幹事だけはいやです。"
        },
        {
            "speaker":"U",
            "time":"17.10.2020 16:36:00",
            "turn-index":7,
            "utterance":"お前みたいに信頼の厚いやつは他にいないんだよ"
        },
        {
            "speaker":"S",
            "time":"17.10.2020 16:36:01",
            "turn-index":8,
            "utterance":"僕だと参加する人に迷惑かけるかもしれません。たぶん、他の人の方に任せた方が良いと思います。"
        },
        {
            "speaker":"U",
            "time":"17.10.2020 16:36:55",
            "turn-index":9,
            "utterance":"引き受けてくれたらお前の株もあがるよ"
        },
        {
            "speaker":"S",
            "time":"17.10.2020 16:36:56",
            "turn-index":10,
            "utterance":"そんなこと言われましても・・・"
        },
        {
            "speaker":"U",
            "time":"17.10.2020 16:37:33",
            "turn-index":11,
            "utterance":"優しいお前ならきっと引き受けてくれると信じてる"
        },
        {
            "speaker":"S",
            "time":"17.10.2020 16:37:34",
            "turn-index":12,
            "utterance":"すみません…どうしても…ちょっと…責任が重い仕事というのは…"
        },
        {
            "speaker":"U",
            "time":"17.10.2020 16:38:01",
            "turn-index":13,
            "utterance":"何かあっても全部オレのせいにすればいいから"
        },
        {
            "speaker":"S",
            "time":"17.10.2020 16:38:03",
            "turn-index":14,
            "utterance":"正直自分が何もしたくないので他の奴にやらせるのありですか？"
        },
        {
            "speaker":"U",
            "time":"17.10.2020 16:38:43",
            "turn-index":15,
            "utterance":"協力できることはするから頼むよ"
        },
        {
            "speaker":"S",
            "time":"17.10.2020 16:38:44",
            "turn-index":16,
            "utterance":"うーん。何とかできないかいろいろ調整してみますけど、多分きついっすよ？"
        },
        {
            "speaker":"U",
            "time":"17.10.2020 16:39:04",
            "turn-index":17,
            "utterance":"本当に助かるよ"
        },
        {
            "speaker":"S",
            "time":"17.10.2020 16:39:05",
            "turn-index":18,
            "utterance":"厳しいっすね…僕以外にできそうな人誰かいないんすか？"
        },
        {
            "speaker":"U",
            "time":"17.10.2020 16:39:30",
            "turn-index":19,
            "utterance":"それがいなくて本当に困ってるんだ"
        },
        {
            "speaker":"S",
            "time":"17.10.2020 16:39:31",
            "turn-index":20,
            "utterance":"そうだったのですか...配慮が足りず誠に申し訳ございません..."
        },
        {
            "speaker":"U",
            "time":"17.10.2020 16:40:12",
            "turn-index":21,
            "utterance":"いや無理に頼んでるこちらも悪いけど今回だけお願いします"
        },
        {
            "speaker":"S",
            "time":"17.10.2020 16:40:13",
            "turn-index":22,
            "utterance":"本当に勘弁してください。嫌です。"
        },
        {
            "speaker":"U",
            "time":"17.10.2020 16:40:56",
            "turn-index":23,
            "utterance":"気持ちは分かるけど修行だと思って"
        },
        {
            "speaker":"S",
            "time":"17.10.2020 16:40:57",
            "turn-index":24,
            "utterance":"スペシャルグレートな先輩の力を見せてください！"
        },
        {
            "speaker":"U",
            "time":"17.10.2020 16:43:46",
            "turn-index":25,
            "utterance":"スペシャルグレートな後輩の力が見たい！"
        },
        {
            "speaker":"S",
            "time":"17.10.2020 16:43:47",
            "turn-index":26,
            "utterance":"いやー、先輩は僕のことを買い被りすぎじゃないですかね。こういう言い方もなんですが、もっと僕のことを見てると思っていました。。"
        },
        {
            "speaker":"U",
            "time":"17.10.2020 16:44:09",
            "turn-index":27,
            "utterance":"見てたからこそだよ"
        },
        {
            "speaker":"S",
            "time":"17.10.2020 16:44:10",
            "turn-index":28,
            "utterance":"先輩の目にはそのように映っておられたのでしょうか？"
        },
        {
            "speaker":"U",
            "time":"17.10.2020 16:44:36",
            "turn-index":29,
            "utterance":"その通り！"
        },
        {
            "speaker":"S",
            "time":"17.10.2020 16:44:37",
            "turn-index":30,
            "utterance":"いやいや、先輩が幹事をやってほうがみんな喜んで集まりますよ！"
        }
    ]
}