{
    "dialogue-id":"V2R_33",
    "group-id":"",
    "speaker-id":"RiskyPolitenessBotVersion2",
    "turns":[
        {
            "speaker":"S",
            "time":"17.10.2020 18:13:26",
            "turn-index":0,
            "utterance":"はい、なんですか？"
        },
        {
            "speaker":"U",
            "time":"17.10.2020 18:17:27",
            "turn-index":1,
            "utterance":"同窓会のことなんだけど"
        },
        {
            "speaker":"S",
            "time":"17.10.2020 18:17:28",
            "turn-index":2,
            "utterance":"あぁ、幹事ですか。僕なんかでいいんですかね..."
        },
        {
            "speaker":"U",
            "time":"17.10.2020 18:17:44",
            "turn-index":3,
            "utterance":"もちろんだよ"
        },
        {
            "speaker":"S",
            "time":"17.10.2020 18:17:45",
            "turn-index":4,
            "utterance":"幹事をやるのは個人的にちょっとアレなんすよねー"
        },
        {
            "speaker":"U",
            "time":"17.10.2020 18:18:07",
            "turn-index":5,
            "utterance":"アレって何？"
        },
        {
            "speaker":"S",
            "time":"17.10.2020 18:18:08",
            "turn-index":6,
            "utterance":"なんかうちの研究室、引継ぎ資料を超詳細に作らないといけないみたいで…"
        },
        {
            "speaker":"U",
            "time":"17.10.2020 18:19:03",
            "turn-index":7,
            "utterance":"幹事なんて、片手間にできるよ"
        },
        {
            "speaker":"S",
            "time":"17.10.2020 18:19:04",
            "turn-index":8,
            "utterance":"それ以外にも手が離せない事情があって幹事はできないんです。"
        },
        {
            "speaker":"U",
            "time":"17.10.2020 18:19:45",
            "turn-index":9,
            "utterance":"でも、誰かがしないといけないし"
        },
        {
            "speaker":"S",
            "time":"17.10.2020 18:19:47",
            "turn-index":10,
            "utterance":"僕なんかがやるより先輩がやる方が良いと思って。誰も僕に幹事なんて期待してないですよ！"
        },
        {
            "speaker":"U",
            "time":"17.10.2020 18:21:00",
            "turn-index":11,
            "utterance":"君も、これまでは、他人に幹事をしてもらってお世話になったよね"
        },
        {
            "speaker":"S",
            "time":"17.10.2020 18:21:01",
            "turn-index":12,
            "utterance":"僕だと参加する人に迷惑かけるかもしれません。たぶん、他の人の方に任せた方が良いと思います。"
        },
        {
            "speaker":"U",
            "time":"17.10.2020 18:21:30",
            "turn-index":13,
            "utterance":"今度は君が世話をする番だよ"
        },
        {
            "speaker":"S",
            "time":"17.10.2020 18:21:32",
            "turn-index":14,
            "utterance":"えぇー、それはちょっとなー..."
        },
        {
            "speaker":"U",
            "time":"17.10.2020 18:21:53",
            "turn-index":15,
            "utterance":"持ち回りだから、仕方ないよ"
        },
        {
            "speaker":"S",
            "time":"17.10.2020 18:21:54",
            "turn-index":16,
            "utterance":"いやいや、先輩が幹事をやってほうがみんな喜んで集まりますよ！"
        },
        {
            "speaker":"U",
            "time":"17.10.2020 18:22:30",
            "turn-index":17,
            "utterance":"仲間同士、責任は分担し合おうよ"
        },
        {
            "speaker":"S",
            "time":"17.10.2020 18:22:31",
            "turn-index":18,
            "utterance":"合間で幹事の仕事進めるってなると、同窓会できるのずいぶん先になると思うんすよねー…うーん…"
        },
        {
            "speaker":"U",
            "time":"17.10.2020 18:24:13",
            "turn-index":19,
            "utterance":"君の都合に合わせて日程を決めていいよ"
        },
        {
            "speaker":"S",
            "time":"17.10.2020 18:24:14",
            "turn-index":20,
            "utterance":"あーでも同窓会って盛り上げるイベントとかってだいたいやりません？それ含めると無理っすよ。"
        },
        {
            "speaker":"U",
            "time":"17.10.2020 18:24:41",
            "turn-index":21,
            "utterance":"別にそれはなくてもいいよ"
        },
        {
            "speaker":"S",
            "time":"17.10.2020 18:24:42",
            "turn-index":22,
            "utterance":"すみません…どうしても…ちょっと…責任が重い仕事というのは…"
        },
        {
            "speaker":"U",
            "time":"17.10.2020 18:25:33",
            "turn-index":23,
            "utterance":"幹事なんて、みんなすることだし、君が考えているほど大きな責任ではないよ"
        },
        {
            "speaker":"S",
            "time":"17.10.2020 18:25:34",
            "turn-index":24,
            "utterance":"でも...僕こういうの手際悪いので、せっかくの同窓会が台無しになるかもしれないし..."
        },
        {
            "speaker":"U",
            "time":"17.10.2020 18:26:15",
            "turn-index":25,
            "utterance":"手際が悪くても、他の人がカバーしてくれるし、それが仲間というものだよ"
        },
        {
            "speaker":"S",
            "time":"17.10.2020 18:26:16",
            "turn-index":26,
            "utterance":"先輩にはいろいろお世話になりましたが、幹事だけはやりたくないです。"
        },
        {
            "speaker":"U",
            "time":"17.10.2020 18:27:03",
            "turn-index":27,
            "utterance":"君は同窓会に参加したくないの？"
        },
        {
            "speaker":"S",
            "time":"17.10.2020 18:27:04",
            "turn-index":28,
            "utterance":"それって同窓会盛り上がらなさそうだし無しって大丈夫ですかね？"
        },
        {
            "speaker":"U",
            "time":"17.10.2020 18:28:58",
            "turn-index":29,
            "utterance":"同窓会の目的は盛り上がることではなく、旧交をあたためることだよ"
        },
        {
            "speaker":"S",
            "time":"17.10.2020 18:28:59",
            "turn-index":30,
            "utterance":"そうですかね？先輩を慕っているって言った後輩もいましたよ！先輩を知ってる後輩までなら先輩がやった方がいいんじゃないですか？"
        }
    ]
}