{
    "dialogue-id":"V2R_51",
    "group-id":"",
    "speaker-id":"RiskyPolitenessBotVersion2",
    "turns":[
        {
            "speaker":"S",
            "time":"17.10.2020 15:21:21",
            "turn-index":0,
            "utterance":"はい、なんですか？"
        },
        {
            "speaker":"U",
            "time":"17.10.2020 15:21:49",
            "turn-index":1,
            "utterance":"突然なんだが、君に同窓会の幹事をお願いしたくて。"
        },
        {
            "speaker":"S",
            "time":"17.10.2020 15:21:50",
            "turn-index":2,
            "utterance":"あぁ、幹事ですか。僕なんかでいいんですかね..."
        },
        {
            "speaker":"U",
            "time":"17.10.2020 15:22:05",
            "turn-index":3,
            "utterance":"君が適任だと思って。"
        },
        {
            "speaker":"S",
            "time":"17.10.2020 15:22:07",
            "turn-index":4,
            "utterance":"大丈夫ですよ。鈴木君は本当にこういうの上手いんで。よかったら先輩と鈴木君が会えるように連絡付けましょうか。"
        },
        {
            "speaker":"U",
            "time":"17.10.2020 15:22:37",
            "turn-index":5,
            "utterance":"えっ、鈴木君？僕は君にお願いしたい。"
        },
        {
            "speaker":"S",
            "time":"17.10.2020 15:22:39",
            "turn-index":6,
            "utterance":"こっちで話通しておきますよ。鈴木君は先輩のことわかると思いますし。絶対鈴木君の方が良いですし。"
        },
        {
            "speaker":"U",
            "time":"17.10.2020 15:23:18",
            "turn-index":7,
            "utterance":"鈴木君はいいやつだがちょっと抜けているところがあって心配だな。"
        },
        {
            "speaker":"S",
            "time":"17.10.2020 15:23:19",
            "turn-index":8,
            "utterance":"どうなさいましたか？"
        },
        {
            "speaker":"U",
            "time":"17.10.2020 15:23:34",
            "turn-index":9,
            "utterance":"できれば君にお願いしたい。"
        },
        {
            "speaker":"S",
            "time":"17.10.2020 15:23:35",
            "turn-index":10,
            "utterance":"鈴木君の方か良いですよ。とりあえず鈴木君と一回会ってみたらどうですか。"
        },
        {
            "speaker":"U",
            "time":"17.10.2020 15:24:03",
            "turn-index":11,
            "utterance":"実は彼とは少し話をして、君がいいと思ったんだ"
        },
        {
            "speaker":"S",
            "time":"17.10.2020 15:24:04",
            "turn-index":12,
            "utterance":"ならできれば今のうちに同窓会の大枠を決められればなんとかできるかも…とは思うのですが、今そういうしっかり話し込む時間って大丈夫ですか？"
        },
        {
            "speaker":"U",
            "time":"17.10.2020 15:24:35",
            "turn-index":13,
            "utterance":"もちろん、大丈夫だよ。"
        },
        {
            "speaker":"S",
            "time":"17.10.2020 15:24:36",
            "turn-index":14,
            "utterance":"もう寝る準備しちゃって"
        },
        {
            "speaker":"U",
            "time":"17.10.2020 15:25:21",
            "turn-index":15,
            "utterance":"今日は都合が悪いならまた後日でもいいが、、、"
        },
        {
            "speaker":"S",
            "time":"17.10.2020 15:25:22",
            "turn-index":16,
            "utterance":"ちょっと遅れてるんで、土日もそれやったほうがいい感じなんすよねー。だから厳しいっす。"
        },
        {
            "speaker":"U",
            "time":"17.10.2020 15:25:58",
            "turn-index":17,
            "utterance":"忙しい時にごめんな。でも頼む。"
        },
        {
            "speaker":"S",
            "time":"17.10.2020 15:25:59",
            "turn-index":18,
            "utterance":"でもやっぱ忙しいんでちょっと無理っすね。"
        },
        {
            "speaker":"U",
            "time":"17.10.2020 15:26:33",
            "turn-index":19,
            "utterance":"君が一番適任なんだ"
        },
        {
            "speaker":"S",
            "time":"17.10.2020 15:26:34",
            "turn-index":20,
            "utterance":"僕は先輩がむいていると思うんですけどね"
        },
        {
            "speaker":"U",
            "time":"17.10.2020 15:26:56",
            "turn-index":21,
            "utterance":"僕がやるわけにはいかないんだ"
        },
        {
            "speaker":"S",
            "time":"17.10.2020 15:26:57",
            "turn-index":22,
            "utterance":"そうなんですね、でも自分やりたくないのでさっき聞いた同窓会の内容は伝えておくので他の人にお願いできませんか？"
        },
        {
            "speaker":"U",
            "time":"17.10.2020 15:27:16",
            "turn-index":23,
            "utterance":"どうしてもやりたくないかい？"
        },
        {
            "speaker":"S",
            "time":"17.10.2020 15:27:17",
            "turn-index":24,
            "utterance":"なるほど…じゃあそんなに時間がかからないんだったら先輩はできないんですか？"
        },
        {
            "speaker":"U",
            "time":"17.10.2020 15:27:48",
            "turn-index":25,
            "utterance":"僕にはできないからお願いしているんだ。"
        },
        {
            "speaker":"S",
            "time":"17.10.2020 15:27:50",
            "turn-index":26,
            "utterance":"いや～、僕だと上手くできないかもしれませし、難しい気がします。"
        },
        {
            "speaker":"U",
            "time":"17.10.2020 15:28:06",
            "turn-index":27,
            "utterance":"君ならできると思うのだが。"
        },
        {
            "speaker":"S",
            "time":"17.10.2020 15:28:07",
            "turn-index":28,
            "utterance":"鈴木君はサークル内のリーダー的存在だったので、幹事という役目にも適していると考えます。"
        },
        {
            "speaker":"U",
            "time":"17.10.2020 15:28:37",
            "turn-index":29,
            "utterance":"鈴木君には他の仕事が当たっているんだ。"
        },
        {
            "speaker":"S",
            "time":"17.10.2020 15:28:38",
            "turn-index":30,
            "utterance":"僕だと参加する人に迷惑かけるかもしれません。たぶん、他の人の方に任せた方が良いと思います。"
        }
    ]
}