{
    "dialogue-id":"V2R_13",
    "group-id":"",
    "speaker-id":"RiskyPolitenessBotVersion2",
    "turns":[
        {
            "speaker":"S",
            "time":"17.10.2020 14:11:37",
            "turn-index":0,
            "utterance":"はい、なんですか？"
        },
        {
            "speaker":"U",
            "time":"17.10.2020 14:13:13",
            "turn-index":1,
            "utterance":"そろそろ清水の卒業の時期だよね。"
        },
        {
            "speaker":"S",
            "time":"17.10.2020 14:13:15",
            "turn-index":2,
            "utterance":"確か、今年のサークルの同期は10人くらいですねー。"
        },
        {
            "speaker":"U",
            "time":"17.10.2020 14:13:58",
            "turn-index":3,
            "utterance":"そっか。そういえば同窓会の幹事を清水にお願いしたいんだ。"
        },
        {
            "speaker":"S",
            "time":"17.10.2020 14:13:59",
            "turn-index":4,
            "utterance":"先輩からの依頼はうれしいのですが、遠慮させてください。"
        },
        {
            "speaker":"U",
            "time":"17.10.2020 14:14:07",
            "turn-index":5,
            "utterance":"気分が乗らない？"
        },
        {
            "speaker":"S",
            "time":"17.10.2020 14:14:08",
            "turn-index":6,
            "utterance":"サポートあってもできる気がしないので嫌です。"
        },
        {
            "speaker":"U",
            "time":"17.10.2020 14:14:41",
            "turn-index":7,
            "utterance":"何故清水に頼むかって、君を信頼してるからなんだ。"
        },
        {
            "speaker":"S",
            "time":"17.10.2020 14:14:43",
            "turn-index":8,
            "utterance":"こっちで話通しておきますよ。鈴木君は先輩のことわかると思いますし。絶対鈴木君の方が良いですし。"
        },
        {
            "speaker":"U",
            "time":"17.10.2020 14:15:55",
            "turn-index":9,
            "utterance":"鈴木君もいいけど、清水しか深く信頼してないんだ。"
        },
        {
            "speaker":"S",
            "time":"17.10.2020 14:15:56",
            "turn-index":10,
            "utterance":"大丈夫ですよ。鈴木君は本当にこういうの上手いんで。よかったら先輩と鈴木君が会えるように連絡付けましょうか。"
        },
        {
            "speaker":"U",
            "time":"17.10.2020 14:16:20",
            "turn-index":11,
            "utterance":"いや、大丈夫。俺は清水の方がいいと思ってるんだ。"
        },
        {
            "speaker":"S",
            "time":"17.10.2020 14:16:21",
            "turn-index":12,
            "utterance":"僕には自信ないです"
        },
        {
            "speaker":"U",
            "time":"17.10.2020 14:16:35",
            "turn-index":13,
            "utterance":"俺が自信を持たせてあげる。"
        },
        {
            "speaker":"S",
            "time":"17.10.2020 14:16:36",
            "turn-index":14,
            "utterance":"まあほんと先輩にはお世話になったから、できればやりたい気持ちはあるんですけど…"
        },
        {
            "speaker":"U",
            "time":"17.10.2020 14:17:17",
            "turn-index":15,
            "utterance":"そう言ってくれてありがとう。どうにか引き受けてくれたら嬉しいよ。"
        },
        {
            "speaker":"S",
            "time":"17.10.2020 14:17:18",
            "turn-index":16,
            "utterance":"すみません…どうしても…ちょっと…責任が重い仕事というのは…"
        },
        {
            "speaker":"U",
            "time":"17.10.2020 14:17:30",
            "turn-index":17,
            "utterance":"責任は全て俺が持つよ！"
        },
        {
            "speaker":"S",
            "time":"17.10.2020 14:17:31",
            "turn-index":18,
            "utterance":"ほとんど僕に任せる感じですか…それはちょっと荷が重いのでいろんな人と相談したいです。"
        },
        {
            "speaker":"U",
            "time":"17.10.2020 14:17:54",
            "turn-index":19,
            "utterance":"一緒にやっていこう。俺がサポートするよ。"
        },
        {
            "speaker":"S",
            "time":"17.10.2020 14:17:55",
            "turn-index":20,
            "utterance":"いやぁ、先輩が主導してくれた方がいいですって！"
        },
        {
            "speaker":"U",
            "time":"17.10.2020 14:18:17",
            "turn-index":21,
            "utterance":"君をサポートする側に回りたいんだ。是非やってもらえないかな？"
        },
        {
            "speaker":"S",
            "time":"17.10.2020 14:18:18",
            "turn-index":22,
            "utterance":"厳しいっすね…僕以外にできそうな人誰かいないんすか？"
        },
        {
            "speaker":"U",
            "time":"17.10.2020 14:18:35",
            "turn-index":23,
            "utterance":"案外頼める人が他にいないんだ"
        },
        {
            "speaker":"S",
            "time":"17.10.2020 14:18:36",
            "turn-index":24,
            "utterance":"ほかにもいそうですが僕なんかしかいないのでしょうか"
        },
        {
            "speaker":"U",
            "time":"17.10.2020 14:18:51",
            "turn-index":25,
            "utterance":"そうなんだよ。清水しかいなくて。"
        },
        {
            "speaker":"S",
            "time":"17.10.2020 14:18:53",
            "turn-index":26,
            "utterance":"とかいって他に頼める人いないってことですよね"
        },
        {
            "speaker":"U",
            "time":"17.10.2020 14:19:38",
            "turn-index":27,
            "utterance":"それは清水だからこんなこと頼むんだよ。信頼できるから。"
        },
        {
            "speaker":"S",
            "time":"17.10.2020 14:19:39",
            "turn-index":28,
            "utterance":"そのように評価してくださることは大変光栄なのですが、やはり僕には向いてないと思います"
        },
        {
            "speaker":"U",
            "time":"17.10.2020 14:19:50",
            "turn-index":29,
            "utterance":"どういうところが向いてないと思うかな？"
        },
        {
            "speaker":"S",
            "time":"17.10.2020 14:19:52",
            "turn-index":30,
            "utterance":"鈴木君はサークル内のリーダー的存在だったので、幹事という役目にも適していると考えます。"
        }
    ]
}