{
    "dialogue-id":"V2R_27",
    "group-id":"",
    "speaker-id":"RiskyPolitenessBotVersion2",
    "turns":[
        {
            "speaker":"S",
            "time":"17.10.2020 14:03:14",
            "turn-index":0,
            "utterance":"はい、なんですか？"
        },
        {
            "speaker":"U",
            "time":"17.10.2020 14:03:34",
            "turn-index":1,
            "utterance":"久しぶりだね。元気にしてた？"
        },
        {
            "speaker":"S",
            "time":"17.10.2020 14:03:35",
            "turn-index":2,
            "utterance":"申し訳ないですが、別の方に頼んでみるのはいかがでしょうか？"
        },
        {
            "speaker":"U",
            "time":"17.10.2020 14:03:53",
            "turn-index":3,
            "utterance":"そんなことを言わずにまずは、飲みにでも行こうよ。"
        },
        {
            "speaker":"S",
            "time":"17.10.2020 14:03:54",
            "turn-index":4,
            "utterance":"でもせっかくなら良いお店行きたくないですか？いつものじゃなくて先輩のおススメとかあれば行ってみたいです！"
        },
        {
            "speaker":"U",
            "time":"17.10.2020 14:04:24",
            "turn-index":5,
            "utterance":"いいよ。じゃあ、落ち着ける所へでも行ってみないか？"
        },
        {
            "speaker":"S",
            "time":"17.10.2020 14:04:26",
            "turn-index":6,
            "utterance":"お店...サークルのみんなと良く行っていたお店とかしか思いつかないですが..."
        },
        {
            "speaker":"U",
            "time":"17.10.2020 14:04:51",
            "turn-index":7,
            "utterance":"そこでもいいよ。ちょっと懐かしい感じがするし、今年のサークルの飲み会にも良さそう。"
        },
        {
            "speaker":"S",
            "time":"17.10.2020 14:04:52",
            "turn-index":8,
            "utterance":"あーでも同窓会って盛り上げるイベントとかってだいたいやりません？それ含めると無理っすよ。"
        },
        {
            "speaker":"U",
            "time":"17.10.2020 14:05:13",
            "turn-index":9,
            "utterance":"アイデアを出すのは俺も手伝うから、幹事やってよ。"
        },
        {
            "speaker":"S",
            "time":"17.10.2020 14:05:14",
            "turn-index":10,
            "utterance":"同期に声かけるのは別に幹事じゃなくても全然やりますけど、なんで僕が幹事やるのがいいんです？それがわからなくって。"
        },
        {
            "speaker":"U",
            "time":"17.10.2020 14:06:01",
            "turn-index":11,
            "utterance":"卒業前に幹事をやっておけば、後輩に幹事をやってもらう時に教えられるよ。"
        },
        {
            "speaker":"S",
            "time":"17.10.2020 14:06:02",
            "turn-index":12,
            "utterance":"いやー、先輩は僕のことを買い被りすぎじゃないですかね。こういう言い方もなんですが、もっと僕のことを見てると思っていました。。"
        },
        {
            "speaker":"U",
            "time":"17.10.2020 14:06:28",
            "turn-index":13,
            "utterance":"ちゃんと見てるよ。君ならできるって思ったから、幹事をすすめているんだ。"
        },
        {
            "speaker":"S",
            "time":"17.10.2020 14:06:29",
            "turn-index":14,
            "utterance":"こっちで話通しておきますよ。鈴木君は先輩のことわかると思いますし。絶対鈴木君の方が良いですし。"
        },
        {
            "speaker":"U",
            "time":"17.10.2020 14:07:02",
            "turn-index":15,
            "utterance":"じゃあ、鈴木君と一緒に幹事をやるっていうのもいいんじゃない？"
        },
        {
            "speaker":"S",
            "time":"17.10.2020 14:07:03",
            "turn-index":16,
            "utterance":"合間で幹事の仕事進めるってなると、同窓会できるのずいぶん先になると思うんすよねー…うーん…"
        },
        {
            "speaker":"U",
            "time":"17.10.2020 14:07:41",
            "turn-index":17,
            "utterance":"マイペースで多少先になってもいいから、やってみたらきっと役に立つよ。"
        },
        {
            "speaker":"S",
            "time":"17.10.2020 14:07:42",
            "turn-index":18,
            "utterance":"いやぁ、先輩が主導してくれた方がいいですって！"
        },
        {
            "speaker":"U",
            "time":"17.10.2020 14:08:18",
            "turn-index":19,
            "utterance":"次の後継者を育てる意味でも、君がやってくれると助かるんだけどね。"
        },
        {
            "speaker":"S",
            "time":"17.10.2020 14:08:19",
            "turn-index":20,
            "utterance":"なんかうちの研究室、引継ぎ資料を超詳細に作らないといけないみたいで…"
        },
        {
            "speaker":"U",
            "time":"17.10.2020 14:08:40",
            "turn-index":21,
            "utterance":"資料作りを優先していいし、俺も手伝うからやってみようよ。"
        },
        {
            "speaker":"S",
            "time":"17.10.2020 14:08:41",
            "turn-index":22,
            "utterance":"いやいや、先輩が幹事をやってほうがみんな喜んで集まりますよ！"
        },
        {
            "speaker":"U",
            "time":"17.10.2020 14:09:10",
            "turn-index":23,
            "utterance":"君がやってもみんな集まってくれるよ。俺も力を貸すしサポートもしっかりやるからさ。"
        },
        {
            "speaker":"S",
            "time":"17.10.2020 14:09:11",
            "turn-index":24,
            "utterance":"サポートあってもできる気がしないので嫌です。"
        },
        {
            "speaker":"U",
            "time":"17.10.2020 14:09:48",
            "turn-index":25,
            "utterance":"もうすぐ卒業だから、最後のイベントだと思ってトライしてみようよ。"
        },
        {
            "speaker":"S",
            "time":"17.10.2020 14:09:49",
            "turn-index":26,
            "utterance":"卒研の後は大学生活のシメとしてバイト入れまくったので、ちょっと無理ですね。　先輩が仕事終わった後にやれば良いと思います。"
        },
        {
            "speaker":"U",
            "time":"17.10.2020 14:10:50",
            "turn-index":27,
            "utterance":"バイトの合間でいいからさ。できることは手伝うから、ちょっと携わるくらいでもかまわないよ。"
        },
        {
            "speaker":"S",
            "time":"17.10.2020 14:10:52",
            "turn-index":28,
            "utterance":"いや、同窓会には参加したいけど、幹事ってなると下準備とか結構かかりますよね？それを思うと忙しいと難しくないすか？"
        },
        {
            "speaker":"U",
            "time":"17.10.2020 14:11:19",
            "turn-index":29,
            "utterance":"準備はみんなでやればいいし、最後の同窓会の幹事なんて思い出に残るよ。"
        },
        {
            "speaker":"S",
            "time":"17.10.2020 14:11:20",
            "turn-index":30,
            "utterance":"あぁ、幹事ですか。僕なんかでいいんですかね..."
        }
    ]
}