{
    "dialogue-id":"V2R_23",
    "group-id":"",
    "speaker-id":"RiskyPolitenessBotVersion2",
    "turns":[
        {
            "speaker":"S",
            "time":"17.10.2020 14:33:02",
            "turn-index":0,
            "utterance":"はい、なんですか？"
        },
        {
            "speaker":"U",
            "time":"17.10.2020 14:35:24",
            "turn-index":1,
            "utterance":"後輩の清水に同窓会の幹事をたのもうかと思っているんだけど"
        },
        {
            "speaker":"S",
            "time":"17.10.2020 14:35:25",
            "turn-index":2,
            "utterance":"同期に声かけるのは別に幹事じゃなくても全然やりますけど、なんで僕が幹事やるのがいいんです？それがわからなくって。"
        },
        {
            "speaker":"U",
            "time":"17.10.2020 14:36:45",
            "turn-index":3,
            "utterance":"そのほうが僕も安心するんだよ"
        },
        {
            "speaker":"S",
            "time":"17.10.2020 14:36:46",
            "turn-index":4,
            "utterance":"そのようなことは思っておりません！今回は遠慮させていただきます！"
        },
        {
            "speaker":"U",
            "time":"17.10.2020 14:37:07",
            "turn-index":5,
            "utterance":"そこをなんとか今回だけ御願いしたいんだけど"
        },
        {
            "speaker":"S",
            "time":"17.10.2020 14:37:08",
            "turn-index":6,
            "utterance":"本当に勘弁してください。嫌です。"
        },
        {
            "speaker":"U",
            "time":"17.10.2020 14:39:10",
            "turn-index":7,
            "utterance":"お願いを聞いてくれたらこちらも清水のお願いを聞こうと思っているんだけど"
        },
        {
            "speaker":"S",
            "time":"17.10.2020 14:39:11",
            "turn-index":8,
            "utterance":"何度も繰り返すようで大変恐縮ですが、幹事は別の方にお願いしてくださると幸いです"
        },
        {
            "speaker":"U",
            "time":"17.10.2020 14:39:40",
            "turn-index":9,
            "utterance":"俺とお前の関係がまずくなっても？"
        },
        {
            "speaker":"S",
            "time":"17.10.2020 14:39:41",
            "turn-index":10,
            "utterance":"そのようなことをされると困ります!先輩！"
        },
        {
            "speaker":"U",
            "time":"17.10.2020 14:40:00",
            "turn-index":11,
            "utterance":"じゃあ、幹事の件も少しは考えて欲しいな"
        },
        {
            "speaker":"S",
            "time":"17.10.2020 14:40:01",
            "turn-index":12,
            "utterance":"いや、そこは盛り上げ上手の先輩にお任せしたいです！"
        },
        {
            "speaker":"U",
            "time":"17.10.2020 14:40:28",
            "turn-index":13,
            "utterance":"清水が主にやってこちらがサポートに回るというのは？"
        },
        {
            "speaker":"S",
            "time":"17.10.2020 14:40:29",
            "turn-index":14,
            "utterance":"いやぁ、先輩が主導してくれた方がいいですって！"
        },
        {
            "speaker":"U",
            "time":"17.10.2020 14:40:54",
            "turn-index":15,
            "utterance":"何か困ったら必ず手伝うという条件でも？"
        },
        {
            "speaker":"S",
            "time":"17.10.2020 14:40:56",
            "turn-index":16,
            "utterance":"困りますね。なんとか僕以外の人に頼んでいただきたいです。"
        },
        {
            "speaker":"U",
            "time":"17.10.2020 14:41:35",
            "turn-index":17,
            "utterance":"じゃあ俺とお前の関係もここまでだな"
        },
        {
            "speaker":"S",
            "time":"17.10.2020 14:41:36",
            "turn-index":18,
            "utterance":"いやぁ日程調整とか大変ですし...そこは先輩の手腕で何とか引っ張ってもらえると！"
        },
        {
            "speaker":"U",
            "time":"17.10.2020 14:42:39",
            "turn-index":19,
            "utterance":"こっちが忙しいから頼んでいるんだよ"
        },
        {
            "speaker":"S",
            "time":"17.10.2020 14:42:40",
            "turn-index":20,
            "utterance":"どうなさいましたか？"
        },
        {
            "speaker":"U",
            "time":"17.10.2020 14:43:01",
            "turn-index":21,
            "utterance":"そういった返答以外出来ないのか"
        },
        {
            "speaker":"S",
            "time":"17.10.2020 14:43:02",
            "turn-index":22,
            "utterance":"僕の記憶の限りだとそのようなことは一切ございません。誰かと勘違いされておられませんか？"
        },
        {
            "speaker":"U",
            "time":"17.10.2020 14:43:32",
            "turn-index":23,
            "utterance":"じゃぁもう二度と頼まないから金輪際、"
        },
        {
            "speaker":"S",
            "time":"17.10.2020 14:43:33",
            "turn-index":24,
            "utterance":"いやいや、僕よりも頼れる人を先輩は知ってると思うので、その人に頼んだ方がいいですよ。"
        },
        {
            "speaker":"U",
            "time":"17.10.2020 14:44:10",
            "turn-index":25,
            "utterance":"お前が一番頼れるから頼んでいるんだよ"
        },
        {
            "speaker":"S",
            "time":"17.10.2020 14:44:11",
            "turn-index":26,
            "utterance":"僕が一番ちゃんとしてるわけではないと思います。"
        },
        {
            "speaker":"U",
            "time":"17.10.2020 14:44:44",
            "turn-index":27,
            "utterance":"いやお前以外いないよ"
        },
        {
            "speaker":"S",
            "time":"17.10.2020 14:44:46",
            "turn-index":28,
            "utterance":"先輩の好き嫌いと幹事の好き嫌いは同一じゃないですよ。ごっちゃにしないでください！"
        },
        {
            "speaker":"U",
            "time":"17.10.2020 14:45:43",
            "turn-index":29,
            "utterance":"ごっちゃにはしていないよお前だけが頼りだ"
        },
        {
            "speaker":"S",
            "time":"17.10.2020 14:45:44",
            "turn-index":30,
            "utterance":"大丈夫ですよ。鈴木君は本当にこういうの上手いんで。よかったら先輩と鈴木君が会えるように連絡付けましょうか。"
        }
    ]
}