{
    "dialogue-id":"V2R_42",
    "group-id":"",
    "speaker-id":"RiskyPolitenessBotVersion2",
    "turns":[
        {
            "speaker":"S",
            "time":"17.10.2020 14:08:13",
            "turn-index":0,
            "utterance":"はい、なんですか？"
        },
        {
            "speaker":"U",
            "time":"17.10.2020 14:10:54",
            "turn-index":1,
            "utterance":"そろそろ同窓会があるでしょ？"
        },
        {
            "speaker":"S",
            "time":"17.10.2020 14:10:55",
            "turn-index":2,
            "utterance":"それって同窓会盛り上がらなさそうだし無しって大丈夫ですかね？"
        },
        {
            "speaker":"U",
            "time":"17.10.2020 14:11:20",
            "turn-index":3,
            "utterance":"いや、毎年やってるから今年もやるよ。"
        },
        {
            "speaker":"S",
            "time":"17.10.2020 14:11:22",
            "turn-index":4,
            "utterance":"感謝はしていますけど、幹事はやりたくないです。"
        },
        {
            "speaker":"U",
            "time":"17.10.2020 14:12:14",
            "turn-index":5,
            "utterance":"そんなこと言わずに引き受けて欲しいんだけど。"
        },
        {
            "speaker":"S",
            "time":"17.10.2020 14:12:15",
            "turn-index":6,
            "utterance":"でもおまけ扱いはかわいそうですし、気配りができる人が幹事を務めたほうが良いのでは...?"
        },
        {
            "speaker":"U",
            "time":"17.10.2020 14:12:38",
            "turn-index":7,
            "utterance":"お前ほど幹事に適した人はいないよ。"
        },
        {
            "speaker":"S",
            "time":"17.10.2020 14:12:39",
            "turn-index":8,
            "utterance":"僕としては、久しぶりに先輩が取り持つ同窓会というか幹事を見てみたいんですが......"
        },
        {
            "speaker":"U",
            "time":"17.10.2020 14:12:55",
            "turn-index":9,
            "utterance":"仕事が忙しくて無理なんだ。"
        },
        {
            "speaker":"S",
            "time":"17.10.2020 14:12:56",
            "turn-index":10,
            "utterance":"すみません…どうしても…ちょっと…責任が重い仕事というのは…"
        },
        {
            "speaker":"U",
            "time":"17.10.2020 14:13:14",
            "turn-index":11,
            "utterance":"そこまで気負わなくても大丈夫だから。"
        },
        {
            "speaker":"S",
            "time":"17.10.2020 14:13:16",
            "turn-index":12,
            "utterance":"僕には自信ないです"
        },
        {
            "speaker":"U",
            "time":"17.10.2020 14:13:25",
            "turn-index":13,
            "utterance":"お前なら出来るよ。"
        },
        {
            "speaker":"S",
            "time":"17.10.2020 14:13:26",
            "turn-index":14,
            "utterance":"いやいや、できないっすよー。僕じゃなくてもできる人いますって！"
        },
        {
            "speaker":"U",
            "time":"17.10.2020 14:13:51",
            "turn-index":15,
            "utterance":"でも、お前が1番しっかりしてるから。"
        },
        {
            "speaker":"S",
            "time":"17.10.2020 14:13:52",
            "turn-index":16,
            "utterance":"僕が一番ちゃんとしてるわけではないと思います。"
        },
        {
            "speaker":"U",
            "time":"17.10.2020 14:14:14",
            "turn-index":17,
            "utterance":"そんなことないよ。"
        },
        {
            "speaker":"S",
            "time":"17.10.2020 14:14:15",
            "turn-index":18,
            "utterance":"いやあ、でも僕はやりたくないですねえ"
        },
        {
            "speaker":"U",
            "time":"17.10.2020 14:14:51",
            "turn-index":19,
            "utterance":"みんな1度は経験してることだから。"
        },
        {
            "speaker":"S",
            "time":"17.10.2020 14:14:52",
            "turn-index":20,
            "utterance":"かと言って今やったところで苦労の度合いは変わらない気がします。だから勘弁してください。"
        },
        {
            "speaker":"U",
            "time":"17.10.2020 14:15:10",
            "turn-index":21,
            "utterance":"今やらなかったらやる時ないだろ。"
        },
        {
            "speaker":"S",
            "time":"17.10.2020 14:15:12",
            "turn-index":22,
            "utterance":"はい確かに、今はそこまで忙しくはないのですが、やはり、いざ幹事をできるのかと考えると、どうしてもちょっと…その、先輩がそう言ってくださってることはわかっているのですが、ちょっと…アレなんです…"
        },
        {
            "speaker":"U",
            "time":"17.10.2020 14:15:42",
            "turn-index":23,
            "utterance":"あれってなんだよ。忙しくないなら頼むよ。"
        },
        {
            "speaker":"S",
            "time":"17.10.2020 14:15:43",
            "turn-index":24,
            "utterance":"そこまで僕を推してもらっているので断るのは若干心苦しいですが、やはりさすがに、幹事はちょっと…"
        },
        {
            "speaker":"U",
            "time":"17.10.2020 14:16:13",
            "turn-index":25,
            "utterance":"そんなに気負う仕事じゃないから頼む。"
        },
        {
            "speaker":"S",
            "time":"17.10.2020 14:16:14",
            "turn-index":26,
            "utterance":"いや、そこは盛り上げ上手の先輩にお任せしたいです！"
        },
        {
            "speaker":"U",
            "time":"17.10.2020 14:16:38",
            "turn-index":27,
            "utterance":"だから仕事が忙しくて無理なんだ。俺の代わりはお前にしかできない。"
        },
        {
            "speaker":"S",
            "time":"17.10.2020 14:16:40",
            "turn-index":28,
            "utterance":"え、先輩ちゃんと仕事してたんですねw僕も色々やることがあって忙しいので、無理ですよ。"
        },
        {
            "speaker":"U",
            "time":"17.10.2020 14:16:58",
            "turn-index":29,
            "utterance":"さっき忙しくないって言ったろw"
        },
        {
            "speaker":"S",
            "time":"17.10.2020 14:16:59",
            "turn-index":30,
            "utterance":"はい、なんだかんだ忙しいですね"
        }
    ]
}