{
    "dialogue-id":"V2R_17",
    "group-id":"",
    "speaker-id":"RiskyPolitenessBotVersion2",
    "turns":[
        {
            "speaker":"S",
            "time":"17.10.2020 16:23:15",
            "turn-index":0,
            "utterance":"はい、なんですか？"
        },
        {
            "speaker":"U",
            "time":"17.10.2020 16:23:30",
            "turn-index":1,
            "utterance":"同窓会の幹事を頼むよ。"
        },
        {
            "speaker":"S",
            "time":"17.10.2020 16:23:31",
            "turn-index":2,
            "utterance":"先輩からの依頼はうれしいのですが、遠慮させてください。"
        },
        {
            "speaker":"U",
            "time":"17.10.2020 16:23:48",
            "turn-index":3,
            "utterance":"どうして。理由を教えて。"
        },
        {
            "speaker":"S",
            "time":"17.10.2020 16:23:49",
            "turn-index":4,
            "utterance":"理由があるわけではないですけど、正直に言うと面倒です。"
        },
        {
            "speaker":"U",
            "time":"17.10.2020 16:24:12",
            "turn-index":5,
            "utterance":"そこを何とか頼むよ。"
        },
        {
            "speaker":"S",
            "time":"17.10.2020 16:24:13",
            "turn-index":6,
            "utterance":"うーん。何とかできないかいろいろ調整してみますけど、多分きついっすよ？"
        },
        {
            "speaker":"U",
            "time":"17.10.2020 16:25:14",
            "turn-index":7,
            "utterance":"とりあえず調整してみてよ。"
        },
        {
            "speaker":"S",
            "time":"17.10.2020 16:25:16",
            "turn-index":8,
            "utterance":"いえ...繰り返すようで大変恐縮ですが、やはり僕では力不足だと思います。"
        },
        {
            "speaker":"U",
            "time":"17.10.2020 16:25:37",
            "turn-index":9,
            "utterance":"そんなに謙遜しないでよ。"
        },
        {
            "speaker":"S",
            "time":"17.10.2020 16:25:38",
            "turn-index":10,
            "utterance":"すみません…どうしても…ちょっと…責任が重い仕事というのは…"
        },
        {
            "speaker":"U",
            "time":"17.10.2020 16:25:59",
            "turn-index":11,
            "utterance":"そんなに大変なこと。"
        },
        {
            "speaker":"S",
            "time":"17.10.2020 16:26:00",
            "turn-index":12,
            "utterance":"そんなことあるんですよ、これが。前回のお花見企画、誰もこなかったのでもう二度と幹事はやりません。"
        },
        {
            "speaker":"U",
            "time":"17.10.2020 16:26:18",
            "turn-index":13,
            "utterance":"私も手伝うから頑張ってよ。"
        },
        {
            "speaker":"S",
            "time":"17.10.2020 16:26:19",
            "turn-index":14,
            "utterance":"困りますね。なんとか僕以外の人に頼んでいただきたいです。"
        },
        {
            "speaker":"U",
            "time":"17.10.2020 16:26:55",
            "turn-index":15,
            "utterance":"すでに何人かに断られているんだ。"
        },
        {
            "speaker":"S",
            "time":"17.10.2020 16:26:56",
            "turn-index":16,
            "utterance":"まだ諦めるには早いと思われます。僕の同級生の鈴木君なら強引にお願いすることで幹事を任せられるのでは？"
        },
        {
            "speaker":"U",
            "time":"17.10.2020 16:27:51",
            "turn-index":17,
            "utterance":"当たってみるけど、あなたも再考してよ。"
        },
        {
            "speaker":"S",
            "time":"17.10.2020 16:27:52",
            "turn-index":18,
            "utterance":"本当に勘弁してください。嫌です。"
        },
        {
            "speaker":"U",
            "time":"17.10.2020 16:28:07",
            "turn-index":19,
            "utterance":"なんでそんなに嫌なの。"
        },
        {
            "speaker":"S",
            "time":"17.10.2020 16:28:09",
            "turn-index":20,
            "utterance":"不快にさせてしまって申し訳ないです...ですが僕のことは僕が一番わかっているので..."
        },
        {
            "speaker":"U",
            "time":"17.10.2020 16:28:32",
            "turn-index":21,
            "utterance":"理由をはっきり教えてよ。"
        },
        {
            "speaker":"S",
            "time":"17.10.2020 16:28:34",
            "turn-index":22,
            "utterance":"いえ、これといって明確な理由があるというわけでもないのですが…一方でじゃあ出来るのかと言われるとそれもそれでまた違ってくるような感じもしていまして…"
        },
        {
            "speaker":"U",
            "time":"17.10.2020 16:29:03",
            "turn-index":23,
            "utterance":"案ずるよりも生むが易しだよ。"
        },
        {
            "speaker":"S",
            "time":"17.10.2020 16:29:04",
            "turn-index":24,
            "utterance":"なるほど…でもそれだったら湯川先輩の方が、先輩ですし声かけられる人多いんじゃないですか？"
        },
        {
            "speaker":"U",
            "time":"17.10.2020 16:29:25",
            "turn-index":25,
            "utterance":"どうしてもダメなの。"
        },
        {
            "speaker":"S",
            "time":"17.10.2020 16:29:26",
            "turn-index":26,
            "utterance":"修造キャラ暑苦しいのでやめていただけますか…？"
        },
        {
            "speaker":"U",
            "time":"17.10.2020 16:29:48",
            "turn-index":27,
            "utterance":"そんなに暑苦しい。"
        },
        {
            "speaker":"S",
            "time":"17.10.2020 16:29:50",
            "turn-index":28,
            "utterance":"かと言って今やったところで苦労の度合いは変わらない気がします。だから勘弁してください。"
        },
        {
            "speaker":"U",
            "time":"17.10.2020 16:30:31",
            "turn-index":29,
            "utterance":"色々と良い経験ができると思うよ。"
        },
        {
            "speaker":"S",
            "time":"17.10.2020 16:30:33",
            "turn-index":30,
            "utterance":"はい確かに、今はそこまで忙しくはないのですが、やはり、いざ幹事をできるのかと考えると、どうしてもちょっと…その、先輩がそう言ってくださってることはわかっているのですが、ちょっと…アレなんです…"
        }
    ]
}