{
    "dialogue-id":"V2R_36",
    "group-id":"",
    "speaker-id":"RiskyPolitenessBotVersion2",
    "turns":[
        {
            "speaker":"S",
            "time":"17.10.2020 15:13:52",
            "turn-index":0,
            "utterance":"はい、なんですか？"
        },
        {
            "speaker":"U",
            "time":"17.10.2020 15:14:22",
            "turn-index":1,
            "utterance":"毎年恒例の同窓会のことなんだけど"
        },
        {
            "speaker":"S",
            "time":"17.10.2020 15:14:23",
            "turn-index":2,
            "utterance":"あぁ、幹事ですか。僕なんかでいいんですかね..."
        },
        {
            "speaker":"U",
            "time":"17.10.2020 15:15:10",
            "turn-index":3,
            "utterance":"察しいいね。そお、その幹事を頼みたいんだよ"
        },
        {
            "speaker":"S",
            "time":"17.10.2020 15:15:11",
            "turn-index":4,
            "utterance":"先輩からの依頼はうれしいのですが、遠慮させてください。"
        },
        {
            "speaker":"U",
            "time":"17.10.2020 15:15:30",
            "turn-index":5,
            "utterance":"訳を聞いてもいいかな"
        },
        {
            "speaker":"S",
            "time":"17.10.2020 15:15:31",
            "turn-index":6,
            "utterance":"同期に声かけるのは別に幹事じゃなくても全然やりますけど、なんで僕が幹事やるのがいいんです？それがわからなくって。"
        },
        {
            "speaker":"U",
            "time":"17.10.2020 15:15:58",
            "turn-index":7,
            "utterance":"それは、君にみんなをまとめる力があるからだ"
        },
        {
            "speaker":"S",
            "time":"17.10.2020 15:15:59",
            "turn-index":8,
            "utterance":"いえ...繰り返すようで大変恐縮ですが、やはり僕では力不足だと思います。"
        },
        {
            "speaker":"U",
            "time":"17.10.2020 15:16:25",
            "turn-index":9,
            "utterance":"だって、お前部長やってったんだろ"
        },
        {
            "speaker":"S",
            "time":"17.10.2020 15:16:26",
            "turn-index":10,
            "utterance":"お言葉を返すようで恐縮ですが、でしたら先輩が幹事をやられてはいかがでしょうか？"
        },
        {
            "speaker":"U",
            "time":"17.10.2020 15:16:42",
            "turn-index":11,
            "utterance":"俺は去年やったばかり"
        },
        {
            "speaker":"S",
            "time":"17.10.2020 15:16:43",
            "turn-index":12,
            "utterance":"ほんとに困ります。やりたくないです。"
        },
        {
            "speaker":"U",
            "time":"17.10.2020 15:17:09",
            "turn-index":13,
            "utterance":"それはやらず嫌いじゃないかね"
        },
        {
            "speaker":"S",
            "time":"17.10.2020 15:17:10",
            "turn-index":14,
            "utterance":"いや、でもせっかくやるなら大きい規模が理想ですよね...？"
        },
        {
            "speaker":"U",
            "time":"17.10.2020 15:17:40",
            "turn-index":15,
            "utterance":"そのとおり。これを成し遂げれば一回りも二回りも大きくなるよ"
        },
        {
            "speaker":"S",
            "time":"17.10.2020 15:17:41",
            "turn-index":16,
            "utterance":"なるほど…じゃあそんなに時間がかからないんだったら先輩はできないんですか？"
        },
        {
            "speaker":"U",
            "time":"17.10.2020 15:18:18",
            "turn-index":17,
            "utterance":"俺は十分やったから、今回お前に白羽の矢が立ったんだけど"
        },
        {
            "speaker":"S",
            "time":"17.10.2020 15:18:19",
            "turn-index":18,
            "utterance":"俺よりもっと頼れるやつがいるじゃないですか"
        },
        {
            "speaker":"U",
            "time":"17.10.2020 15:18:42",
            "turn-index":19,
            "utterance":"確かにそうかもしれないが、俺はお前に期待しているんだ"
        },
        {
            "speaker":"S",
            "time":"17.10.2020 15:18:43",
            "turn-index":20,
            "utterance":"その期待に応えられない僕をお許しください。"
        },
        {
            "speaker":"U",
            "time":"17.10.2020 15:19:13",
            "turn-index":21,
            "utterance":"そう卑屈になるな。わからないことがあったらいつでも電話してきていいし"
        },
        {
            "speaker":"S",
            "time":"17.10.2020 15:19:14",
            "turn-index":22,
            "utterance":"そのようなことをされると困ります!先輩！"
        },
        {
            "speaker":"U",
            "time":"17.10.2020 15:19:52",
            "turn-index":23,
            "utterance":"今回引き受けてくれたら、お前に彼女紹介するし"
        },
        {
            "speaker":"S",
            "time":"17.10.2020 15:19:53",
            "turn-index":24,
            "utterance":"僕も幹事引き受けるのは個人的になーって感じなので断りたいっす"
        },
        {
            "speaker":"U",
            "time":"17.10.2020 15:20:43",
            "turn-index":25,
            "utterance":"一人でやるのが辛いなら友達の力を借りたらどうかね"
        },
        {
            "speaker":"S",
            "time":"17.10.2020 15:20:45",
            "turn-index":26,
            "utterance":"ちょっと人数把握が大変そうですね..."
        },
        {
            "speaker":"U",
            "time":"17.10.2020 15:21:02",
            "turn-index":27,
            "utterance":"それならだいたい80人くらい"
        },
        {
            "speaker":"S",
            "time":"17.10.2020 15:21:03",
            "turn-index":28,
            "utterance":"確か、今年のサークルの同期は10人くらいですねー。"
        },
        {
            "speaker":"U",
            "time":"17.10.2020 15:21:29",
            "turn-index":29,
            "utterance":"そんな数ならたいしたことないだろ"
        },
        {
            "speaker":"S",
            "time":"17.10.2020 15:21:31",
            "turn-index":30,
            "utterance":"3年生も10人弱くらいですかね。"
        }
    ]
}