{
    "dialogue-id":"V2R_37",
    "group-id":"",
    "speaker-id":"RiskyPolitenessBotVersion2",
    "turns":[
        {
            "speaker":"S",
            "time":"17.10.2020 17:28:53",
            "turn-index":0,
            "utterance":"はい、なんですか？"
        },
        {
            "speaker":"U",
            "time":"17.10.2020 17:29:10",
            "turn-index":1,
            "utterance":"もうすぐサークルの同窓会やるんだけど、知ってる？"
        },
        {
            "speaker":"S",
            "time":"17.10.2020 17:29:11",
            "turn-index":2,
            "utterance":"いやぁ、先輩には非常に申し訳ないですけど遠慮させていただきます..."
        },
        {
            "speaker":"U",
            "time":"17.10.2020 17:29:24",
            "turn-index":3,
            "utterance":"えっ？いけないの？"
        },
        {
            "speaker":"S",
            "time":"17.10.2020 17:29:25",
            "turn-index":4,
            "utterance":"厳しいっすね…僕以外にできそうな人誰かいないんすか？"
        },
        {
            "speaker":"U",
            "time":"17.10.2020 17:29:46",
            "turn-index":5,
            "utterance":"清水に幹事頼みたいんだよね"
        },
        {
            "speaker":"S",
            "time":"17.10.2020 17:29:47",
            "turn-index":6,
            "utterance":"申し訳ないですが、別の方に頼んでみるのはいかがでしょうか？"
        },
        {
            "speaker":"U",
            "time":"17.10.2020 17:30:03",
            "turn-index":7,
            "utterance":"頼むよ、人が全然いなくてさ"
        },
        {
            "speaker":"S",
            "time":"17.10.2020 17:30:05",
            "turn-index":8,
            "utterance":"ほかにもいそうですが僕なんかしかいないのでしょうか"
        },
        {
            "speaker":"U",
            "time":"17.10.2020 17:30:17",
            "turn-index":9,
            "utterance":"嫌がる人が多いんだよね"
        },
        {
            "speaker":"S",
            "time":"17.10.2020 17:30:18",
            "turn-index":10,
            "utterance":"先輩のことは嫌いではないですよ！幹事が嫌なだけです！"
        },
        {
            "speaker":"U",
            "time":"17.10.2020 17:30:31",
            "turn-index":11,
            "utterance":"幹事も難しくないよ"
        },
        {
            "speaker":"S",
            "time":"17.10.2020 17:30:32",
            "turn-index":12,
            "utterance":"先輩はコミュ障をなめておられる…。特に深い付き合いのない不特定多数の人間と集って飲む会のまとめ役とかハードルしかないです。"
        },
        {
            "speaker":"U",
            "time":"17.10.2020 17:30:44",
            "turn-index":13,
            "utterance":"でも普通に喋れるじゃん"
        },
        {
            "speaker":"S",
            "time":"17.10.2020 17:30:45",
            "turn-index":14,
            "utterance":"でもせっかくなら良いお店行きたくないですか？いつものじゃなくて先輩のおススメとかあれば行ってみたいです！"
        },
        {
            "speaker":"U",
            "time":"17.10.2020 17:30:56",
            "turn-index":15,
            "utterance":"お店はもうすぐ決めるよ"
        },
        {
            "speaker":"S",
            "time":"17.10.2020 17:30:57",
            "turn-index":16,
            "utterance":"お店...サークルのみんなと良く行っていたお店とかしか思いつかないですが..."
        },
        {
            "speaker":"U",
            "time":"17.10.2020 17:31:05",
            "turn-index":17,
            "utterance":"まあどこでも良いよ"
        },
        {
            "speaker":"S",
            "time":"17.10.2020 17:31:07",
            "turn-index":18,
            "utterance":"幹事できるかは相談の結果次第ですが、時間があるならよかったです。まず場所ってどこらへんがいいみたいなのってありますか？"
        },
        {
            "speaker":"U",
            "time":"17.10.2020 17:31:22",
            "turn-index":19,
            "utterance":"場所はまだよく分からないかな"
        },
        {
            "speaker":"S",
            "time":"17.10.2020 17:31:23",
            "turn-index":20,
            "utterance":"いや、ないので…。"
        },
        {
            "speaker":"U",
            "time":"17.10.2020 17:31:32",
            "turn-index":21,
            "utterance":"まあおいおい決める予定だから"
        },
        {
            "speaker":"S",
            "time":"17.10.2020 17:31:34",
            "turn-index":22,
            "utterance":"そしたら、場所が決めにくいのですがどうしましょう？"
        },
        {
            "speaker":"U",
            "time":"17.10.2020 17:31:54",
            "turn-index":23,
            "utterance":"希望の場所ある？"
        },
        {
            "speaker":"S",
            "time":"17.10.2020 17:31:55",
            "turn-index":24,
            "utterance":"理由があるわけではないですけど、正直に言うと面倒です。"
        },
        {
            "speaker":"U",
            "time":"17.10.2020 17:32:12",
            "turn-index":25,
            "utterance":"でも幹事はそこまで仕事はないから、すぐ終わるよ"
        },
        {
            "speaker":"S",
            "time":"17.10.2020 17:32:14",
            "turn-index":26,
            "utterance":"いや、そこは盛り上げ上手の先輩にお任せしたいです！"
        },
        {
            "speaker":"U",
            "time":"17.10.2020 17:32:43",
            "turn-index":27,
            "utterance":"でも清水はまとめ上手だと思うよ"
        },
        {
            "speaker":"S",
            "time":"17.10.2020 17:32:44",
            "turn-index":28,
            "utterance":"鈴木君はサークル内のリーダー的存在だったので、幹事という役目にも適していると考えます。"
        },
        {
            "speaker":"U",
            "time":"17.10.2020 17:33:07",
            "turn-index":29,
            "utterance":"でも同じ人ばかりがやるのもどうなのかな"
        },
        {
            "speaker":"S",
            "time":"17.10.2020 17:33:08",
            "turn-index":30,
            "utterance":"僕はできないですね。ほかの人は分からないですが、先輩から声を掛ければみんな喜ぶんじゃないですか？"
        }
    ]
}