{
    "dialogue-id":"V2R_11",
    "group-id":"",
    "speaker-id":"RiskyPolitenessBotVersion2",
    "turns":[
        {
            "speaker":"S",
            "time":"17.10.2020 15:39:45",
            "turn-index":0,
            "utterance":"はい、なんですか？"
        },
        {
            "speaker":"U",
            "time":"17.10.2020 15:40:36",
            "turn-index":1,
            "utterance":"湯川です。"
        },
        {
            "speaker":"S",
            "time":"17.10.2020 15:40:37",
            "turn-index":2,
            "utterance":"わかりました、大体何人程度呼びますか？"
        },
        {
            "speaker":"U",
            "time":"17.10.2020 15:41:09",
            "turn-index":3,
            "utterance":"ちょっと頼みたいことがあるんだけど"
        },
        {
            "speaker":"S",
            "time":"17.10.2020 15:41:10",
            "turn-index":4,
            "utterance":"どうなさいましたか？"
        },
        {
            "speaker":"U",
            "time":"17.10.2020 15:42:04",
            "turn-index":5,
            "utterance":"仕事で忙しい中申し訳ないんだけど、感じを引き受けてきれないかな"
        },
        {
            "speaker":"S",
            "time":"17.10.2020 15:42:05",
            "turn-index":6,
            "utterance":"すみません…どうしても…ちょっと…責任が重い仕事というのは…"
        },
        {
            "speaker":"U",
            "time":"17.10.2020 15:42:15",
            "turn-index":7,
            "utterance":"またまた"
        },
        {
            "speaker":"S",
            "time":"17.10.2020 15:42:17",
            "turn-index":8,
            "utterance":"ええ・・・"
        },
        {
            "speaker":"U",
            "time":"17.10.2020 15:42:37",
            "turn-index":9,
            "utterance":"昔の清水だったら進んで感じを引き受けていたじゃん"
        },
        {
            "speaker":"S",
            "time":"17.10.2020 15:42:39",
            "turn-index":10,
            "utterance":"そんなこと言われても......僕じゃなくて先輩が変わったんじゃないですか？こんな強引に話を進める人じゃなかったのに。"
        },
        {
            "speaker":"U",
            "time":"17.10.2020 15:43:13",
            "turn-index":11,
            "utterance":"そうかな。でも清水しか幹事に適した人がいないんだよね"
        },
        {
            "speaker":"S",
            "time":"17.10.2020 15:43:14",
            "turn-index":12,
            "utterance":"もっと探してください。僕以外にもいると思います。"
        },
        {
            "speaker":"U",
            "time":"17.10.2020 15:43:36",
            "turn-index":13,
            "utterance":"今度いいレストランでおごってやるからさ、いいでしょ？"
        },
        {
            "speaker":"S",
            "time":"17.10.2020 15:43:37",
            "turn-index":14,
            "utterance":"僕には到底務まらないので遠慮させていただきます"
        },
        {
            "speaker":"U",
            "time":"17.10.2020 15:43:55",
            "turn-index":15,
            "utterance":"じゃあ、素敵な彼女を紹介してあげるからさ、いいでしょ？"
        },
        {
            "speaker":"S",
            "time":"17.10.2020 15:43:58",
            "turn-index":16,
            "utterance":"先輩には本当に感謝してます…でも、それはちょっと…"
        },
        {
            "speaker":"U",
            "time":"17.10.2020 15:44:22",
            "turn-index":17,
            "utterance":"じゃあ何が問題で引き受けてくれないの？"
        },
        {
            "speaker":"S",
            "time":"17.10.2020 15:44:23",
            "turn-index":18,
            "utterance":"それが片付いたら今度は就職先の課題があるんすよ。なんか毎週提出しないといけないみたいで。"
        },
        {
            "speaker":"U",
            "time":"17.10.2020 15:44:49",
            "turn-index":19,
            "utterance":"その課題、俺が手伝ってあげるよ。一緒に頑張ろうよ"
        },
        {
            "speaker":"S",
            "time":"17.10.2020 15:44:50",
            "turn-index":20,
            "utterance":"合間で幹事の仕事進めるってなると、同窓会できるのずいぶん先になると思うんすよねー…うーん…"
        },
        {
            "speaker":"U",
            "time":"17.10.2020 15:45:12",
            "turn-index":21,
            "utterance":"いやいや俺がついていれば大丈夫だよ"
        },
        {
            "speaker":"S",
            "time":"17.10.2020 15:45:13",
            "turn-index":22,
            "utterance":"僕には自信ないです"
        },
        {
            "speaker":"U",
            "time":"17.10.2020 15:45:33",
            "turn-index":23,
            "utterance":"清水ならできる！清水はできる子だもんね"
        },
        {
            "speaker":"S",
            "time":"17.10.2020 15:45:34",
            "turn-index":24,
            "utterance":"いや～、僕だと上手くできないかもしれませし、難しい気がします。"
        },
        {
            "speaker":"U",
            "time":"17.10.2020 15:45:57",
            "turn-index":25,
            "utterance":"フォーローするからさ。大丈夫だよ"
        },
        {
            "speaker":"S",
            "time":"17.10.2020 15:45:58",
            "turn-index":26,
            "utterance":"もう寝る準備しちゃって"
        },
        {
            "speaker":"U",
            "time":"17.10.2020 15:46:13",
            "turn-index":27,
            "utterance":"またまたまだ昼間だぜ"
        },
        {
            "speaker":"S",
            "time":"17.10.2020 15:46:14",
            "turn-index":28,
            "utterance":"そんなこと言われましても・・・"
        },
        {
            "speaker":"U",
            "time":"17.10.2020 15:47:09",
            "turn-index":29,
            "utterance":"清水ならできる！"
        },
        {
            "speaker":"S",
            "time":"17.10.2020 15:47:10",
            "turn-index":30,
            "utterance":"いや、無理ですって。できませんって。"
        }
    ]
}