{
    "dialogue-id":"V2R_40",
    "group-id":"",
    "speaker-id":"RiskyPolitenessBotVersion2",
    "turns":[
        {
            "speaker":"S",
            "time":"17.10.2020 15:57:56",
            "turn-index":0,
            "utterance":"はい、なんですか？"
        },
        {
            "speaker":"U",
            "time":"17.10.2020 15:58:32",
            "turn-index":1,
            "utterance":"今年のサークルの同窓会の幹事を清水にお願いしたいんだ"
        },
        {
            "speaker":"S",
            "time":"17.10.2020 15:58:33",
            "turn-index":2,
            "utterance":"先輩からの依頼はうれしいのですが、遠慮させてください。"
        },
        {
            "speaker":"U",
            "time":"17.10.2020 15:58:38",
            "turn-index":3,
            "utterance":"なんで？"
        },
        {
            "speaker":"S",
            "time":"17.10.2020 15:58:39",
            "turn-index":4,
            "utterance":"本当にごめんなさい…ちょっと…"
        },
        {
            "speaker":"U",
            "time":"17.10.2020 15:58:46",
            "turn-index":5,
            "utterance":"えー困るな"
        },
        {
            "speaker":"S",
            "time":"17.10.2020 15:58:47",
            "turn-index":6,
            "utterance":"うーん、いや、その、なんといいますか…"
        },
        {
            "speaker":"U",
            "time":"17.10.2020 15:58:51",
            "turn-index":7,
            "utterance":"なに？"
        },
        {
            "speaker":"S",
            "time":"17.10.2020 15:58:52",
            "turn-index":8,
            "utterance":"愛され…？？？？？？？？？？は？？？？？？？？？？？？？？？？(理解不能)"
        },
        {
            "speaker":"U",
            "time":"17.10.2020 15:59:00",
            "turn-index":9,
            "utterance":"キミしかいないんだよ"
        },
        {
            "speaker":"S",
            "time":"17.10.2020 15:59:01",
            "turn-index":10,
            "utterance":"そんなことないでしょ。ほかにもきっと頼める人いますよ。"
        },
        {
            "speaker":"U",
            "time":"17.10.2020 15:59:10",
            "turn-index":11,
            "utterance":"いい経験になると思うよ"
        },
        {
            "speaker":"S",
            "time":"17.10.2020 15:59:11",
            "turn-index":12,
            "utterance":"かと言って今やったところで苦労の度合いは変わらない気がします。だから勘弁してください。"
        },
        {
            "speaker":"U",
            "time":"17.10.2020 15:59:26",
            "turn-index":13,
            "utterance":"いや社会に出てから役立つって"
        },
        {
            "speaker":"S",
            "time":"17.10.2020 15:59:28",
            "turn-index":14,
            "utterance":"いえ、そういったことは社会に出てからで十分です。"
        },
        {
            "speaker":"U",
            "time":"17.10.2020 15:59:36",
            "turn-index":15,
            "utterance":"経験は早いほうがいい"
        },
        {
            "speaker":"S",
            "time":"17.10.2020 15:59:38",
            "turn-index":16,
            "utterance":"幹事は不器用ながらすでに経験してますよ"
        },
        {
            "speaker":"U",
            "time":"17.10.2020 15:59:49",
            "turn-index":17,
            "utterance":"じゃあ頼もしい"
        },
        {
            "speaker":"S",
            "time":"17.10.2020 15:59:50",
            "turn-index":18,
            "utterance":"いやーでも厳しいんすよねー…"
        },
        {
            "speaker":"U",
            "time":"17.10.2020 15:59:54",
            "turn-index":19,
            "utterance":"今年もよろしく"
        },
        {
            "speaker":"S",
            "time":"17.10.2020 15:59:55",
            "turn-index":20,
            "utterance":"やめてください。"
        },
        {
            "speaker":"U",
            "time":"17.10.2020 16:00:00",
            "turn-index":21,
            "utterance":"なんで？"
        },
        {
            "speaker":"S",
            "time":"17.10.2020 16:00:01",
            "turn-index":22,
            "utterance":"不快にさせてしまって申し訳ないです...ですが僕のことは僕が一番わかっているので..."
        },
        {
            "speaker":"U",
            "time":"17.10.2020 16:00:10",
            "turn-index":23,
            "utterance":"楽しかったって"
        },
        {
            "speaker":"S",
            "time":"17.10.2020 16:00:11",
            "turn-index":24,
            "utterance":"先輩には本当に感謝してます…でも、それはちょっと…"
        },
        {
            "speaker":"U",
            "time":"17.10.2020 16:00:14",
            "turn-index":25,
            "utterance":"言ってたよ"
        },
        {
            "speaker":"S",
            "time":"17.10.2020 16:00:15",
            "turn-index":26,
            "utterance":"すみません…どうしても…ちょっと…責任が重い仕事というのは…"
        },
        {
            "speaker":"U",
            "time":"17.10.2020 16:00:26",
            "turn-index":27,
            "utterance":"そんなことないって"
        },
        {
            "speaker":"S",
            "time":"17.10.2020 16:00:27",
            "turn-index":28,
            "utterance":"そんなことあるんですよ、これが。前回のお花見企画、誰もこなかったのでもう二度と幹事はやりません。"
        },
        {
            "speaker":"U",
            "time":"17.10.2020 16:00:41",
            "turn-index":29,
            "utterance":"今年はくるだろ"
        },
        {
            "speaker":"S",
            "time":"17.10.2020 16:00:42",
            "turn-index":30,
            "utterance":"殻を破れずにここまできているんです。今更破ろうとも思いません。ので、やりません。"
        }
    ]
}