{
    "dialogue-id":"V2R_16",
    "group-id":"",
    "speaker-id":"RiskyPolitenessBotVersion2",
    "turns":[
        {
            "speaker":"S",
            "time":"17.10.2020 15:14:37",
            "turn-index":0,
            "utterance":"はい、なんですか？"
        },
        {
            "speaker":"U",
            "time":"17.10.2020 15:16:01",
            "turn-index":1,
            "utterance":"ずいぶん久しぶりだね"
        },
        {
            "speaker":"S",
            "time":"17.10.2020 15:16:02",
            "turn-index":2,
            "utterance":"ちょっといまはきついですね"
        },
        {
            "speaker":"U",
            "time":"17.10.2020 15:17:20",
            "turn-index":3,
            "utterance":"最近忙しいの？"
        },
        {
            "speaker":"S",
            "time":"17.10.2020 15:17:21",
            "turn-index":4,
            "utterance":"実は、研究室の後輩への引継ぎ資料がまだ終わってなくって…それが忙しいんすよ。"
        },
        {
            "speaker":"U",
            "time":"17.10.2020 15:18:44",
            "turn-index":5,
            "utterance":"どのくらいで片付きそう？"
        },
        {
            "speaker":"S",
            "time":"17.10.2020 15:18:45",
            "turn-index":6,
            "utterance":"いえ、そういったことは社会に出てからで十分です。"
        },
        {
            "speaker":"U",
            "time":"17.10.2020 15:20:20",
            "turn-index":7,
            "utterance":"そろそろ同窓会でもしたいと思ってるんだ"
        },
        {
            "speaker":"S",
            "time":"17.10.2020 15:20:22",
            "turn-index":8,
            "utterance":"でも...僕こういうの手際悪いので、せっかくの同窓会が台無しになるかもしれないし..."
        },
        {
            "speaker":"U",
            "time":"17.10.2020 15:20:51",
            "turn-index":9,
            "utterance":"いや、君が適任だと"
        },
        {
            "speaker":"S",
            "time":"17.10.2020 15:20:52",
            "turn-index":10,
            "utterance":"大丈夫ですよ。鈴木君は本当にこういうの上手いんで。よかったら先輩と鈴木君が会えるように連絡付けましょうか。"
        },
        {
            "speaker":"U",
            "time":"17.10.2020 15:22:02",
            "turn-index":11,
            "utterance":"これでも仕事がけっこう忙しくてさ、俺は無理そうなんだ。"
        },
        {
            "speaker":"S",
            "time":"17.10.2020 15:22:03",
            "turn-index":12,
            "utterance":"すみません…どうしても…ちょっと…責任が重い仕事というのは…"
        },
        {
            "speaker":"U",
            "time":"17.10.2020 15:22:36",
            "turn-index":13,
            "utterance":"みんなで協力するから、そこをなんとか頼むよ"
        },
        {
            "speaker":"S",
            "time":"17.10.2020 15:22:37",
            "turn-index":14,
            "utterance":"うーん。何とかできないかいろいろ調整してみますけど、多分きついっすよ？"
        },
        {
            "speaker":"U",
            "time":"17.10.2020 15:23:32",
            "turn-index":15,
            "utterance":"君の都合を最優先で構わないから、宜しく頼むね。"
        },
        {
            "speaker":"S",
            "time":"17.10.2020 15:23:33",
            "turn-index":16,
            "utterance":"合間で幹事の仕事進めるってなると、同窓会できるのずいぶん先になると思うんすよねー…うーん…"
        },
        {
            "speaker":"U",
            "time":"17.10.2020 15:24:21",
            "turn-index":17,
            "utterance":"卒業までに間に合えばいいんじゃないかと思ってるんだ。"
        },
        {
            "speaker":"S",
            "time":"17.10.2020 15:24:22",
            "turn-index":18,
            "utterance":"いやー、先輩は僕のことを買い被りすぎじゃないですかね。こういう言い方もなんですが、もっと僕のことを見てると思っていました。。"
        },
        {
            "speaker":"U",
            "time":"17.10.2020 15:25:01",
            "turn-index":19,
            "utterance":"見てるからこそ、お願いしてるんだよ。"
        },
        {
            "speaker":"S",
            "time":"17.10.2020 15:25:02",
            "turn-index":20,
            "utterance":"一生のお願いはもっと大事な場面にとっておいておくことをお勧めいたします"
        },
        {
            "speaker":"U",
            "time":"17.10.2020 15:25:36",
            "turn-index":21,
            "utterance":"そんなに難しく考えなくて大丈夫だから、ね、頼んだよ。"
        },
        {
            "speaker":"S",
            "time":"17.10.2020 15:25:37",
            "turn-index":22,
            "utterance":"僕には自信ないです"
        },
        {
            "speaker":"U",
            "time":"17.10.2020 15:26:11",
            "turn-index":23,
            "utterance":"まわりの皆にも協力するようたのんであるからさ。"
        },
        {
            "speaker":"S",
            "time":"17.10.2020 15:26:13",
            "turn-index":24,
            "utterance":"いやぁ、先輩が主導してくれた方がいいですって！"
        },
        {
            "speaker":"U",
            "time":"17.10.2020 15:26:42",
            "turn-index":25,
            "utterance":"出来る事ならそうしたいけど、仕事でどうにもならないんだ。"
        },
        {
            "speaker":"S",
            "time":"17.10.2020 15:26:44",
            "turn-index":26,
            "utterance":"はい確かに、今はそこまで忙しくはないのですが、やはり、いざ幹事をできるのかと考えると、どうしてもちょっと…その、先輩がそう言ってくださってることはわかっているのですが、ちょっと…アレなんです…"
        },
        {
            "speaker":"U",
            "time":"17.10.2020 15:27:34",
            "turn-index":27,
            "utterance":"社会人になってから、絶対役に立つから勉強だと思えばいいよ。"
        },
        {
            "speaker":"S",
            "time":"17.10.2020 15:27:35",
            "turn-index":28,
            "utterance":"入社前は課題があって、入社後はなんかうちの会社研修の段階で結構大変らしくて…"
        },
        {
            "speaker":"U",
            "time":"17.10.2020 15:28:22",
            "turn-index":29,
            "utterance":"そんなに時間は取らないから大丈夫だよ。"
        },
        {
            "speaker":"S",
            "time":"17.10.2020 15:28:23",
            "turn-index":30,
            "utterance":"何と言いますか…やはり自分のなかでどうしても気持ちの整理がつかないと言いますか、どうしてもちょっとアレなんです…"
        }
    ]
}