{
    "dialogue-id":"V2R_09",
    "group-id":"",
    "speaker-id":"RiskyPolitenessBotVersion2",
    "turns":[
        {
            "speaker":"S",
            "time":"17.10.2020 16:06:34",
            "turn-index":0,
            "utterance":"はい、なんですか？"
        },
        {
            "speaker":"U",
            "time":"17.10.2020 16:07:41",
            "turn-index":1,
            "utterance":"今度サークルの同窓会の幹事をやってほしいと思ってるんだけどさ"
        },
        {
            "speaker":"S",
            "time":"17.10.2020 16:07:42",
            "turn-index":2,
            "utterance":"あぁ、幹事ですか。僕なんかでいいんですかね..."
        },
        {
            "speaker":"U",
            "time":"17.10.2020 16:08:04",
            "turn-index":3,
            "utterance":"うん大丈夫だよ"
        },
        {
            "speaker":"S",
            "time":"17.10.2020 16:08:05",
            "turn-index":4,
            "utterance":"僕には自信ないです"
        },
        {
            "speaker":"U",
            "time":"17.10.2020 16:08:35",
            "turn-index":5,
            "utterance":"そんなこと言わないで"
        },
        {
            "speaker":"S",
            "time":"17.10.2020 16:08:36",
            "turn-index":6,
            "utterance":"いやー、、さすがに、、アレですね…ごめんなさい…"
        },
        {
            "speaker":"U",
            "time":"17.10.2020 16:08:49",
            "turn-index":7,
            "utterance":"そんな重く考えなくても"
        },
        {
            "speaker":"S",
            "time":"17.10.2020 16:08:50",
            "turn-index":8,
            "utterance":"厳しいっすね…僕以外にできそうな人誰かいないんすか？"
        },
        {
            "speaker":"U",
            "time":"17.10.2020 16:09:14",
            "turn-index":9,
            "utterance":"ちょっとできそうな人がいなくてね"
        },
        {
            "speaker":"S",
            "time":"17.10.2020 16:09:15",
            "turn-index":10,
            "utterance":"先輩からのお願いなのでうれしいのですが、これからどうなるか予想が付かないのでできるとは言えないですね。"
        },
        {
            "speaker":"U",
            "time":"17.10.2020 16:09:34",
            "turn-index":11,
            "utterance":"そこをなんとか都合をつけてほしいな"
        },
        {
            "speaker":"S",
            "time":"17.10.2020 16:09:35",
            "turn-index":12,
            "utterance":"うーん。何とかできないかいろいろ調整してみますけど、多分きついっすよ？"
        },
        {
            "speaker":"U",
            "time":"17.10.2020 16:09:51",
            "turn-index":13,
            "utterance":"うん調整だけやってみてほしい"
        },
        {
            "speaker":"S",
            "time":"17.10.2020 16:09:52",
            "turn-index":14,
            "utterance":"うーん、他の人の方が上手くできるかもしれませんし、そちらに任せた方が良いと思います。"
        },
        {
            "speaker":"U",
            "time":"17.10.2020 16:10:28",
            "turn-index":15,
            "utterance":"そうかな君の方がいいと思うんだ"
        },
        {
            "speaker":"S",
            "time":"17.10.2020 16:10:30",
            "turn-index":16,
            "utterance":"鈴木君はサークル内のリーダー的存在だったので、幹事という役目にも適していると考えます。"
        },
        {
            "speaker":"U",
            "time":"17.10.2020 16:11:00",
            "turn-index":17,
            "utterance":"鈴木君もいいけれど君の方が適任だと思うんだ"
        },
        {
            "speaker":"S",
            "time":"17.10.2020 16:11:02",
            "turn-index":18,
            "utterance":"こっちで話通しておきますよ。鈴木君は先輩のことわかると思いますし。絶対鈴木君の方が良いですし。"
        },
        {
            "speaker":"U",
            "time":"17.10.2020 16:11:20",
            "turn-index":19,
            "utterance":"君にやってほしいんだけどな"
        },
        {
            "speaker":"S",
            "time":"17.10.2020 16:11:21",
            "turn-index":20,
            "utterance":"みんなに慕われていた湯川先輩がいるのに僕が幹事をやっても仕方がないじゃないですか！"
        },
        {
            "speaker":"U",
            "time":"17.10.2020 16:12:26",
            "turn-index":21,
            "utterance":"そんなことないよ清水君もよく慕われているよ"
        },
        {
            "speaker":"S",
            "time":"17.10.2020 16:12:27",
            "turn-index":22,
            "utterance":"いやいや、先輩が幹事をやってほうがみんな喜んで集まりますよ！"
        },
        {
            "speaker":"U",
            "time":"17.10.2020 16:13:07",
            "turn-index":23,
            "utterance":"今回は君にやってほしいんだ"
        },
        {
            "speaker":"S",
            "time":"17.10.2020 16:13:08",
            "turn-index":24,
            "utterance":"そうですか...他に適任がいるならそちらに任せた方が良いかと思いますが..."
        },
        {
            "speaker":"U",
            "time":"17.10.2020 16:13:33",
            "turn-index":25,
            "utterance":"他の人は都合がつかないみたいで"
        },
        {
            "speaker":"S",
            "time":"17.10.2020 16:13:34",
            "turn-index":26,
            "utterance":"僕だと参加する人に迷惑かけるかもしれません。たぶん、他の人の方に任せた方が良いと思います。"
        },
        {
            "speaker":"U",
            "time":"17.10.2020 16:14:02",
            "turn-index":27,
            "utterance":"そんな迷惑かけるようなことにはならないよ"
        },
        {
            "speaker":"S",
            "time":"17.10.2020 16:14:03",
            "turn-index":28,
            "utterance":"いえ、そういったことは社会に出てからで十分です。"
        },
        {
            "speaker":"U",
            "time":"17.10.2020 16:14:26",
            "turn-index":29,
            "utterance":"今から練習のためにもやってみない？"
        },
        {
            "speaker":"S",
            "time":"17.10.2020 16:14:28",
            "turn-index":30,
            "utterance":"いやぁ、先輩が主導してくれた方がいいですって！"
        }
    ]
}