{
    "dialogue-id":"V2R_14",
    "group-id":"",
    "speaker-id":"RiskyPolitenessBotVersion2",
    "turns":[
        {
            "speaker":"S",
            "time":"17.10.2020 13:48:59",
            "turn-index":0,
            "utterance":"はい、なんですか？"
        },
        {
            "speaker":"U",
            "time":"17.10.2020 13:51:10",
            "turn-index":1,
            "utterance":"シンジに今回の同窓会の幹事を頼みたい"
        },
        {
            "speaker":"S",
            "time":"17.10.2020 13:51:12",
            "turn-index":2,
            "utterance":"それって同窓会盛り上がらなさそうだし無しって大丈夫ですかね？"
        },
        {
            "speaker":"U",
            "time":"17.10.2020 13:52:29",
            "turn-index":3,
            "utterance":"そんあことないよ。シンジが一番ふさわしいよ"
        },
        {
            "speaker":"S",
            "time":"17.10.2020 13:52:30",
            "turn-index":4,
            "utterance":"僕が一番ちゃんとしてるわけではないと思います。"
        },
        {
            "speaker":"U",
            "time":"17.10.2020 13:53:26",
            "turn-index":5,
            "utterance":"謙遜するなよ。"
        },
        {
            "speaker":"S",
            "time":"17.10.2020 13:53:27",
            "turn-index":6,
            "utterance":"失礼ですが、僕を推薦する理由をお聞かせ願えますか？"
        },
        {
            "speaker":"U",
            "time":"17.10.2020 13:55:35",
            "turn-index":7,
            "utterance":"気転が利いてどの場面でもアドリブで対応できるからだよ"
        },
        {
            "speaker":"S",
            "time":"17.10.2020 13:55:37",
            "turn-index":8,
            "utterance":"いや～、僕だと上手くできないかもしれませし、難しい気がします。"
        },
        {
            "speaker":"U",
            "time":"17.10.2020 13:56:16",
            "turn-index":9,
            "utterance":"他のメンツよりはるかに適してるよ"
        },
        {
            "speaker":"S",
            "time":"17.10.2020 13:56:18",
            "turn-index":10,
            "utterance":"僕だと参加する人に迷惑かけるかもしれません。たぶん、他の人の方に任せた方が良いと思います。"
        },
        {
            "speaker":"U",
            "time":"17.10.2020 13:57:07",
            "turn-index":11,
            "utterance":"そんなことないよ。是非とも引き受けてくれ"
        },
        {
            "speaker":"S",
            "time":"17.10.2020 13:57:08",
            "turn-index":12,
            "utterance":"出来そうなことですか......思いつかないですね。先輩の行動力を見習いたいですが、僕には難しいみたいです。"
        },
        {
            "speaker":"U",
            "time":"17.10.2020 13:58:03",
            "turn-index":13,
            "utterance":"それなりにこちらもフォローするから頼むよ"
        },
        {
            "speaker":"S",
            "time":"17.10.2020 13:58:04",
            "turn-index":14,
            "utterance":"いやいや、先輩が幹事をやってほうがみんな喜んで集まりますよ！"
        },
        {
            "speaker":"U",
            "time":"17.10.2020 13:58:59",
            "turn-index":15,
            "utterance":"俺は今回行けないんんだ"
        },
        {
            "speaker":"S",
            "time":"17.10.2020 13:59:00",
            "turn-index":16,
            "utterance":"でもせっかくなら良いお店行きたくないですか？いつものじゃなくて先輩のおススメとかあれば行ってみたいです！"
        },
        {
            "speaker":"U",
            "time":"17.10.2020 13:59:52",
            "turn-index":17,
            "utterance":"引き受けてくれるなら店ぐらい紹介するよ"
        },
        {
            "speaker":"S",
            "time":"17.10.2020 13:59:53",
            "turn-index":18,
            "utterance":"いやでも、もっと仕事をスムーズにこなせる人に頼むべきですよ。"
        },
        {
            "speaker":"U",
            "time":"17.10.2020 14:00:33",
            "turn-index":19,
            "utterance":"自分の知る限りではシンジしかいないな"
        },
        {
            "speaker":"S",
            "time":"17.10.2020 14:00:34",
            "turn-index":20,
            "utterance":"先輩の目にはそのように映っておられたのでしょうか？"
        },
        {
            "speaker":"U",
            "time":"17.10.2020 14:00:55",
            "turn-index":21,
            "utterance":"シンジが一番適任"
        },
        {
            "speaker":"S",
            "time":"17.10.2020 14:00:56",
            "turn-index":22,
            "utterance":"僕は先輩がむいていると思うんですけどね"
        },
        {
            "speaker":"U",
            "time":"17.10.2020 14:01:30",
            "turn-index":23,
            "utterance":"俺は今回無理なんだ"
        },
        {
            "speaker":"S",
            "time":"17.10.2020 14:01:31",
            "turn-index":24,
            "utterance":"大変申し訳ないですが、何度おっしゃられても、僕も首を縦に振るつもりはありません！"
        },
        {
            "speaker":"U",
            "time":"17.10.2020 14:01:57",
            "turn-index":25,
            "utterance":"そこを何とか頼む"
        },
        {
            "speaker":"S",
            "time":"17.10.2020 14:01:58",
            "turn-index":26,
            "utterance":"うーん。何とかできないかいろいろ調整してみますけど、多分きついっすよ？"
        },
        {
            "speaker":"U",
            "time":"17.10.2020 14:02:28",
            "turn-index":27,
            "utterance":"大丈夫だ。シンジならうまくできる"
        },
        {
            "speaker":"S",
            "time":"17.10.2020 14:02:29",
            "turn-index":28,
            "utterance":"僕には自信ないです"
        },
        {
            "speaker":"U",
            "time":"17.10.2020 14:02:46",
            "turn-index":29,
            "utterance":"大丈夫"
        },
        {
            "speaker":"S",
            "time":"17.10.2020 14:02:47",
            "turn-index":30,
            "utterance":"僕の記憶の限りだとそのようなことは一切ございません。誰かと勘違いされておられませんか？"
        }
    ]
}