{
    "dialogue-id":"V2R_39",
    "group-id":"",
    "speaker-id":"RiskyPolitenessBotVersion2",
    "turns":[
        {
            "speaker":"S",
            "time":"17.10.2020 17:24:38",
            "turn-index":0,
            "utterance":"はい、なんですか？"
        },
        {
            "speaker":"U",
            "time":"17.10.2020 17:25:13",
            "turn-index":1,
            "utterance":"こんにちは"
        },
        {
            "speaker":"S",
            "time":"17.10.2020 17:25:14",
            "turn-index":2,
            "utterance":"はい、なんでしょうか・・・？"
        },
        {
            "speaker":"U",
            "time":"17.10.2020 17:25:27",
            "turn-index":3,
            "utterance":"今日はいい天気ですね"
        },
        {
            "speaker":"S",
            "time":"17.10.2020 17:25:28",
            "turn-index":4,
            "utterance":"ちょっと遅れてるんで、土日もそれやったほうがいい感じなんすよねー。だから厳しいっす。"
        },
        {
            "speaker":"U",
            "time":"17.10.2020 17:25:48",
            "turn-index":5,
            "utterance":"今、とても忙しいのですか？"
        },
        {
            "speaker":"S",
            "time":"17.10.2020 17:25:49",
            "turn-index":6,
            "utterance":"合間で幹事の仕事進めるってなると、同窓会できるのずいぶん先になると思うんすよねー…うーん…"
        },
        {
            "speaker":"U",
            "time":"17.10.2020 17:26:40",
            "turn-index":7,
            "utterance":"それは仕方がないですね。同窓会であいたかったのにな"
        },
        {
            "speaker":"S",
            "time":"17.10.2020 17:26:41",
            "turn-index":8,
            "utterance":"流石に先輩にはかないません笑　みんな先輩に会いたがってますよ！"
        },
        {
            "speaker":"U",
            "time":"17.10.2020 17:26:49",
            "turn-index":9,
            "utterance":"本堂ですか？"
        },
        {
            "speaker":"S",
            "time":"17.10.2020 17:26:50",
            "turn-index":10,
            "utterance":"非常に申し訳ないですが、それとこれとは話が別です。"
        },
        {
            "speaker":"U",
            "time":"17.10.2020 17:28:07",
            "turn-index":11,
            "utterance":"失礼！本当ですか？みんな会いたがっているという話は？"
        },
        {
            "speaker":"S",
            "time":"17.10.2020 17:28:08",
            "turn-index":12,
            "utterance":"いやー先輩にそこまで言われるとすっごいうれしいんですけど、ちょっとご期待には添えないっすね…申し訳ないっす。"
        },
        {
            "speaker":"U",
            "time":"17.10.2020 17:28:22",
            "turn-index":13,
            "utterance":"それは仕方がないですね"
        },
        {
            "speaker":"S",
            "time":"17.10.2020 17:28:23",
            "turn-index":14,
            "utterance":"すみません…どうしても…ちょっと…責任が重い仕事というのは…"
        },
        {
            "speaker":"U",
            "time":"17.10.2020 17:28:42",
            "turn-index":15,
            "utterance":"変わりに私が勧めましょうか？"
        },
        {
            "speaker":"S",
            "time":"17.10.2020 17:28:44",
            "turn-index":16,
            "utterance":"変わらないですよ"
        },
        {
            "speaker":"U",
            "time":"17.10.2020 17:28:57",
            "turn-index":17,
            "utterance":"そうですか。同窓会は無理かもしれませんね。"
        },
        {
            "speaker":"S",
            "time":"17.10.2020 17:28:58",
            "turn-index":18,
            "utterance":"それって同窓会盛り上がらなさそうだし無しって大丈夫ですかね？"
        },
        {
            "speaker":"U",
            "time":"17.10.2020 17:29:51",
            "turn-index":19,
            "utterance":"確かに。残念がりますね。"
        },
        {
            "speaker":"S",
            "time":"17.10.2020 17:29:52",
            "turn-index":20,
            "utterance":"そうだったのですか...配慮が足りず誠に申し訳ございません..."
        },
        {
            "speaker":"U",
            "time":"17.10.2020 17:30:20",
            "turn-index":21,
            "utterance":"いえいえ。忙しいのにすみません。"
        },
        {
            "speaker":"S",
            "time":"17.10.2020 17:30:21",
            "turn-index":22,
            "utterance":"先輩も幹事を務めるのは嫌なのではないですか？"
        },
        {
            "speaker":"U",
            "time":"17.10.2020 17:30:29",
            "turn-index":23,
            "utterance":"嫌いではないですよ"
        },
        {
            "speaker":"S",
            "time":"17.10.2020 17:30:30",
            "turn-index":24,
            "utterance":"先輩のことは嫌いではないですよ！幹事が嫌なだけです！"
        },
        {
            "speaker":"U",
            "time":"17.10.2020 17:30:44",
            "turn-index":25,
            "utterance":"幹事、私がしますよ。"
        },
        {
            "speaker":"S",
            "time":"17.10.2020 17:30:46",
            "turn-index":26,
            "utterance":"僕としては、久しぶりに先輩が取り持つ同窓会というか幹事を見てみたいんですが......"
        },
        {
            "speaker":"U",
            "time":"17.10.2020 17:32:07",
            "turn-index":27,
            "utterance":"OKですよ"
        },
        {
            "speaker":"S",
            "time":"17.10.2020 17:32:09",
            "turn-index":28,
            "utterance":"現役の人は呼ばない感じですか？"
        },
        {
            "speaker":"U",
            "time":"17.10.2020 17:32:18",
            "turn-index":29,
            "utterance":"そのつもりです。"
        },
        {
            "speaker":"S",
            "time":"17.10.2020 17:32:19",
            "turn-index":30,
            "utterance":"えっと、ごめんなさい、それはわかるのですが、、ほんとに、ちょっと…すみません…"
        }
    ]
}