{
    "dialogue-id":"V2R_26",
    "group-id":"",
    "speaker-id":"RiskyPolitenessBotVersion2",
    "turns":[
        {
            "speaker":"S",
            "time":"17.10.2020 22:01:42",
            "turn-index":0,
            "utterance":"はい、なんですか？"
        },
        {
            "speaker":"U",
            "time":"17.10.2020 22:03:12",
            "turn-index":1,
            "utterance":"同窓会行く？"
        },
        {
            "speaker":"S",
            "time":"17.10.2020 22:03:14",
            "turn-index":2,
            "utterance":"いやぁ、先輩には非常に申し訳ないですけど遠慮させていただきます..."
        },
        {
            "speaker":"U",
            "time":"17.10.2020 22:03:30",
            "turn-index":3,
            "utterance":"同窓会行かないの？"
        },
        {
            "speaker":"S",
            "time":"17.10.2020 22:03:31",
            "turn-index":4,
            "utterance":"現役の人は呼ばない感じですか？"
        },
        {
            "speaker":"U",
            "time":"17.10.2020 22:03:40",
            "turn-index":5,
            "utterance":"いや、呼ぶよ。来てよ。"
        },
        {
            "speaker":"S",
            "time":"17.10.2020 22:03:42",
            "turn-index":6,
            "utterance":"わかりました、大体何人程度呼びますか？"
        },
        {
            "speaker":"U",
            "time":"17.10.2020 22:04:16",
            "turn-index":7,
            "utterance":"２０人くらい"
        },
        {
            "speaker":"S",
            "time":"17.10.2020 22:04:17",
            "turn-index":8,
            "utterance":"確か、今年のサークルの同期は10人くらいですねー。"
        },
        {
            "speaker":"U",
            "time":"17.10.2020 22:05:08",
            "turn-index":9,
            "utterance":"うん、それで清水くん幹事やらない？"
        },
        {
            "speaker":"S",
            "time":"17.10.2020 22:05:09",
            "turn-index":10,
            "utterance":"そんなことあるんですよ、これが。前回のお花見企画、誰もこなかったのでもう二度と幹事はやりません。"
        },
        {
            "speaker":"U",
            "time":"17.10.2020 22:05:35",
            "turn-index":11,
            "utterance":"今回は大丈夫だから。"
        },
        {
            "speaker":"S",
            "time":"17.10.2020 22:05:36",
            "turn-index":12,
            "utterance":"もう寝る準備しちゃって"
        },
        {
            "speaker":"U",
            "time":"17.10.2020 22:05:48",
            "turn-index":13,
            "utterance":"待って。まだ寝ないで。"
        },
        {
            "speaker":"S",
            "time":"17.10.2020 22:05:49",
            "turn-index":14,
            "utterance":"まあ確かに直前までってわけじゃないっすけど、その時期になってくると就職前の準備が忙しくなるんで…"
        },
        {
            "speaker":"U",
            "time":"17.10.2020 22:06:50",
            "turn-index":15,
            "utterance":"僕もフォローするから"
        },
        {
            "speaker":"S",
            "time":"17.10.2020 22:06:51",
            "turn-index":16,
            "utterance":"こっちで話通しておきますよ。鈴木君は先輩のことわかると思いますし。絶対鈴木君の方が良いですし。"
        },
        {
            "speaker":"U",
            "time":"17.10.2020 22:07:50",
            "turn-index":17,
            "utterance":"鈴木ちょっとなぁ。清水くん引き受けてよ"
        },
        {
            "speaker":"S",
            "time":"17.10.2020 22:07:51",
            "turn-index":18,
            "utterance":"僕はちょっと難しいです。鈴木君と会うのはだめですかね。"
        },
        {
            "speaker":"U",
            "time":"17.10.2020 22:08:12",
            "turn-index":19,
            "utterance":"鈴木は幹事向いてないから"
        },
        {
            "speaker":"S",
            "time":"17.10.2020 22:08:13",
            "turn-index":20,
            "utterance":"同じサークルなので先輩も会ったことあると思います。鈴木君は飲み会とかよくしているので幹事向いてますよ。"
        },
        {
            "speaker":"U",
            "time":"17.10.2020 22:09:44",
            "turn-index":21,
            "utterance":"鈴木のことあんま好きじゃないのよ。"
        },
        {
            "speaker":"S",
            "time":"17.10.2020 22:09:46",
            "turn-index":22,
            "utterance":"そうっすかねー？個人的には鈴木君の方がいい気がするんすけど…僕がいい理由とかってあるんですか？"
        },
        {
            "speaker":"U",
            "time":"17.10.2020 22:10:24",
            "turn-index":23,
            "utterance":"清水くん仕切るの上手いじゃん"
        },
        {
            "speaker":"S",
            "time":"17.10.2020 22:10:25",
            "turn-index":24,
            "utterance":"僕が一番ちゃんとしてるわけではないと思います。"
        },
        {
            "speaker":"U",
            "time":"17.10.2020 22:11:30",
            "turn-index":25,
            "utterance":"でもみんな清水くんがいいって言ってた"
        },
        {
            "speaker":"S",
            "time":"17.10.2020 22:11:31",
            "turn-index":26,
            "utterance":"いやー先輩にそこまで言われるとすっごいうれしいんですけど、ちょっとご期待には添えないっすね…申し訳ないっす。"
        },
        {
            "speaker":"U",
            "time":"17.10.2020 22:11:53",
            "turn-index":27,
            "utterance":"そこを何とかお願い！"
        },
        {
            "speaker":"S",
            "time":"17.10.2020 22:11:54",
            "turn-index":28,
            "utterance":"うーん。何とかできないかいろいろ調整してみますけど、多分きついっすよ？"
        },
        {
            "speaker":"U",
            "time":"17.10.2020 22:12:14",
            "turn-index":29,
            "utterance":"こっちでも手伝うから"
        },
        {
            "speaker":"S",
            "time":"17.10.2020 22:12:16",
            "turn-index":30,
            "utterance":"困りますね。なんとか僕以外の人に頼んでいただきたいです。"
        }
    ]
}