{
    "dialogue-id":"V2R_47",
    "group-id":"",
    "speaker-id":"RiskyPolitenessBotVersion2",
    "turns":[
        {
            "speaker":"S",
            "time":"17.10.2020 15:19:54",
            "turn-index":0,
            "utterance":"はい、なんですか？"
        },
        {
            "speaker":"U",
            "time":"17.10.2020 15:20:10",
            "turn-index":1,
            "utterance":"実はさ、今度のサークルの同窓会の幹事をお願いしたいんだけど"
        },
        {
            "speaker":"S",
            "time":"17.10.2020 15:20:11",
            "turn-index":2,
            "utterance":"大変申し訳ないですが、今回はご遠慮させていただけると幸いです。"
        },
        {
            "speaker":"U",
            "time":"17.10.2020 15:20:20",
            "turn-index":3,
            "utterance":"そんなこといわないでさ、頼むよ"
        },
        {
            "speaker":"S",
            "time":"17.10.2020 15:20:21",
            "turn-index":4,
            "utterance":"ほかにも優秀な方がいらっしゃると思うのでそちらにお願いしてもらえませんか"
        },
        {
            "speaker":"U",
            "time":"17.10.2020 15:20:29",
            "turn-index":5,
            "utterance":"いやいやお前以外に考えられないんだって"
        },
        {
            "speaker":"S",
            "time":"17.10.2020 15:20:31",
            "turn-index":6,
            "utterance":"でも、こう...他にも頼めそうな人いたりとかしないんですか？"
        },
        {
            "speaker":"U",
            "time":"17.10.2020 15:20:39",
            "turn-index":7,
            "utterance":"お前だけが頼りなんだ"
        },
        {
            "speaker":"S",
            "time":"17.10.2020 15:20:41",
            "turn-index":8,
            "utterance":"ほかにもいそうですが僕なんかしかいないのでしょうか"
        },
        {
            "speaker":"U",
            "time":"17.10.2020 15:20:48",
            "turn-index":9,
            "utterance":"そうだよ、お前優秀だし"
        },
        {
            "speaker":"S",
            "time":"17.10.2020 15:20:50",
            "turn-index":10,
            "utterance":"僕は優秀ではないですよ、なのでできないです"
        },
        {
            "speaker":"U",
            "time":"17.10.2020 15:21:07",
            "turn-index":11,
            "utterance":"もちろんサポートはするからさ"
        },
        {
            "speaker":"S",
            "time":"17.10.2020 15:21:09",
            "turn-index":12,
            "utterance":"サポートあってもできる気がしないので嫌です。"
        },
        {
            "speaker":"U",
            "time":"17.10.2020 15:21:22",
            "turn-index":13,
            "utterance":"いい経験になると思うよ"
        },
        {
            "speaker":"S",
            "time":"17.10.2020 15:21:24",
            "turn-index":14,
            "utterance":"かと言って今やったところで苦労の度合いは変わらない気がします。だから勘弁してください。"
        },
        {
            "speaker":"U",
            "time":"17.10.2020 15:21:32",
            "turn-index":15,
            "utterance":"お願いだよ"
        },
        {
            "speaker":"S",
            "time":"17.10.2020 15:21:33",
            "turn-index":16,
            "utterance":"一生のお願いはもっと大事な場面にとっておいておくことをお勧めいたします"
        },
        {
            "speaker":"U",
            "time":"17.10.2020 15:21:43",
            "turn-index":17,
            "utterance":"いまが大事な場面なんだって"
        },
        {
            "speaker":"S",
            "time":"17.10.2020 15:21:44",
            "turn-index":18,
            "utterance":"でも...僕こういうの手際悪いので、せっかくの同窓会が台無しになるかもしれないし..."
        },
        {
            "speaker":"U",
            "time":"17.10.2020 15:21:55",
            "turn-index":19,
            "utterance":"そんなことないよ、みんな楽しんでくれるよ"
        },
        {
            "speaker":"S",
            "time":"17.10.2020 15:21:56",
            "turn-index":20,
            "utterance":"いやあ、でも僕はやりたくないですねえ"
        },
        {
            "speaker":"U",
            "time":"17.10.2020 15:22:07",
            "turn-index":21,
            "utterance":"本当に、本当にたのむよ"
        },
        {
            "speaker":"S",
            "time":"17.10.2020 15:22:08",
            "turn-index":22,
            "utterance":"申し訳ないですが、別の方に頼んでみるのはいかがでしょうか？"
        },
        {
            "speaker":"U",
            "time":"17.10.2020 15:22:25",
            "turn-index":23,
            "utterance":"いやここはお前以外考えられないんだよ"
        },
        {
            "speaker":"S",
            "time":"17.10.2020 15:22:26",
            "turn-index":24,
            "utterance":"いや、そこは盛り上げ上手の先輩にお任せしたいです！"
        },
        {
            "speaker":"U",
            "time":"17.10.2020 15:22:45",
            "turn-index":25,
            "utterance":"俺は前にもやったから、今年はお前たちの番だから！"
        },
        {
            "speaker":"S",
            "time":"17.10.2020 15:22:46",
            "turn-index":26,
            "utterance":"そのようなことは思っておりません！今回は遠慮させていただきます！"
        },
        {
            "speaker":"U",
            "time":"17.10.2020 15:23:02",
            "turn-index":27,
            "utterance":"俺の顔に免じてさ～"
        },
        {
            "speaker":"S",
            "time":"17.10.2020 15:23:03",
            "turn-index":28,
            "utterance":"僕の記憶の限りだとそのようなことは一切ございません。誰かと勘違いされておられませんか？"
        },
        {
            "speaker":"U",
            "time":"17.10.2020 15:23:14",
            "turn-index":29,
            "utterance":"いや勘違いはしてないけど"
        },
        {
            "speaker":"S",
            "time":"17.10.2020 15:23:15",
            "turn-index":30,
            "utterance":"そんな...先輩は僕をそのように評価してくださっているんですね...///"
        }
    ]
}