{
    "dialogue-id":"V2R_15",
    "group-id":"",
    "speaker-id":"RiskyPolitenessBotVersion2",
    "turns":[
        {
            "speaker":"S",
            "time":"17.10.2020 14:39:29",
            "turn-index":0,
            "utterance":"はい、なんですか？"
        },
        {
            "speaker":"U",
            "time":"17.10.2020 14:40:37",
            "turn-index":1,
            "utterance":"大学のサークルの同窓会の幹事を頼みたいんだ"
        },
        {
            "speaker":"S",
            "time":"17.10.2020 14:40:39",
            "turn-index":2,
            "utterance":"え…汗。先輩、僕なんかができるとお思いなんですか…？"
        },
        {
            "speaker":"U",
            "time":"17.10.2020 14:40:57",
            "turn-index":3,
            "utterance":"できると思うから頼んでるんだよ"
        },
        {
            "speaker":"S",
            "time":"17.10.2020 14:40:58",
            "turn-index":4,
            "utterance":"うーん。何とかできないかいろいろ調整してみますけど、多分きついっすよ？"
        },
        {
            "speaker":"U",
            "time":"17.10.2020 14:41:19",
            "turn-index":5,
            "utterance":"清水ができることをやってくれればいいいんだ"
        },
        {
            "speaker":"S",
            "time":"17.10.2020 14:41:20",
            "turn-index":6,
            "utterance":"先輩にはいろいろお世話になりましたが、幹事だけはやりたくないです。"
        },
        {
            "speaker":"U",
            "time":"17.10.2020 14:41:42",
            "turn-index":7,
            "utterance":"幹事を経験するのも勉強だぞ？"
        },
        {
            "speaker":"S",
            "time":"17.10.2020 14:41:44",
            "turn-index":8,
            "utterance":"幹事できるかは相談の結果次第ですが、時間があるならよかったです。まず場所ってどこらへんがいいみたいなのってありますか？"
        },
        {
            "speaker":"U",
            "time":"17.10.2020 14:42:11",
            "turn-index":9,
            "utterance":"大学の近くがいいいんじゃないか？"
        },
        {
            "speaker":"S",
            "time":"17.10.2020 14:42:13",
            "turn-index":10,
            "utterance":"駅近はそうですけど、去年卒業した佐藤先輩とかって結構都心から遠かったじゃないですか。それを思うとどの駅ってのも大事じゃないですか？"
        },
        {
            "speaker":"U",
            "time":"17.10.2020 14:42:45",
            "turn-index":11,
            "utterance":"お前の考えを尊重する"
        },
        {
            "speaker":"S",
            "time":"17.10.2020 14:42:46",
            "turn-index":12,
            "utterance":"何と言いますか…やはり自分のなかでどうしても気持ちの整理がつかないと言いますか、どうしてもちょっとアレなんです…"
        },
        {
            "speaker":"U",
            "time":"17.10.2020 14:43:14",
            "turn-index":13,
            "utterance":"みんなに会いたくないのか？"
        },
        {
            "speaker":"S",
            "time":"17.10.2020 14:43:15",
            "turn-index":14,
            "utterance":"でもせっかくなら良いお店行きたくないですか？いつものじゃなくて先輩のおススメとかあれば行ってみたいです！"
        },
        {
            "speaker":"U",
            "time":"17.10.2020 14:43:40",
            "turn-index":15,
            "utterance":"お前がそこを選んでやってくれよ"
        },
        {
            "speaker":"S",
            "time":"17.10.2020 14:43:42",
            "turn-index":16,
            "utterance":"なるほど…そう言ってもらえるのはうれしいっすね。でも僕が知ってる店ほとんど使っちゃったんで…"
        },
        {
            "speaker":"U",
            "time":"17.10.2020 14:43:59",
            "turn-index":17,
            "utterance":"どこでもいいって"
        },
        {
            "speaker":"S",
            "time":"17.10.2020 14:44:00",
            "turn-index":18,
            "utterance":"何ですか？"
        },
        {
            "speaker":"U",
            "time":"17.10.2020 14:44:23",
            "turn-index":19,
            "utterance":"お前が好きなように幹事をやってくれたら良い"
        },
        {
            "speaker":"S",
            "time":"17.10.2020 14:44:25",
            "turn-index":20,
            "utterance":"何度も繰り返すようで大変恐縮ですが、幹事は別の方にお願いしてくださると幸いです"
        },
        {
            "speaker":"U",
            "time":"17.10.2020 14:44:42",
            "turn-index":21,
            "utterance":"お前が適任なんだよ"
        },
        {
            "speaker":"S",
            "time":"17.10.2020 14:44:43",
            "turn-index":22,
            "utterance":"本当にごめんなさい…ちょっと…"
        },
        {
            "speaker":"U",
            "time":"17.10.2020 14:45:05",
            "turn-index":23,
            "utterance":"やった方が良いぞ"
        },
        {
            "speaker":"S",
            "time":"17.10.2020 14:45:07",
            "turn-index":24,
            "utterance":"そうですかね？先輩を慕っているって言った後輩もいましたよ！先輩を知ってる後輩までなら先輩がやった方がいいんじゃないですか？"
        },
        {
            "speaker":"U",
            "time":"17.10.2020 14:45:45",
            "turn-index":25,
            "utterance":"俺よりはお前の方がみんな気が楽なんだよ"
        },
        {
            "speaker":"S",
            "time":"17.10.2020 14:45:47",
            "turn-index":26,
            "utterance":"いやいや、先輩が幹事をやってほうがみんな喜んで集まりますよ！"
        },
        {
            "speaker":"U",
            "time":"17.10.2020 14:46:04",
            "turn-index":27,
            "utterance":"そんなことないよ"
        },
        {
            "speaker":"S",
            "time":"17.10.2020 14:46:05",
            "turn-index":28,
            "utterance":"いやあ、でも僕はやりたくないですねえ"
        },
        {
            "speaker":"U",
            "time":"17.10.2020 14:46:15",
            "turn-index":29,
            "utterance":"先輩の頼みでもか"
        },
        {
            "speaker":"S",
            "time":"17.10.2020 14:46:16",
            "turn-index":30,
            "utterance":"いやー、先輩は僕のことを買い被りすぎじゃないですかね。こういう言い方もなんですが、もっと僕のことを見てると思っていました。。"
        }
    ]
}