{
    "dialogue-id":"V2R_46",
    "group-id":"",
    "speaker-id":"RiskyPolitenessBotVersion2",
    "turns":[
        {
            "speaker":"S",
            "time":"17.10.2020 13:59:14",
            "turn-index":0,
            "utterance":"はい、なんですか？"
        },
        {
            "speaker":"U",
            "time":"17.10.2020 14:00:44",
            "turn-index":1,
            "utterance":"今年のサークルの同窓会の幹事を清水にお願いしたいんだけど。"
        },
        {
            "speaker":"S",
            "time":"17.10.2020 14:00:46",
            "turn-index":2,
            "utterance":"先輩からの依頼はうれしいのですが、遠慮させてください。"
        },
        {
            "speaker":"U",
            "time":"17.10.2020 14:01:07",
            "turn-index":3,
            "utterance":"どうして？何か理由があるの？"
        },
        {
            "speaker":"S",
            "time":"17.10.2020 14:01:09",
            "turn-index":4,
            "utterance":"理由があるわけではないですけど、正直に言うと面倒です。"
        },
        {
            "speaker":"U",
            "time":"17.10.2020 14:02:10",
            "turn-index":5,
            "utterance":"そこを何とか頼むよ。"
        },
        {
            "speaker":"S",
            "time":"17.10.2020 14:02:12",
            "turn-index":6,
            "utterance":"うーん。何とかできないかいろいろ調整してみますけど、多分きついっすよ？"
        },
        {
            "speaker":"U",
            "time":"17.10.2020 14:04:28",
            "turn-index":7,
            "utterance":"学生時代から清水のことはよく知ってるし、今でも俺の同期の友達と話題になるんだけど、みんな清水は頼りがいのあるやつだって言ってるよ。何とか頼むよ。"
        },
        {
            "speaker":"S",
            "time":"17.10.2020 14:04:30",
            "turn-index":8,
            "utterance":"いやー先輩にそこまで言われるとすっごいうれしいんですけど、ちょっとご期待には添えないっすね…申し訳ないっす。"
        },
        {
            "speaker":"U",
            "time":"17.10.2020 14:05:40",
            "turn-index":9,
            "utterance":"いろいろ調整してみるって言ったばかりじゃん。前向きに調整してみてよ。"
        },
        {
            "speaker":"S",
            "time":"17.10.2020 14:05:41",
            "turn-index":10,
            "utterance":"そういうわけでは笑来月ですか......うーん、やっぱり厳しいですかね。"
        },
        {
            "speaker":"U",
            "time":"17.10.2020 14:06:35",
            "turn-index":11,
            "utterance":"別に来月って決まってるわけじゃないよ。再来月以降でも構わないから頼む。"
        },
        {
            "speaker":"S",
            "time":"17.10.2020 14:06:37",
            "turn-index":12,
            "utterance":"でもやっぱ忙しいんで、お店だったらおすすめのお店リスト渡すのでお願いできませんかね？"
        },
        {
            "speaker":"U",
            "time":"17.10.2020 14:08:19",
            "turn-index":13,
            "utterance":"俺も社会人だから忙しいんだよな。清水が学生だから暇だっていうつもりではないけど、店をたくさん知ってるんだったらどれかを予約してくれないか。"
        },
        {
            "speaker":"S",
            "time":"17.10.2020 14:08:21",
            "turn-index":14,
            "utterance":"なるほど…そう言ってもらえるのはうれしいっすね。でも僕が知ってる店ほとんど使っちゃったんで…"
        },
        {
            "speaker":"U",
            "time":"17.10.2020 14:09:30",
            "turn-index":15,
            "utterance":"全く問題ないよ。逆に使ったことがあるなら同窓会に向いてる店を選べるんじゃない？清水のセンスに合った店を選んでよ。"
        },
        {
            "speaker":"S",
            "time":"17.10.2020 14:09:32",
            "turn-index":16,
            "utterance":"でもせっかくなら良いお店行きたくないですか？いつものじゃなくて先輩のおススメとかあれば行ってみたいです！"
        },
        {
            "speaker":"U",
            "time":"17.10.2020 14:11:10",
            "turn-index":17,
            "utterance":"最近仕事が忙しくてそういう店を残念だけど知らないんだよ。逆に清水のお勧めの店に興味があるから頼むよ。"
        },
        {
            "speaker":"S",
            "time":"17.10.2020 14:11:11",
            "turn-index":18,
            "utterance":"お店...サークルのみんなと良く行っていたお店とかしか思いつかないですが..."
        },
        {
            "speaker":"U",
            "time":"17.10.2020 14:12:33",
            "turn-index":19,
            "utterance":"それで十分だよ。皆同じサークルの仲間だし、気取らない店にしようよ。"
        },
        {
            "speaker":"S",
            "time":"17.10.2020 14:12:34",
            "turn-index":20,
            "utterance":"集まりたいですね！"
        },
        {
            "speaker":"U",
            "time":"17.10.2020 14:14:12",
            "turn-index":21,
            "utterance":"集まりたいね。俺も久々に清水の顔を見たいし、社会人の先輩として相談に乗れることもあるともあると思うんで、面倒かけて済まないけど幹事を頼む。"
        },
        {
            "speaker":"S",
            "time":"17.10.2020 14:14:14",
            "turn-index":22,
            "utterance":"同期に声かけるのは別に幹事じゃなくても全然やりますけど、なんで僕が幹事やるのがいいんです？それがわからなくって。"
        },
        {
            "speaker":"U",
            "time":"17.10.2020 14:15:40",
            "turn-index":23,
            "utterance":"学生時代から清水のことをよく知ってるけど、清水なら幹事を上手くやってくれると思ってるから。"
        },
        {
            "speaker":"S",
            "time":"17.10.2020 14:15:41",
            "turn-index":24,
            "utterance":"いやー、先輩は僕のことを買い被りすぎじゃないですかね。こういう言い方もなんですが、もっと僕のことを見てると思っていました。。"
        },
        {
            "speaker":"U",
            "time":"17.10.2020 14:16:36",
            "turn-index":25,
            "utterance":"買い被りじゃないぜ。俺以外でも同じように清水のことを評価してるやつがたくさんいるんだから。"
        },
        {
            "speaker":"S",
            "time":"17.10.2020 14:16:38",
            "turn-index":26,
            "utterance":"そうですかね？先輩を慕っているって言った後輩もいましたよ！先輩を知ってる後輩までなら先輩がやった方がいいんじゃないですか？"
        },
        {
            "speaker":"U",
            "time":"17.10.2020 14:18:07",
            "turn-index":27,
            "utterance":"さっきも伝えたんだけど、仕事で手一杯だし店もよくわからないんでね。頼まれてくれないか。お願い。"
        },
        {
            "speaker":"S",
            "time":"17.10.2020 14:18:08",
            "turn-index":28,
            "utterance":"困りますね。なんとか僕以外の人に頼んでいただきたいです。"
        },
        {
            "speaker":"U",
            "time":"17.10.2020 14:18:59",
            "turn-index":29,
            "utterance":"いや清水以外の適任者の顔が全く浮かばないんだよ。頼むよ。"
        },
        {
            "speaker":"S",
            "time":"17.10.2020 14:19:00",
            "turn-index":30,
            "utterance":"申し訳ないですが、別の方に頼んでみるのはいかがでしょうか？"
        }
    ]
}