{
    "dialogue-id":"V2R_29",
    "group-id":"",
    "speaker-id":"RiskyPolitenessBotVersion2",
    "turns":[
        {
            "speaker":"S",
            "time":"17.10.2020 14:36:42",
            "turn-index":0,
            "utterance":"はい、なんですか？"
        },
        {
            "speaker":"U",
            "time":"17.10.2020 14:37:01",
            "turn-index":1,
            "utterance":"言いづらいんだけど同窓会の幹事、お願いできないかな？"
        },
        {
            "speaker":"S",
            "time":"17.10.2020 14:37:02",
            "turn-index":2,
            "utterance":"あぁ、幹事ですか。僕なんかでいいんですかね..."
        },
        {
            "speaker":"U",
            "time":"17.10.2020 14:37:22",
            "turn-index":3,
            "utterance":"うん、ぜひお願いしたくて。"
        },
        {
            "speaker":"S",
            "time":"17.10.2020 14:37:23",
            "turn-index":4,
            "utterance":"いくら信頼していただいても、幹事だけはいやです。"
        },
        {
            "speaker":"U",
            "time":"17.10.2020 14:37:37",
            "turn-index":5,
            "utterance":"そうだよね、忙しいかもしれないし。"
        },
        {
            "speaker":"S",
            "time":"17.10.2020 14:37:39",
            "turn-index":6,
            "utterance":"合間で幹事の仕事進めるってなると、同窓会できるのずいぶん先になると思うんすよねー…うーん…"
        },
        {
            "speaker":"U",
            "time":"17.10.2020 14:38:04",
            "turn-index":7,
            "utterance":"それは清水の都合のいい時期で大丈夫だから。"
        },
        {
            "speaker":"S",
            "time":"17.10.2020 14:38:05",
            "turn-index":8,
            "utterance":"僕には自信ないです"
        },
        {
            "speaker":"U",
            "time":"17.10.2020 14:38:15",
            "turn-index":9,
            "utterance":"そこをなんとかお願いしたい。"
        },
        {
            "speaker":"S",
            "time":"17.10.2020 14:38:16",
            "turn-index":10,
            "utterance":"だって、他に知り合いがいないから自分に頼むとか、そんな理由だったら絶対引き受けたくないじゃないですか。"
        },
        {
            "speaker":"U",
            "time":"17.10.2020 14:38:46",
            "turn-index":11,
            "utterance":"まあそういわれると辛いんだけど清水ならできると思うから。"
        },
        {
            "speaker":"S",
            "time":"17.10.2020 14:38:47",
            "turn-index":12,
            "utterance":"それ以外にも手が離せない事情があって幹事はできないんです。"
        },
        {
            "speaker":"U",
            "time":"17.10.2020 14:39:19",
            "turn-index":13,
            "utterance":"じゃあ店の予約だけでもいいかな。連絡とかは他の人にお願いしてみるから。"
        },
        {
            "speaker":"S",
            "time":"17.10.2020 14:39:20",
            "turn-index":14,
            "utterance":"でもせっかくなら良いお店行きたくないですか？いつものじゃなくて先輩のおススメとかあれば行ってみたいです！"
        },
        {
            "speaker":"U",
            "time":"17.10.2020 14:39:49",
            "turn-index":15,
            "utterance":"おすすめかー。たくさん入れる場所のほうがいいしちょっと騒いでもいいところがいいね"
        },
        {
            "speaker":"S",
            "time":"17.10.2020 14:39:50",
            "turn-index":16,
            "utterance":"はい、何ですか？"
        },
        {
            "speaker":"U",
            "time":"17.10.2020 14:40:09",
            "turn-index":17,
            "utterance":"大学の近くの居酒屋のほうがいいかもね"
        },
        {
            "speaker":"S",
            "time":"17.10.2020 14:40:10",
            "turn-index":18,
            "utterance":"いや、でもせっかくやるなら大きい規模が理想ですよね...？"
        },
        {
            "speaker":"U",
            "time":"17.10.2020 14:40:26",
            "turn-index":19,
            "utterance":"うん、大学の近くにあるんじゃないかな。"
        },
        {
            "speaker":"S",
            "time":"17.10.2020 14:40:28",
            "turn-index":20,
            "utterance":"お店...サークルのみんなと良く行っていたお店とかしか思いつかないですが..."
        },
        {
            "speaker":"U",
            "time":"17.10.2020 14:40:47",
            "turn-index":21,
            "utterance":"そこでも大丈夫だよ。久しぶりに行ってみたいし。"
        },
        {
            "speaker":"S",
            "time":"17.10.2020 14:40:48",
            "turn-index":22,
            "utterance":"そんなことあるんですよ、これが。前回のお花見企画、誰もこなかったのでもう二度と幹事はやりません。"
        },
        {
            "speaker":"U",
            "time":"17.10.2020 14:41:08",
            "turn-index":23,
            "utterance":"え、そうだったの？それは寂しいな。"
        },
        {
            "speaker":"S",
            "time":"17.10.2020 14:41:09",
            "turn-index":24,
            "utterance":"いえ、そういったことは社会に出てからで十分です。"
        },
        {
            "speaker":"U",
            "time":"17.10.2020 14:41:21",
            "turn-index":25,
            "utterance":"まあそんなこと言わずに。"
        },
        {
            "speaker":"S",
            "time":"17.10.2020 14:41:22",
            "turn-index":26,
            "utterance":"そのようなことをされると困ります!先輩！"
        },
        {
            "speaker":"U",
            "time":"17.10.2020 14:41:38",
            "turn-index":27,
            "utterance":"俺もちょっとは手伝うから。"
        },
        {
            "speaker":"S",
            "time":"17.10.2020 14:41:39",
            "turn-index":28,
            "utterance":"いや、同窓会には参加したいけど、幹事ってなると下準備とか結構かかりますよね？それを思うと忙しいと難しくないすか？"
        },
        {
            "speaker":"U",
            "time":"17.10.2020 14:42:01",
            "turn-index":29,
            "utterance":"そうなんだけど何か月も先でも構わないから。"
        },
        {
            "speaker":"S",
            "time":"17.10.2020 14:42:02",
            "turn-index":30,
            "utterance":"今月は卒業間近で後輩への引継ぎとかあるんで、難しいっすね。"
        }
    ]
}