{
    "dialogue-id":"V2R_48",
    "group-id":"",
    "speaker-id":"RiskyPolitenessBotVersion2",
    "turns":[
        {
            "speaker":"S",
            "time":"17.10.2020 14:19:41",
            "turn-index":0,
            "utterance":"はい、なんですか？"
        },
        {
            "speaker":"U",
            "time":"17.10.2020 14:20:40",
            "turn-index":1,
            "utterance":"同窓会の幹事を引き受けてくれないか？"
        },
        {
            "speaker":"S",
            "time":"17.10.2020 14:20:41",
            "turn-index":2,
            "utterance":"あぁ、幹事ですか。僕なんかでいいんですかね..."
        },
        {
            "speaker":"U",
            "time":"17.10.2020 14:21:19",
            "turn-index":3,
            "utterance":"うん、清水ならうまくやれると思うんだ。"
        },
        {
            "speaker":"S",
            "time":"17.10.2020 14:21:20",
            "turn-index":4,
            "utterance":"何で先輩はそんなに僕にやらせようとするんですか？"
        },
        {
            "speaker":"U",
            "time":"17.10.2020 14:21:47",
            "turn-index":5,
            "utterance":"他の奴に頼んでも上手くできないと思うんだ。清水が適任だと思うから。"
        },
        {
            "speaker":"S",
            "time":"17.10.2020 14:21:48",
            "turn-index":6,
            "utterance":"頼みます。他の人にお願いしてください。"
        },
        {
            "speaker":"U",
            "time":"17.10.2020 14:22:29",
            "turn-index":7,
            "utterance":"いや、他の奴に頼もうとは思わないんだ。清水以外は考えていないんだよ。"
        },
        {
            "speaker":"S",
            "time":"17.10.2020 14:22:31",
            "turn-index":8,
            "utterance":"鈴木君はサークル内のリーダー的存在だったので、幹事という役目にも適していると考えます。"
        },
        {
            "speaker":"U",
            "time":"17.10.2020 14:23:02",
            "turn-index":9,
            "utterance":"鈴木君は清水よりも盛り上げる能力は無いから無理だよ。"
        },
        {
            "speaker":"S",
            "time":"17.10.2020 14:23:04",
            "turn-index":10,
            "utterance":"こっちで話通しておきますよ。鈴木君は先輩のことわかると思いますし。絶対鈴木君の方が良いですし。"
        },
        {
            "speaker":"U",
            "time":"17.10.2020 14:23:30",
            "turn-index":11,
            "utterance":"いや、鈴木君は忙しいと思うし向いていないから清水にお願いしたい。"
        },
        {
            "speaker":"S",
            "time":"17.10.2020 14:23:32",
            "turn-index":12,
            "utterance":"同じサークルなので先輩も会ったことあると思います。鈴木君は飲み会とかよくしているので幹事向いてますよ。"
        },
        {
            "speaker":"U",
            "time":"17.10.2020 14:24:01",
            "turn-index":13,
            "utterance":"俺も知らないわけじゃないけど、あいつはやっぱり幹事に向いていないから。"
        },
        {
            "speaker":"S",
            "time":"17.10.2020 14:24:02",
            "turn-index":14,
            "utterance":"同期に声かけるのは別に幹事じゃなくても全然やりますけど、なんで僕が幹事やるのがいいんです？それがわからなくって。"
        },
        {
            "speaker":"U",
            "time":"17.10.2020 14:24:40",
            "turn-index":15,
            "utterance":"だから、幹事に向いているからだよ。他の人ではできないよ。"
        },
        {
            "speaker":"S",
            "time":"17.10.2020 14:24:41",
            "turn-index":16,
            "utterance":"僕だと参加する人に迷惑かけるかもしれません。たぶん、他の人の方に任せた方が良いと思います。"
        },
        {
            "speaker":"U",
            "time":"17.10.2020 14:25:02",
            "turn-index":17,
            "utterance":"迷惑なんてかけないよ。俺がちゃんと責任を取るから。"
        },
        {
            "speaker":"S",
            "time":"17.10.2020 14:25:03",
            "turn-index":18,
            "utterance":"そうですかね？先輩を慕っているって言った後輩もいましたよ！先輩を知ってる後輩までなら先輩がやった方がいいんじゃないですか？"
        },
        {
            "speaker":"U",
            "time":"17.10.2020 14:25:26",
            "turn-index":19,
            "utterance":"俺は向いていないから。清水が適任なんだって"
        },
        {
            "speaker":"S",
            "time":"17.10.2020 14:25:28",
            "turn-index":20,
            "utterance":"そのように評価してくださることは大変光栄なのですが、やはり僕には向いてないと思います"
        },
        {
            "speaker":"U",
            "time":"17.10.2020 14:25:49",
            "turn-index":21,
            "utterance":"向いているって。俺だけじゃないんだよ。このように評価しているのは"
        },
        {
            "speaker":"S",
            "time":"17.10.2020 14:25:51",
            "turn-index":22,
            "utterance":"先輩みたいに要領がいいわけじゃないんで、時間をかけないと難しいんですよ。先週もコツコツやって結構ギリギリだったのでやっぱり難しいです。"
        },
        {
            "speaker":"U",
            "time":"17.10.2020 14:26:50",
            "turn-index":23,
            "utterance":"俺は要領はよいけど、人をまとめる力はないから。幹事はやっぱり清水が向いているって。"
        },
        {
            "speaker":"S",
            "time":"17.10.2020 14:26:51",
            "turn-index":24,
            "utterance":"お言葉を返すようで恐縮ですが、でしたら先輩が幹事をやられてはいかがでしょうか？"
        },
        {
            "speaker":"U",
            "time":"17.10.2020 14:27:07",
            "turn-index":25,
            "utterance":"だから俺は向いていないから。頼むよ。"
        },
        {
            "speaker":"S",
            "time":"17.10.2020 14:27:08",
            "turn-index":26,
            "utterance":"困りますね。なんとか僕以外の人に頼んでいただきたいです。"
        },
        {
            "speaker":"U",
            "time":"17.10.2020 14:27:27",
            "turn-index":27,
            "utterance":"俺も困る。清水、本当にお願い。"
        },
        {
            "speaker":"S",
            "time":"17.10.2020 14:27:28",
            "turn-index":28,
            "utterance":"一生のお願いはもっと大事な場面にとっておいておくことをお勧めいたします"
        },
        {
            "speaker":"U",
            "time":"17.10.2020 14:27:45",
            "turn-index":29,
            "utterance":"いや、本当に頼む。"
        },
        {
            "speaker":"S",
            "time":"17.10.2020 14:27:46",
            "turn-index":30,
            "utterance":"そこまで僕を推してもらっているので断るのは若干心苦しいですが、やはりさすがに、幹事はちょっと…"
        }
    ]
}