{
    "dialogue-id":"V2R_04",
    "group-id":"",
    "speaker-id":"RiskyPolitenessBotVersion2",
    "turns":[
        {
            "speaker":"S",
            "time":"17.10.2020 13:02:22",
            "turn-index":0,
            "utterance":"はい、なんですか？"
        },
        {
            "speaker":"U",
            "time":"17.10.2020 13:02:49",
            "turn-index":1,
            "utterance":"うん、頼みにくいんだけど、同窓会の幹事やってもらえる？"
        },
        {
            "speaker":"S",
            "time":"17.10.2020 13:02:50",
            "turn-index":2,
            "utterance":"あぁ、幹事ですか。僕なんかでいいんですかね..."
        },
        {
            "speaker":"U",
            "time":"17.10.2020 13:03:15",
            "turn-index":3,
            "utterance":"清水なら、俺はもう安心して任せられるからさ"
        },
        {
            "speaker":"S",
            "time":"17.10.2020 13:03:16",
            "turn-index":4,
            "utterance":"僕だと参加する人に迷惑かけるかもしれません。たぶん、他の人の方に任せた方が良いと思います。"
        },
        {
            "speaker":"U",
            "time":"17.10.2020 13:03:41",
            "turn-index":5,
            "utterance":"いやいや、清水みたいな責任感のあるやつじゃないと任せられないんだよ"
        },
        {
            "speaker":"S",
            "time":"17.10.2020 13:03:43",
            "turn-index":6,
            "utterance":"ちょっと、僕には難しいです。同じ4年で同サークルの鈴木君なら任せられると思います。"
        },
        {
            "speaker":"U",
            "time":"17.10.2020 13:04:36",
            "turn-index":7,
            "utterance":"実はここだけの話なんだけど、俺たち同期の間では清水の名前がいちばんに上がったんだ"
        },
        {
            "speaker":"S",
            "time":"17.10.2020 13:04:37",
            "turn-index":8,
            "utterance":"はい、何ですか先輩？"
        },
        {
            "speaker":"U",
            "time":"17.10.2020 13:04:59",
            "turn-index":9,
            "utterance":"清水に任せたいってやつが多いってこと"
        },
        {
            "speaker":"S",
            "time":"17.10.2020 13:05:01",
            "turn-index":10,
            "utterance":"ほとんど僕に任せる感じですか…それはちょっと荷が重いのでいろんな人と相談したいです。"
        },
        {
            "speaker":"U",
            "time":"17.10.2020 13:05:39",
            "turn-index":11,
            "utterance":"そうだな、一人でやるのが大変だったら、鈴木にも頼んでみるか"
        },
        {
            "speaker":"S",
            "time":"17.10.2020 13:05:41",
            "turn-index":12,
            "utterance":"こっちで話通しておきますよ。鈴木君は先輩のことわかると思いますし。絶対鈴木君の方が良いですし。"
        },
        {
            "speaker":"U",
            "time":"17.10.2020 13:06:09",
            "turn-index":13,
            "utterance":"いやいや、俺としては清水メインでやってもらいたいんだよ"
        },
        {
            "speaker":"S",
            "time":"17.10.2020 13:06:11",
            "turn-index":14,
            "utterance":"そういってもらえるのはうれしいっすけど…なかなか時間が確保できないんすよ。"
        },
        {
            "speaker":"U",
            "time":"17.10.2020 13:06:37",
            "turn-index":15,
            "utterance":"それは十分分かるんだけど、清水はこういうの得意だからさ"
        },
        {
            "speaker":"S",
            "time":"17.10.2020 13:06:38",
            "turn-index":16,
            "utterance":"かと言って今やったところで苦労の度合いは変わらない気がします。だから勘弁してください。"
        },
        {
            "speaker":"U",
            "time":"17.10.2020 13:07:13",
            "turn-index":17,
            "utterance":"そこをなんとかお願い、正直鈴木は最後の爪が甘いし"
        },
        {
            "speaker":"S",
            "time":"17.10.2020 13:07:14",
            "turn-index":18,
            "utterance":"僕はちょっと難しいです。鈴木君と会うのはだめですかね。"
        },
        {
            "speaker":"U",
            "time":"17.10.2020 13:07:43",
            "turn-index":19,
            "utterance":"うーん、鈴木と一緒に合同幹事ってことじゃ、だめかな"
        },
        {
            "speaker":"S",
            "time":"17.10.2020 13:07:44",
            "turn-index":20,
            "utterance":"合間で幹事の仕事進めるってなると、同窓会できるのずいぶん先になると思うんすよねー…うーん…"
        },
        {
            "speaker":"U",
            "time":"17.10.2020 13:08:14",
            "turn-index":21,
            "utterance":"二人でやれば仕事は半分になるし、俺も手伝うからさ"
        },
        {
            "speaker":"S",
            "time":"17.10.2020 13:08:16",
            "turn-index":22,
            "utterance":"困りますね。なんとか僕以外の人に頼んでいただきたいです。"
        },
        {
            "speaker":"U",
            "time":"17.10.2020 13:08:33",
            "turn-index":23,
            "utterance":"そんなこと言わないで、もう一回考え直してもらえる？"
        },
        {
            "speaker":"S",
            "time":"17.10.2020 13:08:34",
            "turn-index":24,
            "utterance":"先輩からそう言ってもらえるのは本当に嬉しいのですが、ちょっと、幹事をやるというのはさすがにアレかなと思っていまして…"
        },
        {
            "speaker":"U",
            "time":"17.10.2020 13:09:17",
            "turn-index":25,
            "utterance":"でも清水はサークルの飲み会の手配とかいつもやってたじゃん、やっぱり手馴れてるやつに頼みたいな、俺としては"
        },
        {
            "speaker":"S",
            "time":"17.10.2020 13:09:18",
            "turn-index":26,
            "utterance":"でもせっかくなら良いお店行きたくないですか？いつものじゃなくて先輩のおススメとかあれば行ってみたいです！"
        },
        {
            "speaker":"U",
            "time":"17.10.2020 13:09:56",
            "turn-index":27,
            "utterance":"ようし、じゃあ、店の選別とか予約とかは俺たちが担当するから、ほかのこと任せてもいい？"
        },
        {
            "speaker":"S",
            "time":"17.10.2020 13:09:57",
            "turn-index":28,
            "utterance":"お店...サークルのみんなと良く行っていたお店とかしか思いつかないですが..."
        },
        {
            "speaker":"U",
            "time":"17.10.2020 13:10:26",
            "turn-index":29,
            "utterance":"せっかくだからいつもは行かない店にしてもいいかなって"
        },
        {
            "speaker":"S",
            "time":"17.10.2020 13:10:27",
            "turn-index":30,
            "utterance":"でもやっぱ忙しいんで、お店だったらおすすめのお店リスト渡すのでお願いできませんかね？"
        }
    ]
}