{
    "dialogue-id":"AKT_43",
    "group-id":"",
    "speaker-id":"Akitaka",
    "turns":[
        {
            "speaker":"S",
            "time":"17.10.2020 15:50:08",
            "turn-index":0,
            "utterance":"なんでしょう？？"
        },
        {
            "speaker":"U",
            "time":"17.10.2020 15:50:49",
            "turn-index":1,
            "utterance":"同窓会の幹事を頼めない。"
        },
        {
            "speaker":"S",
            "time":"17.10.2020 15:50:54",
            "turn-index":2,
            "utterance":"同窓会あるんですか？"
        },
        {
            "speaker":"U",
            "time":"17.10.2020 15:51:06",
            "turn-index":3,
            "utterance":"来月あるんだ。"
        },
        {
            "speaker":"S",
            "time":"17.10.2020 15:51:17",
            "turn-index":4,
            "utterance":"ちょっと予定が立て込んでで無理かもです"
        },
        {
            "speaker":"U",
            "time":"17.10.2020 15:51:32",
            "turn-index":5,
            "utterance":"そこを何とかしてくれない。"
        },
        {
            "speaker":"S",
            "time":"17.10.2020 15:51:42",
            "turn-index":6,
            "utterance":"今度の同窓会って先輩方結構来るんですよね？"
        },
        {
            "speaker":"U",
            "time":"17.10.2020 15:51:59",
            "turn-index":7,
            "utterance":"たぶんそうだと思う。"
        },
        {
            "speaker":"S",
            "time":"17.10.2020 15:52:10",
            "turn-index":8,
            "utterance":"ここだけの話にして頂きたいんですけど、苦手な先輩がいるんですよね"
        },
        {
            "speaker":"U",
            "time":"17.10.2020 15:52:21",
            "turn-index":9,
            "utterance":"だれのこと。"
        },
        {
            "speaker":"S",
            "time":"17.10.2020 15:52:31",
            "turn-index":10,
            "utterance":"そもそもどんな会なんですか？"
        },
        {
            "speaker":"U",
            "time":"17.10.2020 15:53:09",
            "turn-index":11,
            "utterance":"親睦会みたいなものさ。"
        },
        {
            "speaker":"S",
            "time":"17.10.2020 15:53:17",
            "turn-index":12,
            "utterance":"あー"
        },
        {
            "speaker":"U",
            "time":"17.10.2020 15:53:40",
            "turn-index":13,
            "utterance":"よろしく頼むよ。"
        },
        {
            "speaker":"S",
            "time":"17.10.2020 15:53:47",
            "turn-index":14,
            "utterance":"ちなみにどなたがいらっしゃるんですか？"
        },
        {
            "speaker":"U",
            "time":"17.10.2020 15:54:20",
            "turn-index":15,
            "utterance":"恩師の先生たちも来るよ。"
        },
        {
            "speaker":"S",
            "time":"17.10.2020 15:54:29",
            "turn-index":16,
            "utterance":"結構集まりそうですね"
        },
        {
            "speaker":"U",
            "time":"17.10.2020 15:54:47",
            "turn-index":17,
            "utterance":"盛況になると思うよ。"
        },
        {
            "speaker":"S",
            "time":"17.10.2020 15:54:55",
            "turn-index":18,
            "utterance":"そうでしたっけ笑"
        },
        {
            "speaker":"U",
            "time":"17.10.2020 15:55:19",
            "turn-index":19,
            "utterance":"幹事を頼むよ。お願い。"
        },
        {
            "speaker":"S",
            "time":"17.10.2020 15:55:26",
            "turn-index":20,
            "utterance":"予算って決まってるんですか？"
        },
        {
            "speaker":"U",
            "time":"17.10.2020 15:55:43",
            "turn-index":21,
            "utterance":"一人１万円くらいで。"
        },
        {
            "speaker":"S",
            "time":"17.10.2020 15:55:49",
            "turn-index":22,
            "utterance":"結構するんですね……"
        },
        {
            "speaker":"U",
            "time":"17.10.2020 15:56:09",
            "turn-index":23,
            "utterance":"有名ホテルを利用するからね。"
        },
        {
            "speaker":"S",
            "time":"17.10.2020 15:56:16",
            "turn-index":24,
            "utterance":"申し訳ないです😭"
        },
        {
            "speaker":"U",
            "time":"17.10.2020 15:56:32",
            "turn-index":25,
            "utterance":"そこをなんとか頼むよ。"
        },
        {
            "speaker":"S",
            "time":"17.10.2020 15:56:42",
            "turn-index":26,
            "utterance":"仕事に影響がでそうなので．．．"
        },
        {
            "speaker":"U",
            "time":"17.10.2020 15:57:25",
            "turn-index":27,
            "utterance":"私も手伝うから。"
        },
        {
            "speaker":"S",
            "time":"17.10.2020 15:57:35",
            "turn-index":28,
            "utterance":"僕の同期は出来なさそうなんですか？"
        },
        {
            "speaker":"U",
            "time":"17.10.2020 15:57:51",
            "turn-index":29,
            "utterance":"ダメそうなんだ。"
        },
        {
            "speaker":"S",
            "time":"17.10.2020 15:57:58",
            "turn-index":30,
            "utterance":"大変ですね……"
        }
    ]
}