{
    "dialogue-id":"AKT_18",
    "group-id":"",
    "speaker-id":"Akitaka",
    "turns":[
        {
            "speaker":"S",
            "time":"17.10.2020 20:05:03",
            "turn-index":0,
            "utterance":"なんでしょう？？"
        },
        {
            "speaker":"U",
            "time":"17.10.2020 20:05:31",
            "turn-index":1,
            "utterance":"毎年やってる同窓会のことなんだけど"
        },
        {
            "speaker":"S",
            "time":"17.10.2020 20:05:39",
            "turn-index":2,
            "utterance":"ええ"
        },
        {
            "speaker":"U",
            "time":"17.10.2020 20:06:05",
            "turn-index":3,
            "utterance":"幹事やってほしいんだけど"
        },
        {
            "speaker":"S",
            "time":"17.10.2020 20:06:12",
            "turn-index":4,
            "utterance":"ちなみにどなたがいらっしゃるんですか？"
        },
        {
            "speaker":"U",
            "time":"17.10.2020 20:07:02",
            "turn-index":5,
            "utterance":"大体はいつもと同じメンバーだと思うけど、まだよくわからないわ"
        },
        {
            "speaker":"S",
            "time":"17.10.2020 20:07:15",
            "turn-index":6,
            "utterance":"結構集まりそうですね"
        },
        {
            "speaker":"U",
            "time":"17.10.2020 20:07:43",
            "turn-index":7,
            "utterance":"うーんどうだろうね、15人ぐらいかな"
        },
        {
            "speaker":"S",
            "time":"17.10.2020 20:07:57",
            "turn-index":8,
            "utterance":"そうでしたっけ笑"
        },
        {
            "speaker":"U",
            "time":"17.10.2020 20:08:15",
            "turn-index":9,
            "utterance":"そうそう"
        },
        {
            "speaker":"S",
            "time":"17.10.2020 20:08:33",
            "turn-index":10,
            "utterance":"結構時間ないですし、入社したばかりでバタバタしてると思うので厳しいです……"
        },
        {
            "speaker":"U",
            "time":"17.10.2020 20:10:19",
            "turn-index":11,
            "utterance":"えー忙しいのはみんなも結構忙しいからさ、そこを何とかお願い！！"
        },
        {
            "speaker":"S",
            "time":"17.10.2020 20:10:28",
            "turn-index":12,
            "utterance":"マジですか……"
        },
        {
            "speaker":"U",
            "time":"17.10.2020 20:10:40",
            "turn-index":13,
            "utterance":"マジですよ～"
        },
        {
            "speaker":"S",
            "time":"17.10.2020 20:10:49",
            "turn-index":14,
            "utterance":"僕幹事とか苦手なので😂"
        },
        {
            "speaker":"U",
            "time":"17.10.2020 20:11:37",
            "turn-index":15,
            "utterance":"それは大丈夫だと思うよ、みんな適当にやってきたからさ"
        },
        {
            "speaker":"S",
            "time":"17.10.2020 20:11:48",
            "turn-index":16,
            "utterance":"先輩の代で出来る方いらっしゃらないんですか？"
        },
        {
            "speaker":"U",
            "time":"17.10.2020 20:12:16",
            "turn-index":17,
            "utterance":"俺らの代はもう全員一回やってるからな～"
        },
        {
            "speaker":"S",
            "time":"17.10.2020 20:12:27",
            "turn-index":18,
            "utterance":"後輩何人か紹介しましょうか？"
        },
        {
            "speaker":"U",
            "time":"17.10.2020 20:14:00",
            "turn-index":19,
            "utterance":"ん～、みんな清水にやってもらいたそうなんだけど。。。"
        },
        {
            "speaker":"S",
            "time":"17.10.2020 20:14:08",
            "turn-index":20,
            "utterance":"じゃあ僕の方からお願いしましょうか？"
        },
        {
            "speaker":"U",
            "time":"17.10.2020 20:15:51",
            "turn-index":21,
            "utterance":"それでもいいっちゃいいけど、清水推しのやつら説得してな～"
        },
        {
            "speaker":"S",
            "time":"17.10.2020 20:16:00",
            "turn-index":22,
            "utterance":"あー"
        },
        {
            "speaker":"U",
            "time":"17.10.2020 20:16:46",
            "turn-index":23,
            "utterance":"清水って人気あるからみんなやってほしいんじゃね？"
        },
        {
            "speaker":"S",
            "time":"17.10.2020 20:16:55",
            "turn-index":24,
            "utterance":"本当に申し訳ないんですが……"
        },
        {
            "speaker":"U",
            "time":"17.10.2020 20:17:17",
            "turn-index":25,
            "utterance":"え～大丈夫だって～"
        },
        {
            "speaker":"S",
            "time":"17.10.2020 20:17:26",
            "turn-index":26,
            "utterance":"応援してます🙏"
        },
        {
            "speaker":"U",
            "time":"17.10.2020 20:17:45",
            "turn-index":27,
            "utterance":"おい！笑"
        },
        {
            "speaker":"S",
            "time":"17.10.2020 20:17:55",
            "turn-index":28,
            "utterance":"予算って決まってるんですか？"
        },
        {
            "speaker":"U",
            "time":"17.10.2020 20:18:54",
            "turn-index":29,
            "utterance":"まだ何も決まってないと思うから勝手に決めちゃっていいよ"
        },
        {
            "speaker":"S",
            "time":"17.10.2020 20:19:04",
            "turn-index":30,
            "utterance":"困りますね😅"
        }
    ]
}