{
    "dialogue-id":"AKT_04",
    "group-id":"",
    "speaker-id":"Akitaka",
    "turns":[
        {
            "speaker":"S",
            "time":"17.10.2020 14:27:51",
            "turn-index":0,
            "utterance":"なんでしょう？？"
        },
        {
            "speaker":"U",
            "time":"17.10.2020 14:30:45",
            "turn-index":1,
            "utterance":"卒業おめでとう"
        },
        {
            "speaker":"S",
            "time":"17.10.2020 14:30:52",
            "turn-index":2,
            "utterance":"なるほど"
        },
        {
            "speaker":"U",
            "time":"17.10.2020 14:32:34",
            "turn-index":3,
            "utterance":"今年も元サークル員で同窓会をやるんだよ"
        },
        {
            "speaker":"S",
            "time":"17.10.2020 14:32:39",
            "turn-index":4,
            "utterance":"ええ"
        },
        {
            "speaker":"U",
            "time":"17.10.2020 14:33:21",
            "turn-index":5,
            "utterance":"新しい会員として今年の幹事をやってくれないか？"
        },
        {
            "speaker":"S",
            "time":"17.10.2020 14:33:30",
            "turn-index":6,
            "utterance":"僕に聞かれましても😇"
        },
        {
            "speaker":"U",
            "time":"17.10.2020 14:34:45",
            "turn-index":7,
            "utterance":"君が適任と思って連絡したんだ。ひきうけてくれないか？"
        },
        {
            "speaker":"S",
            "time":"17.10.2020 14:34:57",
            "turn-index":8,
            "utterance":"先輩のご存知な代と在校生とかでしょうか"
        },
        {
            "speaker":"U",
            "time":"17.10.2020 14:36:25",
            "turn-index":9,
            "utterance":"同じサークルの卒業生だよ"
        },
        {
            "speaker":"S",
            "time":"17.10.2020 14:36:33",
            "turn-index":10,
            "utterance":"あー"
        },
        {
            "speaker":"U",
            "time":"17.10.2020 14:37:40",
            "turn-index":11,
            "utterance":"何か気になることでもあるの？"
        },
        {
            "speaker":"S",
            "time":"17.10.2020 14:37:52",
            "turn-index":12,
            "utterance":"同窓会って結構派手に飲むじゃないですか？"
        },
        {
            "speaker":"U",
            "time":"17.10.2020 14:39:18",
            "turn-index":13,
            "utterance":"飲むやつは飲むけど、我がサークルは紳士的だから問題ないよ"
        },
        {
            "speaker":"S",
            "time":"17.10.2020 14:39:25",
            "turn-index":14,
            "utterance":"結構集まりそうですね"
        },
        {
            "speaker":"U",
            "time":"17.10.2020 14:39:52",
            "turn-index":15,
            "utterance":"結構みんな仲がいいからね"
        },
        {
            "speaker":"S",
            "time":"17.10.2020 14:40:02",
            "turn-index":16,
            "utterance":"ちなみに、開催地とか決まっているんですか？"
        },
        {
            "speaker":"U",
            "time":"17.10.2020 14:42:00",
            "turn-index":17,
            "utterance":"毎年、２、３店の中でやってるから、その中から選んでほしい"
        },
        {
            "speaker":"S",
            "time":"17.10.2020 14:42:05",
            "turn-index":18,
            "utterance":"なるほど"
        },
        {
            "speaker":"U",
            "time":"17.10.2020 14:42:34",
            "turn-index":19,
            "utterance":"幹事、引き受けてくれるかな？"
        },
        {
            "speaker":"S",
            "time":"17.10.2020 14:42:42",
            "turn-index":20,
            "utterance":"春休みですよね？　うーん"
        },
        {
            "speaker":"U",
            "time":"17.10.2020 14:44:11",
            "turn-index":21,
            "utterance":"社会へ出てからのつながりにもなるんでたのむよ"
        },
        {
            "speaker":"S",
            "time":"17.10.2020 14:44:15",
            "turn-index":22,
            "utterance":"ええ"
        },
        {
            "speaker":"U",
            "time":"17.10.2020 14:44:49",
            "turn-index":23,
            "utterance":"承諾してくれたってことでいい？"
        },
        {
            "speaker":"S",
            "time":"17.10.2020 14:44:59",
            "turn-index":24,
            "utterance":"ちなみにどなたがいらっしゃるんですか？"
        },
        {
            "speaker":"U",
            "time":"17.10.2020 14:46:46",
            "turn-index":25,
            "utterance":"君の知ってる年代がほとんどだと思うよ"
        },
        {
            "speaker":"S",
            "time":"17.10.2020 14:46:56",
            "turn-index":26,
            "utterance":"大変ですね……"
        },
        {
            "speaker":"U",
            "time":"17.10.2020 14:48:20",
            "turn-index":27,
            "utterance":"そうでもないよ。みんなたすけてくれるよ。"
        },
        {
            "speaker":"S",
            "time":"17.10.2020 14:48:32",
            "turn-index":28,
            "utterance":"すみません、内定者インターンが忙しくて手が回りそうにないです"
        },
        {
            "speaker":"U",
            "time":"17.10.2020 14:49:33",
            "turn-index":29,
            "utterance":"君の都合のいい日取りでいいよ"
        },
        {
            "speaker":"S",
            "time":"17.10.2020 14:49:42",
            "turn-index":30,
            "utterance":"僕の同期は出来なさそうなんですか？"
        }
    ]
}