{
    "dialogue-id":"AKT_30",
    "group-id":"",
    "speaker-id":"Akitaka",
    "turns":[
        {
            "speaker":"S",
            "time":"17.10.2020 15:39:43",
            "turn-index":0,
            "utterance":"なんでしょう？？"
        },
        {
            "speaker":"U",
            "time":"17.10.2020 15:40:03",
            "turn-index":1,
            "utterance":"君に同窓会の幹事をお願いしたい。"
        },
        {
            "speaker":"S",
            "time":"17.10.2020 15:40:09",
            "turn-index":2,
            "utterance":"僕にですか？"
        },
        {
            "speaker":"U",
            "time":"17.10.2020 15:40:25",
            "turn-index":3,
            "utterance":"君が適任かと。"
        },
        {
            "speaker":"S",
            "time":"17.10.2020 15:40:35",
            "turn-index":4,
            "utterance":"連絡取るのとか苦手です😇"
        },
        {
            "speaker":"U",
            "time":"17.10.2020 15:41:13",
            "turn-index":5,
            "utterance":"あまり気負わなくていいんだ。君は責任感がある。"
        },
        {
            "speaker":"S",
            "time":"17.10.2020 15:41:22",
            "turn-index":6,
            "utterance":"了解です"
        },
        {
            "speaker":"U",
            "time":"17.10.2020 15:41:41",
            "turn-index":7,
            "utterance":"引き受けてくれるか、ありがとう。"
        },
        {
            "speaker":"S",
            "time":"17.10.2020 15:41:48",
            "turn-index":8,
            "utterance":"予算って決まってるんですか？"
        },
        {
            "speaker":"U",
            "time":"17.10.2020 15:42:14",
            "turn-index":9,
            "utterance":"一人およそ5000円ってところかな。"
        },
        {
            "speaker":"S",
            "time":"17.10.2020 15:42:21",
            "turn-index":10,
            "utterance":"結構するんですね……"
        },
        {
            "speaker":"U",
            "time":"17.10.2020 15:42:36",
            "turn-index":11,
            "utterance":"そうだね。"
        },
        {
            "speaker":"S",
            "time":"17.10.2020 15:42:43",
            "turn-index":12,
            "utterance":"３年生は呼ぶんですか？"
        },
        {
            "speaker":"U",
            "time":"17.10.2020 15:42:55",
            "turn-index":13,
            "utterance":"呼ぶよ。"
        },
        {
            "speaker":"S",
            "time":"17.10.2020 15:43:04",
            "turn-index":14,
            "utterance":"３年生に幹事お願いするのはどうですか？"
        },
        {
            "speaker":"U",
            "time":"17.10.2020 15:43:28",
            "turn-index":15,
            "utterance":"3年生にはちょっと荷が重いかな。"
        },
        {
            "speaker":"S",
            "time":"17.10.2020 15:43:38",
            "turn-index":16,
            "utterance":"前期中なら大丈夫だと思います"
        },
        {
            "speaker":"U",
            "time":"17.10.2020 15:44:02",
            "turn-index":17,
            "utterance":"君の方が適任だと思うんだ"
        },
        {
            "speaker":"S",
            "time":"17.10.2020 15:44:12",
            "turn-index":18,
            "utterance":"先輩の代で出来る方いらっしゃらないんですか？"
        },
        {
            "speaker":"U",
            "time":"17.10.2020 15:44:24",
            "turn-index":19,
            "utterance":"ちょっと厳しい"
        },
        {
            "speaker":"S",
            "time":"17.10.2020 15:44:31",
            "turn-index":20,
            "utterance":"なるほど"
        },
        {
            "speaker":"U",
            "time":"17.10.2020 15:44:45",
            "turn-index":21,
            "utterance":"ひきうけてくれるか？"
        },
        {
            "speaker":"S",
            "time":"17.10.2020 15:44:51",
            "turn-index":22,
            "utterance":"春休みですよね？　うーん"
        },
        {
            "speaker":"U",
            "time":"17.10.2020 15:45:10",
            "turn-index":23,
            "utterance":"忙しいところすまない。"
        },
        {
            "speaker":"S",
            "time":"17.10.2020 15:45:19",
            "turn-index":24,
            "utterance":"内定先からの課題とかあるので……"
        },
        {
            "speaker":"U",
            "time":"17.10.2020 15:45:38",
            "turn-index":25,
            "utterance":"なんとかならないか？"
        },
        {
            "speaker":"S",
            "time":"17.10.2020 15:45:49",
            "turn-index":26,
            "utterance":"最近忙しくて余裕がないんです😭"
        },
        {
            "speaker":"U",
            "time":"17.10.2020 15:46:15",
            "turn-index":27,
            "utterance":"悪いな。でもなんとか。。。"
        },
        {
            "speaker":"S",
            "time":"17.10.2020 15:46:21",
            "turn-index":28,
            "utterance":"結構忙しいです😇"
        },
        {
            "speaker":"U",
            "time":"17.10.2020 15:46:45",
            "turn-index":29,
            "utterance":"そうだとは思うが他に頼めないんだよ。。。"
        },
        {
            "speaker":"S",
            "time":"17.10.2020 15:46:54",
            "turn-index":30,
            "utterance":"すみません、内定者インターンが忙しくて手が回りそうにないです"
        }
    ]
}