{
    "dialogue-id":"AKT_23",
    "group-id":"",
    "speaker-id":"Akitaka",
    "turns":[
        {
            "speaker":"S",
            "time":"17.10.2020 14:10:45",
            "turn-index":0,
            "utterance":"なんでしょう？？"
        },
        {
            "speaker":"U",
            "time":"17.10.2020 14:10:58",
            "turn-index":1,
            "utterance":"今度、サークルの同窓会あるでしょ？"
        },
        {
            "speaker":"S",
            "time":"17.10.2020 14:11:05",
            "turn-index":2,
            "utterance":"ええ"
        },
        {
            "speaker":"U",
            "time":"17.10.2020 14:11:36",
            "turn-index":3,
            "utterance":"それなんだけどさ、幹事を清水にやってもらいたいと思って"
        },
        {
            "speaker":"S",
            "time":"17.10.2020 14:11:42",
            "turn-index":4,
            "utterance":"あまり詳しくないんですよ"
        },
        {
            "speaker":"U",
            "time":"17.10.2020 14:11:56",
            "turn-index":5,
            "utterance":"それでも大丈夫だよ、俺が教えるから"
        },
        {
            "speaker":"S",
            "time":"17.10.2020 14:12:07",
            "turn-index":6,
            "utterance":"先輩の代で出来る方いらっしゃらないんですか？"
        },
        {
            "speaker":"U",
            "time":"17.10.2020 14:12:26",
            "turn-index":7,
            "utterance":"うーん、ざっと聞いたけど忙しい人が多いみたいなんだよね"
        },
        {
            "speaker":"S",
            "time":"17.10.2020 14:12:36",
            "turn-index":8,
            "utterance":"大変ですね……"
        },
        {
            "speaker":"U",
            "time":"17.10.2020 14:12:45",
            "turn-index":9,
            "utterance":"うん"
        },
        {
            "speaker":"S",
            "time":"17.10.2020 14:12:56",
            "turn-index":10,
            "utterance":"後輩何人か紹介しましょうか？"
        },
        {
            "speaker":"U",
            "time":"17.10.2020 14:13:22",
            "turn-index":11,
            "utterance":"いや、僕的には清水が適任かなと思ってる"
        },
        {
            "speaker":"S",
            "time":"17.10.2020 14:13:31",
            "turn-index":12,
            "utterance":"あー"
        },
        {
            "speaker":"U",
            "time":"17.10.2020 14:13:38",
            "turn-index":13,
            "utterance":"どうかな？"
        },
        {
            "speaker":"S",
            "time":"17.10.2020 14:13:46",
            "turn-index":14,
            "utterance":"まだ会社に慣れてなさそうなので厳しいかもです😭"
        },
        {
            "speaker":"U",
            "time":"17.10.2020 14:14:05",
            "turn-index":15,
            "utterance":"時間ないなら僕が色々手伝うよ"
        },
        {
            "speaker":"S",
            "time":"17.10.2020 14:14:15",
            "turn-index":16,
            "utterance":"ちょっと忙しいので・・・"
        },
        {
            "speaker":"U",
            "time":"17.10.2020 14:14:26",
            "turn-index":17,
            "utterance":"そんなに忙しい？"
        },
        {
            "speaker":"S",
            "time":"17.10.2020 14:14:33",
            "turn-index":18,
            "utterance":"内定先からの課題とかあるので……"
        },
        {
            "speaker":"U",
            "time":"17.10.2020 14:14:47",
            "turn-index":19,
            "utterance":"課題かー確かにそれは大変だよね"
        },
        {
            "speaker":"S",
            "time":"17.10.2020 14:14:55",
            "turn-index":20,
            "utterance":"力になれなくてすいません……"
        },
        {
            "speaker":"U",
            "time":"17.10.2020 14:15:09",
            "turn-index":21,
            "utterance":"でも、幹事っていっても大したことしないよ"
        },
        {
            "speaker":"S",
            "time":"17.10.2020 14:15:16",
            "turn-index":22,
            "utterance":"先輩のためにやりたかったんですが、今回はすみません"
        },
        {
            "speaker":"U",
            "time":"17.10.2020 14:15:33",
            "turn-index":23,
            "utterance":"いや、同窓会でちょっと仕切ってもらうだけでいいからさ"
        },
        {
            "speaker":"S",
            "time":"17.10.2020 14:15:40",
            "turn-index":24,
            "utterance":"そうなんですね"
        },
        {
            "speaker":"U",
            "time":"17.10.2020 14:15:57",
            "turn-index":25,
            "utterance":"うん、だからあんまり気にしなくても大丈夫"
        },
        {
            "speaker":"S",
            "time":"17.10.2020 14:16:05",
            "turn-index":26,
            "utterance":"なんなら僕参加できなくても大丈夫ですよ？"
        },
        {
            "speaker":"U",
            "time":"17.10.2020 14:16:24",
            "turn-index":27,
            "utterance":"でもいた方が楽しいんだよね"
        },
        {
            "speaker":"S",
            "time":"17.10.2020 14:16:31",
            "turn-index":28,
            "utterance":"ちなみに、開催地とか決まっているんですか？"
        },
        {
            "speaker":"U",
            "time":"17.10.2020 14:16:53",
            "turn-index":29,
            "utterance":"開催地はまだ相談してる"
        },
        {
            "speaker":"S",
            "time":"17.10.2020 14:17:01",
            "turn-index":30,
            "utterance":"なるほど"
        }
    ]
}