{
    "dialogue-id":"AKT_50",
    "group-id":"",
    "speaker-id":"Akitaka",
    "turns":[
        {
            "speaker":"S",
            "time":"17.10.2020 17:14:18",
            "turn-index":0,
            "utterance":"なんでしょう？？"
        },
        {
            "speaker":"U",
            "time":"17.10.2020 17:15:39",
            "turn-index":1,
            "utterance":"同窓会の幹事頼めないかな"
        },
        {
            "speaker":"S",
            "time":"17.10.2020 17:15:43",
            "turn-index":2,
            "utterance":"ええ"
        },
        {
            "speaker":"U",
            "time":"17.10.2020 17:16:24",
            "turn-index":3,
            "utterance":"大変だとは思うんだけど"
        },
        {
            "speaker":"S",
            "time":"17.10.2020 17:16:32",
            "turn-index":4,
            "utterance":"あまり詳しくないんですよ"
        },
        {
            "speaker":"U",
            "time":"17.10.2020 17:16:49",
            "turn-index":5,
            "utterance":"何が詳しくないの？"
        },
        {
            "speaker":"S",
            "time":"17.10.2020 17:16:57",
            "turn-index":6,
            "utterance":"内定者インターンに行ってるんですよ😇"
        },
        {
            "speaker":"U",
            "time":"17.10.2020 17:17:15",
            "turn-index":7,
            "utterance":"忙しい時期なのに悪いね"
        },
        {
            "speaker":"S",
            "time":"17.10.2020 17:17:23",
            "turn-index":8,
            "utterance":"大変ですね……"
        },
        {
            "speaker":"U",
            "time":"17.10.2020 17:18:08",
            "turn-index":9,
            "utterance":"自分は会社員だから大変なのは普通なのかな"
        },
        {
            "speaker":"S",
            "time":"17.10.2020 17:18:18",
            "turn-index":10,
            "utterance":"応援してます🙏"
        },
        {
            "speaker":"U",
            "time":"17.10.2020 17:18:36",
            "turn-index":11,
            "utterance":"シンジもインターンがんばれ！"
        },
        {
            "speaker":"S",
            "time":"17.10.2020 17:18:43",
            "turn-index":12,
            "utterance":"マジですか……"
        },
        {
            "speaker":"U",
            "time":"17.10.2020 17:19:08",
            "turn-index":13,
            "utterance":"まぁ君ならなんとかなると思ってるよ"
        },
        {
            "speaker":"S",
            "time":"17.10.2020 17:19:18",
            "turn-index":14,
            "utterance":"ちなみに、開催地とか決まっているんですか？"
        },
        {
            "speaker":"U",
            "time":"17.10.2020 17:19:49",
            "turn-index":15,
            "utterance":"んー特に決まってないけど"
        },
        {
            "speaker":"S",
            "time":"17.10.2020 17:19:59",
            "turn-index":16,
            "utterance":"大変ですね……"
        },
        {
            "speaker":"U",
            "time":"17.10.2020 17:20:13",
            "turn-index":17,
            "utterance":"場所も決めちゃっていいよ"
        },
        {
            "speaker":"S",
            "time":"17.10.2020 17:20:23",
            "turn-index":18,
            "utterance":"すみません、内定者インターンが忙しくて手が回りそうにないです"
        },
        {
            "speaker":"U",
            "time":"17.10.2020 17:21:26",
            "turn-index":19,
            "utterance":"まぁ一日だけあれば連絡と手配はできるとおもうけどなぁ"
        },
        {
            "speaker":"S",
            "time":"17.10.2020 17:21:35",
            "turn-index":20,
            "utterance":"結構はっちゃける方いた気がするんですか．．．．．．．"
        },
        {
            "speaker":"U",
            "time":"17.10.2020 17:21:58",
            "turn-index":21,
            "utterance":"き・・・気のせいだよ"
        },
        {
            "speaker":"S",
            "time":"17.10.2020 17:22:12",
            "turn-index":22,
            "utterance":"今年も大騒ぎしたり巻き込まれたりすると内定に響きそうなので……"
        },
        {
            "speaker":"U",
            "time":"17.10.2020 17:22:40",
            "turn-index":23,
            "utterance":"そういうことは無いようにちゃんと言っておくよ"
        },
        {
            "speaker":"S",
            "time":"17.10.2020 17:22:49",
            "turn-index":24,
            "utterance":"ちょっと忙しいので・・・"
        },
        {
            "speaker":"U",
            "time":"17.10.2020 17:23:09",
            "turn-index":25,
            "utterance":"忙しいのは多分みんな同じだと思うよー"
        },
        {
            "speaker":"S",
            "time":"17.10.2020 17:23:15",
            "turn-index":26,
            "utterance":"そういわれましても……"
        },
        {
            "speaker":"U",
            "time":"17.10.2020 17:23:39",
            "turn-index":27,
            "utterance":"ここはオレの顔を立ててやってくれ！"
        },
        {
            "speaker":"S",
            "time":"17.10.2020 17:23:48",
            "turn-index":28,
            "utterance":"後輩何人か紹介しましょうか？"
        },
        {
            "speaker":"U",
            "time":"17.10.2020 17:24:05",
            "turn-index":29,
            "utterance":"んーどっちでもいいよ"
        },
        {
            "speaker":"S",
            "time":"17.10.2020 17:24:14",
            "turn-index":30,
            "utterance":"３年生に幹事お願いするのはどうですか？"
        }
    ]
}