{
    "dialogue-id":"AKT_51",
    "group-id":"",
    "speaker-id":"Akitaka",
    "turns":[
        {
            "speaker":"S",
            "time":"17.10.2020 15:48:11",
            "turn-index":0,
            "utterance":"なんでしょう？？"
        },
        {
            "speaker":"U",
            "time":"17.10.2020 15:48:32",
            "turn-index":1,
            "utterance":"急なんだけど、同窓会の幹事をやってみない？"
        },
        {
            "speaker":"S",
            "time":"17.10.2020 15:48:38",
            "turn-index":2,
            "utterance":"ええ"
        },
        {
            "speaker":"U",
            "time":"17.10.2020 15:48:49",
            "turn-index":3,
            "utterance":"びっくり？"
        },
        {
            "speaker":"S",
            "time":"17.10.2020 15:48:55",
            "turn-index":4,
            "utterance":"ちなみにどなたがいらっしゃるんですか？"
        },
        {
            "speaker":"U",
            "time":"17.10.2020 15:49:48",
            "turn-index":5,
            "utterance":"清水の知ってる人も何人かいるよ。"
        },
        {
            "speaker":"S",
            "time":"17.10.2020 15:49:54",
            "turn-index":6,
            "utterance":"結構集まりそうですね"
        },
        {
            "speaker":"U",
            "time":"17.10.2020 15:50:29",
            "turn-index":7,
            "utterance":"うん。清水に幹事をやってもらえたらうれしいよ。"
        },
        {
            "speaker":"S",
            "time":"17.10.2020 15:50:41",
            "turn-index":8,
            "utterance":"先輩の代で出来る方いらっしゃらないんですか？"
        },
        {
            "speaker":"U",
            "time":"17.10.2020 15:50:59",
            "turn-index":9,
            "utterance":"そうなんだ。だから困ってるんだ。"
        },
        {
            "speaker":"S",
            "time":"17.10.2020 15:51:05",
            "turn-index":10,
            "utterance":"大変ですね……"
        },
        {
            "speaker":"U",
            "time":"17.10.2020 15:51:25",
            "turn-index":11,
            "utterance":"僕を助けると思ってやってもらえたらほんと嬉しいよ。"
        },
        {
            "speaker":"S",
            "time":"17.10.2020 15:51:32",
            "turn-index":12,
            "utterance":"応援してます🙏"
        },
        {
            "speaker":"U",
            "time":"17.10.2020 15:51:40",
            "turn-index":13,
            "utterance":"幹事はやってくれる？"
        },
        {
            "speaker":"S",
            "time":"17.10.2020 15:51:50",
            "turn-index":14,
            "utterance":"いやー厳しいです😭"
        },
        {
            "speaker":"U",
            "time":"17.10.2020 15:51:57",
            "turn-index":15,
            "utterance":"忙しいかな？"
        },
        {
            "speaker":"S",
            "time":"17.10.2020 15:52:07",
            "turn-index":16,
            "utterance":"内定先からの課題とかあるので……"
        },
        {
            "speaker":"U",
            "time":"17.10.2020 15:52:31",
            "turn-index":17,
            "utterance":"じゃあ、一緒に幹事を進めていかない？"
        },
        {
            "speaker":"S",
            "time":"17.10.2020 15:52:37",
            "turn-index":18,
            "utterance":"メンタル弱いんで厳しいです……"
        },
        {
            "speaker":"U",
            "time":"17.10.2020 15:53:08",
            "turn-index":19,
            "utterance":"僕と一緒にやったら清水のメンタルを援助するよ。"
        },
        {
            "speaker":"S",
            "time":"17.10.2020 15:53:14",
            "turn-index":20,
            "utterance":"マジですか……"
        },
        {
            "speaker":"U",
            "time":"17.10.2020 15:53:30",
            "turn-index":21,
            "utterance":"本当だよ。"
        },
        {
            "speaker":"S",
            "time":"17.10.2020 15:53:39",
            "turn-index":22,
            "utterance":"僕幹事とか苦手なので😂"
        },
        {
            "speaker":"U",
            "time":"17.10.2020 15:54:16",
            "turn-index":23,
            "utterance":"苦手なことをやるってなかなか勇気いるよね。今回人生で一度きりと思って僕とやってみない？"
        },
        {
            "speaker":"S",
            "time":"17.10.2020 15:54:24",
            "turn-index":24,
            "utterance":"やってましたけど、あんまり上手くできなくて"
        },
        {
            "speaker":"U",
            "time":"17.10.2020 15:54:44",
            "turn-index":25,
            "utterance":"上手い下手はこだわらないよ。気持ちが大事だから。"
        },
        {
            "speaker":"S",
            "time":"17.10.2020 15:54:53",
            "turn-index":26,
            "utterance":"うーん・・・就職先からもあんまり羽目を外すなっていわれてますから・・・"
        },
        {
            "speaker":"U",
            "time":"17.10.2020 15:55:21",
            "turn-index":27,
            "utterance":"無理せずに淡々とこなしていけば大丈夫だよ。"
        },
        {
            "speaker":"S",
            "time":"17.10.2020 15:55:30",
            "turn-index":28,
            "utterance":"結構はっちゃける方いた気がするんですか．．．．．．．"
        },
        {
            "speaker":"U",
            "time":"17.10.2020 15:55:58",
            "turn-index":29,
            "utterance":"そういう人は僕が対応するからまかせて。清水はマイペースでやっていいよ。"
        },
        {
            "speaker":"S",
            "time":"17.10.2020 15:56:04",
            "turn-index":30,
            "utterance":"そうなんですね"
        }
    ]
}