{
    "dialogue-id":"AKT_37",
    "group-id":"",
    "speaker-id":"Akitaka",
    "turns":[
        {
            "speaker":"S",
            "time":"17.10.2020 14:29:27",
            "turn-index":0,
            "utterance":"なんでしょう？？"
        },
        {
            "speaker":"U",
            "time":"17.10.2020 14:29:52",
            "turn-index":1,
            "utterance":"言いにくいんだけどさ"
        },
        {
            "speaker":"S",
            "time":"17.10.2020 14:30:02",
            "turn-index":2,
            "utterance":"そうですよね、すいません"
        },
        {
            "speaker":"U",
            "time":"17.10.2020 14:30:41",
            "turn-index":3,
            "utterance":"サークルの集まりの幹事をお願いしたい"
        },
        {
            "speaker":"S",
            "time":"17.10.2020 14:30:49",
            "turn-index":4,
            "utterance":"マジですか……"
        },
        {
            "speaker":"U",
            "time":"17.10.2020 14:31:02",
            "turn-index":5,
            "utterance":"マジです"
        },
        {
            "speaker":"S",
            "time":"17.10.2020 14:31:09",
            "turn-index":6,
            "utterance":"正直嫌です"
        },
        {
            "speaker":"U",
            "time":"17.10.2020 14:31:42",
            "turn-index":7,
            "utterance":"みんなに連絡して断られて清水が最後の砦"
        },
        {
            "speaker":"S",
            "time":"17.10.2020 14:31:55",
            "turn-index":8,
            "utterance":"今度の同窓会って先輩方結構来るんですよね？"
        },
        {
            "speaker":"U",
            "time":"17.10.2020 14:32:21",
            "turn-index":9,
            "utterance":"都合が悪いのか"
        },
        {
            "speaker":"S",
            "time":"17.10.2020 14:32:32",
            "turn-index":10,
            "utterance":"結構忙しい会社らしいんですよね"
        },
        {
            "speaker":"U",
            "time":"17.10.2020 14:32:58",
            "turn-index":11,
            "utterance":"入社前だろ"
        },
        {
            "speaker":"S",
            "time":"17.10.2020 14:33:06",
            "turn-index":12,
            "utterance":"そうなんですよ😇"
        },
        {
            "speaker":"U",
            "time":"17.10.2020 14:33:34",
            "turn-index":13,
            "utterance":"じゃあ出来るだろ"
        },
        {
            "speaker":"S",
            "time":"17.10.2020 14:33:45",
            "turn-index":14,
            "utterance":"すみません、内定者インターンが忙しくて手が回りそうにないです"
        },
        {
            "speaker":"U",
            "time":"17.10.2020 14:34:18",
            "turn-index":15,
            "utterance":"他の先輩が来ないならいいのか"
        },
        {
            "speaker":"S",
            "time":"17.10.2020 14:34:27",
            "turn-index":16,
            "utterance":"そうなんですね"
        },
        {
            "speaker":"U",
            "time":"17.10.2020 14:34:49",
            "turn-index":17,
            "utterance":"忙しいから無理って嘘やん"
        },
        {
            "speaker":"S",
            "time":"17.10.2020 14:34:58",
            "turn-index":18,
            "utterance":"ええ"
        },
        {
            "speaker":"U",
            "time":"17.10.2020 14:35:17",
            "turn-index":19,
            "utterance":"時間はあるんだな"
        },
        {
            "speaker":"S",
            "time":"17.10.2020 14:35:23",
            "turn-index":20,
            "utterance":"ちなみにどなたがいらっしゃるんですか？"
        },
        {
            "speaker":"U",
            "time":"17.10.2020 14:36:14",
            "turn-index":21,
            "utterance":"来たら嫌な奴を教えて"
        },
        {
            "speaker":"S",
            "time":"17.10.2020 14:36:21",
            "turn-index":22,
            "utterance":"結構集まりそうですね"
        },
        {
            "speaker":"U",
            "time":"17.10.2020 14:36:39",
            "turn-index":23,
            "utterance":"そうだね"
        },
        {
            "speaker":"S",
            "time":"17.10.2020 14:36:48",
            "turn-index":24,
            "utterance":"３年生は呼ぶんですか？"
        },
        {
            "speaker":"U",
            "time":"17.10.2020 14:37:08",
            "turn-index":25,
            "utterance":"呼んだ方がいいのか"
        },
        {
            "speaker":"S",
            "time":"17.10.2020 14:37:18",
            "turn-index":26,
            "utterance":"そうですそうです"
        },
        {
            "speaker":"U",
            "time":"17.10.2020 14:37:35",
            "turn-index":27,
            "utterance":"先生来たら先輩も大人しくなるもんな"
        },
        {
            "speaker":"S",
            "time":"17.10.2020 14:37:42",
            "turn-index":28,
            "utterance":"あー"
        },
        {
            "speaker":"U",
            "time":"17.10.2020 14:37:56",
            "turn-index":29,
            "utterance":"先生も呼ぶから幹事頼む"
        },
        {
            "speaker":"S",
            "time":"17.10.2020 14:38:06",
            "turn-index":30,
            "utterance":"開催時期は決まってるんですか？"
        },
        {
            "speaker":"U",
            "time":"17.10.2020 14:38:40",
            "turn-index":31,
            "utterance":"決まってない"
        },
        {
            "speaker":"S",
            "time":"17.10.2020 14:38:48",
            "turn-index":32,
            "utterance":"そうですそうです"
        }
    ]
}