{
    "dialogue-id":"AKT_19",
    "group-id":"",
    "speaker-id":"Akitaka",
    "turns":[
        {
            "speaker":"S",
            "time":"17.10.2020 14:16:16",
            "turn-index":0,
            "utterance":"なんでしょう？？"
        },
        {
            "speaker":"U",
            "time":"17.10.2020 14:16:27",
            "turn-index":1,
            "utterance":"同窓会のことだけど"
        },
        {
            "speaker":"S",
            "time":"17.10.2020 14:16:33",
            "turn-index":2,
            "utterance":"ええ"
        },
        {
            "speaker":"U",
            "time":"17.10.2020 14:16:50",
            "turn-index":3,
            "utterance":"引き受けてくれるかい？"
        },
        {
            "speaker":"S",
            "time":"17.10.2020 14:16:56",
            "turn-index":4,
            "utterance":"春休みですよね？　うーん"
        },
        {
            "speaker":"U",
            "time":"17.10.2020 14:17:14",
            "turn-index":5,
            "utterance":"君しかいないんだよ"
        },
        {
            "speaker":"S",
            "time":"17.10.2020 14:17:20",
            "turn-index":6,
            "utterance":"本当に申し訳ないんですが……"
        },
        {
            "speaker":"U",
            "time":"17.10.2020 14:17:32",
            "turn-index":7,
            "utterance":"そこをなんとかお願いします"
        },
        {
            "speaker":"S",
            "time":"17.10.2020 14:17:40",
            "turn-index":8,
            "utterance":"マジですか……"
        },
        {
            "speaker":"U",
            "time":"17.10.2020 14:17:54",
            "turn-index":9,
            "utterance":"はい、このとおりお願いします"
        },
        {
            "speaker":"S",
            "time":"17.10.2020 14:18:01",
            "turn-index":10,
            "utterance":"予算って決まってるんですか？"
        },
        {
            "speaker":"U",
            "time":"17.10.2020 14:18:21",
            "turn-index":11,
            "utterance":"だいたいひとり５千円くらいと思ってるんだけど"
        },
        {
            "speaker":"S",
            "time":"17.10.2020 14:18:31",
            "turn-index":12,
            "utterance":"大変ですね……"
        },
        {
            "speaker":"U",
            "time":"17.10.2020 14:18:51",
            "turn-index":13,
            "utterance":"君はどう思う？高いかな？"
        },
        {
            "speaker":"S",
            "time":"17.10.2020 14:19:00",
            "turn-index":14,
            "utterance":"初めて聞きました"
        },
        {
            "speaker":"U",
            "time":"17.10.2020 14:19:14",
            "turn-index":15,
            "utterance":"いやあ、そんなこと言わないでさあ"
        },
        {
            "speaker":"S",
            "time":"17.10.2020 14:19:21",
            "turn-index":16,
            "utterance":"ええ"
        },
        {
            "speaker":"U",
            "time":"17.10.2020 14:19:29",
            "turn-index":17,
            "utterance":"頼むからね"
        },
        {
            "speaker":"S",
            "time":"17.10.2020 14:19:37",
            "turn-index":18,
            "utterance":"ちなみにどなたがいらっしゃるんですか？"
        },
        {
            "speaker":"U",
            "time":"17.10.2020 14:19:56",
            "turn-index":19,
            "utterance":"ちょっとまだはっきりしたことはわからない"
        },
        {
            "speaker":"S",
            "time":"17.10.2020 14:20:07",
            "turn-index":20,
            "utterance":"今度インターン行った時に聞いてみます"
        },
        {
            "speaker":"U",
            "time":"17.10.2020 14:20:22",
            "turn-index":21,
            "utterance":"そうかあ、心強いよ"
        },
        {
            "speaker":"S",
            "time":"17.10.2020 14:20:29",
            "turn-index":22,
            "utterance":"あー"
        },
        {
            "speaker":"U",
            "time":"17.10.2020 14:20:33",
            "turn-index":23,
            "utterance":"なに？"
        },
        {
            "speaker":"S",
            "time":"17.10.2020 14:20:40",
            "turn-index":24,
            "utterance":"まだ会社に慣れてなさそうなので厳しいかもです😭"
        },
        {
            "speaker":"U",
            "time":"17.10.2020 14:20:56",
            "turn-index":25,
            "utterance":"ちょっと、いまさらそんなこと言わないでよ"
        },
        {
            "speaker":"S",
            "time":"17.10.2020 14:21:03",
            "turn-index":26,
            "utterance":"ちょっと忙しいので・・・"
        },
        {
            "speaker":"U",
            "time":"17.10.2020 14:21:19",
            "turn-index":27,
            "utterance":"そこをなんとか！頼む、このとおり"
        },
        {
            "speaker":"S",
            "time":"17.10.2020 14:21:25",
            "turn-index":28,
            "utterance":"そういわれましても……"
        },
        {
            "speaker":"U",
            "time":"17.10.2020 14:21:44",
            "turn-index":29,
            "utterance":"なにか見返りは用意するから"
        },
        {
            "speaker":"S",
            "time":"17.10.2020 14:21:51",
            "turn-index":30,
            "utterance":"了解です"
        }
    ]
}