{
    "dialogue-id":"AKT_21",
    "group-id":"",
    "speaker-id":"Akitaka",
    "turns":[
        {
            "speaker":"S",
            "time":"17.10.2020 15:31:47",
            "turn-index":0,
            "utterance":"なんでしょう？？"
        },
        {
            "speaker":"U",
            "time":"17.10.2020 15:31:59",
            "turn-index":1,
            "utterance":"この間の話聞いてくれた？"
        },
        {
            "speaker":"S",
            "time":"17.10.2020 15:32:08",
            "turn-index":2,
            "utterance":"ええ"
        },
        {
            "speaker":"U",
            "time":"17.10.2020 15:32:19",
            "turn-index":3,
            "utterance":"お願いできそうか？"
        },
        {
            "speaker":"S",
            "time":"17.10.2020 15:32:25",
            "turn-index":4,
            "utterance":"僕に聞かれましても😇"
        },
        {
            "speaker":"U",
            "time":"17.10.2020 15:32:45",
            "turn-index":5,
            "utterance":"清水ならいい店みつけてくれると思ってさ。"
        },
        {
            "speaker":"S",
            "time":"17.10.2020 15:32:50",
            "turn-index":6,
            "utterance":"結構集まりそうですね"
        },
        {
            "speaker":"U",
            "time":"17.10.2020 15:33:08",
            "turn-index":7,
            "utterance":"そうだね、15人くらいと考えてる。"
        },
        {
            "speaker":"S",
            "time":"17.10.2020 15:33:19",
            "turn-index":8,
            "utterance":"そうでしたっけ笑"
        },
        {
            "speaker":"U",
            "time":"17.10.2020 15:33:28",
            "turn-index":9,
            "utterance":"そうでしたよ。"
        },
        {
            "speaker":"S",
            "time":"17.10.2020 15:33:40",
            "turn-index":10,
            "utterance":"会社の仕事とかの関係もありますし"
        },
        {
            "speaker":"U",
            "time":"17.10.2020 15:34:11",
            "turn-index":11,
            "utterance":"忙しいよなー。まあ、場所と人数は決まってるから適当に頼むよ。"
        },
        {
            "speaker":"S",
            "time":"17.10.2020 15:34:20",
            "turn-index":12,
            "utterance":"ちょっと忙しいので・・・"
        },
        {
            "speaker":"U",
            "time":"17.10.2020 15:34:42",
            "turn-index":13,
            "utterance":"ほら、２ヶ月も先のことだからさ。"
        },
        {
            "speaker":"S",
            "time":"17.10.2020 15:34:48",
            "turn-index":14,
            "utterance":"なるほど"
        },
        {
            "speaker":"U",
            "time":"17.10.2020 15:35:02",
            "turn-index":15,
            "utterance":"時間はたっぷりあるから、ゆっくり決めて。"
        },
        {
            "speaker":"S",
            "time":"17.10.2020 15:35:10",
            "turn-index":16,
            "utterance":"あまり詳しくないんですよ"
        },
        {
            "speaker":"U",
            "time":"17.10.2020 15:35:38",
            "turn-index":17,
            "utterance":"ああ、有名チェーンの居酒屋でいいさ。"
        },
        {
            "speaker":"S",
            "time":"17.10.2020 15:35:48",
            "turn-index":18,
            "utterance":"うーん・・・就職先からもあんまり羽目を外すなっていわれてますから・・・"
        },
        {
            "speaker":"U",
            "time":"17.10.2020 15:36:24",
            "turn-index":19,
            "utterance":"徹夜で飲ませることなんてしないから安心しろって。"
        },
        {
            "speaker":"S",
            "time":"17.10.2020 15:36:32",
            "turn-index":20,
            "utterance":"結構はっちゃける方いた気がするんですか．．．．．．．"
        },
        {
            "speaker":"U",
            "time":"17.10.2020 15:36:58",
            "turn-index":21,
            "utterance":"オレがなんとかするから心配するな！"
        },
        {
            "speaker":"S",
            "time":"17.10.2020 15:37:05",
            "turn-index":22,
            "utterance":"そうなんですね"
        },
        {
            "speaker":"U",
            "time":"17.10.2020 15:37:15",
            "turn-index":23,
            "utterance":"まかせろ！"
        },
        {
            "speaker":"S",
            "time":"17.10.2020 15:37:26",
            "turn-index":24,
            "utterance":"僕幹事とか苦手なので😂"
        },
        {
            "speaker":"U",
            "time":"17.10.2020 15:38:03",
            "turn-index":25,
            "utterance":"幹事を経験できるいいチャンスだと捉えようぜ。"
        },
        {
            "speaker":"S",
            "time":"17.10.2020 15:38:11",
            "turn-index":26,
            "utterance":"それはわかってるんですけど……"
        },
        {
            "speaker":"U",
            "time":"17.10.2020 15:38:21",
            "turn-index":27,
            "utterance":"チャレンジ、チャレンジ。"
        },
        {
            "speaker":"S",
            "time":"17.10.2020 15:38:32",
            "turn-index":28,
            "utterance":"きちんとできなくてご迷惑かけるのも申し訳ないですし"
        },
        {
            "speaker":"U",
            "time":"17.10.2020 15:39:03",
            "turn-index":29,
            "utterance":"店を決めるだけなんだから、大袈裟にとらえなくていいよ。"
        },
        {
            "speaker":"S",
            "time":"17.10.2020 15:39:09",
            "turn-index":30,
            "utterance":"そういうわけには……"
        }
    ]
}