{
    "dialogue-id":"AKT_26",
    "group-id":"",
    "speaker-id":"Akitaka",
    "turns":[
        {
            "speaker":"S",
            "time":"17.10.2020 16:53:55",
            "turn-index":0,
            "utterance":"なんでしょう？？"
        },
        {
            "speaker":"U",
            "time":"17.10.2020 16:54:09",
            "turn-index":1,
            "utterance":"今度サークルの同窓会があるじゃん？"
        },
        {
            "speaker":"S",
            "time":"17.10.2020 16:54:17",
            "turn-index":2,
            "utterance":"僕にですか？"
        },
        {
            "speaker":"U",
            "time":"17.10.2020 16:55:20",
            "turn-index":3,
            "utterance":"そう、あの幹事をやってほしいなって思ってて"
        },
        {
            "speaker":"S",
            "time":"17.10.2020 16:55:29",
            "turn-index":4,
            "utterance":"ええ"
        },
        {
            "speaker":"U",
            "time":"17.10.2020 16:55:51",
            "turn-index":5,
            "utterance":"そう君がいいとおもうんだよね"
        },
        {
            "speaker":"S",
            "time":"17.10.2020 16:55:59",
            "turn-index":6,
            "utterance":"ちなみにどなたがいらっしゃるんですか？"
        },
        {
            "speaker":"U",
            "time":"17.10.2020 16:57:56",
            "turn-index":7,
            "utterance":"清水君と仲のいい人もたくさん来るよ"
        },
        {
            "speaker":"S",
            "time":"17.10.2020 16:58:03",
            "turn-index":8,
            "utterance":"結構集まりそうですね"
        },
        {
            "speaker":"U",
            "time":"17.10.2020 16:58:26",
            "turn-index":9,
            "utterance":"そう結構参加者多そうなんだよね"
        },
        {
            "speaker":"S",
            "time":"17.10.2020 16:58:35",
            "turn-index":10,
            "utterance":"すみません、内定者インターンが忙しくて手が回りそうにないです"
        },
        {
            "speaker":"U",
            "time":"17.10.2020 16:59:18",
            "turn-index":11,
            "utterance":"そっか、インターンは忙しいよね。でもそこをなんとかやってほしいんだけど"
        },
        {
            "speaker":"S",
            "time":"17.10.2020 16:59:27",
            "turn-index":12,
            "utterance":"大変ですけど、お給料出るのでどうにかやれてます笑"
        },
        {
            "speaker":"U",
            "time":"17.10.2020 17:00:47",
            "turn-index":13,
            "utterance":"そうだよね、給料出なかったらやれないよね。大変なの分かる。"
        },
        {
            "speaker":"S",
            "time":"17.10.2020 17:00:54",
            "turn-index":14,
            "utterance":"僕の同期は出来なさそうなんですか？"
        },
        {
            "speaker":"U",
            "time":"17.10.2020 17:01:15",
            "turn-index":15,
            "utterance":"そう、ちょっとできなさそうなんだよね"
        },
        {
            "speaker":"S",
            "time":"17.10.2020 17:01:26",
            "turn-index":16,
            "utterance":"先輩も大変ですね"
        },
        {
            "speaker":"U",
            "time":"17.10.2020 17:02:33",
            "turn-index":17,
            "utterance":"まあ、自分は頼んでる側だからそこまで大変ではないよ"
        },
        {
            "speaker":"S",
            "time":"17.10.2020 17:02:45",
            "turn-index":18,
            "utterance":"先輩の代で出来る方いらっしゃらないんですか？"
        },
        {
            "speaker":"U",
            "time":"17.10.2020 17:03:11",
            "turn-index":19,
            "utterance":"うーんそれが聞いてみたんだけど、みんな難しいみたいで"
        },
        {
            "speaker":"S",
            "time":"17.10.2020 17:03:19",
            "turn-index":20,
            "utterance":"大変ですね……"
        },
        {
            "speaker":"U",
            "time":"17.10.2020 17:03:49",
            "turn-index":21,
            "utterance":"そう、だから清水君にお願いできないかなって"
        },
        {
            "speaker":"S",
            "time":"17.10.2020 17:03:56",
            "turn-index":22,
            "utterance":"応援してます🙏"
        },
        {
            "speaker":"U",
            "time":"17.10.2020 17:04:21",
            "turn-index":23,
            "utterance":"あー、君にやってほしいんだけどな"
        },
        {
            "speaker":"S",
            "time":"17.10.2020 17:04:28",
            "turn-index":24,
            "utterance":"マジですか……"
        },
        {
            "speaker":"U",
            "time":"17.10.2020 17:04:49",
            "turn-index":25,
            "utterance":"うん、そう忙しいのに悪いんだけど"
        },
        {
            "speaker":"S",
            "time":"17.10.2020 17:04:56",
            "turn-index":26,
            "utterance":"ちなみに、開催地とか決まっているんですか？"
        },
        {
            "speaker":"U",
            "time":"17.10.2020 17:05:38",
            "turn-index":27,
            "utterance":"開催地はまだ決まってないんだよね"
        },
        {
            "speaker":"S",
            "time":"17.10.2020 17:05:43",
            "turn-index":28,
            "utterance":"大変ですね……"
        },
        {
            "speaker":"U",
            "time":"17.10.2020 17:06:02",
            "turn-index":29,
            "utterance":"そう大変なんだよね"
        },
        {
            "speaker":"S",
            "time":"17.10.2020 17:06:09",
            "turn-index":30,
            "utterance":"応援してます🙏"
        }
    ]
}