{
    "dialogue-id":"AKT_39",
    "group-id":"",
    "speaker-id":"Akitaka",
    "turns":[
        {
            "speaker":"S",
            "time":"17.10.2020 16:20:57",
            "turn-index":0,
            "utterance":"なんでしょう？？"
        },
        {
            "speaker":"U",
            "time":"17.10.2020 16:22:45",
            "turn-index":1,
            "utterance":"お願いしたいことがあるのですがよろしいですか？"
        },
        {
            "speaker":"S",
            "time":"17.10.2020 16:22:52",
            "turn-index":2,
            "utterance":"僕にですか？"
        },
        {
            "speaker":"U",
            "time":"17.10.2020 16:23:52",
            "turn-index":3,
            "utterance":"実はサークルの同窓会の幹事を引き受けてほしいのですが？"
        },
        {
            "speaker":"S",
            "time":"17.10.2020 16:23:57",
            "turn-index":4,
            "utterance":"あーなるほど"
        },
        {
            "speaker":"U",
            "time":"17.10.2020 16:24:30",
            "turn-index":5,
            "utterance":"ＯＫですか？"
        },
        {
            "speaker":"S",
            "time":"17.10.2020 16:24:39",
            "turn-index":6,
            "utterance":"会社に慣れるまで結構かかると思うので……"
        },
        {
            "speaker":"U",
            "time":"17.10.2020 16:25:19",
            "turn-index":7,
            "utterance":"お忙しいとは思いますがそこを何とかお願いします"
        },
        {
            "speaker":"S",
            "time":"17.10.2020 16:25:25",
            "turn-index":8,
            "utterance":"マジですか……"
        },
        {
            "speaker":"U",
            "time":"17.10.2020 16:26:10",
            "turn-index":9,
            "utterance":"私も出来る限りお手伝いしますので"
        },
        {
            "speaker":"S",
            "time":"17.10.2020 16:26:19",
            "turn-index":10,
            "utterance":"了解です"
        },
        {
            "speaker":"U",
            "time":"17.10.2020 16:26:43",
            "turn-index":11,
            "utterance":"本当ですか！ありがとうございます。"
        },
        {
            "speaker":"S",
            "time":"17.10.2020 16:26:49",
            "turn-index":12,
            "utterance":"良い場所が思いつきません"
        },
        {
            "speaker":"U",
            "time":"17.10.2020 16:29:02",
            "turn-index":13,
            "utterance":"ならネットで候補を調べますので良さそうな所を選んでください"
        },
        {
            "speaker":"S",
            "time":"17.10.2020 16:29:12",
            "turn-index":14,
            "utterance":"僕そこら辺わからないです"
        },
        {
            "speaker":"U",
            "time":"17.10.2020 16:30:14",
            "turn-index":15,
            "utterance":"でしたら場所選びは任せてもらっていいですか？"
        },
        {
            "speaker":"S",
            "time":"17.10.2020 16:30:23",
            "turn-index":16,
            "utterance":"このところやらなきゃいけないことがいっぱいあって、しばらくお会いする時間がなさそうです😭"
        },
        {
            "speaker":"U",
            "time":"17.10.2020 16:33:00",
            "turn-index":17,
            "utterance":"そう言わずに。頼りにしてますよ。"
        },
        {
            "speaker":"S",
            "time":"17.10.2020 16:33:06",
            "turn-index":18,
            "utterance":"あまり自信がないです……"
        },
        {
            "speaker":"U",
            "time":"17.10.2020 16:34:24",
            "turn-index":19,
            "utterance":"大丈夫。ちょっと弱気になっているだけだよ。"
        },
        {
            "speaker":"S",
            "time":"17.10.2020 16:34:32",
            "turn-index":20,
            "utterance":"ちなみに、開催地とか決まっているんですか？"
        },
        {
            "speaker":"U",
            "time":"17.10.2020 16:35:38",
            "turn-index":21,
            "utterance":"いや、まだ決まってない"
        },
        {
            "speaker":"S",
            "time":"17.10.2020 16:35:44",
            "turn-index":22,
            "utterance":"なるほど"
        },
        {
            "speaker":"U",
            "time":"17.10.2020 16:36:43",
            "turn-index":23,
            "utterance":"そういうわけで、どう？幹事がんばってみない？"
        },
        {
            "speaker":"S",
            "time":"17.10.2020 16:36:52",
            "turn-index":24,
            "utterance":"あまり詳しくないんですよ"
        },
        {
            "speaker":"U",
            "time":"17.10.2020 16:37:11",
            "turn-index":25,
            "utterance":"誰だって初めはそうだよ。"
        },
        {
            "speaker":"S",
            "time":"17.10.2020 16:37:20",
            "turn-index":26,
            "utterance":"先輩の代で出来る方いらっしゃらないんですか？"
        },
        {
            "speaker":"U",
            "time":"17.10.2020 16:38:09",
            "turn-index":27,
            "utterance":"できたら君に引き受けて欲しいんだけど"
        },
        {
            "speaker":"S",
            "time":"17.10.2020 16:38:18",
            "turn-index":28,
            "utterance":"大変ですね……"
        },
        {
            "speaker":"U",
            "time":"17.10.2020 16:38:47",
            "turn-index":29,
            "utterance":"何事も挑戦だよ。"
        },
        {
            "speaker":"S",
            "time":"17.10.2020 16:38:56",
            "turn-index":30,
            "utterance":"予算って決まってるんですか？"
        }
    ]
}