{
    "dialogue-id":"AKT_27",
    "group-id":"",
    "speaker-id":"Akitaka",
    "turns":[
        {
            "speaker":"S",
            "time":"17.10.2020 14:54:41",
            "turn-index":0,
            "utterance":"なんでしょう？？"
        },
        {
            "speaker":"U",
            "time":"17.10.2020 14:55:02",
            "turn-index":1,
            "utterance":"久しぶりだね、元気にしてた？"
        },
        {
            "speaker":"S",
            "time":"17.10.2020 14:55:07",
            "turn-index":2,
            "utterance":"ええ"
        },
        {
            "speaker":"U",
            "time":"17.10.2020 14:55:31",
            "turn-index":3,
            "utterance":"良かった。また今度ご飯食べに行こうよ。"
        },
        {
            "speaker":"S",
            "time":"17.10.2020 14:55:39",
            "turn-index":4,
            "utterance":"そういわれましても……"
        },
        {
            "speaker":"U",
            "time":"17.10.2020 14:56:32",
            "turn-index":5,
            "utterance":"何か予定が立て込んでるの？"
        },
        {
            "speaker":"S",
            "time":"17.10.2020 14:56:43",
            "turn-index":6,
            "utterance":"知らない方がいらっしゃるなら色々考えないと……"
        },
        {
            "speaker":"U",
            "time":"17.10.2020 14:57:00",
            "turn-index":7,
            "utterance":"仕事が忙しいのかな。"
        },
        {
            "speaker":"S",
            "time":"17.10.2020 14:57:07",
            "turn-index":8,
            "utterance":"結構忙しい会社らしいんですよね"
        },
        {
            "speaker":"U",
            "time":"17.10.2020 14:57:22",
            "turn-index":9,
            "utterance":"君の会社じゃなくて？"
        },
        {
            "speaker":"S",
            "time":"17.10.2020 14:57:28",
            "turn-index":10,
            "utterance":"形的には空いてるんですけど……"
        },
        {
            "speaker":"U",
            "time":"17.10.2020 15:01:01",
            "turn-index":11,
            "utterance":"なにか事情があるんだね。"
        },
        {
            "speaker":"S",
            "time":"17.10.2020 15:01:11",
            "turn-index":12,
            "utterance":"先輩も大変ですね"
        },
        {
            "speaker":"U",
            "time":"17.10.2020 15:01:44",
            "turn-index":13,
            "utterance":"私は適度に働いて後は自由にしているよ。"
        },
        {
            "speaker":"S",
            "time":"17.10.2020 15:01:52",
            "turn-index":14,
            "utterance":"後輩何人か紹介しましょうか？"
        },
        {
            "speaker":"U",
            "time":"17.10.2020 15:02:29",
            "turn-index":15,
            "utterance":"誰かいい友達がいたらぜひ紹介してよ。"
        },
        {
            "speaker":"S",
            "time":"17.10.2020 15:02:35",
            "turn-index":16,
            "utterance":"あーなるほど"
        },
        {
            "speaker":"U",
            "time":"17.10.2020 15:02:51",
            "turn-index":17,
            "utterance":"人脈を広げたいからね。"
        },
        {
            "speaker":"S",
            "time":"17.10.2020 15:02:59",
            "turn-index":18,
            "utterance":"うーん、先輩の代の方々いらっしゃるんですよね？"
        },
        {
            "speaker":"U",
            "time":"17.10.2020 15:03:46",
            "turn-index":19,
            "utterance":"何人か付き合いは続いてるけど、なかなか会う機会はないな。"
        },
        {
            "speaker":"S",
            "time":"17.10.2020 15:03:54",
            "turn-index":20,
            "utterance":"みなさん大変ですね……"
        },
        {
            "speaker":"U",
            "time":"17.10.2020 15:04:08",
            "turn-index":21,
            "utterance":"そうだね、何かと忙しそうだね。"
        },
        {
            "speaker":"S",
            "time":"17.10.2020 15:04:21",
            "turn-index":22,
            "utterance":"ここだけの話にして頂きたいんですけど、苦手な先輩がいるんですよね"
        },
        {
            "speaker":"U",
            "time":"17.10.2020 15:05:25",
            "turn-index":23,
            "utterance":"誰だって１人くらい苦手な人はいるよ。"
        },
        {
            "speaker":"S",
            "time":"17.10.2020 15:05:34",
            "turn-index":24,
            "utterance":"そうなんですね"
        },
        {
            "speaker":"U",
            "time":"17.10.2020 15:06:16",
            "turn-index":25,
            "utterance":"そうだよ。"
        },
        {
            "speaker":"S",
            "time":"17.10.2020 15:06:27",
            "turn-index":26,
            "utterance":"場所って決まってるんですか？"
        },
        {
            "speaker":"U",
            "time":"17.10.2020 15:07:53",
            "turn-index":27,
            "utterance":"これから探そうかな。"
        },
        {
            "speaker":"S",
            "time":"17.10.2020 15:08:02",
            "turn-index":28,
            "utterance":"僕は大学の近くがいいと思います"
        },
        {
            "speaker":"U",
            "time":"17.10.2020 15:08:28",
            "turn-index":29,
            "utterance":"そうだね、みんな集まりやすいかな。"
        },
        {
            "speaker":"S",
            "time":"17.10.2020 15:08:41",
            "turn-index":30,
            "utterance":"幹事ですけど、入社したら忙しくなると思うので厳しいです😭"
        }
    ]
}