{
    "dialogue-id":"AKT_45",
    "group-id":"",
    "speaker-id":"Akitaka",
    "turns":[
        {
            "speaker":"S",
            "time":"17.10.2020 15:48:39",
            "turn-index":0,
            "utterance":"なんでしょう？？"
        },
        {
            "speaker":"U",
            "time":"17.10.2020 15:49:47",
            "turn-index":1,
            "utterance":"シンジ！同窓会の幹事はお前がしろよ"
        },
        {
            "speaker":"S",
            "time":"17.10.2020 15:49:52",
            "turn-index":2,
            "utterance":"ええ"
        },
        {
            "speaker":"U",
            "time":"17.10.2020 15:50:33",
            "turn-index":3,
            "utterance":"先輩の命令だぞ"
        },
        {
            "speaker":"S",
            "time":"17.10.2020 15:50:39",
            "turn-index":4,
            "utterance":"ちなみにどなたがいらっしゃるんですか？"
        },
        {
            "speaker":"U",
            "time":"17.10.2020 15:51:53",
            "turn-index":5,
            "utterance":"歴代サークルメンバーたちが来るぞ"
        },
        {
            "speaker":"S",
            "time":"17.10.2020 15:51:59",
            "turn-index":6,
            "utterance":"結構集まりそうですね"
        },
        {
            "speaker":"U",
            "time":"17.10.2020 15:52:17",
            "turn-index":7,
            "utterance":"ああ"
        },
        {
            "speaker":"S",
            "time":"17.10.2020 15:52:23",
            "turn-index":8,
            "utterance":"うーん、春休みですよね😥"
        },
        {
            "speaker":"U",
            "time":"17.10.2020 15:53:17",
            "turn-index":9,
            "utterance":"そうだ。お前も暇だろ。だから幹事はお前な"
        },
        {
            "speaker":"S",
            "time":"17.10.2020 15:53:21",
            "turn-index":10,
            "utterance":"ええ"
        },
        {
            "speaker":"U",
            "time":"17.10.2020 15:54:27",
            "turn-index":11,
            "utterance":"拒否はできないぞ。先輩の命令は絶対だぞ"
        },
        {
            "speaker":"S",
            "time":"17.10.2020 15:54:35",
            "turn-index":12,
            "utterance":"できそうにないです、すみません"
        },
        {
            "speaker":"U",
            "time":"17.10.2020 15:55:35",
            "turn-index":13,
            "utterance":"理由は？"
        },
        {
            "speaker":"S",
            "time":"17.10.2020 15:55:43",
            "turn-index":14,
            "utterance":"知らない方がいらっしゃるなら色々考えないと……"
        },
        {
            "speaker":"U",
            "time":"17.10.2020 15:56:55",
            "turn-index":15,
            "utterance":"大丈夫だ。みんなお前の先輩だ"
        },
        {
            "speaker":"S",
            "time":"17.10.2020 15:57:04",
            "turn-index":16,
            "utterance":"先輩の代で出来る方いらっしゃらないんですか？"
        },
        {
            "speaker":"U",
            "time":"17.10.2020 15:58:31",
            "turn-index":17,
            "utterance":"一番下の代の者がするのが伝統だ"
        },
        {
            "speaker":"S",
            "time":"17.10.2020 15:58:38",
            "turn-index":18,
            "utterance":"なるほど"
        },
        {
            "speaker":"U",
            "time":"17.10.2020 15:59:35",
            "turn-index":19,
            "utterance":"だから幹事はお前だ"
        },
        {
            "speaker":"S",
            "time":"17.10.2020 15:59:41",
            "turn-index":20,
            "utterance":"そういわれましても……"
        },
        {
            "speaker":"U",
            "time":"17.10.2020 16:01:14",
            "turn-index":21,
            "utterance":"サークルの先輩の命令は絶対だからな。"
        },
        {
            "speaker":"S",
            "time":"17.10.2020 16:01:19",
            "turn-index":22,
            "utterance":"あー"
        },
        {
            "speaker":"U",
            "time":"17.10.2020 16:02:06",
            "turn-index":23,
            "utterance":"お前に拒否権はないぞ"
        },
        {
            "speaker":"S",
            "time":"17.10.2020 16:02:15",
            "turn-index":24,
            "utterance":"本当に申し訳ないんですが……"
        },
        {
            "speaker":"U",
            "time":"17.10.2020 16:03:04",
            "turn-index":25,
            "utterance":"言い訳は聞かないぞ"
        },
        {
            "speaker":"S",
            "time":"17.10.2020 16:03:10",
            "turn-index":26,
            "utterance":"ちょっと忙しいので・・・"
        },
        {
            "speaker":"U",
            "time":"17.10.2020 16:04:01",
            "turn-index":27,
            "utterance":"先輩たちを舐めているのか？"
        },
        {
            "speaker":"S",
            "time":"17.10.2020 16:04:11",
            "turn-index":28,
            "utterance":"何のですか？"
        },
        {
            "speaker":"U",
            "time":"17.10.2020 16:05:00",
            "turn-index":29,
            "utterance":"つべこべ言わずに幹事をしろよ"
        },
        {
            "speaker":"S",
            "time":"17.10.2020 16:05:05",
            "turn-index":30,
            "utterance":"ええ"
        }
    ]
}