{
    "dialogue-id":"AKT_42",
    "group-id":"",
    "speaker-id":"Akitaka",
    "turns":[
        {
            "speaker":"S",
            "time":"17.10.2020 17:21:25",
            "turn-index":0,
            "utterance":"なんでしょう？？"
        },
        {
            "speaker":"U",
            "time":"17.10.2020 17:22:15",
            "turn-index":1,
            "utterance":"サークルの同窓会幹事の件について返答をもらいたい"
        },
        {
            "speaker":"S",
            "time":"17.10.2020 17:22:21",
            "turn-index":2,
            "utterance":"同窓会あるんですか？"
        },
        {
            "speaker":"U",
            "time":"17.10.2020 17:23:09",
            "turn-index":3,
            "utterance":"この前言ったとおり同窓会をするのだが幹事をお願いしたい"
        },
        {
            "speaker":"S",
            "time":"17.10.2020 17:23:16",
            "turn-index":4,
            "utterance":"僕にですか？"
        },
        {
            "speaker":"U",
            "time":"17.10.2020 17:23:29",
            "turn-index":5,
            "utterance":"そう。やってくれるよね？"
        },
        {
            "speaker":"S",
            "time":"17.10.2020 17:23:35",
            "turn-index":6,
            "utterance":"ちなみにどなたがいらっしゃるんですか？"
        },
        {
            "speaker":"U",
            "time":"17.10.2020 17:23:58",
            "turn-index":7,
            "utterance":"先輩方が20人程集まる予定だよ"
        },
        {
            "speaker":"S",
            "time":"17.10.2020 17:24:05",
            "turn-index":8,
            "utterance":"結構集まりそうですね"
        },
        {
            "speaker":"U",
            "time":"17.10.2020 17:24:19",
            "turn-index":9,
            "utterance":"そうなんだよね。"
        },
        {
            "speaker":"S",
            "time":"17.10.2020 17:24:29",
            "turn-index":10,
            "utterance":"すみません、内定者インターンが忙しくて手が回りそうにないです"
        },
        {
            "speaker":"U",
            "time":"17.10.2020 17:24:54",
            "turn-index":11,
            "utterance":"そうなんだ。でも幹事を任せられるのは君しかいないんだよ。"
        },
        {
            "speaker":"S",
            "time":"17.10.2020 17:25:02",
            "turn-index":12,
            "utterance":"本当に申し訳ないんですが……"
        },
        {
            "speaker":"U",
            "time":"17.10.2020 17:25:22",
            "turn-index":13,
            "utterance":"そこを何とかお願いできないかな？なるべくこちらもサポートするからさ。"
        },
        {
            "speaker":"S",
            "time":"17.10.2020 17:25:28",
            "turn-index":14,
            "utterance":"いやー厳しいです😭"
        },
        {
            "speaker":"U",
            "time":"17.10.2020 17:26:10",
            "turn-index":15,
            "utterance":"そう言わずに、何とか調整つけられないかな？"
        },
        {
            "speaker":"S",
            "time":"17.10.2020 17:26:20",
            "turn-index":16,
            "utterance":"同窓会って結構派手に飲むじゃないですか？"
        },
        {
            "speaker":"U",
            "time":"17.10.2020 17:26:52",
            "turn-index":17,
            "utterance":"人によるかな。みんな社会人だしその辺はわきまえているよ。"
        },
        {
            "speaker":"S",
            "time":"17.10.2020 17:26:59",
            "turn-index":18,
            "utterance":"大変ですね……"
        },
        {
            "speaker":"U",
            "time":"17.10.2020 17:27:19",
            "turn-index":19,
            "utterance":"いや、みんな大人だから大丈夫だよ。"
        },
        {
            "speaker":"S",
            "time":"17.10.2020 17:27:28",
            "turn-index":20,
            "utterance":"先輩の代で出来る方いらっしゃらないんですか？"
        },
        {
            "speaker":"U",
            "time":"17.10.2020 17:27:50",
            "turn-index":21,
            "utterance":"社会人はみな自分の都合でなかなか動けなくて。。。"
        },
        {
            "speaker":"S",
            "time":"17.10.2020 17:27:59",
            "turn-index":22,
            "utterance":"後輩何人か紹介しましょうか？"
        },
        {
            "speaker":"U",
            "time":"17.10.2020 17:28:17",
            "turn-index":23,
            "utterance":"君が主体となってくれるなら歓迎するよ。"
        },
        {
            "speaker":"S",
            "time":"17.10.2020 17:28:25",
            "turn-index":24,
            "utterance":"あーなるほど"
        },
        {
            "speaker":"U",
            "time":"17.10.2020 17:28:51",
            "turn-index":25,
            "utterance":"君一人じゃなくてもいいからさ。君が音頭を取ってくれても良いよ。"
        },
        {
            "speaker":"S",
            "time":"17.10.2020 17:29:02",
            "turn-index":26,
            "utterance":"うーん、先輩の代の方々いらっしゃるんですよね？"
        },
        {
            "speaker":"U",
            "time":"17.10.2020 17:29:33",
            "turn-index":27,
            "utterance":"うん。結構くると思うけど、苦手な人とかいる？"
        },
        {
            "speaker":"S",
            "time":"17.10.2020 17:29:41",
            "turn-index":28,
            "utterance":"大変ですね……"
        },
        {
            "speaker":"U",
            "time":"17.10.2020 17:30:04",
            "turn-index":29,
            "utterance":"予め来ることが確定している人のリスト渡そうか？"
        },
        {
            "speaker":"S",
            "time":"17.10.2020 17:30:12",
            "turn-index":30,
            "utterance":"仕事に影響がでそうなので．．．"
        }
    ]
}