{
    "dialogue-id":"AKT_33",
    "group-id":"",
    "speaker-id":"Akitaka",
    "turns":[
        {
            "speaker":"S",
            "time":"17.10.2020 14:26:46",
            "turn-index":0,
            "utterance":"なんでしょう？？"
        },
        {
            "speaker":"U",
            "time":"17.10.2020 14:28:14",
            "turn-index":1,
            "utterance":"今度大学のサークルの同窓会があるんだ"
        },
        {
            "speaker":"S",
            "time":"17.10.2020 14:28:22",
            "turn-index":2,
            "utterance":"ええ"
        },
        {
            "speaker":"U",
            "time":"17.10.2020 14:28:57",
            "turn-index":3,
            "utterance":"そこで清水にその幹事をやって欲しいんだよ"
        },
        {
            "speaker":"S",
            "time":"17.10.2020 14:29:01",
            "turn-index":4,
            "utterance":"ちなみにどなたがいらっしゃるんですか？"
        },
        {
            "speaker":"U",
            "time":"17.10.2020 14:29:19",
            "turn-index":5,
            "utterance":"サークルの人間みんなだよ"
        },
        {
            "speaker":"S",
            "time":"17.10.2020 14:29:25",
            "turn-index":6,
            "utterance":"結構集まりそうですね"
        },
        {
            "speaker":"U",
            "time":"17.10.2020 14:29:35",
            "turn-index":7,
            "utterance":"まあそうなるな"
        },
        {
            "speaker":"S",
            "time":"17.10.2020 14:29:42",
            "turn-index":8,
            "utterance":"すいません……"
        },
        {
            "speaker":"U",
            "time":"17.10.2020 14:29:49",
            "turn-index":9,
            "utterance":"どうした？"
        },
        {
            "speaker":"S",
            "time":"17.10.2020 14:29:58",
            "turn-index":10,
            "utterance":"やっぱり無理です。すいません"
        },
        {
            "speaker":"U",
            "time":"17.10.2020 14:30:24",
            "turn-index":11,
            "utterance":"なんとか時間を作ってくれよ"
        },
        {
            "speaker":"S",
            "time":"17.10.2020 14:30:34",
            "turn-index":12,
            "utterance":"ちょっと忙しいので・・・"
        },
        {
            "speaker":"U",
            "time":"17.10.2020 14:31:07",
            "turn-index":13,
            "utterance":"同窓会は忙しいのをなんとかして行くもんだろ？"
        },
        {
            "speaker":"S",
            "time":"17.10.2020 14:31:21",
            "turn-index":14,
            "utterance":"覚えることが多いので、暇な日も勉強していて割と大変なんです😇"
        },
        {
            "speaker":"U",
            "time":"17.10.2020 14:31:46",
            "turn-index":15,
            "utterance":"１日だけならなんとかなるだろ？"
        },
        {
            "speaker":"S",
            "time":"17.10.2020 14:31:55",
            "turn-index":16,
            "utterance":"結構忙しい会社らしいんですよね"
        },
        {
            "speaker":"U",
            "time":"17.10.2020 14:32:25",
            "turn-index":17,
            "utterance":"でもさそこをなんとかしてこそだろうよ"
        },
        {
            "speaker":"S",
            "time":"17.10.2020 14:32:32",
            "turn-index":18,
            "utterance":"頑張ってください"
        },
        {
            "speaker":"U",
            "time":"17.10.2020 14:33:09",
            "turn-index":19,
            "utterance":"いやいやお前に来て欲しいんだよ"
        },
        {
            "speaker":"S",
            "time":"17.10.2020 14:33:17",
            "turn-index":20,
            "utterance":"ええ"
        },
        {
            "speaker":"U",
            "time":"17.10.2020 14:33:38",
            "turn-index":21,
            "utterance":"楽しいと思うぞ息抜きだよ"
        },
        {
            "speaker":"S",
            "time":"17.10.2020 14:33:43",
            "turn-index":22,
            "utterance":"そういわれましても……"
        },
        {
            "speaker":"U",
            "time":"17.10.2020 14:34:09",
            "turn-index":23,
            "utterance":"違った事もやった方がいいぞ"
        },
        {
            "speaker":"S",
            "time":"17.10.2020 14:34:19",
            "turn-index":24,
            "utterance":"了解です"
        },
        {
            "speaker":"U",
            "time":"17.10.2020 14:34:30",
            "turn-index":25,
            "utterance":"やってくれるか"
        },
        {
            "speaker":"S",
            "time":"17.10.2020 14:34:42",
            "turn-index":26,
            "utterance":"予算って決まってるんですか？"
        },
        {
            "speaker":"U",
            "time":"17.10.2020 14:34:55",
            "turn-index":27,
            "utterance":"大体は決まっている"
        },
        {
            "speaker":"S",
            "time":"17.10.2020 14:35:03",
            "turn-index":28,
            "utterance":"結構時間ないですね"
        },
        {
            "speaker":"U",
            "time":"17.10.2020 14:35:15",
            "turn-index":29,
            "utterance":"そう問題ない"
        },
        {
            "speaker":"S",
            "time":"17.10.2020 14:35:26",
            "turn-index":30,
            "utterance":"色々やらなきゃいけないと思うので……"
        }
    ]
}