{
    "dialogue-id":"FCL_36",
    "group-id":"",
    "speaker-id":"fcl2020",
    "turns":[
        {
            "speaker":"S",
            "time":"20.10.2020 07:33:13",
            "turn-index":0,
            "utterance":"はい、何でしょう？"
        },
        {
            "speaker":"U",
            "time":"20.10.2020 07:34:08",
            "turn-index":1,
            "utterance":"清水さん久しぶり"
        },
        {
            "speaker":"S",
            "time":"20.10.2020 07:34:09",
            "turn-index":2,
            "utterance":"あー・・・そうですね・・・"
        },
        {
            "speaker":"U",
            "time":"20.10.2020 07:34:34",
            "turn-index":3,
            "utterance":"今度同窓会開くってなったんだけど"
        },
        {
            "speaker":"S",
            "time":"20.10.2020 07:34:35",
            "turn-index":4,
            "utterance":"えーと・・・まず心配なのが私、幹事って１回もしたことないんですけど、大丈夫ですかね？"
        },
        {
            "speaker":"U",
            "time":"20.10.2020 07:35:24",
            "turn-index":5,
            "utterance":"前回幹事やった人に説明させるから"
        },
        {
            "speaker":"S",
            "time":"20.10.2020 07:35:25",
            "turn-index":6,
            "utterance":"いや・・それと、私って日程調整とか出欠の確認とか、そういうの苦手で・・・。先輩は幹事されたことあります？"
        },
        {
            "speaker":"U",
            "time":"20.10.2020 07:35:39",
            "turn-index":7,
            "utterance":"あるわよ"
        },
        {
            "speaker":"S",
            "time":"20.10.2020 07:35:39",
            "turn-index":8,
            "utterance":"あるんですね！いつもだいたい何人ぐらい集まるんですかね？"
        },
        {
            "speaker":"U",
            "time":"20.10.2020 07:36:02",
            "turn-index":9,
            "utterance":"10人から30人くらいかな"
        },
        {
            "speaker":"S",
            "time":"20.10.2020 07:36:03",
            "turn-index":10,
            "utterance":"10人ですか。う～ん・・・あ、田中さんに頼むのはどうですか？彼女、幹事とかそういうの得意そうだし。"
        },
        {
            "speaker":"U",
            "time":"20.10.2020 07:36:59",
            "turn-index":11,
            "utterance":"田中さんは結婚して海外なの"
        },
        {
            "speaker":"S",
            "time":"20.10.2020 07:36:59",
            "turn-index":12,
            "utterance":"開催時期は何月ですか？"
        },
        {
            "speaker":"U",
            "time":"20.10.2020 07:37:32",
            "turn-index":13,
            "utterance":"3月後半"
        },
        {
            "speaker":"S",
            "time":"20.10.2020 07:37:33",
            "turn-index":14,
            "utterance":"えーっと・・・結構予定が詰まってしまってて・・・やっぱり夜ですよね？"
        },
        {
            "speaker":"U",
            "time":"20.10.2020 07:38:04",
            "turn-index":15,
            "utterance":"夜でも昼でも大丈夫"
        },
        {
            "speaker":"S",
            "time":"20.10.2020 07:38:05",
            "turn-index":16,
            "utterance":"あ、そうだ！すみません、突然思いついたんですけど、リモートとかもアリですか？"
        },
        {
            "speaker":"U",
            "time":"20.10.2020 07:38:35",
            "turn-index":17,
            "utterance":"ありかもね"
        },
        {
            "speaker":"S",
            "time":"20.10.2020 07:38:36",
            "turn-index":18,
            "utterance":"あのー他の先輩方にも、リモートはどうか、ちょっと聞いてもらえないでしょうか？"
        },
        {
            "speaker":"U",
            "time":"20.10.2020 07:38:47",
            "turn-index":19,
            "utterance":"みんなに聞いてみるわ"
        },
        {
            "speaker":"S",
            "time":"20.10.2020 07:38:47",
            "turn-index":20,
            "utterance":"もし先輩方にリモートでもいいっていう声が多かったら、慣れてる山口さんに頼みませんか？"
        },
        {
            "speaker":"U",
            "time":"20.10.2020 07:39:24",
            "turn-index":21,
            "utterance":"じゃあ山口さんと清水さんの2人って事で"
        },
        {
            "speaker":"S",
            "time":"20.10.2020 07:39:25",
            "turn-index":22,
            "utterance":"なんというか・・・すみません・・なんか私・・ホント役立たずですね・・・"
        },
        {
            "speaker":"U",
            "time":"20.10.2020 07:39:42",
            "turn-index":23,
            "utterance":"良いアイディアありがとう"
        },
        {
            "speaker":"S",
            "time":"20.10.2020 07:39:43",
            "turn-index":24,
            "utterance":"せっかく声をかけてもらったのに申し訳なくて・・・もうちょっと時間もらって、いろいろ考えさせてもらってもいいですか？"
        },
        {
            "speaker":"U",
            "time":"20.10.2020 07:40:29",
            "turn-index":25,
            "utterance":"幹事やった事は仕事にいい影響あるから頑張って"
        },
        {
            "speaker":"S",
            "time":"20.10.2020 07:40:30",
            "turn-index":26,
            "utterance":"先輩のほうで返事の締切を決めてもらったほうがありがたいので。いつまでにお返事すればいいですか？"
        },
        {
            "speaker":"U",
            "time":"20.10.2020 07:40:47",
            "turn-index":27,
            "utterance":"一週間後までにお願い"
        },
        {
            "speaker":"S",
            "time":"20.10.2020 07:40:47",
            "turn-index":28,
            "utterance":"一週間後までですね。わかりました。必ず連絡します。ありがとうございました。"
        },
        {
            "speaker":"U",
            "time":"20.10.2020 07:41:07",
            "turn-index":29,
            "utterance":"いい返事待ってます"
        }
    ]
}