{
    "dialogue-id":"FCL_27",
    "group-id":"",
    "speaker-id":"fcl2020",
    "turns":[
        {
            "speaker":"S",
            "time":"20.10.2020 07:31:15",
            "turn-index":0,
            "utterance":"はい、何でしょう？"
        },
        {
            "speaker":"U",
            "time":"20.10.2020 07:33:18",
            "turn-index":1,
            "utterance":"今年のサークルの同窓会なんだけどー"
        },
        {
            "speaker":"S",
            "time":"20.10.2020 07:33:19",
            "turn-index":2,
            "utterance":"あー・・・そうですね・・・"
        },
        {
            "speaker":"U",
            "time":"20.10.2020 07:33:37",
            "turn-index":3,
            "utterance":"いや、まだ何も言ってないよ笑"
        },
        {
            "speaker":"S",
            "time":"20.10.2020 07:33:38",
            "turn-index":4,
            "utterance":"えーと・・・まず心配なのが私、幹事って１回もしたことないんですけど、大丈夫ですかね？"
        },
        {
            "speaker":"U",
            "time":"20.10.2020 07:34:14",
            "turn-index":5,
            "utterance":"大丈夫だと思う！シズカなら全然余裕だよ！"
        },
        {
            "speaker":"S",
            "time":"20.10.2020 07:34:15",
            "turn-index":6,
            "utterance":"いや・・それと、私って日程調整とか出欠の確認とか、そういうの苦手で・・・。先輩は幹事されたことあります？"
        },
        {
            "speaker":"U",
            "time":"20.10.2020 07:34:29",
            "turn-index":7,
            "utterance":"私はあるよー。そんなに難しくないよー"
        },
        {
            "speaker":"S",
            "time":"20.10.2020 07:34:31",
            "turn-index":8,
            "utterance":"あるんですね！いつもだいたい何人ぐらい集まるんですかね？"
        },
        {
            "speaker":"U",
            "time":"20.10.2020 07:35:01",
            "turn-index":9,
            "utterance":"１０～２０人ぐらいかなー"
        },
        {
            "speaker":"S",
            "time":"20.10.2020 07:35:01",
            "turn-index":10,
            "utterance":"10～20人ですか。う～ん・・・あ、田中さんに頼むのはどうですか？彼女、幹事とかそういうの得意そうだし。"
        },
        {
            "speaker":"U",
            "time":"20.10.2020 07:35:53",
            "turn-index":11,
            "utterance":"田中は、留学するんだってー"
        },
        {
            "speaker":"S",
            "time":"20.10.2020 07:35:54",
            "turn-index":12,
            "utterance":"開催時期は何月ですか？"
        },
        {
            "speaker":"U",
            "time":"20.10.2020 07:36:02",
            "turn-index":13,
            "utterance":"５月くらいかな"
        },
        {
            "speaker":"S",
            "time":"20.10.2020 07:36:03",
            "turn-index":14,
            "utterance":"えーっと・・・結構予定が詰まってしまってて・・・やっぱり夜ですよね？"
        },
        {
            "speaker":"U",
            "time":"20.10.2020 07:36:15",
            "turn-index":15,
            "utterance":"やっぱ夜がいいよねー"
        },
        {
            "speaker":"S",
            "time":"20.10.2020 07:36:15",
            "turn-index":16,
            "utterance":"あ、そうだ！すみません、突然思いついたんですけど、リモートとかもアリですか？"
        },
        {
            "speaker":"U",
            "time":"20.10.2020 07:36:34",
            "turn-index":17,
            "utterance":"このご時世だから、リモートでもいいと思うよ。"
        },
        {
            "speaker":"S",
            "time":"20.10.2020 07:36:35",
            "turn-index":18,
            "utterance":"あのー他の先輩方にも、リモートはどうか、ちょっと聞いてもらえないでしょうか？"
        },
        {
            "speaker":"U",
            "time":"20.10.2020 07:36:54",
            "turn-index":19,
            "utterance":"わかった。リモートのほうは私が効いておくね。"
        },
        {
            "speaker":"S",
            "time":"20.10.2020 07:36:55",
            "turn-index":20,
            "utterance":"もし先輩方にリモートでもいいっていう声が多かったら、慣れてる山口さんに頼みませんか？"
        },
        {
            "speaker":"U",
            "time":"20.10.2020 07:37:32",
            "turn-index":21,
            "utterance":"山口でもいいけど、ここはシズカにお願いしたいのよー"
        },
        {
            "speaker":"S",
            "time":"20.10.2020 07:37:32",
            "turn-index":22,
            "utterance":"なんというか・・・すみません・・なんか私・・ホント役立たずですね・・・"
        },
        {
            "speaker":"U",
            "time":"20.10.2020 07:37:43",
            "turn-index":23,
            "utterance":"全然そんなことないよー。いつも頼りにしてるし。"
        },
        {
            "speaker":"S",
            "time":"20.10.2020 07:37:44",
            "turn-index":24,
            "utterance":"せっかく声をかけてもらったのに申し訳なくて・・・もうちょっと時間もらって、いろいろ考えさせてもらってもいいですか？"
        },
        {
            "speaker":"U",
            "time":"20.10.2020 07:38:15",
            "turn-index":25,
            "utterance":"うんうん、考えてもらって大丈夫だよ。シズカなら全然できるよー"
        },
        {
            "speaker":"S",
            "time":"20.10.2020 07:38:16",
            "turn-index":26,
            "utterance":"先輩のほうで返事の締切を決めてもらったほうがありがたいので。いつまでにお返事すればいいですか？"
        },
        {
            "speaker":"U",
            "time":"20.10.2020 07:38:30",
            "turn-index":27,
            "utterance":"そうだね。来週までには欲しいかなー"
        },
        {
            "speaker":"S",
            "time":"20.10.2020 07:38:32",
            "turn-index":28,
            "utterance":"そうだね来週までですね。わかりました。必ず連絡します。ありがとうございました。"
        },
        {
            "speaker":"U",
            "time":"20.10.2020 07:38:47",
            "turn-index":29,
            "utterance":"何か最近忙しいことあるの？"
        }
    ]
}