{
    "dialogue-id":"FCL_15",
    "group-id":"",
    "speaker-id":"fcl2020",
    "turns":[
        {
            "speaker":"S",
            "time":"20.10.2020 09:29:48",
            "turn-index":0,
            "utterance":"はい、何でしょう？"
        },
        {
            "speaker":"U",
            "time":"20.10.2020 09:30:06",
            "turn-index":1,
            "utterance":"天気が悪いですね"
        },
        {
            "speaker":"S",
            "time":"20.10.2020 09:30:06",
            "turn-index":2,
            "utterance":"あー・・・そうですね・・・"
        },
        {
            "speaker":"U",
            "time":"20.10.2020 09:30:18",
            "turn-index":3,
            "utterance":"あなたの地域も雨ですか？"
        },
        {
            "speaker":"S",
            "time":"20.10.2020 09:30:19",
            "turn-index":4,
            "utterance":"えーと・・・まず心配なのが私、幹事って１回もしたことないんですけど、大丈夫ですかね？"
        },
        {
            "speaker":"U",
            "time":"20.10.2020 09:33:35",
            "turn-index":5,
            "utterance":"雨は気分が落ち込むから心配事も増えたように感じるけど、あなたなら幹事引き受けてくれたらみんな楽しい同窓会になると思うよ"
        },
        {
            "speaker":"S",
            "time":"20.10.2020 09:33:36",
            "turn-index":6,
            "utterance":"いや・・それと、私って日程調整とか出欠の確認とか、そういうの苦手で・・・。先輩は幹事されたことあります？"
        },
        {
            "speaker":"U",
            "time":"20.10.2020 09:34:14",
            "turn-index":7,
            "utterance":"何回もしたことあるよ。基本的に、出席する人はキチンと連絡返してくれるよ"
        },
        {
            "speaker":"S",
            "time":"20.10.2020 09:34:15",
            "turn-index":8,
            "utterance":"あるんですね！いつもだいたい何人ぐらい集まるんですかね？"
        },
        {
            "speaker":"U",
            "time":"20.10.2020 09:34:45",
            "turn-index":9,
            "utterance":"多いと20～30人くらいかな…"
        },
        {
            "speaker":"S",
            "time":"20.10.2020 09:34:45",
            "turn-index":10,
            "utterance":"多いと20～30人ですか。う～ん・・・あ、田中さんに頼むのはどうですか？彼女、幹事とかそういうの得意そうだし。"
        },
        {
            "speaker":"U",
            "time":"20.10.2020 09:35:21",
            "turn-index":11,
            "utterance":"今は、グループLINEがあるから一瞬で出欠確認できるじゃん"
        },
        {
            "speaker":"S",
            "time":"20.10.2020 09:35:22",
            "turn-index":12,
            "utterance":"開催時期は何月ですか？"
        },
        {
            "speaker":"U",
            "time":"20.10.2020 09:35:44",
            "turn-index":13,
            "utterance":"みんなが落ち着く５月か６月でどう・"
        },
        {
            "speaker":"S",
            "time":"20.10.2020 09:35:45",
            "turn-index":14,
            "utterance":"えーっと・・・結構予定が詰まってしまってて・・・やっぱり夜ですよね？"
        },
        {
            "speaker":"U",
            "time":"20.10.2020 09:35:57",
            "turn-index":15,
            "utterance":"夜の方が集まりやすいもんね"
        },
        {
            "speaker":"S",
            "time":"20.10.2020 09:35:57",
            "turn-index":16,
            "utterance":"あ、そうだ！すみません、突然思いついたんですけど、リモートとかもアリですか？"
        },
        {
            "speaker":"U",
            "time":"20.10.2020 09:36:06",
            "turn-index":17,
            "utterance":"アリじゃないかな"
        },
        {
            "speaker":"S",
            "time":"20.10.2020 09:36:07",
            "turn-index":18,
            "utterance":"あのー他の先輩方にも、リモートはどうか、ちょっと聞いてもらえないでしょうか？"
        },
        {
            "speaker":"U",
            "time":"20.10.2020 09:36:43",
            "turn-index":19,
            "utterance":"出会ったら聞いておくけど、一応あなたからも連絡入れといて！"
        },
        {
            "speaker":"S",
            "time":"20.10.2020 09:36:43",
            "turn-index":20,
            "utterance":"もし先輩方にリモートでもいいっていう声が多かったら、慣れてる山口さんに頼みませんか？"
        },
        {
            "speaker":"U",
            "time":"20.10.2020 09:37:14",
            "turn-index":21,
            "utterance":"一度くらい幹事の経験しておく方がいいよ！"
        },
        {
            "speaker":"S",
            "time":"20.10.2020 09:37:15",
            "turn-index":22,
            "utterance":"なんというか・・・すみません・・なんか私・・ホント役立たずですね・・・"
        },
        {
            "speaker":"U",
            "time":"20.10.2020 09:37:34",
            "turn-index":23,
            "utterance":"そんなことないよ！これからがんばればいいじゃん"
        },
        {
            "speaker":"S",
            "time":"20.10.2020 09:37:35",
            "turn-index":24,
            "utterance":"せっかく声をかけてもらったのに申し訳なくて・・・もうちょっと時間もらって、いろいろ考えさせてもらってもいいですか？"
        },
        {
            "speaker":"U",
            "time":"20.10.2020 09:38:47",
            "turn-index":25,
            "utterance":"そんなに悩まずに気楽に考えた方がいいよ！"
        },
        {
            "speaker":"S",
            "time":"20.10.2020 09:38:48",
            "turn-index":26,
            "utterance":"先輩のほうで返事の締切を決めてもらったほうがありがたいので。いつまでにお返事すればいいですか？"
        },
        {
            "speaker":"U",
            "time":"20.10.2020 09:39:16",
            "turn-index":27,
            "utterance":"そうだね…今決めちゃおう！"
        },
        {
            "speaker":"S",
            "time":"20.10.2020 09:39:17",
            "turn-index":28,
            "utterance":"わかりました。必ず連絡します。ありがとうございました。"
        },
        {
            "speaker":"U",
            "time":"20.10.2020 09:39:30",
            "turn-index":29,
            "utterance":"連絡待ってるね！"
        }
    ]
}