{
    "dialogue-id":"FCL_39",
    "group-id":"",
    "speaker-id":"fcl2020",
    "turns":[
        {
            "speaker":"S",
            "time":"18.10.2020 20:20:54",
            "turn-index":0,
            "utterance":"はい、何でしょう？"
        },
        {
            "speaker":"U",
            "time":"18.10.2020 20:21:02",
            "turn-index":1,
            "utterance":"今年のサークルの同窓会の幹事を清水にお願いしたいの"
        },
        {
            "speaker":"S",
            "time":"18.10.2020 20:21:03",
            "turn-index":2,
            "utterance":"あー・・・そうですね・・・"
        },
        {
            "speaker":"U",
            "time":"18.10.2020 20:21:13",
            "turn-index":3,
            "utterance":"できるよね"
        },
        {
            "speaker":"S",
            "time":"18.10.2020 20:21:14",
            "turn-index":4,
            "utterance":"えーと・・・まず心配なのが私、幹事って１回もしたことないんですけど、大丈夫ですかね？"
        },
        {
            "speaker":"U",
            "time":"18.10.2020 20:21:21",
            "turn-index":5,
            "utterance":"大丈夫よ"
        },
        {
            "speaker":"S",
            "time":"18.10.2020 20:21:21",
            "turn-index":6,
            "utterance":"いや・・それと、私って日程調整とか出欠の確認とか、そういうの苦手で・・・。先輩は幹事されたことあります？"
        },
        {
            "speaker":"U",
            "time":"18.10.2020 20:21:30",
            "turn-index":7,
            "utterance":"したことあるわよ"
        },
        {
            "speaker":"S",
            "time":"18.10.2020 20:21:31",
            "turn-index":8,
            "utterance":"あるんですね！いつもだいたい何人ぐらい集まるんですかね？"
        },
        {
            "speaker":"U",
            "time":"18.10.2020 20:21:38",
            "turn-index":9,
            "utterance":"30人くらいね"
        },
        {
            "speaker":"S",
            "time":"18.10.2020 20:21:39",
            "turn-index":10,
            "utterance":"30人ですか。う～ん・・・あ、田中さんに頼むのはどうですか？彼女、幹事とかそういうの得意そうだし。"
        },
        {
            "speaker":"U",
            "time":"18.10.2020 20:21:56",
            "turn-index":11,
            "utterance":"田中さんじゃなくてあなたに頼みたいの"
        },
        {
            "speaker":"S",
            "time":"18.10.2020 20:21:57",
            "turn-index":12,
            "utterance":"開催時期は何月ですか？"
        },
        {
            "speaker":"U",
            "time":"18.10.2020 20:22:05",
            "turn-index":13,
            "utterance":"5月頃よ"
        },
        {
            "speaker":"S",
            "time":"18.10.2020 20:22:06",
            "turn-index":14,
            "utterance":"えーっと・・・結構予定が詰まってしまってて・・・やっぱり夜ですよね？"
        },
        {
            "speaker":"U",
            "time":"18.10.2020 20:22:14",
            "turn-index":15,
            "utterance":"夕方かな"
        },
        {
            "speaker":"S",
            "time":"18.10.2020 20:22:15",
            "turn-index":16,
            "utterance":"あ、そうだ！すみません、突然思いついたんですけど、リモートとかもアリですか？"
        },
        {
            "speaker":"U",
            "time":"18.10.2020 20:22:35",
            "turn-index":17,
            "utterance":"リモートじゃなくてやっぱりお店で"
        },
        {
            "speaker":"S",
            "time":"18.10.2020 20:22:35",
            "turn-index":18,
            "utterance":"あのー他の先輩方にも、リモートはどうか、ちょっと聞いてもらえないでしょうか？"
        },
        {
            "speaker":"U",
            "time":"18.10.2020 20:22:51",
            "turn-index":19,
            "utterance":"それも幹事のあなたの役目よ"
        },
        {
            "speaker":"S",
            "time":"18.10.2020 20:22:52",
            "turn-index":20,
            "utterance":"もし先輩方にリモートでもいいっていう声が多かったら、慣れてる山口さんに頼みませんか？"
        },
        {
            "speaker":"U",
            "time":"18.10.2020 20:23:08",
            "turn-index":21,
            "utterance":"一度は幹事やってみようよ"
        },
        {
            "speaker":"S",
            "time":"18.10.2020 20:23:09",
            "turn-index":22,
            "utterance":"なんというか・・・すみません・・なんか私・・ホント役立たずですね・・・"
        },
        {
            "speaker":"U",
            "time":"18.10.2020 20:23:20",
            "turn-index":23,
            "utterance":"やってみたらいいじゃない"
        },
        {
            "speaker":"S",
            "time":"18.10.2020 20:23:20",
            "turn-index":24,
            "utterance":"せっかく声をかけてもらったのに申し訳なくて・・・もうちょっと時間もらって、いろいろ考えさせてもらってもいいですか？"
        },
        {
            "speaker":"U",
            "time":"18.10.2020 20:23:32",
            "turn-index":25,
            "utterance":"分からないことがあったら教えるから"
        },
        {
            "speaker":"S",
            "time":"18.10.2020 20:23:33",
            "turn-index":26,
            "utterance":"先輩のほうで返事の締切を決めてもらったほうがありがたいので。いつまでにお返事すればいいですか？"
        },
        {
            "speaker":"U",
            "time":"18.10.2020 20:23:50",
            "turn-index":27,
            "utterance":"もうあなたに決めたの"
        },
        {
            "speaker":"S",
            "time":"18.10.2020 20:23:51",
            "turn-index":28,
            "utterance":"わかりました。必ず連絡します。ありがとうございました。"
        },
        {
            "speaker":"U",
            "time":"18.10.2020 20:24:00",
            "turn-index":29,
            "utterance":"連絡待ってるわ"
        }
    ]
}