{
    "dialogue-id":"FCL_24",
    "group-id":"",
    "speaker-id":"fcl2020",
    "turns":[
        {
            "speaker":"S",
            "time":"19.10.2020 00:30:14",
            "turn-index":0,
            "utterance":"はい、何でしょう？"
        },
        {
            "speaker":"U",
            "time":"19.10.2020 00:32:11",
            "turn-index":1,
            "utterance":"お久しぶり"
        },
        {
            "speaker":"S",
            "time":"19.10.2020 00:32:12",
            "turn-index":2,
            "utterance":"あー・・・そうですね・・・"
        },
        {
            "speaker":"U",
            "time":"19.10.2020 00:32:52",
            "turn-index":3,
            "utterance":"もうそろそろ卒業かい"
        },
        {
            "speaker":"S",
            "time":"19.10.2020 00:32:53",
            "turn-index":4,
            "utterance":"えーと・・・まず心配なのが私、幹事って１回もしたことないんですけど、大丈夫ですかね？"
        },
        {
            "speaker":"U",
            "time":"19.10.2020 00:33:33",
            "turn-index":5,
            "utterance":"全く問題ないよ、誰でも初めてのことはある"
        },
        {
            "speaker":"S",
            "time":"19.10.2020 00:33:33",
            "turn-index":6,
            "utterance":"いや・・それと、私って日程調整とか出欠の確認とか、そういうの苦手で・・・。先輩は幹事されたことあります？"
        },
        {
            "speaker":"U",
            "time":"19.10.2020 00:34:00",
            "turn-index":7,
            "utterance":"あるよ、やってみると慣れるよ"
        },
        {
            "speaker":"S",
            "time":"19.10.2020 00:34:01",
            "turn-index":8,
            "utterance":"あるんですね！いつもだいたい何人ぐらい集まるんですかね？"
        },
        {
            "speaker":"U",
            "time":"19.10.2020 00:34:17",
            "turn-index":9,
            "utterance":"30人くらいかな"
        },
        {
            "speaker":"S",
            "time":"19.10.2020 00:34:18",
            "turn-index":10,
            "utterance":"30人ですか。う～ん・・・あ、田中さんに頼むのはどうですか？彼女、幹事とかそういうの得意そうだし。"
        },
        {
            "speaker":"U",
            "time":"19.10.2020 00:34:54",
            "turn-index":11,
            "utterance":"いや清水の方がが適任だと思うよ"
        },
        {
            "speaker":"S",
            "time":"19.10.2020 00:34:55",
            "turn-index":12,
            "utterance":"開催時期は何月ですか？"
        },
        {
            "speaker":"U",
            "time":"19.10.2020 00:35:07",
            "turn-index":13,
            "utterance":"5月くらいだよ"
        },
        {
            "speaker":"S",
            "time":"19.10.2020 00:35:07",
            "turn-index":14,
            "utterance":"えーっと・・・結構予定が詰まってしまってて・・・やっぱり夜ですよね？"
        },
        {
            "speaker":"U",
            "time":"19.10.2020 00:35:35",
            "turn-index":15,
            "utterance":"うん、でもかなり先だから調整できるでしょ"
        },
        {
            "speaker":"S",
            "time":"19.10.2020 00:35:36",
            "turn-index":16,
            "utterance":"あ、そうだ！すみません、突然思いついたんですけど、リモートとかもアリですか？"
        },
        {
            "speaker":"U",
            "time":"19.10.2020 00:36:12",
            "turn-index":17,
            "utterance":"こういう時期だからそういう案もあるが、ソーシャルディスタンスを取れば大丈夫"
        },
        {
            "speaker":"S",
            "time":"19.10.2020 00:36:12",
            "turn-index":18,
            "utterance":"あのー他の先輩方にも、リモートはどうか、ちょっと聞いてもらえないでしょうか？"
        },
        {
            "speaker":"U",
            "time":"19.10.2020 00:36:47",
            "turn-index":19,
            "utterance":"年配の人はリモート無理です、いつも通りで話進めてください"
        },
        {
            "speaker":"S",
            "time":"19.10.2020 00:36:48",
            "turn-index":20,
            "utterance":"もし先輩方にリモートでもいいっていう声が多かったら、慣れてる山口さんに頼みませんか？"
        },
        {
            "speaker":"U",
            "time":"19.10.2020 00:37:23",
            "turn-index":21,
            "utterance":"だからリモートはダメです。清水が適任です。"
        },
        {
            "speaker":"S",
            "time":"19.10.2020 00:37:24",
            "turn-index":22,
            "utterance":"なんというか・・・すみません・・なんか私・・ホント役立たずですね・・・"
        },
        {
            "speaker":"U",
            "time":"19.10.2020 00:38:01",
            "turn-index":23,
            "utterance":"幹事をしっかりやれば役立たずではないよ"
        },
        {
            "speaker":"S",
            "time":"19.10.2020 00:38:02",
            "turn-index":24,
            "utterance":"せっかく声をかけてもらったのに申し訳なくて・・・もうちょっと時間もらって、いろいろ考えさせてもらってもいいですか？"
        },
        {
            "speaker":"U",
            "time":"19.10.2020 00:38:23",
            "turn-index":25,
            "utterance":"まあ少し考えてみてよ"
        },
        {
            "speaker":"S",
            "time":"19.10.2020 00:38:24",
            "turn-index":26,
            "utterance":"先輩のほうで返事の締切を決めてもらったほうがありがたいので。いつまでにお返事すればいいですか？"
        },
        {
            "speaker":"U",
            "time":"19.10.2020 00:39:08",
            "turn-index":27,
            "utterance":"来週くらいまでに返事くださいな"
        },
        {
            "speaker":"S",
            "time":"19.10.2020 00:39:08",
            "turn-index":28,
            "utterance":"来週くらいまでですね。わかりました。必ず連絡します。ありがとうございました。"
        },
        {
            "speaker":"U",
            "time":"19.10.2020 00:39:24",
            "turn-index":29,
            "utterance":"まあ前向きに検討頼むよ。"
        }
    ]
}