{
    "dialogue-id":"FCL_10",
    "group-id":"",
    "speaker-id":"fcl2020",
    "turns":[
        {
            "speaker":"S",
            "time":"19.10.2020 00:36:41",
            "turn-index":0,
            "utterance":"はい、何でしょう？"
        },
        {
            "speaker":"U",
            "time":"19.10.2020 00:37:46",
            "turn-index":1,
            "utterance":"大学のサークルあったじゃん？そこの今年の同窓会の幹事探してるんだけど、アンタ頼まれてくれない？"
        },
        {
            "speaker":"S",
            "time":"19.10.2020 00:37:47",
            "turn-index":2,
            "utterance":"あー・・・そうですね・・・"
        },
        {
            "speaker":"U",
            "time":"19.10.2020 00:38:28",
            "turn-index":3,
            "utterance":"何よ、歯切れ悪いわね。出来ないとは言わせないわよ"
        },
        {
            "speaker":"S",
            "time":"19.10.2020 00:38:29",
            "turn-index":4,
            "utterance":"えーと・・・まず心配なのが私、幹事って１回もしたことないんですけど、大丈夫ですかね？"
        },
        {
            "speaker":"U",
            "time":"19.10.2020 00:39:14",
            "turn-index":5,
            "utterance":"そんなの全然大丈夫！幹事って言っても形だけでアタシや他のみんなも全面的に協力するから"
        },
        {
            "speaker":"S",
            "time":"19.10.2020 00:39:15",
            "turn-index":6,
            "utterance":"いや・・それと、私って日程調整とか出欠の確認とか、そういうの苦手で・・・。先輩は幹事されたことあります？"
        },
        {
            "speaker":"U",
            "time":"19.10.2020 00:39:56",
            "turn-index":7,
            "utterance":"アタシなんてもうバリバリやらされたわよ！そのアタシがサポートするんだからそんなアンタでも余裕よ"
        },
        {
            "speaker":"S",
            "time":"19.10.2020 00:39:56",
            "turn-index":8,
            "utterance":"そうなんですね、いつもだいたい何人ぐらい集まるんですかね？"
        },
        {
            "speaker":"U",
            "time":"19.10.2020 00:40:28",
            "turn-index":9,
            "utterance":"年によるけど、大体平均して15人前後ってとこ？そんなに多くはないわね"
        },
        {
            "speaker":"S",
            "time":"19.10.2020 00:40:29",
            "turn-index":10,
            "utterance":"年によるけど大体平均して15人ですか。う～ん・・・あ、田中さんに頼むのはどうですか？彼女、幹事とかそういうの得意そうだし。"
        },
        {
            "speaker":"U",
            "time":"19.10.2020 00:41:42",
            "turn-index":11,
            "utterance":"あの子、ああ見えて約束とか平気ですっぽかすタイプなの。あの子よりアンタの方が100倍適任よ"
        },
        {
            "speaker":"S",
            "time":"19.10.2020 00:41:42",
            "turn-index":12,
            "utterance":"開催時期は何月ですか？"
        },
        {
            "speaker":"U",
            "time":"19.10.2020 00:42:13",
            "turn-index":13,
            "utterance":"厳密に決まってないけど、1月か2月ってとこじゃない？そこはある程度自由よ"
        },
        {
            "speaker":"S",
            "time":"19.10.2020 00:42:14",
            "turn-index":14,
            "utterance":"厳密に決まってないけど1月か2月ですか。結構予定が詰まってしまってて・・・やっぱり夜ですよね？"
        },
        {
            "speaker":"U",
            "time":"19.10.2020 00:42:50",
            "turn-index":15,
            "utterance":"みんなの都合がつけば別に時間や形式にはこだわらないわよ。集まって何かするってのが大事なの"
        },
        {
            "speaker":"S",
            "time":"19.10.2020 00:42:50",
            "turn-index":16,
            "utterance":"あ、そうだ！すみません、突然思いついたんですけど、リモートとかもアリですか？"
        },
        {
            "speaker":"U",
            "time":"19.10.2020 00:43:23",
            "turn-index":17,
            "utterance":"まあこのご時勢だし、今までやったことないし斬新でアリかもね"
        },
        {
            "speaker":"S",
            "time":"19.10.2020 00:43:24",
            "turn-index":18,
            "utterance":"あのー他の先輩方にも、リモートはどうか、ちょっと聞いてもらえないでしょうか？"
        },
        {
            "speaker":"U",
            "time":"19.10.2020 00:43:50",
            "turn-index":19,
            "utterance":"いいわよ。じゃあアンタは同期にわかる範囲で聞いてみてくれる？"
        },
        {
            "speaker":"S",
            "time":"19.10.2020 00:43:52",
            "turn-index":20,
            "utterance":"もし先輩方にリモートでもいいっていう声が多かったら、慣れてる山口さんに頼みませんか？"
        },
        {
            "speaker":"U",
            "time":"19.10.2020 00:44:54",
            "turn-index":21,
            "utterance":"彼女には元々アタシが教えたのよ！そのアタシがサポートするんだからアンタがやるの！"
        },
        {
            "speaker":"S",
            "time":"19.10.2020 00:44:55",
            "turn-index":22,
            "utterance":"なんというか・・・すみません・・なんか私・・ホント役立たずですね・・・"
        },
        {
            "speaker":"U",
            "time":"19.10.2020 00:46:01",
            "turn-index":23,
            "utterance":"なんでやる前からそんなしょんぼりしてんのよー。アタシがうまく出来るように手伝うし、万が一失敗しても一緒にみんなに頭下げてやるって！"
        },
        {
            "speaker":"S",
            "time":"19.10.2020 00:46:02",
            "turn-index":24,
            "utterance":"せっかく声をかけてもらったのに申し訳なくて・・・もうちょっと時間もらって、いろいろ考えさせてもらってもいいですか？"
        },
        {
            "speaker":"U",
            "time":"19.10.2020 00:47:23",
            "turn-index":25,
            "utterance":"まあ突然だったし、まだ先の話だからいいけど。そんな難しく考えなくても大丈夫よ。後でやることリストみたいなマニュアル送っとくわね"
        },
        {
            "speaker":"S",
            "time":"19.10.2020 00:47:24",
            "turn-index":26,
            "utterance":"先輩のほうで返事の締切を決めてもらったほうがありがたいので。いつまでにお返事すればいいですか？"
        },
        {
            "speaker":"U",
            "time":"19.10.2020 00:48:32",
            "turn-index":27,
            "utterance":"じゃあ一応来週中には返事もらえる？アタシはアタシでアンタがそれまでにやる気になるよう手を尽くすから"
        },
        {
            "speaker":"S",
            "time":"19.10.2020 00:48:33",
            "turn-index":28,
            "utterance":"じゃあ一応来週中には返事もらえるアタシはアタシでアンタがそれまでですね。わかりました。必ず連絡します。ありがとうございました。"
        },
        {
            "speaker":"U",
            "time":"19.10.2020 00:49:09",
            "turn-index":29,
            "utterance":"前向きな返事を期待してるわよ。アンタはやれば出来る子なんだからね！"
        }
    ]
}