{
    "dialogue-id":"FCL_14",
    "group-id":"",
    "speaker-id":"fcl2020",
    "turns":[
        {
            "speaker":"S",
            "time":"20.10.2020 07:25:06",
            "turn-index":0,
            "utterance":"はい、何でしょう？"
        },
        {
            "speaker":"U",
            "time":"20.10.2020 07:25:15",
            "turn-index":1,
            "utterance":"毎年同窓会をしてるでしょ"
        },
        {
            "speaker":"S",
            "time":"20.10.2020 07:25:16",
            "turn-index":2,
            "utterance":"あー・・・そうですね・・・"
        },
        {
            "speaker":"U",
            "time":"20.10.2020 07:26:13",
            "turn-index":3,
            "utterance":"今年も参加する？"
        },
        {
            "speaker":"S",
            "time":"20.10.2020 07:26:14",
            "turn-index":4,
            "utterance":"えーと・・・まず心配なのが私、幹事って１回もしたことないんですけど、大丈夫ですかね？"
        },
        {
            "speaker":"U",
            "time":"20.10.2020 07:26:46",
            "turn-index":5,
            "utterance":"そう、幹事をお願いしたいんだよね"
        },
        {
            "speaker":"S",
            "time":"20.10.2020 07:26:47",
            "turn-index":6,
            "utterance":"いや・・それと、私って日程調整とか出欠の確認とか、そういうの苦手で・・・。先輩は幹事されたことあります？"
        },
        {
            "speaker":"U",
            "time":"20.10.2020 07:27:02",
            "turn-index":7,
            "utterance":"あるよ"
        },
        {
            "speaker":"S",
            "time":"20.10.2020 07:27:03",
            "turn-index":8,
            "utterance":"あるんですね！いつもだいたい何人ぐらい集まるんですかね？"
        },
        {
            "speaker":"U",
            "time":"20.10.2020 07:27:40",
            "turn-index":9,
            "utterance":"そんなに多くはないよ"
        },
        {
            "speaker":"S",
            "time":"20.10.2020 07:27:41",
            "turn-index":10,
            "utterance":"う～ん・・・あ、田中さんに頼むのはどうですか？彼女、幹事とかそういうの得意そうだし。"
        },
        {
            "speaker":"U",
            "time":"20.10.2020 07:28:34",
            "turn-index":11,
            "utterance":"確かに得意そうだよね"
        },
        {
            "speaker":"S",
            "time":"20.10.2020 07:28:35",
            "turn-index":12,
            "utterance":"開催時期は何月ですか？"
        },
        {
            "speaker":"U",
            "time":"20.10.2020 07:28:47",
            "turn-index":13,
            "utterance":"来月くらい"
        },
        {
            "speaker":"S",
            "time":"20.10.2020 07:28:48",
            "turn-index":14,
            "utterance":"えーっと・・・結構予定が詰まってしまってて・・・やっぱり夜ですよね？"
        },
        {
            "speaker":"U",
            "time":"20.10.2020 07:28:59",
            "turn-index":15,
            "utterance":"夜になるね"
        },
        {
            "speaker":"S",
            "time":"20.10.2020 07:29:00",
            "turn-index":16,
            "utterance":"あ、そうだ！すみません、突然思いついたんですけど、リモートとかもアリですか？"
        },
        {
            "speaker":"U",
            "time":"20.10.2020 07:30:07",
            "turn-index":17,
            "utterance":"あってもいいかも"
        },
        {
            "speaker":"S",
            "time":"20.10.2020 07:30:08",
            "turn-index":18,
            "utterance":"あのー他の先輩方にも、リモートはどうか、ちょっと聞いてもらえないでしょうか？"
        },
        {
            "speaker":"U",
            "time":"20.10.2020 07:31:56",
            "turn-index":19,
            "utterance":"いいよ"
        },
        {
            "speaker":"S",
            "time":"20.10.2020 07:31:56",
            "turn-index":20,
            "utterance":"もし先輩方にリモートでもいいっていう声が多かったら、慣れてる山口さんに頼みませんか？"
        },
        {
            "speaker":"U",
            "time":"20.10.2020 07:32:21",
            "turn-index":21,
            "utterance":"山口さん慣れてるんだ？"
        },
        {
            "speaker":"S",
            "time":"20.10.2020 07:32:22",
            "turn-index":22,
            "utterance":"なんというか・・・すみません・・なんか私・・ホント役立たずですね・・・"
        },
        {
            "speaker":"U",
            "time":"20.10.2020 07:32:33",
            "turn-index":23,
            "utterance":"そんな事ないよ"
        },
        {
            "speaker":"S",
            "time":"20.10.2020 07:32:34",
            "turn-index":24,
            "utterance":"せっかく声をかけてもらったのに申し訳なくて・・・もうちょっと時間もらって、いろいろ考えさせてもらってもいいですか？"
        },
        {
            "speaker":"U",
            "time":"20.10.2020 07:32:46",
            "turn-index":25,
            "utterance":"いいよ"
        },
        {
            "speaker":"S",
            "time":"20.10.2020 07:32:46",
            "turn-index":26,
            "utterance":"先輩のほうで返事の締切を決めてもらったほうがありがたいので。いつまでにお返事すればいいですか？"
        },
        {
            "speaker":"U",
            "time":"20.10.2020 07:34:05",
            "turn-index":27,
            "utterance":"急ぎじゃないから来週くらいまででOK"
        },
        {
            "speaker":"S",
            "time":"20.10.2020 07:34:05",
            "turn-index":28,
            "utterance":"急ぎじゃないから来週くらいまでですね。わかりました。必ず連絡します。ありがとうございました。"
        },
        {
            "speaker":"U",
            "time":"20.10.2020 07:34:48",
            "turn-index":29,
            "utterance":"よろしく頼むよ"
        }
    ]
}