{
    "dialogue-id":"FCL_30",
    "group-id":"",
    "speaker-id":"fcl2020",
    "turns":[
        {
            "speaker":"S",
            "time":"20.10.2020 08:50:31",
            "turn-index":0,
            "utterance":"はい、何でしょう？"
        },
        {
            "speaker":"U",
            "time":"20.10.2020 08:50:49",
            "turn-index":1,
            "utterance":"今年のサークルの同窓会の幹事、お願いできない？"
        },
        {
            "speaker":"S",
            "time":"20.10.2020 08:50:50",
            "turn-index":2,
            "utterance":"あー・・・そうですね・・・"
        },
        {
            "speaker":"U",
            "time":"20.10.2020 08:51:02",
            "turn-index":3,
            "utterance":"頼まれてくれると嬉しいんだけど！"
        },
        {
            "speaker":"S",
            "time":"20.10.2020 08:51:03",
            "turn-index":4,
            "utterance":"えーと・・・まず心配なのが私、幹事って１回もしたことないんですけど、大丈夫ですかね？"
        },
        {
            "speaker":"U",
            "time":"20.10.2020 08:51:14",
            "turn-index":5,
            "utterance":"それは大丈夫だよ、私もサポートするから！"
        },
        {
            "speaker":"S",
            "time":"20.10.2020 08:51:14",
            "turn-index":6,
            "utterance":"いや・・それと、私って日程調整とか出欠の確認とか、そういうの苦手で・・・。先輩は幹事されたことあります？"
        },
        {
            "speaker":"U",
            "time":"20.10.2020 08:51:28",
            "turn-index":7,
            "utterance":"実は去年の幹事私だったんだ～"
        },
        {
            "speaker":"S",
            "time":"20.10.2020 08:51:29",
            "turn-index":8,
            "utterance":"そうなんですね、いつもだいたい何人ぐらい集まるんですかね？"
        },
        {
            "speaker":"U",
            "time":"20.10.2020 08:51:44",
            "turn-index":9,
            "utterance":"大体15人前後ってところかな"
        },
        {
            "speaker":"S",
            "time":"20.10.2020 08:51:45",
            "turn-index":10,
            "utterance":"大体15人ですか。う～ん・・・あ、田中さんに頼むのはどうですか？彼女、幹事とかそういうの得意そうだし。"
        },
        {
            "speaker":"U",
            "time":"20.10.2020 08:52:10",
            "turn-index":11,
            "utterance":"田中さんに聞いたら、清水がいいって言ってたんだよね"
        },
        {
            "speaker":"S",
            "time":"20.10.2020 08:52:11",
            "turn-index":12,
            "utterance":"開催時期は何月ですか？"
        },
        {
            "speaker":"U",
            "time":"20.10.2020 08:52:18",
            "turn-index":13,
            "utterance":"5月の予定！"
        },
        {
            "speaker":"S",
            "time":"20.10.2020 08:52:19",
            "turn-index":14,
            "utterance":"えーっと・・・結構予定が詰まってしまってて・・・やっぱり夜ですよね？"
        },
        {
            "speaker":"U",
            "time":"20.10.2020 08:52:33",
            "turn-index":15,
            "utterance":"時間はまだ決まってないから、昼でも調整できると思うよ"
        },
        {
            "speaker":"S",
            "time":"20.10.2020 08:52:34",
            "turn-index":16,
            "utterance":"あ、そうだ！すみません、突然思いついたんですけど、リモートとかもアリですか？"
        },
        {
            "speaker":"U",
            "time":"20.10.2020 08:52:52",
            "turn-index":17,
            "utterance":"リモートか～新しいね！それなら幹事やってくれる？"
        },
        {
            "speaker":"S",
            "time":"20.10.2020 08:52:53",
            "turn-index":18,
            "utterance":"あのー他の先輩方にも、リモートはどうか、ちょっと聞いてもらえないでしょうか？"
        },
        {
            "speaker":"U",
            "time":"20.10.2020 08:53:17",
            "turn-index":19,
            "utterance":"いいよ聞いてみる。じゃあ幹事やってくれるってことでOK？"
        },
        {
            "speaker":"S",
            "time":"20.10.2020 08:53:18",
            "turn-index":20,
            "utterance":"もし先輩方にリモートでもいいっていう声が多かったら、慣れてる山口さんに頼みませんか？"
        },
        {
            "speaker":"U",
            "time":"20.10.2020 08:54:19",
            "turn-index":21,
            "utterance":"山口か～でもここはやっぱり清水にやってほしいんだよ～"
        },
        {
            "speaker":"S",
            "time":"20.10.2020 08:54:19",
            "turn-index":22,
            "utterance":"なんというか・・・すみません・・なんか私・・ホント役立たずですね・・・"
        },
        {
            "speaker":"U",
            "time":"20.10.2020 08:54:31",
            "turn-index":23,
            "utterance":"そんなことないよ！だから一緒に幹事やろう！"
        },
        {
            "speaker":"S",
            "time":"20.10.2020 08:54:31",
            "turn-index":24,
            "utterance":"せっかく声をかけてもらったのに申し訳なくて・・・もうちょっと時間もらって、いろいろ考えさせてもらってもいいですか？"
        },
        {
            "speaker":"U",
            "time":"20.10.2020 08:54:43",
            "turn-index":25,
            "utterance":"それはもちろん大丈夫だよ、ゆっくり考えてみて！"
        },
        {
            "speaker":"S",
            "time":"20.10.2020 08:54:44",
            "turn-index":26,
            "utterance":"先輩のほうで返事の締切を決めてもらったほうがありがたいので。いつまでにお返事すればいいですか？"
        },
        {
            "speaker":"U",
            "time":"20.10.2020 08:55:16",
            "turn-index":27,
            "utterance":"じゃあ週明けまでにもらえると嬉しいかな！"
        },
        {
            "speaker":"S",
            "time":"20.10.2020 08:55:17",
            "turn-index":28,
            "utterance":"じゃあ週明けまでですね。わかりました。必ず連絡します。ありがとうございました。"
        },
        {
            "speaker":"U",
            "time":"20.10.2020 08:55:48",
            "turn-index":29,
            "utterance":"こちらこそ、良い返事を期待してるからね！"
        }
    ]
}