{
    "dialogue-id":"FCL_21",
    "group-id":"",
    "speaker-id":"fcl2020",
    "turns":[
        {
            "speaker":"S",
            "time":"20.10.2020 07:27:05",
            "turn-index":0,
            "utterance":"はい、何でしょう？"
        },
        {
            "speaker":"U",
            "time":"20.10.2020 07:28:29",
            "turn-index":1,
            "utterance":"最近急に寒くなりましたね"
        },
        {
            "speaker":"S",
            "time":"20.10.2020 07:28:30",
            "turn-index":2,
            "utterance":"あー・・・そうですね・・・"
        },
        {
            "speaker":"U",
            "time":"20.10.2020 07:28:59",
            "turn-index":3,
            "utterance":"昨夜は最低気温13度でビックリしました"
        },
        {
            "speaker":"S",
            "time":"20.10.2020 07:29:00",
            "turn-index":4,
            "utterance":"えーと・・・まず心配なのが私、幹事って１回もしたことないんですけど、大丈夫ですかね？"
        },
        {
            "speaker":"U",
            "time":"20.10.2020 07:29:11",
            "turn-index":5,
            "utterance":"誰でも初めてはありますから"
        },
        {
            "speaker":"S",
            "time":"20.10.2020 07:29:12",
            "turn-index":6,
            "utterance":"いや・・それと、私って日程調整とか出欠の確認とか、そういうの苦手で・・・。先輩は幹事されたことあります？"
        },
        {
            "speaker":"U",
            "time":"20.10.2020 07:29:22",
            "turn-index":7,
            "utterance":"はいありますよ"
        },
        {
            "speaker":"S",
            "time":"20.10.2020 07:29:22",
            "turn-index":8,
            "utterance":"あるんですね！いつもだいたい何人ぐらい集まるんですかね？"
        },
        {
            "speaker":"U",
            "time":"20.10.2020 07:29:48",
            "turn-index":9,
            "utterance":"会社の忘年会のことですか？"
        },
        {
            "speaker":"S",
            "time":"20.10.2020 07:29:48",
            "turn-index":10,
            "utterance":"う～ん・・・あ、田中さんに頼むのはどうですか？彼女、幹事とかそういうの得意そうだし。"
        },
        {
            "speaker":"U",
            "time":"20.10.2020 07:30:14",
            "turn-index":11,
            "utterance":"引き受けたなら自分でした方がイイと思うよ。いつかしないといけないんだし。"
        },
        {
            "speaker":"S",
            "time":"20.10.2020 07:30:14",
            "turn-index":12,
            "utterance":"開催時期は何月ですか？"
        },
        {
            "speaker":"U",
            "time":"20.10.2020 07:30:28",
            "turn-index":13,
            "utterance":"忘年会の事ですか？"
        },
        {
            "speaker":"S",
            "time":"20.10.2020 07:30:28",
            "turn-index":14,
            "utterance":"えーっと・・・結構予定が詰まってしまってて・・・やっぱり夜ですよね？"
        },
        {
            "speaker":"U",
            "time":"20.10.2020 07:30:38",
            "turn-index":15,
            "utterance":"忘年会なら夜ですよ"
        },
        {
            "speaker":"S",
            "time":"20.10.2020 07:30:38",
            "turn-index":16,
            "utterance":"あ、そうだ！すみません、突然思いついたんですけど、リモートとかもアリですか？"
        },
        {
            "speaker":"U",
            "time":"20.10.2020 07:30:52",
            "turn-index":17,
            "utterance":"他の人にも聞いた方がいいですね"
        },
        {
            "speaker":"S",
            "time":"20.10.2020 07:30:53",
            "turn-index":18,
            "utterance":"あのー他の先輩方にも、リモートはどうか、ちょっと聞いてもらえないでしょうか？"
        },
        {
            "speaker":"U",
            "time":"20.10.2020 07:31:01",
            "turn-index":19,
            "utterance":"自分で聞いてみてください"
        },
        {
            "speaker":"S",
            "time":"20.10.2020 07:31:01",
            "turn-index":20,
            "utterance":"もし先輩方にリモートでもいいっていう声が多かったら、慣れてる山口さんに頼みませんか？"
        },
        {
            "speaker":"U",
            "time":"20.10.2020 07:31:15",
            "turn-index":21,
            "utterance":"あなたが頼まれたならあなたがしてください"
        },
        {
            "speaker":"S",
            "time":"20.10.2020 07:31:16",
            "turn-index":22,
            "utterance":"なんというか・・・すみません・・なんか私・・ホント役立たずですね・・・"
        },
        {
            "speaker":"U",
            "time":"20.10.2020 07:31:39",
            "turn-index":23,
            "utterance":"最初はみんな大変なんですよ"
        },
        {
            "speaker":"S",
            "time":"20.10.2020 07:31:40",
            "turn-index":24,
            "utterance":"せっかく声をかけてもらったのに申し訳なくて・・・もうちょっと時間もらって、いろいろ考えさせてもらってもいいですか？"
        },
        {
            "speaker":"U",
            "time":"20.10.2020 07:31:52",
            "turn-index":25,
            "utterance":"色々試行錯誤してみてください"
        },
        {
            "speaker":"S",
            "time":"20.10.2020 07:31:52",
            "turn-index":26,
            "utterance":"先輩のほうで返事の締切を決めてもらったほうがありがたいので。いつまでにお返事すればいいですか？"
        },
        {
            "speaker":"U",
            "time":"20.10.2020 07:32:14",
            "turn-index":27,
            "utterance":"今月中でどうですか？"
        },
        {
            "speaker":"S",
            "time":"20.10.2020 07:32:15",
            "turn-index":28,
            "utterance":"わかりました。必ず連絡します。ありがとうございました。"
        },
        {
            "speaker":"U",
            "time":"20.10.2020 07:32:22",
            "turn-index":29,
            "utterance":"いえいえ、頑張ってください"
        }
    ]
}