{
    "dialogue-id":"FCL_34",
    "group-id":"",
    "speaker-id":"fcl2020",
    "turns":[
        {
            "speaker":"S",
            "time":"18.10.2020 20:34:49",
            "turn-index":0,
            "utterance":"はい、何でしょう？"
        },
        {
            "speaker":"U",
            "time":"18.10.2020 20:35:04",
            "turn-index":1,
            "utterance":"ところでさ，ちょっと頼みたい ことがあるんだけど"
        },
        {
            "speaker":"S",
            "time":"18.10.2020 20:35:05",
            "turn-index":2,
            "utterance":"あー・・・そうですね・・・"
        },
        {
            "speaker":"U",
            "time":"18.10.2020 20:35:41",
            "turn-index":3,
            "utterance":"聞いてもらえるかな"
        },
        {
            "speaker":"S",
            "time":"18.10.2020 20:35:42",
            "turn-index":4,
            "utterance":"えーと・・・まず心配なのが私、幹事って１回もしたことないんですけど、大丈夫ですかね？"
        },
        {
            "speaker":"U",
            "time":"18.10.2020 20:36:04",
            "turn-index":5,
            "utterance":"サポートするから何の問題もないと思うよ"
        },
        {
            "speaker":"S",
            "time":"18.10.2020 20:36:05",
            "turn-index":6,
            "utterance":"いや・・それと、私って日程調整とか出欠の確認とか、そういうの苦手で・・・。先輩は幹事されたことあります？"
        },
        {
            "speaker":"U",
            "time":"18.10.2020 20:36:21",
            "turn-index":7,
            "utterance":"あるからサポートするよって言っているんだよ"
        },
        {
            "speaker":"S",
            "time":"18.10.2020 20:36:22",
            "turn-index":8,
            "utterance":"あるんですね！いつもだいたい何人ぐらい集まるんですかね？"
        },
        {
            "speaker":"U",
            "time":"18.10.2020 20:36:32",
            "turn-index":9,
            "utterance":"50人ぐらいだと思うけど"
        },
        {
            "speaker":"S",
            "time":"18.10.2020 20:36:33",
            "turn-index":10,
            "utterance":"50人ですか。う～ん・・・あ、田中さんに頼むのはどうですか？彼女、幹事とかそういうの得意そうだし。"
        },
        {
            "speaker":"U",
            "time":"18.10.2020 20:37:08",
            "turn-index":11,
            "utterance":"彼女は信用できないし、僕が信頼を置いている清水しかいないと思っているんだよね"
        },
        {
            "speaker":"S",
            "time":"18.10.2020 20:37:09",
            "turn-index":12,
            "utterance":"開催時期は何月ですか？"
        },
        {
            "speaker":"U",
            "time":"18.10.2020 20:37:18",
            "turn-index":13,
            "utterance":"11月だね"
        },
        {
            "speaker":"S",
            "time":"18.10.2020 20:37:18",
            "turn-index":14,
            "utterance":"えーっと・・・結構予定が詰まってしまってて・・・やっぱり夜ですよね？"
        },
        {
            "speaker":"U",
            "time":"18.10.2020 20:37:30",
            "turn-index":15,
            "utterance":"夕方から夜になるよね"
        },
        {
            "speaker":"S",
            "time":"18.10.2020 20:37:31",
            "turn-index":16,
            "utterance":"あ、そうだ！すみません、突然思いついたんですけど、リモートとかもアリですか？"
        },
        {
            "speaker":"U",
            "time":"18.10.2020 20:37:50",
            "turn-index":17,
            "utterance":"リモートではなく会場を抑えてやろうと思っているんだよ"
        },
        {
            "speaker":"S",
            "time":"18.10.2020 20:37:50",
            "turn-index":18,
            "utterance":"あのー他の先輩方にも、リモートはどうか、ちょっと聞いてもらえないでしょうか？"
        },
        {
            "speaker":"U",
            "time":"18.10.2020 20:38:15",
            "turn-index":19,
            "utterance":"一応聞いてみるけど、個人的には会場でみんな集まるほうがいいかなと思っている"
        },
        {
            "speaker":"S",
            "time":"18.10.2020 20:38:16",
            "turn-index":20,
            "utterance":"もし先輩方にリモートでもいいっていう声が多かったら、慣れてる山口さんに頼みませんか？"
        },
        {
            "speaker":"U",
            "time":"18.10.2020 20:38:43",
            "turn-index":21,
            "utterance":"その場合でも清水にお願いしたいんだ、聞いてもらえるかな"
        },
        {
            "speaker":"S",
            "time":"18.10.2020 20:38:43",
            "turn-index":22,
            "utterance":"なんというか・・・すみません・・なんか私・・ホント役立たずですね・・・"
        },
        {
            "speaker":"U",
            "time":"18.10.2020 20:39:20",
            "turn-index":23,
            "utterance":"いや、そんなことないよ。こっちも全力でサポートするからう良い経験だと思ってやってくれよ"
        },
        {
            "speaker":"S",
            "time":"18.10.2020 20:39:21",
            "turn-index":24,
            "utterance":"せっかく声をかけてもらったのに申し訳なくて・・・もうちょっと時間もらって、いろいろ考えさせてもらってもいいですか？"
        },
        {
            "speaker":"U",
            "time":"18.10.2020 20:39:38",
            "turn-index":25,
            "utterance":"良い結果が出ることに期待してるよ"
        },
        {
            "speaker":"S",
            "time":"18.10.2020 20:39:38",
            "turn-index":26,
            "utterance":"先輩のほうで返事の締切を決めてもらったほうがありがたいので。いつまでにお返事すればいいですか？"
        },
        {
            "speaker":"U",
            "time":"18.10.2020 20:39:56",
            "turn-index":27,
            "utterance":"今週中かな"
        },
        {
            "speaker":"S",
            "time":"18.10.2020 20:39:56",
            "turn-index":28,
            "utterance":"わかりました。必ず連絡します。ありがとうございました。"
        },
        {
            "speaker":"U",
            "time":"18.10.2020 20:40:09",
            "turn-index":29,
            "utterance":"絶対にやってくれると信じているから"
        }
    ]
}