{
    "dialogue-id":"FCL_17",
    "group-id":"",
    "speaker-id":"fcl2020",
    "turns":[
        {
            "speaker":"S",
            "time":"18.10.2020 13:34:02",
            "turn-index":0,
            "utterance":"はい、何でしょう？"
        },
        {
            "speaker":"U",
            "time":"18.10.2020 13:34:31",
            "turn-index":1,
            "utterance":"同窓会の幹事やってもらえないかな？"
        },
        {
            "speaker":"S",
            "time":"18.10.2020 13:34:32",
            "turn-index":2,
            "utterance":"あー・・・そうですね・・・"
        },
        {
            "speaker":"U",
            "time":"18.10.2020 13:34:37",
            "turn-index":3,
            "utterance":"忙しい？"
        },
        {
            "speaker":"S",
            "time":"18.10.2020 13:34:37",
            "turn-index":4,
            "utterance":"えーと・・・まず心配なのが私、幹事って１回もしたことないんですけど、大丈夫ですかね？"
        },
        {
            "speaker":"U",
            "time":"18.10.2020 13:34:54",
            "turn-index":5,
            "utterance":"それは大丈夫だよ！私もフォローするし"
        },
        {
            "speaker":"S",
            "time":"18.10.2020 13:34:55",
            "turn-index":6,
            "utterance":"いや・・それと、私って日程調整とか出欠の確認とか、そういうの苦手で・・・。先輩は幹事されたことあります？"
        },
        {
            "speaker":"U",
            "time":"18.10.2020 13:35:27",
            "turn-index":7,
            "utterance":"したことあるよ！だから段取りも教えるね"
        },
        {
            "speaker":"S",
            "time":"18.10.2020 13:35:28",
            "turn-index":8,
            "utterance":"あるんですね！いつもだいたい何人ぐらい集まるんですかね？"
        },
        {
            "speaker":"U",
            "time":"18.10.2020 13:35:47",
            "turn-index":9,
            "utterance":"大体30人くらいかな"
        },
        {
            "speaker":"S",
            "time":"18.10.2020 13:35:48",
            "turn-index":10,
            "utterance":"大体30人ですか。う～ん・・・あ、田中さんに頼むのはどうですか？彼女、幹事とかそういうの得意そうだし。"
        },
        {
            "speaker":"U",
            "time":"18.10.2020 13:36:39",
            "turn-index":11,
            "utterance":"田中は春から海外からできないって断られたの"
        },
        {
            "speaker":"S",
            "time":"18.10.2020 13:36:40",
            "turn-index":12,
            "utterance":"開催時期は何月ですか？"
        },
        {
            "speaker":"U",
            "time":"18.10.2020 13:36:58",
            "turn-index":13,
            "utterance":"5月の連休がいいかなって思う"
        },
        {
            "speaker":"S",
            "time":"18.10.2020 13:36:59",
            "turn-index":14,
            "utterance":"えーっと・・・結構予定が詰まってしまってて・・・やっぱり夜ですよね？"
        },
        {
            "speaker":"U",
            "time":"18.10.2020 13:37:09",
            "turn-index":15,
            "utterance":"夜になるね"
        },
        {
            "speaker":"S",
            "time":"18.10.2020 13:37:10",
            "turn-index":16,
            "utterance":"あ、そうだ！すみません、突然思いついたんですけど、リモートとかもアリですか？"
        },
        {
            "speaker":"U",
            "time":"18.10.2020 13:37:36",
            "turn-index":17,
            "utterance":"大人数でリモートできるかな…？"
        },
        {
            "speaker":"S",
            "time":"18.10.2020 13:37:38",
            "turn-index":18,
            "utterance":"あのー他の先輩方にも、リモートはどうか、ちょっと聞いてもらえないでしょうか？"
        },
        {
            "speaker":"U",
            "time":"18.10.2020 13:38:01",
            "turn-index":19,
            "utterance":"いいよ！聞いてみるね！"
        },
        {
            "speaker":"S",
            "time":"18.10.2020 13:38:02",
            "turn-index":20,
            "utterance":"もし先輩方にリモートでもいいっていう声が多かったら、慣れてる山口さんに頼みませんか？"
        },
        {
            "speaker":"U",
            "time":"18.10.2020 13:39:10",
            "turn-index":21,
            "utterance":"いや、そこは清水にお願いしたいんだ"
        },
        {
            "speaker":"S",
            "time":"18.10.2020 13:39:10",
            "turn-index":22,
            "utterance":"なんというか・・・すみません・・なんか私・・ホント役立たずですね・・・"
        },
        {
            "speaker":"U",
            "time":"18.10.2020 13:39:30",
            "turn-index":23,
            "utterance":"そんなことないよ！リモートの提案もしてくれたし"
        },
        {
            "speaker":"S",
            "time":"18.10.2020 13:39:31",
            "turn-index":24,
            "utterance":"せっかく声をかけてもらったのに申し訳なくて・・・もうちょっと時間もらって、いろいろ考えさせてもらってもいいですか？"
        },
        {
            "speaker":"U",
            "time":"18.10.2020 13:39:57",
            "turn-index":25,
            "utterance":"まあ気負わずに軽い気持ちで考えてみて！"
        },
        {
            "speaker":"S",
            "time":"18.10.2020 13:39:58",
            "turn-index":26,
            "utterance":"先輩のほうで返事の締切を決めてもらったほうがありがたいので。いつまでにお返事すればいいですか？"
        },
        {
            "speaker":"U",
            "time":"18.10.2020 13:40:23",
            "turn-index":27,
            "utterance":"できれば日曜までに返事くれるとありがたい！"
        },
        {
            "speaker":"S",
            "time":"18.10.2020 13:40:24",
            "turn-index":28,
            "utterance":"できれば日曜までですね。わかりました。必ず連絡します。ありがとうございました。"
        },
        {
            "speaker":"U",
            "time":"18.10.2020 13:40:42",
            "turn-index":29,
            "utterance":"連絡待ってるね"
        }
    ]
}