{
    "dialogue-id":"FCL_16",
    "group-id":"",
    "speaker-id":"fcl2020",
    "turns":[
        {
            "speaker":"S",
            "time":"19.10.2020 00:59:13",
            "turn-index":0,
            "utterance":"はい、何でしょう？"
        },
        {
            "speaker":"U",
            "time":"19.10.2020 00:59:49",
            "turn-index":1,
            "utterance":"今年のサークルの同窓会の幹事をお願いしたいなあと思って。"
        },
        {
            "speaker":"S",
            "time":"19.10.2020 00:59:50",
            "turn-index":2,
            "utterance":"あー・・・そうですね・・・"
        },
        {
            "speaker":"U",
            "time":"19.10.2020 01:00:22",
            "turn-index":3,
            "utterance":"たのまれてくれないかな？"
        },
        {
            "speaker":"S",
            "time":"19.10.2020 01:00:22",
            "turn-index":4,
            "utterance":"えーと・・・まず心配なのが私、幹事って１回もしたことないんですけど、大丈夫ですかね？"
        },
        {
            "speaker":"U",
            "time":"19.10.2020 01:01:07",
            "turn-index":5,
            "utterance":"分からないことがあったら相談にも乗るし大丈夫だよ。"
        },
        {
            "speaker":"S",
            "time":"19.10.2020 01:01:08",
            "turn-index":6,
            "utterance":"いや・・それと、私って日程調整とか出欠の確認とか、そういうの苦手で・・・。先輩は幹事されたことあります？"
        },
        {
            "speaker":"U",
            "time":"19.10.2020 01:01:40",
            "turn-index":7,
            "utterance":"大変だよね。。私は幹事したことあるよ。"
        },
        {
            "speaker":"S",
            "time":"19.10.2020 01:01:41",
            "turn-index":8,
            "utterance":"あるんですね！いつもだいたい何人ぐらい集まるんですかね？"
        },
        {
            "speaker":"U",
            "time":"19.10.2020 01:01:58",
            "turn-index":9,
            "utterance":"だいたい30にんくらいかな。"
        },
        {
            "speaker":"S",
            "time":"19.10.2020 01:01:59",
            "turn-index":10,
            "utterance":"う～ん・・・あ、田中さんに頼むのはどうですか？彼女、幹事とかそういうの得意そうだし。"
        },
        {
            "speaker":"U",
            "time":"19.10.2020 01:02:32",
            "turn-index":11,
            "utterance":"田中さんより貴方が適任かなと思ったんだけど。。。"
        },
        {
            "speaker":"S",
            "time":"19.10.2020 01:02:33",
            "turn-index":12,
            "utterance":"開催時期は何月ですか？"
        },
        {
            "speaker":"U",
            "time":"19.10.2020 01:02:44",
            "turn-index":13,
            "utterance":"3月だよ。"
        },
        {
            "speaker":"S",
            "time":"19.10.2020 01:02:44",
            "turn-index":14,
            "utterance":"えーっと・・・結構予定が詰まってしまってて・・・やっぱり夜ですよね？"
        },
        {
            "speaker":"U",
            "time":"19.10.2020 01:03:12",
            "turn-index":15,
            "utterance":"忙しいよね。運、夜だよ。"
        },
        {
            "speaker":"S",
            "time":"19.10.2020 01:03:13",
            "turn-index":16,
            "utterance":"あ、そうだ！すみません、突然思いついたんですけど、リモートとかもアリですか？"
        },
        {
            "speaker":"U",
            "time":"19.10.2020 01:03:39",
            "turn-index":17,
            "utterance":"できれば集まりたいかなと思うけど。。。"
        },
        {
            "speaker":"S",
            "time":"19.10.2020 01:03:40",
            "turn-index":18,
            "utterance":"あのー他の先輩方にも、リモートはどうか、ちょっと聞いてもらえないでしょうか？"
        },
        {
            "speaker":"U",
            "time":"19.10.2020 01:05:03",
            "turn-index":19,
            "utterance":"聞くだけ聞いてみるね。一応お店の予定で進めてほしいのだけれど。。"
        },
        {
            "speaker":"S",
            "time":"19.10.2020 01:05:04",
            "turn-index":20,
            "utterance":"もし先輩方にリモートでもいいっていう声が多かったら、慣れてる山口さんに頼みませんか？"
        },
        {
            "speaker":"U",
            "time":"19.10.2020 01:05:54",
            "turn-index":21,
            "utterance":"山口さんは正直言うと私は少し心配かな。"
        },
        {
            "speaker":"S",
            "time":"19.10.2020 01:05:55",
            "turn-index":22,
            "utterance":"なんというか・・・すみません・・なんか私・・ホント役立たずですね・・・"
        },
        {
            "speaker":"U",
            "time":"19.10.2020 01:06:27",
            "turn-index":23,
            "utterance":"そんなことないよ。ただできればやっぱりあなたにお願いしたいの。"
        },
        {
            "speaker":"S",
            "time":"19.10.2020 01:06:28",
            "turn-index":24,
            "utterance":"せっかく声をかけてもらったのに申し訳なくて・・・もうちょっと時間もらって、いろいろ考えさせてもらってもいいですか？"
        },
        {
            "speaker":"U",
            "time":"19.10.2020 01:07:01",
            "turn-index":25,
            "utterance":"こちらこそ強引でごめんね。前向きに考えてほしいです。"
        },
        {
            "speaker":"S",
            "time":"19.10.2020 01:07:02",
            "turn-index":26,
            "utterance":"先輩のほうで返事の締切を決めてもらったほうがありがたいので。いつまでにお返事すればいいですか？"
        },
        {
            "speaker":"U",
            "time":"19.10.2020 01:07:31",
            "turn-index":27,
            "utterance":"今月中にお願いできるかな？"
        },
        {
            "speaker":"S",
            "time":"19.10.2020 01:07:32",
            "turn-index":28,
            "utterance":"わかりました。必ず連絡します。ありがとうございました。"
        },
        {
            "speaker":"U",
            "time":"19.10.2020 01:07:58",
            "turn-index":29,
            "utterance":"忙しい時にごめんね。"
        }
    ]
}