{
    "dialogue-id":"FCL_45",
    "group-id":"",
    "speaker-id":"fcl2020",
    "turns":[
        {
            "speaker":"S",
            "time":"19.10.2020 00:24:09",
            "turn-index":0,
            "utterance":"はい、何でしょう？"
        },
        {
            "speaker":"U",
            "time":"19.10.2020 00:24:21",
            "turn-index":1,
            "utterance":"同窓会の幹事お願いしたいのだけど"
        },
        {
            "speaker":"S",
            "time":"19.10.2020 00:24:22",
            "turn-index":2,
            "utterance":"あー・・・そうですね・・・"
        },
        {
            "speaker":"U",
            "time":"19.10.2020 00:24:26",
            "turn-index":3,
            "utterance":"いいかしら"
        },
        {
            "speaker":"S",
            "time":"19.10.2020 00:24:27",
            "turn-index":4,
            "utterance":"えーと・・・まず心配なのが私、幹事って１回もしたことないんですけど、大丈夫ですかね？"
        },
        {
            "speaker":"U",
            "time":"19.10.2020 00:24:41",
            "turn-index":5,
            "utterance":"分からないところは教えてあげる"
        },
        {
            "speaker":"S",
            "time":"19.10.2020 00:24:41",
            "turn-index":6,
            "utterance":"いや・・それと、私って日程調整とか出欠の確認とか、そういうの苦手で・・・。先輩は幹事されたことあります？"
        },
        {
            "speaker":"U",
            "time":"19.10.2020 00:24:50",
            "turn-index":7,
            "utterance":"あるわよ"
        },
        {
            "speaker":"S",
            "time":"19.10.2020 00:24:50",
            "turn-index":8,
            "utterance":"あるんですね！いつもだいたい何人ぐらい集まるんですかね？"
        },
        {
            "speaker":"U",
            "time":"19.10.2020 00:24:56",
            "turn-index":9,
            "utterance":"二十人くらいね"
        },
        {
            "speaker":"S",
            "time":"19.10.2020 00:24:57",
            "turn-index":10,
            "utterance":"二十人ですか。う～ん・・・あ、田中さんに頼むのはどうですか？彼女、幹事とかそういうの得意そうだし。"
        },
        {
            "speaker":"U",
            "time":"19.10.2020 00:25:05",
            "turn-index":11,
            "utterance":"都合悪いみたいよ"
        },
        {
            "speaker":"S",
            "time":"19.10.2020 00:25:06",
            "turn-index":12,
            "utterance":"開催時期は何月ですか？"
        },
        {
            "speaker":"U",
            "time":"19.10.2020 00:25:12",
            "turn-index":13,
            "utterance":"まだ決まってはないの"
        },
        {
            "speaker":"S",
            "time":"19.10.2020 00:25:14",
            "turn-index":14,
            "utterance":"えーっと・・・結構予定が詰まってしまってて・・・やっぱり夜ですよね？"
        },
        {
            "speaker":"U",
            "time":"19.10.2020 00:25:29",
            "turn-index":15,
            "utterance":"たぶん夜になると思うわ"
        },
        {
            "speaker":"S",
            "time":"19.10.2020 00:25:30",
            "turn-index":16,
            "utterance":"あ、そうだ！すみません、突然思いついたんですけど、リモートとかもアリですか？"
        },
        {
            "speaker":"U",
            "time":"19.10.2020 00:25:40",
            "turn-index":17,
            "utterance":"リモートはなしね"
        },
        {
            "speaker":"S",
            "time":"19.10.2020 00:25:40",
            "turn-index":18,
            "utterance":"あのー他の先輩方にも、リモートはどうか、ちょっと聞いてもらえないでしょうか？"
        },
        {
            "speaker":"U",
            "time":"19.10.2020 00:25:54",
            "turn-index":19,
            "utterance":"聞いてもいいけど"
        },
        {
            "speaker":"S",
            "time":"19.10.2020 00:25:54",
            "turn-index":20,
            "utterance":"もし先輩方にリモートでもいいっていう声が多かったら、慣れてる山口さんに頼みませんか？"
        },
        {
            "speaker":"U",
            "time":"19.10.2020 00:26:17",
            "turn-index":21,
            "utterance":"尋ねてみないと分からないわ"
        },
        {
            "speaker":"S",
            "time":"19.10.2020 00:26:17",
            "turn-index":22,
            "utterance":"なんというか・・・すみません・・なんか私・・ホント役立たずですね・・・"
        },
        {
            "speaker":"U",
            "time":"19.10.2020 00:26:31",
            "turn-index":23,
            "utterance":"そんなことないわよ"
        },
        {
            "speaker":"S",
            "time":"19.10.2020 00:26:32",
            "turn-index":24,
            "utterance":"せっかく声をかけてもらったのに申し訳なくて・・・もうちょっと時間もらって、いろいろ考えさせてもらってもいいですか？"
        },
        {
            "speaker":"U",
            "time":"19.10.2020 00:26:49",
            "turn-index":25,
            "utterance":"ぜひあなたに引き受けて欲しいの"
        },
        {
            "speaker":"S",
            "time":"19.10.2020 00:26:50",
            "turn-index":26,
            "utterance":"先輩のほうで返事の締切を決めてもらったほうがありがたいので。いつまでにお返事すればいいですか？"
        },
        {
            "speaker":"U",
            "time":"19.10.2020 00:27:00",
            "turn-index":27,
            "utterance":"まだ余裕はあるから"
        },
        {
            "speaker":"S",
            "time":"19.10.2020 00:27:01",
            "turn-index":28,
            "utterance":"わかりました。必ず連絡します。ありがとうございました。"
        },
        {
            "speaker":"U",
            "time":"19.10.2020 00:27:11",
            "turn-index":29,
            "utterance":"いい返事まってるわ"
        }
    ]
}