{
    "dialogue-id":"FCL_12",
    "group-id":"",
    "speaker-id":"fcl2020",
    "turns":[
        {
            "speaker":"S",
            "time":"18.10.2020 20:33:10",
            "turn-index":0,
            "utterance":"はい、何でしょう？"
        },
        {
            "speaker":"U",
            "time":"18.10.2020 20:33:21",
            "turn-index":1,
            "utterance":"今度、同窓会があるでしょ？"
        },
        {
            "speaker":"S",
            "time":"18.10.2020 20:33:22",
            "turn-index":2,
            "utterance":"あー・・・そうですね・・・"
        },
        {
            "speaker":"U",
            "time":"18.10.2020 20:33:34",
            "turn-index":3,
            "utterance":"その幹事を頼みたいんだけど、どうかな？"
        },
        {
            "speaker":"S",
            "time":"18.10.2020 20:33:34",
            "turn-index":4,
            "utterance":"えーと・・・まず心配なのが私、幹事って１回もしたことないんですけど、大丈夫ですかね？"
        },
        {
            "speaker":"U",
            "time":"18.10.2020 20:34:07",
            "turn-index":5,
            "utterance":"今までもみんなそうだったから大丈夫。分からないことあったら聞いてくれればいいし。"
        },
        {
            "speaker":"S",
            "time":"18.10.2020 20:34:08",
            "turn-index":6,
            "utterance":"いや・・それと、私って日程調整とか出欠の確認とか、そういうの苦手で・・・。先輩は幹事されたことあります？"
        },
        {
            "speaker":"U",
            "time":"18.10.2020 20:34:20",
            "turn-index":7,
            "utterance":"私は去年、幹事をやったよ。"
        },
        {
            "speaker":"S",
            "time":"18.10.2020 20:34:20",
            "turn-index":8,
            "utterance":"そうなんですね、いつもだいたい何人ぐらい集まるんですかね？"
        },
        {
            "speaker":"U",
            "time":"18.10.2020 20:34:45",
            "turn-index":9,
            "utterance":"だいたい100人ぐらいかな。"
        },
        {
            "speaker":"S",
            "time":"18.10.2020 20:34:46",
            "turn-index":10,
            "utterance":"だいたい100人ですか。う～ん・・・あ、田中さんに頼むのはどうですか？彼女、幹事とかそういうの得意そうだし。"
        },
        {
            "speaker":"U",
            "time":"18.10.2020 20:35:12",
            "turn-index":11,
            "utterance":"田中さんには断られちゃったんだ。"
        },
        {
            "speaker":"S",
            "time":"18.10.2020 20:35:13",
            "turn-index":12,
            "utterance":"開催時期は何月ですか？"
        },
        {
            "speaker":"U",
            "time":"18.10.2020 20:35:52",
            "turn-index":13,
            "utterance":"一応、5月の予定だよ"
        },
        {
            "speaker":"S",
            "time":"18.10.2020 20:35:52",
            "turn-index":14,
            "utterance":"えーっと・・・結構予定が詰まってしまってて・・・やっぱり夜ですよね？"
        },
        {
            "speaker":"U",
            "time":"18.10.2020 20:36:06",
            "turn-index":15,
            "utterance":"そうだねぇ。夜にやることになると思う。"
        },
        {
            "speaker":"S",
            "time":"18.10.2020 20:36:06",
            "turn-index":16,
            "utterance":"あ、そうだ！すみません、突然思いついたんですけど、リモートとかもアリですか？"
        },
        {
            "speaker":"U",
            "time":"18.10.2020 20:36:23",
            "turn-index":17,
            "utterance":"リモートもありだと思うよ"
        },
        {
            "speaker":"S",
            "time":"18.10.2020 20:36:24",
            "turn-index":18,
            "utterance":"あのー他の先輩方にも、リモートはどうか、ちょっと聞いてもらえないでしょうか？"
        },
        {
            "speaker":"U",
            "time":"18.10.2020 20:36:57",
            "turn-index":19,
            "utterance":"いいよ。4年生の子たちには聞いといてくれる？"
        },
        {
            "speaker":"S",
            "time":"18.10.2020 20:36:58",
            "turn-index":20,
            "utterance":"もし先輩方にリモートでもいいっていう声が多かったら、慣れてる山口さんに頼みませんか？"
        },
        {
            "speaker":"U",
            "time":"18.10.2020 20:37:10",
            "turn-index":21,
            "utterance":"あなたはどうしてもだめなのかな？"
        },
        {
            "speaker":"S",
            "time":"18.10.2020 20:37:11",
            "turn-index":22,
            "utterance":"なんというか・・・すみません・・なんか私・・ホント役立たずですね・・・"
        },
        {
            "speaker":"U",
            "time":"18.10.2020 20:37:29",
            "turn-index":23,
            "utterance":"そんなことないよ！私は清水さんに期待してるんだよ。"
        },
        {
            "speaker":"S",
            "time":"18.10.2020 20:37:29",
            "turn-index":24,
            "utterance":"せっかく声をかけてもらったのに申し訳なくて・・・もうちょっと時間もらって、いろいろ考えさせてもらってもいいですか？"
        },
        {
            "speaker":"U",
            "time":"18.10.2020 20:37:58",
            "turn-index":25,
            "utterance":"うん。今すぐに返事しなくちゃいけないことでもないし。じっくり考えてみてよ。"
        },
        {
            "speaker":"S",
            "time":"18.10.2020 20:37:58",
            "turn-index":26,
            "utterance":"先輩のほうで返事の締切を決めてもらったほうがありがたいので。いつまでにお返事すればいいですか？"
        },
        {
            "speaker":"U",
            "time":"18.10.2020 20:38:18",
            "turn-index":27,
            "utterance":"そうだね。今月末までには返事しくれるとありがたいかな。"
        },
        {
            "speaker":"S",
            "time":"18.10.2020 20:38:19",
            "turn-index":28,
            "utterance":"そうだね今月末までですね。わかりました。必ず連絡します。ありがとうございました。"
        },
        {
            "speaker":"U",
            "time":"18.10.2020 20:38:30",
            "turn-index":29,
            "utterance":"うん。良い返事を待ってるよ。"
        }
    ]
}