{
    "dialogue-id":"FCL_40",
    "group-id":"",
    "speaker-id":"fcl2020",
    "turns":[
        {
            "speaker":"S",
            "time":"18.10.2020 17:52:35",
            "turn-index":0,
            "utterance":"はい、何でしょう？"
        },
        {
            "speaker":"U",
            "time":"18.10.2020 17:52:45",
            "turn-index":1,
            "utterance":"ごめんね、突然。"
        },
        {
            "speaker":"S",
            "time":"18.10.2020 17:52:45",
            "turn-index":2,
            "utterance":"あー・・・そうですね・・・"
        },
        {
            "speaker":"U",
            "time":"18.10.2020 17:53:23",
            "turn-index":3,
            "utterance":"頼みっていうのはね、今度のサークルの同窓会の幹事をお願いできないかと思って。"
        },
        {
            "speaker":"S",
            "time":"18.10.2020 17:53:24",
            "turn-index":4,
            "utterance":"えーと・・・まず心配なのが私、幹事って１回もしたことないんですけど、大丈夫ですかね？"
        },
        {
            "speaker":"U",
            "time":"18.10.2020 17:54:06",
            "turn-index":5,
            "utterance":"うん、全然大丈夫。シズカは几帳面だから、細かい部分もきちんと管理できるし。"
        },
        {
            "speaker":"S",
            "time":"18.10.2020 17:54:07",
            "turn-index":6,
            "utterance":"いや・・それと、私って日程調整とか出欠の確認とか、そういうの苦手で・・・。先輩は幹事されたことあります？"
        },
        {
            "speaker":"U",
            "time":"18.10.2020 17:55:10",
            "turn-index":7,
            "utterance":"去年のファイルが残ってるから、使いまわしできるし、心配無用よ。私も一度幹事やったことある。"
        },
        {
            "speaker":"S",
            "time":"18.10.2020 17:55:11",
            "turn-index":8,
            "utterance":"あるんですね！いつもだいたい何人ぐらい集まるんですかね？"
        },
        {
            "speaker":"U",
            "time":"18.10.2020 17:55:43",
            "turn-index":9,
            "utterance":"どれくらいかなぁ、多分40人くらいだと思う。"
        },
        {
            "speaker":"S",
            "time":"18.10.2020 17:55:44",
            "turn-index":10,
            "utterance":"どれくらいかなぁ多分40人ですか。う～ん・・・あ、田中さんに頼むのはどうですか？彼女、幹事とかそういうの得意そうだし。"
        },
        {
            "speaker":"U",
            "time":"18.10.2020 17:56:28",
            "turn-index":11,
            "utterance":"田中さんね、でも彼女はゼミの実地研修で数週間不在だから無理。"
        },
        {
            "speaker":"S",
            "time":"18.10.2020 17:56:29",
            "turn-index":12,
            "utterance":"開催時期は何月ですか？"
        },
        {
            "speaker":"U",
            "time":"18.10.2020 17:56:43",
            "turn-index":13,
            "utterance":"5月の中旬だよ。"
        },
        {
            "speaker":"S",
            "time":"18.10.2020 17:56:44",
            "turn-index":14,
            "utterance":"えーっと・・・結構予定が詰まってしまってて・・・やっぱり夜ですよね？"
        },
        {
            "speaker":"U",
            "time":"18.10.2020 17:57:17",
            "turn-index":15,
            "utterance":"いやいや、お昼でも問題ないと思うけどな。シズカが幹事やってくれたら、自由に決めてくれていいし。"
        },
        {
            "speaker":"S",
            "time":"18.10.2020 17:57:17",
            "turn-index":16,
            "utterance":"あ、そうだ！すみません、突然思いついたんですけど、リモートとかもアリですか？"
        },
        {
            "speaker":"U",
            "time":"18.10.2020 17:57:38",
            "turn-index":17,
            "utterance":"リモート？確かに今年はアリかもしれないけど、でもやっぱり顔見て話したくない？"
        },
        {
            "speaker":"S",
            "time":"18.10.2020 17:57:38",
            "turn-index":18,
            "utterance":"あのー他の先輩方にも、リモートはどうか、ちょっと聞いてもらえないでしょうか？"
        },
        {
            "speaker":"U",
            "time":"18.10.2020 17:58:33",
            "turn-index":19,
            "utterance":"同窓会のメンバーリストあるから、それ見てアンケートとってみたらどう？"
        },
        {
            "speaker":"S",
            "time":"18.10.2020 17:58:35",
            "turn-index":20,
            "utterance":"もし先輩方にリモートでもいいっていう声が多かったら、慣れてる山口さんに頼みませんか？"
        },
        {
            "speaker":"U",
            "time":"18.10.2020 17:59:07",
            "turn-index":21,
            "utterance":"山口さんいつも幹事やってくれてるから、悪いよ。やっぱりここはシズカの出番よ。"
        },
        {
            "speaker":"S",
            "time":"18.10.2020 17:59:08",
            "turn-index":22,
            "utterance":"なんというか・・・すみません・・なんか私・・ホント役立たずですね・・・"
        },
        {
            "speaker":"U",
            "time":"18.10.2020 17:59:51",
            "turn-index":23,
            "utterance":"そんな事ないって、シズカ気配り上手だし、幹事も上手くできると思う。"
        },
        {
            "speaker":"S",
            "time":"18.10.2020 17:59:52",
            "turn-index":24,
            "utterance":"せっかく声をかけてもらったのに申し訳なくて・・・もうちょっと時間もらって、いろいろ考えさせてもらってもいいですか？"
        },
        {
            "speaker":"U",
            "time":"18.10.2020 18:01:03",
            "turn-index":25,
            "utterance":"うーん、ちょっとだけなら考える時間あげられるよ。でも、シズカにお願いできると私も助かるから、是非前向きに検討してみてね。"
        },
        {
            "speaker":"S",
            "time":"18.10.2020 18:01:03",
            "turn-index":26,
            "utterance":"先輩のほうで返事の締切を決めてもらったほうがありがたいので。いつまでにお返事すればいいですか？"
        },
        {
            "speaker":"U",
            "time":"18.10.2020 18:01:19",
            "turn-index":27,
            "utterance":"じゃあ、今週末まででも良い？"
        },
        {
            "speaker":"S",
            "time":"18.10.2020 18:01:20",
            "turn-index":28,
            "utterance":"じゃあ今週末までですね。わかりました。必ず連絡します。ありがとうございました。"
        },
        {
            "speaker":"U",
            "time":"18.10.2020 18:01:52",
            "turn-index":29,
            "utterance":"こちらこそ、シズカにしか無理言って頼めないからさ、幹事。承諾してくれたら嬉しい。"
        }
    ]
}