{
    "dialogue-id":"FCL_08",
    "group-id":"",
    "speaker-id":"fcl2020",
    "turns":[
        {
            "speaker":"S",
            "time":"18.10.2020 20:30:53",
            "turn-index":0,
            "utterance":"はい、何でしょう？"
        },
        {
            "speaker":"U",
            "time":"18.10.2020 20:30:59",
            "turn-index":1,
            "utterance":"同窓会の幹事をお願い致します。"
        },
        {
            "speaker":"S",
            "time":"18.10.2020 20:31:00",
            "turn-index":2,
            "utterance":"あー・・・そうですね・・・"
        },
        {
            "speaker":"U",
            "time":"18.10.2020 20:31:06",
            "turn-index":3,
            "utterance":"何か問題でも"
        },
        {
            "speaker":"S",
            "time":"18.10.2020 20:31:07",
            "turn-index":4,
            "utterance":"えーと・・・まず心配なのが私、幹事って１回もしたことないんですけど、大丈夫ですかね？"
        },
        {
            "speaker":"U",
            "time":"18.10.2020 20:31:18",
            "turn-index":5,
            "utterance":"何事も経験だよ。"
        },
        {
            "speaker":"S",
            "time":"18.10.2020 20:31:18",
            "turn-index":6,
            "utterance":"いや・・それと、私って日程調整とか出欠の確認とか、そういうの苦手で・・・。先輩は幹事されたことあります？"
        },
        {
            "speaker":"U",
            "time":"18.10.2020 20:31:32",
            "turn-index":7,
            "utterance":"あるよ。"
        },
        {
            "speaker":"S",
            "time":"18.10.2020 20:31:33",
            "turn-index":8,
            "utterance":"あるんですね！いつもだいたい何人ぐらい集まるんですかね？"
        },
        {
            "speaker":"U",
            "time":"18.10.2020 20:31:44",
            "turn-index":9,
            "utterance":"５０人くらいかな。"
        },
        {
            "speaker":"S",
            "time":"18.10.2020 20:31:45",
            "turn-index":10,
            "utterance":"50人ですか。う～ん・・・あ、田中さんに頼むのはどうですか？彼女、幹事とかそういうの得意そうだし。"
        },
        {
            "speaker":"U",
            "time":"18.10.2020 20:32:14",
            "turn-index":11,
            "utterance":"田中さんは転勤なんだ。"
        },
        {
            "speaker":"S",
            "time":"18.10.2020 20:32:16",
            "turn-index":12,
            "utterance":"開催時期は何月ですか？"
        },
        {
            "speaker":"U",
            "time":"18.10.2020 20:32:34",
            "turn-index":13,
            "utterance":"１０月の予定です。"
        },
        {
            "speaker":"S",
            "time":"18.10.2020 20:32:35",
            "turn-index":14,
            "utterance":"えーっと・・・結構予定が詰まってしまってて・・・やっぱり夜ですよね？"
        },
        {
            "speaker":"U",
            "time":"18.10.2020 20:33:53",
            "turn-index":15,
            "utterance":"前回は夜でした。"
        },
        {
            "speaker":"S",
            "time":"18.10.2020 20:33:54",
            "turn-index":16,
            "utterance":"あ、そうだ！すみません、突然思いついたんですけど、リモートとかもアリですか？"
        },
        {
            "speaker":"U",
            "time":"18.10.2020 20:35:06",
            "turn-index":17,
            "utterance":"リモートでもいいかもね。"
        },
        {
            "speaker":"S",
            "time":"18.10.2020 20:35:07",
            "turn-index":18,
            "utterance":"あのー他の先輩方にも、リモートはどうか、ちょっと聞いてもらえないでしょうか？"
        },
        {
            "speaker":"U",
            "time":"18.10.2020 20:35:23",
            "turn-index":19,
            "utterance":"聞いてみるよ。"
        },
        {
            "speaker":"S",
            "time":"18.10.2020 20:35:24",
            "turn-index":20,
            "utterance":"もし先輩方にリモートでもいいっていう声が多かったら、慣れてる山口さんに頼みませんか？"
        },
        {
            "speaker":"U",
            "time":"18.10.2020 20:35:48",
            "turn-index":21,
            "utterance":"山口さんは経験があるの。"
        },
        {
            "speaker":"S",
            "time":"18.10.2020 20:35:49",
            "turn-index":22,
            "utterance":"なんというか・・・すみません・・なんか私・・ホント役立たずですね・・・"
        },
        {
            "speaker":"U",
            "time":"18.10.2020 20:35:59",
            "turn-index":23,
            "utterance":"そんなことないよ。"
        },
        {
            "speaker":"S",
            "time":"18.10.2020 20:36:00",
            "turn-index":24,
            "utterance":"せっかく声をかけてもらったのに申し訳なくて・・・もうちょっと時間もらって、いろいろ考えさせてもらってもいいですか？"
        },
        {
            "speaker":"U",
            "time":"18.10.2020 20:36:15",
            "turn-index":25,
            "utterance":"どれくらい時間がいる。"
        },
        {
            "speaker":"S",
            "time":"18.10.2020 20:36:16",
            "turn-index":26,
            "utterance":"先輩のほうで返事の締切を決めてもらったほうがありがたいので。いつまでにお返事すればいいですか？"
        },
        {
            "speaker":"U",
            "time":"18.10.2020 20:36:32",
            "turn-index":27,
            "utterance":"１週間後ではどう。"
        },
        {
            "speaker":"S",
            "time":"18.10.2020 20:36:34",
            "turn-index":28,
            "utterance":"わかりました。必ず連絡します。ありがとうございました。"
        },
        {
            "speaker":"U",
            "time":"18.10.2020 20:36:52",
            "turn-index":29,
            "utterance":"ご返事待ってます。"
        }
    ]
}