{
    "dialogue-id":"FCL_02",
    "group-id":"",
    "speaker-id":"fcl2020",
    "turns":[
        {
            "speaker":"S",
            "time":"20.10.2020 07:30:51",
            "turn-index":0,
            "utterance":"はい、何でしょう？"
        },
        {
            "speaker":"U",
            "time":"20.10.2020 07:31:57",
            "turn-index":1,
            "utterance":"清水さん、今度の同窓会の話知ってる？"
        },
        {
            "speaker":"S",
            "time":"20.10.2020 07:31:58",
            "turn-index":2,
            "utterance":"あー・・・そうですね・・・"
        },
        {
            "speaker":"U",
            "time":"20.10.2020 07:32:19",
            "turn-index":3,
            "utterance":"是非感じやってもらいたいんだけど。"
        },
        {
            "speaker":"S",
            "time":"20.10.2020 07:32:20",
            "turn-index":4,
            "utterance":"えーと・・・まず心配なのが私、幹事って１回もしたことないんですけど、大丈夫ですかね？"
        },
        {
            "speaker":"U",
            "time":"20.10.2020 07:33:06",
            "turn-index":5,
            "utterance":"大丈夫だよ、今まで何回も参加してもらってるしいつもと同じ感じでやってもらえればさ。"
        },
        {
            "speaker":"S",
            "time":"20.10.2020 07:33:06",
            "turn-index":6,
            "utterance":"いや・・それと、私って日程調整とか出欠の確認とか、そういうの苦手で・・・。先輩は幹事されたことあります？"
        },
        {
            "speaker":"U",
            "time":"20.10.2020 07:33:42",
            "turn-index":7,
            "utterance":"あるよ。私もすごく緊張したなぁ。けど案外平気だった！"
        },
        {
            "speaker":"S",
            "time":"20.10.2020 07:33:42",
            "turn-index":8,
            "utterance":"あるんですね！いつもだいたい何人ぐらい集まるんですかね？"
        },
        {
            "speaker":"U",
            "time":"20.10.2020 07:34:23",
            "turn-index":9,
            "utterance":"30人くらいかな。"
        },
        {
            "speaker":"S",
            "time":"20.10.2020 07:34:24",
            "turn-index":10,
            "utterance":"30人ですか。う～ん・・・あ、田中さんに頼むのはどうですか？彼女、幹事とかそういうの得意そうだし。"
        },
        {
            "speaker":"U",
            "time":"20.10.2020 07:35:32",
            "turn-index":11,
            "utterance":"この間田中さんに頼んだばかりだし、今回は清水さんにやってもらえたら嬉しいなと思って！"
        },
        {
            "speaker":"S",
            "time":"20.10.2020 07:35:33",
            "turn-index":12,
            "utterance":"開催時期は何月ですか？"
        },
        {
            "speaker":"U",
            "time":"20.10.2020 07:36:10",
            "turn-index":13,
            "utterance":"6月ごろを検討しているよ。"
        },
        {
            "speaker":"S",
            "time":"20.10.2020 07:36:11",
            "turn-index":14,
            "utterance":"えーっと・・・結構予定が詰まってしまってて・・・やっぱり夜ですよね？"
        },
        {
            "speaker":"U",
            "time":"20.10.2020 07:36:49",
            "turn-index":15,
            "utterance":"そうだね、社会人の子もいるからさ。夜の方が集まりやすいね。"
        },
        {
            "speaker":"S",
            "time":"20.10.2020 07:36:50",
            "turn-index":16,
            "utterance":"あ、そうだ！すみません、突然思いついたんですけど、リモートとかもアリですか？"
        },
        {
            "speaker":"U",
            "time":"20.10.2020 07:37:35",
            "turn-index":17,
            "utterance":"こういうご時世だしね、リモートもありかも！"
        },
        {
            "speaker":"S",
            "time":"20.10.2020 07:37:36",
            "turn-index":18,
            "utterance":"あのー他の先輩方にも、リモートはどうか、ちょっと聞いてもらえないでしょうか？"
        },
        {
            "speaker":"U",
            "time":"20.10.2020 07:39:09",
            "turn-index":19,
            "utterance":"うーんと、もちろん協力するけど、今回は清水さんに中心になって欲しいんだよね。"
        },
        {
            "speaker":"S",
            "time":"20.10.2020 07:39:10",
            "turn-index":20,
            "utterance":"もし先輩方にリモートでもいいっていう声が多かったら、慣れてる山口さんに頼みませんか？"
        },
        {
            "speaker":"U",
            "time":"20.10.2020 07:40:00",
            "turn-index":21,
            "utterance":"今回は山口さんではなくて、清水さんにお願いしたいと考えてるんだよ。お願いできないかな？"
        },
        {
            "speaker":"S",
            "time":"20.10.2020 07:40:00",
            "turn-index":22,
            "utterance":"なんというか・・・すみません・・なんか私・・ホント役立たずですね・・・"
        },
        {
            "speaker":"U",
            "time":"20.10.2020 07:40:27",
            "turn-index":23,
            "utterance":"そんなことないよ！清水さんがしっかりしているからお願いしたいと思ったんだよ！"
        },
        {
            "speaker":"S",
            "time":"20.10.2020 07:40:28",
            "turn-index":24,
            "utterance":"せっかく声をかけてもらったのに申し訳なくて・・・もうちょっと時間もらって、いろいろ考えさせてもらってもいいですか？"
        },
        {
            "speaker":"U",
            "time":"20.10.2020 07:41:32",
            "turn-index":25,
            "utterance":"そっか・・・私は絶対清水さんが委員だけどなぁ。いい返事待ってるよ。"
        },
        {
            "speaker":"S",
            "time":"20.10.2020 07:41:33",
            "turn-index":26,
            "utterance":"先輩のほうで返事の締切を決めてもらったほうがありがたいので。いつまでにお返事すればいいですか？"
        },
        {
            "speaker":"U",
            "time":"20.10.2020 07:42:04",
            "turn-index":27,
            "utterance":"今週中に返事貰えるとありがたいよ。"
        },
        {
            "speaker":"S",
            "time":"20.10.2020 07:42:05",
            "turn-index":28,
            "utterance":"わかりました。必ず連絡します。ありがとうございました。"
        },
        {
            "speaker":"U",
            "time":"20.10.2020 07:42:18",
            "turn-index":29,
            "utterance":"ありがとう！期待して待ってるね。"
        }
    ]
}