{
    "dialogue-id":"FCL_07",
    "group-id":"",
    "speaker-id":"fcl2020",
    "turns":[
        {
            "speaker":"S",
            "time":"19.10.2020 00:49:59",
            "turn-index":0,
            "utterance":"はい、何でしょう？"
        },
        {
            "speaker":"U",
            "time":"19.10.2020 00:50:09",
            "turn-index":1,
            "utterance":"同窓会の幹事をやってほしいの"
        },
        {
            "speaker":"S",
            "time":"19.10.2020 00:50:10",
            "turn-index":2,
            "utterance":"あー・・・そうですね・・・"
        },
        {
            "speaker":"U",
            "time":"19.10.2020 00:51:20",
            "turn-index":3,
            "utterance":"同窓会って言っても大学サークルのものなんだけど"
        },
        {
            "speaker":"S",
            "time":"19.10.2020 00:51:21",
            "turn-index":4,
            "utterance":"えーと・・・まず心配なのが私、幹事って１回もしたことないんですけど、大丈夫ですかね？"
        },
        {
            "speaker":"U",
            "time":"19.10.2020 00:52:15",
            "turn-index":5,
            "utterance":"大丈夫だよ、毎年そんなに変わらないから"
        },
        {
            "speaker":"S",
            "time":"19.10.2020 00:52:16",
            "turn-index":6,
            "utterance":"いや・・それと、私って日程調整とか出欠の確認とか、そういうの苦手で・・・。先輩は幹事されたことあります？"
        },
        {
            "speaker":"U",
            "time":"19.10.2020 00:52:41",
            "turn-index":7,
            "utterance":"私は自分の代の幹事を手伝ったくらいかなあ"
        },
        {
            "speaker":"S",
            "time":"19.10.2020 00:52:42",
            "turn-index":8,
            "utterance":"そうなんですね、いつもだいたい何人ぐらい集まるんですかね？"
        },
        {
            "speaker":"U",
            "time":"19.10.2020 00:52:58",
            "turn-index":9,
            "utterance":"多くて50人くらい"
        },
        {
            "speaker":"S",
            "time":"19.10.2020 00:52:58",
            "turn-index":10,
            "utterance":"多くて50人ですか。う～ん・・・あ、田中さんに頼むのはどうですか？彼女、幹事とかそういうの得意そうだし。"
        },
        {
            "speaker":"U",
            "time":"19.10.2020 00:53:29",
            "turn-index":11,
            "utterance":"それが田中は欠席する可能性の方が高いらしくって…"
        },
        {
            "speaker":"S",
            "time":"19.10.2020 00:53:29",
            "turn-index":12,
            "utterance":"開催時期は何月ですか？"
        },
        {
            "speaker":"U",
            "time":"19.10.2020 00:53:46",
            "turn-index":13,
            "utterance":"いつも7月くらいだよ"
        },
        {
            "speaker":"S",
            "time":"19.10.2020 00:53:46",
            "turn-index":14,
            "utterance":"えーっと・・・結構予定が詰まってしまってて・・・やっぱり夜ですよね？"
        },
        {
            "speaker":"U",
            "time":"19.10.2020 00:54:06",
            "turn-index":15,
            "utterance":"そうだね、夜の方が集まりやすいと思う"
        },
        {
            "speaker":"S",
            "time":"19.10.2020 00:54:07",
            "turn-index":16,
            "utterance":"あ、そうだ！すみません、突然思いついたんですけど、リモートとかもアリですか？"
        },
        {
            "speaker":"U",
            "time":"19.10.2020 00:54:30",
            "turn-index":17,
            "utterance":"リモートかあ…いいけど、初挑戦だから逆に難しくない？"
        },
        {
            "speaker":"S",
            "time":"19.10.2020 00:54:30",
            "turn-index":18,
            "utterance":"あのー他の先輩方にも、リモートはどうか、ちょっと聞いてもらえないでしょうか？"
        },
        {
            "speaker":"U",
            "time":"19.10.2020 00:55:09",
            "turn-index":19,
            "utterance":"分かった、聞いてみるけど、代わりに幹事は引き受けてもらえるかな？"
        },
        {
            "speaker":"S",
            "time":"19.10.2020 00:55:10",
            "turn-index":20,
            "utterance":"もし先輩方にリモートでもいいっていう声が多かったら、慣れてる山口さんに頼みませんか？"
        },
        {
            "speaker":"U",
            "time":"19.10.2020 00:55:49",
            "turn-index":21,
            "utterance":"でも今年の代で先輩人気があるのって清水だから、清水に頼みたいのよ"
        },
        {
            "speaker":"S",
            "time":"19.10.2020 00:55:49",
            "turn-index":22,
            "utterance":"なんというか・・・すみません・・なんか私・・ホント役立たずですね・・・"
        },
        {
            "speaker":"U",
            "time":"19.10.2020 00:56:23",
            "turn-index":23,
            "utterance":"いやいや、幹事なんて去年の担当者に教えてもらえば大丈夫だから"
        },
        {
            "speaker":"S",
            "time":"19.10.2020 00:56:23",
            "turn-index":24,
            "utterance":"せっかく声をかけてもらったのに申し訳なくて・・・もうちょっと時間もらって、いろいろ考えさせてもらってもいいですか？"
        },
        {
            "speaker":"U",
            "time":"19.10.2020 00:57:09",
            "turn-index":25,
            "utterance":"うーん…とりあえず一度引き受けてもらってからがいいんだよね"
        },
        {
            "speaker":"S",
            "time":"19.10.2020 00:57:10",
            "turn-index":26,
            "utterance":"先輩のほうで返事の締切を決めてもらったほうがありがたいので。いつまでにお返事すればいいですか？"
        },
        {
            "speaker":"U",
            "time":"19.10.2020 00:57:28",
            "turn-index":27,
            "utterance":"今週中には決めておきたいの"
        },
        {
            "speaker":"S",
            "time":"19.10.2020 00:57:28",
            "turn-index":28,
            "utterance":"わかりました。必ず連絡します。ありがとうございました。"
        },
        {
            "speaker":"U",
            "time":"19.10.2020 00:57:43",
            "turn-index":29,
            "utterance":"急な話でごめんね、こっちこそありがとう"
        }
    ]
}