{
    "dialogue-id":"FCL_05",
    "group-id":"",
    "speaker-id":"fcl2020",
    "turns":[
        {
            "speaker":"S",
            "time":"18.10.2020 21:26:41",
            "turn-index":0,
            "utterance":"はい、何でしょう？"
        },
        {
            "speaker":"U",
            "time":"18.10.2020 21:27:14",
            "turn-index":1,
            "utterance":"同窓会のことでお願いがあるんだけど。"
        },
        {
            "speaker":"S",
            "time":"18.10.2020 21:27:15",
            "turn-index":2,
            "utterance":"あー・・・そうですね・・・"
        },
        {
            "speaker":"U",
            "time":"18.10.2020 21:28:21",
            "turn-index":3,
            "utterance":"シズカにぜひ幹事を引き受けてもらいたいんだけど、どう？"
        },
        {
            "speaker":"S",
            "time":"18.10.2020 21:28:21",
            "turn-index":4,
            "utterance":"えーと・・・まず心配なのが私、幹事って１回もしたことないんですけど、大丈夫ですかね？"
        },
        {
            "speaker":"U",
            "time":"18.10.2020 21:28:53",
            "turn-index":5,
            "utterance":"大丈夫、大丈夫。私たちみんなで盛り上げるし、手伝えることはなんでもするから。"
        },
        {
            "speaker":"S",
            "time":"18.10.2020 21:28:54",
            "turn-index":6,
            "utterance":"いや・・それと、私って日程調整とか出欠の確認とか、そういうの苦手で・・・。先輩は幹事されたことあります？"
        },
        {
            "speaker":"U",
            "time":"18.10.2020 21:30:08",
            "turn-index":7,
            "utterance":"うん、あるよ。出欠の確認とかって、私たちも手伝って手分けしてやれば、意外に早くできると思うんだけど。"
        },
        {
            "speaker":"S",
            "time":"18.10.2020 21:30:08",
            "turn-index":8,
            "utterance":"あるんですね！いつもだいたい何人ぐらい集まるんですかね？"
        },
        {
            "speaker":"U",
            "time":"18.10.2020 21:30:54",
            "turn-index":9,
            "utterance":"うーん、どうだろう？できるだけ大勢に集まってもらいたいと思ってるんだけど、とりあえずは60名くらいかな。"
        },
        {
            "speaker":"S",
            "time":"18.10.2020 21:30:54",
            "turn-index":10,
            "utterance":"う～ん・・・あ、田中さんに頼むのはどうですか？彼女、幹事とかそういうの得意そうだし。"
        },
        {
            "speaker":"U",
            "time":"18.10.2020 21:31:49",
            "turn-index":11,
            "utterance":"田中さんか、そうだね、シズカがどうしてもだめだったらお願いしてみるけど、でも私としてはシズカにぜひやってもらいたいんだけど。"
        },
        {
            "speaker":"S",
            "time":"18.10.2020 21:31:50",
            "turn-index":12,
            "utterance":"開催時期は何月ですか？"
        },
        {
            "speaker":"U",
            "time":"18.10.2020 21:32:36",
            "turn-index":13,
            "utterance":"それなんだけどね、4月はちょっと無理だと思うのね。5月以降かな、やっぱり。"
        },
        {
            "speaker":"S",
            "time":"18.10.2020 21:32:36",
            "turn-index":14,
            "utterance":"えーっと・・・結構予定が詰まってしまってて・・・やっぱり夜ですよね？"
        },
        {
            "speaker":"U",
            "time":"18.10.2020 21:33:49",
            "turn-index":15,
            "utterance":"土日祝日だったら昼もありだけど。金曜日の夜か祝日の前日の夜とかがベストかもね。"
        },
        {
            "speaker":"S",
            "time":"18.10.2020 21:33:50",
            "turn-index":16,
            "utterance":"あ、そうだ！すみません、突然思いついたんですけど、リモートとかもアリですか？"
        },
        {
            "speaker":"U",
            "time":"18.10.2020 21:34:39",
            "turn-index":17,
            "utterance":"リモートね、やっぱりそのほうが安心だよね。リモートのほうが手配は楽かな。"
        },
        {
            "speaker":"S",
            "time":"18.10.2020 21:34:40",
            "turn-index":18,
            "utterance":"あのー他の先輩方にも、リモートはどうか、ちょっと聞いてもらえないでしょうか？"
        },
        {
            "speaker":"U",
            "time":"18.10.2020 21:35:30",
            "turn-index":19,
            "utterance":"そうだね、とりあえず何人かに当たってみるよ。リモートにするかどうかで、手配の仕方が全然違ってくるしね。"
        },
        {
            "speaker":"S",
            "time":"18.10.2020 21:35:31",
            "turn-index":20,
            "utterance":"もし先輩方にリモートでもいいっていう声が多かったら、慣れてる山口さんに頼みませんか？"
        },
        {
            "speaker":"U",
            "time":"18.10.2020 21:35:52",
            "turn-index":21,
            "utterance":"山口さんってそういうの慣れてるの？"
        },
        {
            "speaker":"S",
            "time":"18.10.2020 21:35:53",
            "turn-index":22,
            "utterance":"なんというか・・・すみません・・なんか私・・ホント役立たずですね・・・"
        },
        {
            "speaker":"U",
            "time":"18.10.2020 21:36:32",
            "turn-index":23,
            "utterance":"いや、そんなことないって。シズカなら私安心して任せられるんだよね、田中さんとか山口さんのことってよく知らないから。"
        },
        {
            "speaker":"S",
            "time":"18.10.2020 21:36:33",
            "turn-index":24,
            "utterance":"せっかく声をかけてもらったのに申し訳なくて・・・もうちょっと時間もらって、いろいろ考えさせてもらってもいいですか？"
        },
        {
            "speaker":"U",
            "time":"18.10.2020 21:37:36",
            "turn-index":25,
            "utterance":"うん、考えてもらうのはいいんだけどね。でも極力前向きに、引き受ける方向で考えてもらわないと。"
        },
        {
            "speaker":"S",
            "time":"18.10.2020 21:37:37",
            "turn-index":26,
            "utterance":"先輩のほうで返事の締切を決めてもらったほうがありがたいので。いつまでにお返事すればいいですか？"
        },
        {
            "speaker":"U",
            "time":"18.10.2020 21:38:41",
            "turn-index":27,
            "utterance":"そうだね、とりあえず1週間くらい考えてもらって。その間私もリモートにすべきかどうか、希望を聞いてみることにするね。"
        },
        {
            "speaker":"S",
            "time":"18.10.2020 21:38:41",
            "turn-index":28,
            "utterance":"わかりました。必ず連絡します。ありがとうございました。"
        },
        {
            "speaker":"U",
            "time":"18.10.2020 21:39:31",
            "turn-index":29,
            "utterance":"うん、どっちにしても幹事はシズカって、私心の中で決めてるから。ほんと引き受けてくれると助かるんだから。"
        }
    ]
}