{
    "dialogue-id":"FCL_46",
    "group-id":"",
    "speaker-id":"fcl2020",
    "turns":[
        {
            "speaker":"S",
            "time":"20.10.2020 08:36:36",
            "turn-index":0,
            "utterance":"はい、何でしょう？"
        },
        {
            "speaker":"U",
            "time":"20.10.2020 08:36:44",
            "turn-index":1,
            "utterance":"今年のサークルの同窓会の幹事をシズカにお願いしたいんだけど。"
        },
        {
            "speaker":"S",
            "time":"20.10.2020 08:36:45",
            "turn-index":2,
            "utterance":"あー・・・そうですね・・・"
        },
        {
            "speaker":"U",
            "time":"20.10.2020 08:36:59",
            "turn-index":3,
            "utterance":"どう？引き受けてくれる？"
        },
        {
            "speaker":"S",
            "time":"20.10.2020 08:37:00",
            "turn-index":4,
            "utterance":"えーと・・・まず心配なのが私、幹事って１回もしたことないんですけど、大丈夫ですかね？"
        },
        {
            "speaker":"U",
            "time":"20.10.2020 08:38:24",
            "turn-index":5,
            "utterance":"大丈夫だよ。皆ほとんどやったことないんだから。"
        },
        {
            "speaker":"S",
            "time":"20.10.2020 08:38:24",
            "turn-index":6,
            "utterance":"いや・・それと、私って日程調整とか出欠の確認とか、そういうの苦手で・・・。先輩は幹事されたことあります？"
        },
        {
            "speaker":"U",
            "time":"20.10.2020 08:39:45",
            "turn-index":7,
            "utterance":"したことあるよ。全部自分でやろうとせずに周りに助けてもらいながらやればできるよ。"
        },
        {
            "speaker":"S",
            "time":"20.10.2020 08:39:46",
            "turn-index":8,
            "utterance":"あるんですね！いつもだいたい何人ぐらい集まるんですかね？"
        },
        {
            "speaker":"U",
            "time":"20.10.2020 08:40:55",
            "turn-index":9,
            "utterance":"おととしと去年は大体40人くらいだったかな。"
        },
        {
            "speaker":"S",
            "time":"20.10.2020 08:40:55",
            "turn-index":10,
            "utterance":"おととしと去年は大体40人ですか。う～ん・・・あ、田中さんに頼むのはどうですか？彼女、幹事とかそういうの得意そうだし。"
        },
        {
            "speaker":"U",
            "time":"20.10.2020 08:43:27",
            "turn-index":11,
            "utterance":"田中さんよりシズカのほうが向いてると思うんだ。それに今後のことも考えると幹事を経験しておく方がいいと思うよ。"
        },
        {
            "speaker":"S",
            "time":"20.10.2020 08:43:28",
            "turn-index":12,
            "utterance":"開催時期は何月ですか？"
        },
        {
            "speaker":"U",
            "time":"20.10.2020 08:45:22",
            "turn-index":13,
            "utterance":"何月にやるって決まってないんで、シズカが都合のいい候補日をいくつかピックアップしてくれれびいよ。"
        },
        {
            "speaker":"S",
            "time":"20.10.2020 08:45:22",
            "turn-index":14,
            "utterance":"何月ですか。結構予定が詰まってしまってて・・・やっぱり夜ですよね？"
        },
        {
            "speaker":"U",
            "time":"20.10.2020 08:46:53",
            "turn-index":15,
            "utterance":"おととしは6月、去年は5月だった。休日なら昼でも構わないけど。"
        },
        {
            "speaker":"S",
            "time":"20.10.2020 08:46:54",
            "turn-index":16,
            "utterance":"あ、そうだ！すみません、突然思いついたんですけど、リモートとかもアリですか？"
        },
        {
            "speaker":"U",
            "time":"20.10.2020 08:48:09",
            "turn-index":17,
            "utterance":"面白いアイデアだね。アリだと思うよ。"
        },
        {
            "speaker":"S",
            "time":"20.10.2020 08:48:10",
            "turn-index":18,
            "utterance":"あのー他の先輩方にも、リモートはどうか、ちょっと聞いてもらえないでしょうか？"
        },
        {
            "speaker":"U",
            "time":"20.10.2020 08:49:04",
            "turn-index":19,
            "utterance":"何人かに聞いてみるけど、シズカも同級生や後輩に聞いてみてよ。"
        },
        {
            "speaker":"S",
            "time":"20.10.2020 08:49:05",
            "turn-index":20,
            "utterance":"もし先輩方にリモートでもいいっていう声が多かったら、慣れてる山口さんに頼みませんか？"
        },
        {
            "speaker":"U",
            "time":"20.10.2020 08:51:55",
            "turn-index":21,
            "utterance":"シズカにやってもらいたいんだよね。私の同期のマナミって覚えてるでしょ。彼女とたまにシズカの話題が出るんだけど、「シズカってしっかりしてるし頼られるタイプだよね」っていつも言ってるよ。"
        },
        {
            "speaker":"S",
            "time":"20.10.2020 08:51:56",
            "turn-index":22,
            "utterance":"なんというか・・・すみません・・なんか私・・ホント役立たずですね・・・"
        },
        {
            "speaker":"U",
            "time":"20.10.2020 08:52:50",
            "turn-index":23,
            "utterance":"そんなことないよ。役立たずだったら幹事なんて頼めないもん。"
        },
        {
            "speaker":"S",
            "time":"20.10.2020 08:52:51",
            "turn-index":24,
            "utterance":"せっかく声をかけてもらったのに申し訳なくて・・・もうちょっと時間もらって、いろいろ考えさせてもらってもいいですか？"
        },
        {
            "speaker":"U",
            "time":"20.10.2020 08:54:13",
            "turn-index":25,
            "utterance":"そんなに考え込むようなことでもないと思うよ。私もサポートするからやってもようよ。"
        },
        {
            "speaker":"S",
            "time":"20.10.2020 08:54:14",
            "turn-index":26,
            "utterance":"先輩のほうで返事の締切を決めてもらったほうがありがたいので。いつまでにお返事すればいいですか？"
        },
        {
            "speaker":"U",
            "time":"20.10.2020 08:55:33",
            "turn-index":27,
            "utterance":"それじゃあ明後日までということでいい？でもいい返事を期待してるよ。"
        },
        {
            "speaker":"S",
            "time":"20.10.2020 08:55:34",
            "turn-index":28,
            "utterance":"それじゃあ明後日までですね。わかりました。必ず連絡します。ありがとうございました。"
        },
        {
            "speaker":"U",
            "time":"20.10.2020 08:56:59",
            "turn-index":29,
            "utterance":"こちらこそありがとう。周りの人が助けてくれるから前向きに考えてね。"
        }
    ]
}