{
    "dialogue-id":"FCL_13",
    "group-id":"",
    "speaker-id":"fcl2020",
    "turns":[
        {
            "speaker":"S",
            "time":"20.10.2020 07:31:43",
            "turn-index":0,
            "utterance":"はい、何でしょう？"
        },
        {
            "speaker":"U",
            "time":"20.10.2020 07:33:40",
            "turn-index":1,
            "utterance":"元気かな？"
        },
        {
            "speaker":"S",
            "time":"20.10.2020 07:33:41",
            "turn-index":2,
            "utterance":"あー・・・そうですね・・・"
        },
        {
            "speaker":"U",
            "time":"20.10.2020 07:33:57",
            "turn-index":3,
            "utterance":"ちょっとお願いがあるんだけど"
        },
        {
            "speaker":"S",
            "time":"20.10.2020 07:33:57",
            "turn-index":4,
            "utterance":"えーと・・・まず心配なのが私、幹事って１回もしたことないんですけど、大丈夫ですかね？"
        },
        {
            "speaker":"U",
            "time":"20.10.2020 07:34:36",
            "turn-index":5,
            "utterance":"清水さんなら大丈夫！！"
        },
        {
            "speaker":"S",
            "time":"20.10.2020 07:34:37",
            "turn-index":6,
            "utterance":"いや・・それと、私って日程調整とか出欠の確認とか、そういうの苦手で・・・。先輩は幹事されたことあります？"
        },
        {
            "speaker":"U",
            "time":"20.10.2020 07:34:57",
            "turn-index":7,
            "utterance":"私もやったことあるよ"
        },
        {
            "speaker":"S",
            "time":"20.10.2020 07:34:57",
            "turn-index":8,
            "utterance":"あるんですね！いつもだいたい何人ぐらい集まるんですかね？"
        },
        {
            "speaker":"U",
            "time":"20.10.2020 07:35:07",
            "turn-index":9,
            "utterance":"２５人くらいかな"
        },
        {
            "speaker":"S",
            "time":"20.10.2020 07:35:08",
            "turn-index":10,
            "utterance":"25人ですか。う～ん・・・あ、田中さんに頼むのはどうですか？彼女、幹事とかそういうの得意そうだし。"
        },
        {
            "speaker":"U",
            "time":"20.10.2020 07:35:23",
            "turn-index":11,
            "utterance":"田中さんは今回来れないのよ"
        },
        {
            "speaker":"S",
            "time":"20.10.2020 07:35:24",
            "turn-index":12,
            "utterance":"開催時期は何月ですか？"
        },
        {
            "speaker":"U",
            "time":"20.10.2020 07:35:33",
            "turn-index":13,
            "utterance":"５月よ"
        },
        {
            "speaker":"S",
            "time":"20.10.2020 07:35:34",
            "turn-index":14,
            "utterance":"えーっと・・・結構予定が詰まってしまってて・・・やっぱり夜ですよね？"
        },
        {
            "speaker":"U",
            "time":"20.10.2020 07:35:48",
            "turn-index":15,
            "utterance":"ようだね"
        },
        {
            "speaker":"S",
            "time":"20.10.2020 07:35:49",
            "turn-index":16,
            "utterance":"あ、そうだ！すみません、突然思いついたんですけど、リモートとかもアリですか？"
        },
        {
            "speaker":"U",
            "time":"20.10.2020 07:36:12",
            "turn-index":17,
            "utterance":"こんなときだしリモートでもいいかも"
        },
        {
            "speaker":"S",
            "time":"20.10.2020 07:36:13",
            "turn-index":18,
            "utterance":"あのー他の先輩方にも、リモートはどうか、ちょっと聞いてもらえないでしょうか？"
        },
        {
            "speaker":"U",
            "time":"20.10.2020 07:36:29",
            "turn-index":19,
            "utterance":"わかったよ😄"
        },
        {
            "speaker":"S",
            "time":"20.10.2020 07:36:30",
            "turn-index":20,
            "utterance":"もし先輩方にリモートでもいいっていう声が多かったら、慣れてる山口さんに頼みませんか？"
        },
        {
            "speaker":"U",
            "time":"20.10.2020 07:36:56",
            "turn-index":21,
            "utterance":"それは清水さんがやらないとだめよ"
        },
        {
            "speaker":"S",
            "time":"20.10.2020 07:36:57",
            "turn-index":22,
            "utterance":"なんというか・・・すみません・・なんか私・・ホント役立たずですね・・・"
        },
        {
            "speaker":"U",
            "time":"20.10.2020 07:37:47",
            "turn-index":23,
            "utterance":"山口さんと協力してやって頂戴"
        },
        {
            "speaker":"S",
            "time":"20.10.2020 07:37:48",
            "turn-index":24,
            "utterance":"せっかく声をかけてもらったのに申し訳なくて・・・もうちょっと時間もらって、いろいろ考えさせてもらってもいいですか？"
        },
        {
            "speaker":"U",
            "time":"20.10.2020 07:38:04",
            "turn-index":25,
            "utterance":"わかったよ"
        },
        {
            "speaker":"S",
            "time":"20.10.2020 07:38:05",
            "turn-index":26,
            "utterance":"先輩のほうで返事の締切を決めてもらったほうがありがたいので。いつまでにお返事すればいいですか？"
        },
        {
            "speaker":"U",
            "time":"20.10.2020 07:38:20",
            "turn-index":27,
            "utterance":"１週間で大丈夫？"
        },
        {
            "speaker":"S",
            "time":"20.10.2020 07:38:21",
            "turn-index":28,
            "utterance":"わかりました。必ず連絡します。ありがとうございました。"
        },
        {
            "speaker":"U",
            "time":"20.10.2020 07:38:30",
            "turn-index":29,
            "utterance":"よろしくね"
        }
    ]
}