{
    "dialogue-id":"FCL_04",
    "group-id":"",
    "speaker-id":"fcl2020",
    "turns":[
        {
            "speaker":"S",
            "time":"20.10.2020 06:44:56",
            "turn-index":0,
            "utterance":"はい、何でしょう？"
        },
        {
            "speaker":"U",
            "time":"20.10.2020 06:46:17",
            "turn-index":1,
            "utterance":"そろそろ、サークルのみんなでまた集まらない？"
        },
        {
            "speaker":"S",
            "time":"20.10.2020 06:46:18",
            "turn-index":2,
            "utterance":"あー・・・そうですね・・・"
        },
        {
            "speaker":"U",
            "time":"20.10.2020 06:47:17",
            "turn-index":3,
            "utterance":"清水たちも卒業する前が一番時間に余裕あるでしょ？"
        },
        {
            "speaker":"S",
            "time":"20.10.2020 06:47:18",
            "turn-index":4,
            "utterance":"えーと・・・まず心配なのが私、幹事って１回もしたことないんですけど、大丈夫ですかね？"
        },
        {
            "speaker":"U",
            "time":"20.10.2020 06:48:19",
            "turn-index":5,
            "utterance":"心配ないさー。みんな初めてを経験して成長していくんだからね。"
        },
        {
            "speaker":"S",
            "time":"20.10.2020 06:48:19",
            "turn-index":6,
            "utterance":"いや・・それと、私って日程調整とか出欠の確認とか、そういうの苦手で・・・。先輩は幹事されたことあります？"
        },
        {
            "speaker":"U",
            "time":"20.10.2020 06:49:35",
            "turn-index":7,
            "utterance":"まぁ、ないけど。清水なら任せられる。小規模でやろうよ！"
        },
        {
            "speaker":"S",
            "time":"20.10.2020 06:49:36",
            "turn-index":8,
            "utterance":"そうなんですね、いつもだいたい何人ぐらい集まるんですかね？"
        },
        {
            "speaker":"U",
            "time":"20.10.2020 06:49:49",
            "turn-index":9,
            "utterance":"10人かな？"
        },
        {
            "speaker":"S",
            "time":"20.10.2020 06:49:50",
            "turn-index":10,
            "utterance":"10人ですか。う～ん・・・あ、田中さんに頼むのはどうですか？彼女、幹事とかそういうの得意そうだし。"
        },
        {
            "speaker":"U",
            "time":"20.10.2020 06:50:56",
            "turn-index":11,
            "utterance":"そう思うでしょ、でも田中さん前頼んだことあるんだよ。何度も同じ人には頼めないでしょ。"
        },
        {
            "speaker":"S",
            "time":"20.10.2020 06:50:57",
            "turn-index":12,
            "utterance":"開催時期は何月ですか？"
        },
        {
            "speaker":"U",
            "time":"20.10.2020 06:51:23",
            "turn-index":13,
            "utterance":"２週間後くらいかな？"
        },
        {
            "speaker":"S",
            "time":"20.10.2020 06:51:24",
            "turn-index":14,
            "utterance":"えーっと・・・結構予定が詰まってしまってて・・・やっぱり夜ですよね？"
        },
        {
            "speaker":"U",
            "time":"20.10.2020 06:52:28",
            "turn-index":15,
            "utterance":"時期は僕が今勝手に言ってるだけだから、フレキシブルにいいよ。時間帯は夜になるだろうね。"
        },
        {
            "speaker":"S",
            "time":"20.10.2020 06:52:29",
            "turn-index":16,
            "utterance":"あ、そうだ！すみません、突然思いついたんですけど、リモートとかもアリですか？"
        },
        {
            "speaker":"U",
            "time":"20.10.2020 06:53:07",
            "turn-index":17,
            "utterance":"おー、その手もあるね。いいかもね。"
        },
        {
            "speaker":"S",
            "time":"20.10.2020 06:53:08",
            "turn-index":18,
            "utterance":"あのー他の先輩方にも、リモートはどうか、ちょっと聞いてもらえないでしょうか？"
        },
        {
            "speaker":"U",
            "time":"20.10.2020 06:53:45",
            "turn-index":19,
            "utterance":"いいよ、聞いてみる。"
        },
        {
            "speaker":"S",
            "time":"20.10.2020 06:53:45",
            "turn-index":20,
            "utterance":"もし先輩方にリモートでもいいっていう声が多かったら、慣れてる山口さんに頼みませんか？"
        },
        {
            "speaker":"U",
            "time":"20.10.2020 06:54:15",
            "turn-index":21,
            "utterance":"どうしても幹事やりたくないの？"
        },
        {
            "speaker":"S",
            "time":"20.10.2020 06:54:15",
            "turn-index":22,
            "utterance":"なんというか・・・すみません・・なんか私・・ホント役立たずですね・・・"
        },
        {
            "speaker":"U",
            "time":"20.10.2020 06:55:44",
            "turn-index":23,
            "utterance":"いやいや清水君、何故そんなに自分を自分で下げてるんだよー。役に立つと思うから幹事頼んでるんだけど？"
        },
        {
            "speaker":"S",
            "time":"20.10.2020 06:55:44",
            "turn-index":24,
            "utterance":"せっかく声をかけてもらったのに申し訳なくて・・・もうちょっと時間もらって、いろいろ考えさせてもらってもいいですか？"
        },
        {
            "speaker":"U",
            "time":"20.10.2020 06:56:43",
            "turn-index":25,
            "utterance":"時間？でも僕が今君に時間をあげて、いい返事もらえる事あるの？"
        },
        {
            "speaker":"S",
            "time":"20.10.2020 06:56:43",
            "turn-index":26,
            "utterance":"先輩のほうで返事の締切を決めてもらったほうがありがたいので。いつまでにお返事すればいいですか？"
        },
        {
            "speaker":"U",
            "time":"20.10.2020 06:58:18",
            "turn-index":27,
            "utterance":"そうきますか...じゃあ明日のこの時間にお返事ください。"
        },
        {
            "speaker":"S",
            "time":"20.10.2020 06:58:19",
            "turn-index":28,
            "utterance":"わかりました。必ず連絡します。ありがとうございました。"
        },
        {
            "speaker":"U",
            "time":"20.10.2020 07:00:36",
            "turn-index":29,
            "utterance":"はいよー。まぁ、でも気負いすぎないでよね。歳とるとさ、誰でもやった事ないことって避けたくなっちゃうから。難しく考えないでね。"
        }
    ]
}