{
    "dialogue-id":"FCL_43",
    "group-id":"",
    "speaker-id":"fcl2020",
    "turns":[
        {
            "speaker":"S",
            "time":"20.10.2020 09:30:06",
            "turn-index":0,
            "utterance":"はい、何でしょう？"
        },
        {
            "speaker":"U",
            "time":"20.10.2020 09:32:55",
            "turn-index":1,
            "utterance":"今年の同窓会のことで 相談なんだけど"
        },
        {
            "speaker":"S",
            "time":"20.10.2020 09:32:56",
            "turn-index":2,
            "utterance":"あー・・・そうですね・・・"
        },
        {
            "speaker":"U",
            "time":"20.10.2020 09:33:47",
            "turn-index":3,
            "utterance":"幹事をお願いできないかな"
        },
        {
            "speaker":"S",
            "time":"20.10.2020 09:33:48",
            "turn-index":4,
            "utterance":"えーと・・・まず心配なのが私、幹事って１回もしたことないんですけど、大丈夫ですかね？"
        },
        {
            "speaker":"U",
            "time":"20.10.2020 09:34:24",
            "turn-index":5,
            "utterance":"私もサポートするから大丈夫！"
        },
        {
            "speaker":"S",
            "time":"20.10.2020 09:34:25",
            "turn-index":6,
            "utterance":"いや・・それと、私って日程調整とか出欠の確認とか、そういうの苦手で・・・。先輩は幹事されたことあります？"
        },
        {
            "speaker":"U",
            "time":"20.10.2020 09:34:47",
            "turn-index":7,
            "utterance":"一昨年やったよ"
        },
        {
            "speaker":"S",
            "time":"20.10.2020 09:34:47",
            "turn-index":8,
            "utterance":"そうなんですね、いつもだいたい何人ぐらい集まるんですかね？"
        },
        {
            "speaker":"U",
            "time":"20.10.2020 09:35:31",
            "turn-index":9,
            "utterance":"20〜30人ぐらいかな"
        },
        {
            "speaker":"S",
            "time":"20.10.2020 09:35:32",
            "turn-index":10,
            "utterance":"20〜30人ですか。う～ん・・・あ、田中さんに頼むのはどうですか？彼女、幹事とかそういうの得意そうだし。"
        },
        {
            "speaker":"U",
            "time":"20.10.2020 09:36:06",
            "turn-index":11,
            "utterance":"田中さんは転勤で引っ越すみたいよ"
        },
        {
            "speaker":"S",
            "time":"20.10.2020 09:36:07",
            "turn-index":12,
            "utterance":"開催時期は何月ですか？"
        },
        {
            "speaker":"U",
            "time":"20.10.2020 09:36:25",
            "turn-index":13,
            "utterance":"5月の予定だけど"
        },
        {
            "speaker":"S",
            "time":"20.10.2020 09:36:26",
            "turn-index":14,
            "utterance":"えーっと・・・結構予定が詰まってしまってて・・・やっぱり夜ですよね？"
        },
        {
            "speaker":"U",
            "time":"20.10.2020 09:36:47",
            "turn-index":15,
            "utterance":"昼でもいいかも"
        },
        {
            "speaker":"S",
            "time":"20.10.2020 09:36:48",
            "turn-index":16,
            "utterance":"あ、そうだ！すみません、突然思いついたんですけど、リモートとかもアリですか？"
        },
        {
            "speaker":"U",
            "time":"20.10.2020 09:37:00",
            "turn-index":17,
            "utterance":"こういうご時世だしね"
        },
        {
            "speaker":"S",
            "time":"20.10.2020 09:37:01",
            "turn-index":18,
            "utterance":"あのー他の先輩方にも、リモートはどうか、ちょっと聞いてもらえないでしょうか？"
        },
        {
            "speaker":"U",
            "time":"20.10.2020 09:37:23",
            "turn-index":19,
            "utterance":"うん、確認してみるね☺️"
        },
        {
            "speaker":"S",
            "time":"20.10.2020 09:37:24",
            "turn-index":20,
            "utterance":"もし先輩方にリモートでもいいっていう声が多かったら、慣れてる山口さんに頼みませんか？"
        },
        {
            "speaker":"U",
            "time":"20.10.2020 09:37:54",
            "turn-index":21,
            "utterance":"清水さんにお願いしたいなぁ😘"
        },
        {
            "speaker":"S",
            "time":"20.10.2020 09:37:55",
            "turn-index":22,
            "utterance":"なんというか・・・すみません・・なんか私・・ホント役立たずですね・・・"
        },
        {
            "speaker":"U",
            "time":"20.10.2020 09:38:27",
            "turn-index":23,
            "utterance":"そんなことないよ👌"
        },
        {
            "speaker":"S",
            "time":"20.10.2020 09:38:28",
            "turn-index":24,
            "utterance":"せっかく声をかけてもらったのに申し訳なくて・・・もうちょっと時間もらって、いろいろ考えさせてもらってもいいですか？"
        },
        {
            "speaker":"U",
            "time":"20.10.2020 09:38:44",
            "turn-index":25,
            "utterance":"もちろん、ゆっくり考えてみてね"
        },
        {
            "speaker":"S",
            "time":"20.10.2020 09:38:45",
            "turn-index":26,
            "utterance":"先輩のほうで返事の締切を決めてもらったほうがありがたいので。いつまでにお返事すればいいですか？"
        },
        {
            "speaker":"U",
            "time":"20.10.2020 09:39:19",
            "turn-index":27,
            "utterance":"できれば今週中だと助かるな"
        },
        {
            "speaker":"S",
            "time":"20.10.2020 09:39:19",
            "turn-index":28,
            "utterance":"わかりました。必ず連絡します。ありがとうございました。"
        },
        {
            "speaker":"U",
            "time":"20.10.2020 09:39:38",
            "turn-index":29,
            "utterance":"うん、連絡待ってるね😃"
        }
    ]
}