{
    "dialogue-id":"FCL_37",
    "group-id":"",
    "speaker-id":"fcl2020",
    "turns":[
        {
            "speaker":"S",
            "time":"18.10.2020 20:31:19",
            "turn-index":0,
            "utterance":"はい、何でしょう？"
        },
        {
            "speaker":"U",
            "time":"18.10.2020 20:31:44",
            "turn-index":1,
            "utterance":"今年のサークルの同窓会の幹事をやってくれないかな？"
        },
        {
            "speaker":"S",
            "time":"18.10.2020 20:31:44",
            "turn-index":2,
            "utterance":"あー・・・そうですね・・・"
        },
        {
            "speaker":"U",
            "time":"18.10.2020 20:32:26",
            "turn-index":3,
            "utterance":"清水さんにお願いしたいなって思ってて"
        },
        {
            "speaker":"S",
            "time":"18.10.2020 20:32:27",
            "turn-index":4,
            "utterance":"えーと・・・まず心配なのが私、幹事って１回もしたことないんですけど、大丈夫ですかね？"
        },
        {
            "speaker":"U",
            "time":"18.10.2020 20:32:56",
            "turn-index":5,
            "utterance":"うん、清水さんなら大丈夫だと思う"
        },
        {
            "speaker":"S",
            "time":"18.10.2020 20:32:57",
            "turn-index":6,
            "utterance":"いや・・それと、私って日程調整とか出欠の確認とか、そういうの苦手で・・・。先輩は幹事されたことあります？"
        },
        {
            "speaker":"U",
            "time":"18.10.2020 20:33:55",
            "turn-index":7,
            "utterance":"私も幹事はやったことなくて"
        },
        {
            "speaker":"S",
            "time":"18.10.2020 20:33:56",
            "turn-index":8,
            "utterance":"そうなんですね、いつもだいたい何人ぐらい集まるんですかね？"
        },
        {
            "speaker":"U",
            "time":"18.10.2020 20:34:08",
            "turn-index":9,
            "utterance":"20人くらいかな"
        },
        {
            "speaker":"S",
            "time":"18.10.2020 20:34:09",
            "turn-index":10,
            "utterance":"20人ですか。う～ん・・・あ、田中さんに頼むのはどうですか？彼女、幹事とかそういうの得意そうだし。"
        },
        {
            "speaker":"U",
            "time":"18.10.2020 20:35:01",
            "turn-index":11,
            "utterance":"田中さん忙しいみたいで時間がとれなさそうで"
        },
        {
            "speaker":"S",
            "time":"18.10.2020 20:35:02",
            "turn-index":12,
            "utterance":"開催時期は何月ですか？"
        },
        {
            "speaker":"U",
            "time":"18.10.2020 20:35:27",
            "turn-index":13,
            "utterance":"12月かな"
        },
        {
            "speaker":"S",
            "time":"18.10.2020 20:35:28",
            "turn-index":14,
            "utterance":"えーっと・・・結構予定が詰まってしまってて・・・やっぱり夜ですよね？"
        },
        {
            "speaker":"U",
            "time":"18.10.2020 20:35:37",
            "turn-index":15,
            "utterance":"うん夜になりそう"
        },
        {
            "speaker":"S",
            "time":"18.10.2020 20:35:38",
            "turn-index":16,
            "utterance":"あ、そうだ！すみません、突然思いついたんですけど、リモートとかもアリですか？"
        },
        {
            "speaker":"U",
            "time":"18.10.2020 20:36:28",
            "turn-index":17,
            "utterance":"リモートもアリかもしれないね"
        },
        {
            "speaker":"S",
            "time":"18.10.2020 20:36:30",
            "turn-index":18,
            "utterance":"あのー他の先輩方にも、リモートはどうか、ちょっと聞いてもらえないでしょうか？"
        },
        {
            "speaker":"U",
            "time":"18.10.2020 20:36:44",
            "turn-index":19,
            "utterance":"じゃあ聞いてみる"
        },
        {
            "speaker":"S",
            "time":"18.10.2020 20:36:44",
            "turn-index":20,
            "utterance":"もし先輩方にリモートでもいいっていう声が多かったら、慣れてる山口さんに頼みませんか？"
        },
        {
            "speaker":"U",
            "time":"18.10.2020 20:37:15",
            "turn-index":21,
            "utterance":"えっと、幹事は清水さんにやってほしいな"
        },
        {
            "speaker":"S",
            "time":"18.10.2020 20:37:16",
            "turn-index":22,
            "utterance":"なんというか・・・すみません・・なんか私・・ホント役立たずですね・・・"
        },
        {
            "speaker":"U",
            "time":"18.10.2020 20:37:58",
            "turn-index":23,
            "utterance":"そんなことないよ、清水さんしっかりしてるからお願いしたいなって"
        },
        {
            "speaker":"S",
            "time":"18.10.2020 20:37:59",
            "turn-index":24,
            "utterance":"せっかく声をかけてもらったのに申し訳なくて・・・もうちょっと時間もらって、いろいろ考えさせてもらってもいいですか？"
        },
        {
            "speaker":"U",
            "time":"18.10.2020 20:38:40",
            "turn-index":25,
            "utterance":"うん、良い返事を待ってるね"
        },
        {
            "speaker":"S",
            "time":"18.10.2020 20:38:41",
            "turn-index":26,
            "utterance":"先輩のほうで返事の締切を決めてもらったほうがありがたいので。いつまでにお返事すればいいですか？"
        },
        {
            "speaker":"U",
            "time":"18.10.2020 20:40:15",
            "turn-index":27,
            "utterance":"じゃあ今週中に返事ください"
        },
        {
            "speaker":"S",
            "time":"18.10.2020 20:40:16",
            "turn-index":28,
            "utterance":"わかりました。必ず連絡します。ありがとうございました。"
        },
        {
            "speaker":"U",
            "time":"18.10.2020 20:40:21",
            "turn-index":29,
            "utterance":"ありがとう"
        }
    ]
}