{
    "dialogue-id":"FCL_26",
    "group-id":"",
    "speaker-id":"fcl2020",
    "turns":[
        {
            "speaker":"S",
            "time":"20.10.2020 13:02:08",
            "turn-index":0,
            "utterance":"はい、何でしょう？"
        },
        {
            "speaker":"U",
            "time":"20.10.2020 13:02:38",
            "turn-index":1,
            "utterance":"同窓会の幹事をお願いしたいんだけど。"
        },
        {
            "speaker":"S",
            "time":"20.10.2020 13:02:39",
            "turn-index":2,
            "utterance":"あー・・・そうですね・・・"
        },
        {
            "speaker":"U",
            "time":"20.10.2020 13:02:45",
            "turn-index":3,
            "utterance":"どうかな？"
        },
        {
            "speaker":"S",
            "time":"20.10.2020 13:02:46",
            "turn-index":4,
            "utterance":"えーと・・・まず心配なのが私、幹事って１回もしたことないんですけど、大丈夫ですかね？"
        },
        {
            "speaker":"U",
            "time":"20.10.2020 13:02:56",
            "turn-index":5,
            "utterance":"それは全然問題ないよ。"
        },
        {
            "speaker":"S",
            "time":"20.10.2020 13:02:56",
            "turn-index":6,
            "utterance":"いや・・それと、私って日程調整とか出欠の確認とか、そういうの苦手で・・・。先輩は幹事されたことあります？"
        },
        {
            "speaker":"U",
            "time":"20.10.2020 13:04:14",
            "turn-index":7,
            "utterance":"したことあるけど、楽なもんだよ。"
        },
        {
            "speaker":"S",
            "time":"20.10.2020 13:04:14",
            "turn-index":8,
            "utterance":"そうなんですね、いつもだいたい何人ぐらい集まるんですかね？"
        },
        {
            "speaker":"U",
            "time":"20.10.2020 13:04:30",
            "turn-index":9,
            "utterance":"50人ぐらいじゃない？"
        },
        {
            "speaker":"S",
            "time":"20.10.2020 13:04:30",
            "turn-index":10,
            "utterance":"50人ですか。う～ん・・・あ、田中さんに頼むのはどうですか？彼女、幹事とかそういうの得意そうだし。"
        },
        {
            "speaker":"U",
            "time":"20.10.2020 13:04:43",
            "turn-index":11,
            "utterance":"いや、田中さんは難しいって。"
        },
        {
            "speaker":"S",
            "time":"20.10.2020 13:04:44",
            "turn-index":12,
            "utterance":"開催時期は何月ですか？"
        },
        {
            "speaker":"U",
            "time":"20.10.2020 13:04:59",
            "turn-index":13,
            "utterance":"それは、そっちで決めていいよ。"
        },
        {
            "speaker":"S",
            "time":"20.10.2020 13:04:59",
            "turn-index":14,
            "utterance":"えーっと・・・結構予定が詰まってしまってて・・・やっぱり夜ですよね？"
        },
        {
            "speaker":"U",
            "time":"20.10.2020 13:05:08",
            "turn-index":15,
            "utterance":"そのほうがいいかもね。"
        },
        {
            "speaker":"S",
            "time":"20.10.2020 13:05:08",
            "turn-index":16,
            "utterance":"あ、そうだ！すみません、突然思いついたんですけど、リモートとかもアリですか？"
        },
        {
            "speaker":"U",
            "time":"20.10.2020 13:05:32",
            "turn-index":17,
            "utterance":"それもみんなで相談して決めな。"
        },
        {
            "speaker":"S",
            "time":"20.10.2020 13:05:33",
            "turn-index":18,
            "utterance":"あのー他の先輩方にも、リモートはどうか、ちょっと聞いてもらえないでしょうか？"
        },
        {
            "speaker":"U",
            "time":"20.10.2020 13:05:55",
            "turn-index":19,
            "utterance":"私は別にいいと思うけど、参加者はどうか確認してみたら？"
        },
        {
            "speaker":"S",
            "time":"20.10.2020 13:05:56",
            "turn-index":20,
            "utterance":"もし先輩方にリモートでもいいっていう声が多かったら、慣れてる山口さんに頼みませんか？"
        },
        {
            "speaker":"U",
            "time":"20.10.2020 13:06:09",
            "turn-index":21,
            "utterance":"いや、あなたが適任だよ。"
        },
        {
            "speaker":"S",
            "time":"20.10.2020 13:06:09",
            "turn-index":22,
            "utterance":"なんというか・・・すみません・・なんか私・・ホント役立たずですね・・・"
        },
        {
            "speaker":"U",
            "time":"20.10.2020 13:06:30",
            "turn-index":23,
            "utterance":"いや、頼りになるから頼ってるんだよ。"
        },
        {
            "speaker":"S",
            "time":"20.10.2020 13:06:31",
            "turn-index":24,
            "utterance":"せっかく声をかけてもらったのに申し訳なくて・・・もうちょっと時間もらって、いろいろ考えさせてもらってもいいですか？"
        },
        {
            "speaker":"U",
            "time":"20.10.2020 13:07:01",
            "turn-index":25,
            "utterance":"なるべく早く答えだしてね。"
        },
        {
            "speaker":"S",
            "time":"20.10.2020 13:07:03",
            "turn-index":26,
            "utterance":"先輩のほうで返事の締切を決めてもらったほうがありがたいので。いつまでにお返事すればいいですか？"
        },
        {
            "speaker":"U",
            "time":"20.10.2020 13:07:15",
            "turn-index":27,
            "utterance":"今週中でどうかな？"
        },
        {
            "speaker":"S",
            "time":"20.10.2020 13:07:16",
            "turn-index":28,
            "utterance":"わかりました。必ず連絡します。ありがとうございました。"
        },
        {
            "speaker":"U",
            "time":"20.10.2020 13:07:29",
            "turn-index":29,
            "utterance":"前向きに考えてみてね。"
        }
    ]
}