{
    "dialogue-id":"FCL_06",
    "group-id":"",
    "speaker-id":"fcl2020",
    "turns":[
        {
            "speaker":"S",
            "time":"18.10.2020 20:24:57",
            "turn-index":0,
            "utterance":"はい、何でしょう？"
        },
        {
            "speaker":"U",
            "time":"18.10.2020 20:24:59",
            "turn-index":1,
            "utterance":"今度サークルの同窓会開くことになったんだよね！"
        },
        {
            "speaker":"S",
            "time":"18.10.2020 20:25:00",
            "turn-index":2,
            "utterance":"あー・・・そうですね・・・"
        },
        {
            "speaker":"U",
            "time":"18.10.2020 20:25:07",
            "turn-index":3,
            "utterance":"幹事頼みたいんだけど"
        },
        {
            "speaker":"S",
            "time":"18.10.2020 20:25:08",
            "turn-index":4,
            "utterance":"えーと・・・まず心配なのが私、幹事って１回もしたことないんですけど、大丈夫ですかね？"
        },
        {
            "speaker":"U",
            "time":"18.10.2020 20:25:14",
            "turn-index":5,
            "utterance":"もちろん、サポートするよ！"
        },
        {
            "speaker":"S",
            "time":"18.10.2020 20:25:14",
            "turn-index":6,
            "utterance":"いや・・それと、私って日程調整とか出欠の確認とか、そういうの苦手で・・・。先輩は幹事されたことあります？"
        },
        {
            "speaker":"U",
            "time":"18.10.2020 20:25:23",
            "turn-index":7,
            "utterance":"あるよ！時間と手間はかかるけど、そんなに気負うことないよ〜！"
        },
        {
            "speaker":"S",
            "time":"18.10.2020 20:25:24",
            "turn-index":8,
            "utterance":"あるんですね！いつもだいたい何人ぐらい集まるんですかね？"
        },
        {
            "speaker":"U",
            "time":"18.10.2020 20:25:31",
            "turn-index":9,
            "utterance":"30人くらいに声かけて、20人くらいは集まるかな？"
        },
        {
            "speaker":"S",
            "time":"18.10.2020 20:25:31",
            "turn-index":10,
            "utterance":"30人ですか。う～ん・・・あ、田中さんに頼むのはどうですか？彼女、幹事とかそういうの得意そうだし。"
        },
        {
            "speaker":"U",
            "time":"18.10.2020 20:25:40",
            "turn-index":11,
            "utterance":"田中さんには頼んでみたんだけど、地方に行ってて難しいみたいで！"
        },
        {
            "speaker":"S",
            "time":"18.10.2020 20:25:41",
            "turn-index":12,
            "utterance":"開催時期は何月ですか？"
        },
        {
            "speaker":"U",
            "time":"18.10.2020 20:25:48",
            "turn-index":13,
            "utterance":"再来月で考えてるよ！"
        },
        {
            "speaker":"S",
            "time":"18.10.2020 20:25:49",
            "turn-index":14,
            "utterance":"えーっと・・・結構予定が詰まってしまってて・・・やっぱり夜ですよね？"
        },
        {
            "speaker":"U",
            "time":"18.10.2020 20:25:56",
            "turn-index":15,
            "utterance":"どうだろ？ランチがいい人が多いならお昼でもいいんじゃない？"
        },
        {
            "speaker":"S",
            "time":"18.10.2020 20:25:58",
            "turn-index":16,
            "utterance":"あ、そうだ！すみません、突然思いついたんですけど、リモートとかもアリですか？"
        },
        {
            "speaker":"U",
            "time":"18.10.2020 20:26:13",
            "turn-index":17,
            "utterance":"できれば直接集まりたいかな！"
        },
        {
            "speaker":"S",
            "time":"18.10.2020 20:26:14",
            "turn-index":18,
            "utterance":"あのー他の先輩方にも、リモートはどうか、ちょっと聞いてもらえないでしょうか？"
        },
        {
            "speaker":"U",
            "time":"18.10.2020 20:26:37",
            "turn-index":19,
            "utterance":"リモートって声は出てないから、直接の方向で考えてもらっていいと思う！"
        },
        {
            "speaker":"S",
            "time":"18.10.2020 20:26:38",
            "turn-index":20,
            "utterance":"もし先輩方にリモートでもいいっていう声が多かったら、慣れてる山口さんに頼みませんか？"
        },
        {
            "speaker":"U",
            "time":"18.10.2020 20:27:18",
            "turn-index":21,
            "utterance":"う〜ん！みんなで久々に直接会いたいねって感じだからな〜"
        },
        {
            "speaker":"S",
            "time":"18.10.2020 20:27:18",
            "turn-index":22,
            "utterance":"なんというか・・・すみません・・なんか私・・ホント役立たずですね・・・"
        },
        {
            "speaker":"U",
            "time":"18.10.2020 20:27:33",
            "turn-index":23,
            "utterance":"そんなことないよ！お願いします！"
        },
        {
            "speaker":"S",
            "time":"18.10.2020 20:27:33",
            "turn-index":24,
            "utterance":"せっかく声をかけてもらったのに申し訳なくて・・・もうちょっと時間もらって、いろいろ考えさせてもらってもいいですか？"
        },
        {
            "speaker":"U",
            "time":"18.10.2020 20:27:42",
            "turn-index":25,
            "utterance":"どうしたの？"
        },
        {
            "speaker":"S",
            "time":"18.10.2020 20:27:42",
            "turn-index":26,
            "utterance":"先輩のほうで返事の締切を決めてもらったほうがありがたいので。いつまでにお返事すればいいですか？"
        },
        {
            "speaker":"U",
            "time":"18.10.2020 20:28:10",
            "turn-index":27,
            "utterance":"いや、まだ時間あるし焦らなくて大丈夫だよ！"
        },
        {
            "speaker":"S",
            "time":"18.10.2020 20:28:10",
            "turn-index":28,
            "utterance":"わかりました。必ず連絡します。ありがとうございました。"
        },
        {
            "speaker":"U",
            "time":"18.10.2020 20:28:21",
            "turn-index":29,
            "utterance":"連絡待ってます〜！"
        }
    ]
}