{
    "dialogue-id":"FCL_32",
    "group-id":"",
    "speaker-id":"fcl2020",
    "turns":[
        {
            "speaker":"S",
            "time":"18.10.2020 20:46:43",
            "turn-index":0,
            "utterance":"はい、何でしょう？"
        },
        {
            "speaker":"U",
            "time":"18.10.2020 20:47:20",
            "turn-index":1,
            "utterance":"今度の飲み会幹事をしてくれない？"
        },
        {
            "speaker":"S",
            "time":"18.10.2020 20:47:20",
            "turn-index":2,
            "utterance":"あー・・・そうですね・・・"
        },
        {
            "speaker":"U",
            "time":"18.10.2020 20:47:27",
            "turn-index":3,
            "utterance":"荷が重いかな？"
        },
        {
            "speaker":"S",
            "time":"18.10.2020 20:47:27",
            "turn-index":4,
            "utterance":"えーと・・・まず心配なのが私、幹事って１回もしたことないんですけど、大丈夫ですかね？"
        },
        {
            "speaker":"U",
            "time":"18.10.2020 20:47:47",
            "turn-index":5,
            "utterance":"そんな気負わなくてもいいんじゃない？"
        },
        {
            "speaker":"S",
            "time":"18.10.2020 20:47:48",
            "turn-index":6,
            "utterance":"いや・・それと、私って日程調整とか出欠の確認とか、そういうの苦手で・・・。先輩は幹事されたことあります？"
        },
        {
            "speaker":"U",
            "time":"18.10.2020 20:47:55",
            "turn-index":7,
            "utterance":"何回かあるよ。"
        },
        {
            "speaker":"S",
            "time":"18.10.2020 20:47:56",
            "turn-index":8,
            "utterance":"あるんですね！いつもだいたい何人ぐらい集まるんですかね？"
        },
        {
            "speaker":"U",
            "time":"18.10.2020 20:48:08",
            "turn-index":9,
            "utterance":"多くて10名くらいかな。"
        },
        {
            "speaker":"S",
            "time":"18.10.2020 20:48:09",
            "turn-index":10,
            "utterance":"う～ん・・・あ、田中さんに頼むのはどうですか？彼女、幹事とかそういうの得意そうだし。"
        },
        {
            "speaker":"U",
            "time":"18.10.2020 20:48:21",
            "turn-index":11,
            "utterance":"一緒にやってくれるよう頼もうか？"
        },
        {
            "speaker":"S",
            "time":"18.10.2020 20:48:22",
            "turn-index":12,
            "utterance":"開催時期は何月ですか？"
        },
        {
            "speaker":"U",
            "time":"18.10.2020 20:48:32",
            "turn-index":13,
            "utterance":"12月はどうかな？"
        },
        {
            "speaker":"S",
            "time":"18.10.2020 20:48:32",
            "turn-index":14,
            "utterance":"えーっと・・・結構予定が詰まってしまってて・・・やっぱり夜ですよね？"
        },
        {
            "speaker":"U",
            "time":"18.10.2020 20:48:52",
            "turn-index":15,
            "utterance":"みんなの都合を考えると夜が無難かな。"
        },
        {
            "speaker":"S",
            "time":"18.10.2020 20:48:52",
            "turn-index":16,
            "utterance":"あ、そうだ！すみません、突然思いついたんですけど、リモートとかもアリですか？"
        },
        {
            "speaker":"U",
            "time":"18.10.2020 20:49:11",
            "turn-index":17,
            "utterance":"今のご時世ありだとは思うよ。"
        },
        {
            "speaker":"S",
            "time":"18.10.2020 20:49:11",
            "turn-index":18,
            "utterance":"あのー他の先輩方にも、リモートはどうか、ちょっと聞いてもらえないでしょうか？"
        },
        {
            "speaker":"U",
            "time":"18.10.2020 20:49:23",
            "turn-index":19,
            "utterance":"いったん聞いてみるよ。"
        },
        {
            "speaker":"S",
            "time":"18.10.2020 20:49:23",
            "turn-index":20,
            "utterance":"もし先輩方にリモートでもいいっていう声が多かったら、慣れてる山口さんに頼みませんか？"
        },
        {
            "speaker":"U",
            "time":"18.10.2020 20:49:47",
            "turn-index":21,
            "utterance":"それもいいかな。慣れてそうだしね。"
        },
        {
            "speaker":"S",
            "time":"18.10.2020 20:49:48",
            "turn-index":22,
            "utterance":"なんというか・・・すみません・・なんか私・・ホント役立たずですね・・・"
        },
        {
            "speaker":"U",
            "time":"18.10.2020 20:50:05",
            "turn-index":23,
            "utterance":"アイディア出してくれたし、助かるよ。"
        },
        {
            "speaker":"S",
            "time":"18.10.2020 20:50:06",
            "turn-index":24,
            "utterance":"せっかく声をかけてもらったのに申し訳なくて・・・もうちょっと時間もらって、いろいろ考えさせてもらってもいいですか？"
        },
        {
            "speaker":"U",
            "time":"18.10.2020 20:50:24",
            "turn-index":25,
            "utterance":"何か企画を考えてくれると助かるな。"
        },
        {
            "speaker":"S",
            "time":"18.10.2020 20:50:24",
            "turn-index":26,
            "utterance":"先輩のほうで返事の締切を決めてもらったほうがありがたいので。いつまでにお返事すればいいですか？"
        },
        {
            "speaker":"U",
            "time":"18.10.2020 20:50:40",
            "turn-index":27,
            "utterance":"来週末まではどう？"
        },
        {
            "speaker":"S",
            "time":"18.10.2020 20:50:41",
            "turn-index":28,
            "utterance":"来週末までですね。わかりました。必ず連絡します。ありがとうございました。"
        },
        {
            "speaker":"U",
            "time":"18.10.2020 20:50:51",
            "turn-index":29,
            "utterance":"こっちこそありがとう。"
        }
    ]
}