{
    "dialogue-id":"FCL_48",
    "group-id":"",
    "speaker-id":"fcl2020",
    "turns":[
        {
            "speaker":"S",
            "time":"19.10.2020 08:38:18",
            "turn-index":0,
            "utterance":"はい、何でしょう？"
        },
        {
            "speaker":"U",
            "time":"19.10.2020 08:38:37",
            "turn-index":1,
            "utterance":"同窓会そろそろだね"
        },
        {
            "speaker":"S",
            "time":"19.10.2020 08:38:38",
            "turn-index":2,
            "utterance":"あー・・・そうですね・・・"
        },
        {
            "speaker":"U",
            "time":"19.10.2020 08:38:57",
            "turn-index":3,
            "utterance":"今回幹事をお願いできないかなと思うんだ"
        },
        {
            "speaker":"S",
            "time":"19.10.2020 08:38:58",
            "turn-index":4,
            "utterance":"えーと・・・まず心配なのが私、幹事って１回もしたことないんですけど、大丈夫ですかね？"
        },
        {
            "speaker":"U",
            "time":"19.10.2020 08:39:25",
            "turn-index":5,
            "utterance":"全然大丈夫！"
        },
        {
            "speaker":"S",
            "time":"19.10.2020 08:39:26",
            "turn-index":6,
            "utterance":"いや・・それと、私って日程調整とか出欠の確認とか、そういうの苦手で・・・。先輩は幹事されたことあります？"
        },
        {
            "speaker":"U",
            "time":"19.10.2020 08:39:36",
            "turn-index":7,
            "utterance":"去年やったよ"
        },
        {
            "speaker":"S",
            "time":"19.10.2020 08:39:37",
            "turn-index":8,
            "utterance":"そうなんですね、いつもだいたい何人ぐらい集まるんですかね？"
        },
        {
            "speaker":"U",
            "time":"19.10.2020 08:39:45",
            "turn-index":9,
            "utterance":"20人くらいかな"
        },
        {
            "speaker":"S",
            "time":"19.10.2020 08:39:45",
            "turn-index":10,
            "utterance":"20人ですか。う～ん・・・あ、田中さんに頼むのはどうですか？彼女、幹事とかそういうの得意そうだし。"
        },
        {
            "speaker":"U",
            "time":"19.10.2020 08:40:05",
            "turn-index":11,
            "utterance":"でもぜひ清水さんにやってもらいたいな"
        },
        {
            "speaker":"S",
            "time":"19.10.2020 08:40:06",
            "turn-index":12,
            "utterance":"開催時期は何月ですか？"
        },
        {
            "speaker":"U",
            "time":"19.10.2020 08:40:17",
            "turn-index":13,
            "utterance":"いつもだと５月かな"
        },
        {
            "speaker":"S",
            "time":"19.10.2020 08:40:18",
            "turn-index":14,
            "utterance":"えーっと・・・結構予定が詰まってしまってて・・・やっぱり夜ですよね？"
        },
        {
            "speaker":"U",
            "time":"19.10.2020 08:40:46",
            "turn-index":15,
            "utterance":"特に決まりはないからなんでも大丈夫だよ"
        },
        {
            "speaker":"S",
            "time":"19.10.2020 08:40:46",
            "turn-index":16,
            "utterance":"あ、そうだ！すみません、突然思いついたんですけど、リモートとかもアリですか？"
        },
        {
            "speaker":"U",
            "time":"19.10.2020 08:41:05",
            "turn-index":17,
            "utterance":"今風だね！"
        },
        {
            "speaker":"S",
            "time":"19.10.2020 08:41:06",
            "turn-index":18,
            "utterance":"あのー他の先輩方にも、リモートはどうか、ちょっと聞いてもらえないでしょうか？"
        },
        {
            "speaker":"U",
            "time":"19.10.2020 08:41:59",
            "turn-index":19,
            "utterance":"でもせっかくだしみんなで集まらない？"
        },
        {
            "speaker":"S",
            "time":"19.10.2020 08:42:00",
            "turn-index":20,
            "utterance":"もし先輩方にリモートでもいいっていう声が多かったら、慣れてる山口さんに頼みませんか？"
        },
        {
            "speaker":"U",
            "time":"19.10.2020 08:42:23",
            "turn-index":21,
            "utterance":"清水さんがメインで、サポートしてもらうとかは？"
        },
        {
            "speaker":"S",
            "time":"19.10.2020 08:42:23",
            "turn-index":22,
            "utterance":"なんというか・・・すみません・・なんか私・・ホント役立たずですね・・・"
        },
        {
            "speaker":"U",
            "time":"19.10.2020 08:42:35",
            "turn-index":23,
            "utterance":"そんなことないよ"
        },
        {
            "speaker":"S",
            "time":"19.10.2020 08:42:36",
            "turn-index":24,
            "utterance":"せっかく声をかけてもらったのに申し訳なくて・・・もうちょっと時間もらって、いろいろ考えさせてもらってもいいですか？"
        },
        {
            "speaker":"U",
            "time":"19.10.2020 08:42:59",
            "turn-index":25,
            "utterance":"私もサポートするし、前向きに考えてもらいたいな"
        },
        {
            "speaker":"S",
            "time":"19.10.2020 08:42:59",
            "turn-index":26,
            "utterance":"先輩のほうで返事の締切を決めてもらったほうがありがたいので。いつまでにお返事すればいいですか？"
        },
        {
            "speaker":"U",
            "time":"19.10.2020 08:43:40",
            "turn-index":27,
            "utterance":"今月中かな"
        },
        {
            "speaker":"S",
            "time":"19.10.2020 08:43:41",
            "turn-index":28,
            "utterance":"わかりました。必ず連絡します。ありがとうございました。"
        },
        {
            "speaker":"U",
            "time":"19.10.2020 08:44:23",
            "turn-index":29,
            "utterance":"前向きにお願いね"
        }
    ]
}