{
    "dialogue-id":"FCL_22",
    "group-id":"",
    "speaker-id":"fcl2020",
    "turns":[
        {
            "speaker":"S",
            "time":"20.10.2020 09:40:02",
            "turn-index":0,
            "utterance":"はい、何でしょう？"
        },
        {
            "speaker":"U",
            "time":"20.10.2020 09:41:51",
            "turn-index":1,
            "utterance":"日程はまだ決めてないんだけど同窓会の幹事してもらえないかな。"
        },
        {
            "speaker":"S",
            "time":"20.10.2020 09:41:52",
            "turn-index":2,
            "utterance":"あー・・・そうですね・・・"
        },
        {
            "speaker":"U",
            "time":"20.10.2020 09:43:16",
            "turn-index":3,
            "utterance":"急で申し訳ないんだけどね。"
        },
        {
            "speaker":"S",
            "time":"20.10.2020 09:43:16",
            "turn-index":4,
            "utterance":"えーと・・・まず心配なのが私、幹事って１回もしたことないんですけど、大丈夫ですかね？"
        },
        {
            "speaker":"U",
            "time":"20.10.2020 09:43:45",
            "turn-index":5,
            "utterance":"うん、大丈夫だよ、難しい事じゃないし。"
        },
        {
            "speaker":"S",
            "time":"20.10.2020 09:43:45",
            "turn-index":6,
            "utterance":"いや・・それと、私って日程調整とか出欠の確認とか、そういうの苦手で・・・。先輩は幹事されたことあります？"
        },
        {
            "speaker":"U",
            "time":"20.10.2020 09:44:17",
            "turn-index":7,
            "utterance":"学生の時やったよ、みんな協力的だから問題ないよ。"
        },
        {
            "speaker":"S",
            "time":"20.10.2020 09:44:18",
            "turn-index":8,
            "utterance":"そうなんですね、いつもだいたい何人ぐらい集まるんですかね？"
        },
        {
            "speaker":"U",
            "time":"20.10.2020 09:44:56",
            "turn-index":9,
            "utterance":"20人前後かな"
        },
        {
            "speaker":"S",
            "time":"20.10.2020 09:44:57",
            "turn-index":10,
            "utterance":"20人ですか。う～ん・・・あ、田中さんに頼むのはどうですか？彼女、幹事とかそういうの得意そうだし。"
        },
        {
            "speaker":"U",
            "time":"20.10.2020 09:45:54",
            "turn-index":11,
            "utterance":"田中さんには他の事お願いしたい事があるんだ。"
        },
        {
            "speaker":"S",
            "time":"20.10.2020 09:45:54",
            "turn-index":12,
            "utterance":"開催時期は何月ですか？"
        },
        {
            "speaker":"U",
            "time":"20.10.2020 09:47:04",
            "turn-index":13,
            "utterance":"卒業前の都合が良い時期を選んでもらえばいいよ。"
        },
        {
            "speaker":"S",
            "time":"20.10.2020 09:47:04",
            "turn-index":14,
            "utterance":"えーっと・・・結構予定が詰まってしまってて・・・やっぱり夜ですよね？"
        },
        {
            "speaker":"U",
            "time":"20.10.2020 09:47:40",
            "turn-index":15,
            "utterance":"そうね、やっぱり夕方から夜だよね"
        },
        {
            "speaker":"S",
            "time":"20.10.2020 09:47:40",
            "turn-index":16,
            "utterance":"あ、そうだ！すみません、突然思いついたんですけど、リモートとかもアリですか？"
        },
        {
            "speaker":"U",
            "time":"20.10.2020 09:48:48",
            "turn-index":17,
            "utterance":"そうか、出欠取りながらみんなの希望を聞いた方がいいかな？"
        },
        {
            "speaker":"S",
            "time":"20.10.2020 09:48:49",
            "turn-index":18,
            "utterance":"あのー他の先輩方にも、リモートはどうか、ちょっと聞いてもらえないでしょうか？"
        },
        {
            "speaker":"U",
            "time":"20.10.2020 09:51:21",
            "turn-index":19,
            "utterance":"リモートでいいか聞くから、その後はお任せするね。"
        },
        {
            "speaker":"S",
            "time":"20.10.2020 09:51:22",
            "turn-index":20,
            "utterance":"もし先輩方にリモートでもいいっていう声が多かったら、慣れてる山口さんに頼みませんか？"
        },
        {
            "speaker":"U",
            "time":"20.10.2020 09:52:20",
            "turn-index":21,
            "utterance":"いや、今回は清水さんにお願いしたいんだ、今後の役にも立つと思うよ。"
        },
        {
            "speaker":"S",
            "time":"20.10.2020 09:52:21",
            "turn-index":22,
            "utterance":"なんというか・・・すみません・・なんか私・・ホント役立たずですね・・・"
        },
        {
            "speaker":"U",
            "time":"20.10.2020 09:52:51",
            "turn-index":23,
            "utterance":"そんなことないよ、そう思ってたら頼まないしね。"
        },
        {
            "speaker":"S",
            "time":"20.10.2020 09:52:52",
            "turn-index":24,
            "utterance":"せっかく声をかけてもらったのに申し訳なくて・・・もうちょっと時間もらって、いろいろ考えさせてもらってもいいですか？"
        },
        {
            "speaker":"U",
            "time":"20.10.2020 09:53:55",
            "turn-index":25,
            "utterance":"そんなに難しく考えないで！みんな親切だから大丈夫だよ。"
        },
        {
            "speaker":"S",
            "time":"20.10.2020 09:53:56",
            "turn-index":26,
            "utterance":"先輩のほうで返事の締切を決めてもらったほうがありがたいので。いつまでにお返事すればいいですか？"
        },
        {
            "speaker":"U",
            "time":"20.10.2020 09:54:47",
            "turn-index":27,
            "utterance":"多分他に頼みたい人いないから、断られたら出来なくなっちゃう"
        },
        {
            "speaker":"S",
            "time":"20.10.2020 09:54:48",
            "turn-index":28,
            "utterance":"わかりました。必ず連絡します。ありがとうございました。"
        },
        {
            "speaker":"U",
            "time":"20.10.2020 09:55:31",
            "turn-index":29,
            "utterance":"そこをなんとかお願いします！他の人と一緒にすれば？"
        }
    ]
}