{
    "dialogue-id":"KOM_11",
    "group-id":"",
    "speaker-id":"KomuRobot",
    "turns":[
        {
            "speaker":"S",
            "time":"17.10.2020 18:13:46",
            "turn-index":0,
            "utterance":"なんですか？"
        },
        {
            "speaker":"U",
            "time":"17.10.2020 18:14:03",
            "turn-index":1,
            "utterance":"最近どうよ？"
        },
        {
            "speaker":"S",
            "time":"17.10.2020 18:14:04",
            "turn-index":2,
            "utterance":"はい"
        },
        {
            "speaker":"U",
            "time":"17.10.2020 18:14:24",
            "turn-index":3,
            "utterance":"ちゃんと卒業できそう？"
        },
        {
            "speaker":"S",
            "time":"17.10.2020 18:14:25",
            "turn-index":4,
            "utterance":"はい"
        },
        {
            "speaker":"U",
            "time":"17.10.2020 18:14:59",
            "turn-index":5,
            "utterance":"じゃあ、同窓会だな。"
        },
        {
            "speaker":"S",
            "time":"17.10.2020 18:15:00",
            "turn-index":6,
            "utterance":"はい"
        },
        {
            "speaker":"U",
            "time":"17.10.2020 18:15:26",
            "turn-index":7,
            "utterance":"久しぶりにみんなで騒ぎたいしな"
        },
        {
            "speaker":"S",
            "time":"17.10.2020 18:15:26",
            "turn-index":8,
            "utterance":"はい"
        },
        {
            "speaker":"U",
            "time":"17.10.2020 18:15:41",
            "turn-index":9,
            "utterance":"という事で、幹事お願いします。"
        },
        {
            "speaker":"S",
            "time":"17.10.2020 18:15:41",
            "turn-index":10,
            "utterance":"あー"
        },
        {
            "speaker":"U",
            "time":"17.10.2020 18:16:22",
            "turn-index":11,
            "utterance":"みんなが君なら協力するって言ってるよ"
        },
        {
            "speaker":"S",
            "time":"17.10.2020 18:16:22",
            "turn-index":12,
            "utterance":"いやー厳しいですね…"
        },
        {
            "speaker":"U",
            "time":"17.10.2020 18:16:43",
            "turn-index":13,
            "utterance":"そこをなんとかお願いします。"
        },
        {
            "speaker":"S",
            "time":"17.10.2020 18:16:43",
            "turn-index":14,
            "utterance":"いつ頃やる感じですか？"
        },
        {
            "speaker":"U",
            "time":"17.10.2020 18:17:36",
            "turn-index":15,
            "utterance":"特に急ぎじゃないから"
        },
        {
            "speaker":"S",
            "time":"17.10.2020 18:17:36",
            "turn-index":16,
            "utterance":"うーん"
        },
        {
            "speaker":"U",
            "time":"17.10.2020 18:18:14",
            "turn-index":17,
            "utterance":"都合の良い頃を選んでくれればいいよ"
        },
        {
            "speaker":"S",
            "time":"17.10.2020 18:18:15",
            "turn-index":18,
            "utterance":"いやー最近結構忙しいんですよね…"
        },
        {
            "speaker":"U",
            "time":"17.10.2020 18:18:50",
            "turn-index":19,
            "utterance":"他のみんなはなんだか頼りなくてさ、君が頼りなんだ。"
        },
        {
            "speaker":"S",
            "time":"17.10.2020 18:18:51",
            "turn-index":20,
            "utterance":"ていうか，どこでやるんですか？"
        },
        {
            "speaker":"U",
            "time":"17.10.2020 18:19:13",
            "turn-index":21,
            "utterance":"学校の近くの居酒屋でいいと思う"
        },
        {
            "speaker":"S",
            "time":"17.10.2020 18:19:14",
            "turn-index":22,
            "utterance":"うーん…"
        },
        {
            "speaker":"U",
            "time":"17.10.2020 18:19:33",
            "turn-index":23,
            "utterance":"それなら、手配も楽でしょ"
        },
        {
            "speaker":"S",
            "time":"17.10.2020 18:19:34",
            "turn-index":24,
            "utterance":"いやー，なんとか他の人にお願いできればありがたいっす…"
        },
        {
            "speaker":"U",
            "time":"17.10.2020 18:20:16",
            "turn-index":25,
            "utterance":"後輩も巻き込んでいいから"
        },
        {
            "speaker":"S",
            "time":"17.10.2020 18:20:16",
            "turn-index":26,
            "utterance":"最近ほんと忙しいんですよ…"
        },
        {
            "speaker":"U",
            "time":"17.10.2020 18:20:55",
            "turn-index":27,
            "utterance":"大変な事あったら言ってよ、協力するから。"
        },
        {
            "speaker":"S",
            "time":"17.10.2020 18:20:56",
            "turn-index":28,
            "utterance":"規模はどんな感じを想定してます？"
        },
        {
            "speaker":"U",
            "time":"17.10.2020 18:21:31",
            "turn-index":29,
            "utterance":"なんだかんだ言って、20～30人かな"
        },
        {
            "speaker":"S",
            "time":"17.10.2020 18:21:33",
            "turn-index":30,
            "utterance":"あーそんな感じなんですね"
        }
    ]
}