{
    "dialogue-id":"KOM_32",
    "group-id":"",
    "speaker-id":"KomuRobot",
    "turns":[
        {
            "speaker":"S",
            "time":"17.10.2020 17:52:29",
            "turn-index":0,
            "utterance":"なんですか？"
        },
        {
            "speaker":"U",
            "time":"17.10.2020 17:52:46",
            "turn-index":1,
            "utterance":"恒例の同窓会の幹事を頼もうと思って"
        },
        {
            "speaker":"S",
            "time":"17.10.2020 17:52:47",
            "turn-index":2,
            "utterance":"あー"
        },
        {
            "speaker":"U",
            "time":"17.10.2020 17:52:55",
            "turn-index":3,
            "utterance":"ダメかなぁ"
        },
        {
            "speaker":"S",
            "time":"17.10.2020 17:52:55",
            "turn-index":4,
            "utterance":"いやー厳しいですね…"
        },
        {
            "speaker":"U",
            "time":"17.10.2020 17:53:06",
            "turn-index":5,
            "utterance":"まだ先なんだけど"
        },
        {
            "speaker":"S",
            "time":"17.10.2020 17:53:07",
            "turn-index":6,
            "utterance":"いつ頃やる感じですか？"
        },
        {
            "speaker":"U",
            "time":"17.10.2020 17:53:17",
            "turn-index":7,
            "utterance":"一か月後くらいかな"
        },
        {
            "speaker":"S",
            "time":"17.10.2020 17:53:18",
            "turn-index":8,
            "utterance":"うーん"
        },
        {
            "speaker":"U",
            "time":"17.10.2020 17:53:29",
            "turn-index":9,
            "utterance":"日程も決めてもらっていいんだけど"
        },
        {
            "speaker":"S",
            "time":"17.10.2020 17:53:30",
            "turn-index":10,
            "utterance":"いやー最近結構忙しいんですよね…"
        },
        {
            "speaker":"U",
            "time":"17.10.2020 17:54:35",
            "turn-index":11,
            "utterance":"手伝える人も探すからさ"
        },
        {
            "speaker":"S",
            "time":"17.10.2020 17:54:36",
            "turn-index":12,
            "utterance":"ていうか，どこでやるんですか？"
        },
        {
            "speaker":"U",
            "time":"17.10.2020 17:54:48",
            "turn-index":13,
            "utterance":"去年のところ"
        },
        {
            "speaker":"S",
            "time":"17.10.2020 17:54:49",
            "turn-index":14,
            "utterance":"うーん…"
        },
        {
            "speaker":"U",
            "time":"17.10.2020 17:55:01",
            "turn-index":15,
            "utterance":"去年のところは嫌か"
        },
        {
            "speaker":"S",
            "time":"17.10.2020 17:55:02",
            "turn-index":16,
            "utterance":"いやー，なんとか他の人にお願いできればありがたいっす…"
        },
        {
            "speaker":"U",
            "time":"17.10.2020 17:55:16",
            "turn-index":17,
            "utterance":"一番頼りになるから頼んでるんだよ"
        },
        {
            "speaker":"S",
            "time":"17.10.2020 17:55:17",
            "turn-index":18,
            "utterance":"最近ほんと忙しいんですよ…"
        },
        {
            "speaker":"U",
            "time":"17.10.2020 17:55:26",
            "turn-index":19,
            "utterance":"そこをなんとか"
        },
        {
            "speaker":"S",
            "time":"17.10.2020 17:55:27",
            "turn-index":20,
            "utterance":"規模はどんな感じを想定してます？"
        },
        {
            "speaker":"U",
            "time":"17.10.2020 17:55:34",
            "turn-index":21,
            "utterance":"20人くらい"
        },
        {
            "speaker":"S",
            "time":"17.10.2020 17:55:35",
            "turn-index":22,
            "utterance":"あーそんな感じなんですね"
        },
        {
            "speaker":"U",
            "time":"17.10.2020 17:55:50",
            "turn-index":23,
            "utterance":"そんな大きな店も要らないし"
        },
        {
            "speaker":"S",
            "time":"17.10.2020 17:55:51",
            "turn-index":24,
            "utterance":"あ！わかった！それじゃあこうしましょうよ"
        },
        {
            "speaker":"U",
            "time":"17.10.2020 17:56:01",
            "turn-index":25,
            "utterance":"おっやってくれるのか"
        },
        {
            "speaker":"S",
            "time":"17.10.2020 17:56:02",
            "turn-index":26,
            "utterance":"あ，いやなんでもないっす．忘れてください笑"
        },
        {
            "speaker":"U",
            "time":"17.10.2020 17:56:14",
            "turn-index":27,
            "utterance":"おい、そこまで言ったらやってくれよ"
        },
        {
            "speaker":"S",
            "time":"17.10.2020 17:56:15",
            "turn-index":28,
            "utterance":"ほんとに誰もやれる人いないんですか？"
        },
        {
            "speaker":"U",
            "time":"17.10.2020 17:56:22",
            "turn-index":29,
            "utterance":"そうなんだよなぁ"
        },
        {
            "speaker":"S",
            "time":"17.10.2020 17:56:22",
            "turn-index":30,
            "utterance":"いやあ困っちゃったなあ"
        }
    ]
}