{
    "dialogue-id":"KOM_10",
    "group-id":"",
    "speaker-id":"KomuRobot",
    "turns":[
        {
            "speaker":"S",
            "time":"17.10.2020 17:30:28",
            "turn-index":0,
            "utterance":"なんですか？"
        },
        {
            "speaker":"U",
            "time":"17.10.2020 17:30:58",
            "turn-index":1,
            "utterance":"サークル同窓会幹事をお願いできないかな？"
        },
        {
            "speaker":"S",
            "time":"17.10.2020 17:31:00",
            "turn-index":2,
            "utterance":"あー"
        },
        {
            "speaker":"U",
            "time":"17.10.2020 17:31:10",
            "turn-index":3,
            "utterance":"ぜひ頼みたいんだけど、どうかな。"
        },
        {
            "speaker":"S",
            "time":"17.10.2020 17:31:11",
            "turn-index":4,
            "utterance":"いやー厳しいですね…"
        },
        {
            "speaker":"U",
            "time":"17.10.2020 17:31:34",
            "turn-index":5,
            "utterance":"うんだよね、でもぜひ清水くんにお願いしたいんだ。"
        },
        {
            "speaker":"S",
            "time":"17.10.2020 17:31:35",
            "turn-index":6,
            "utterance":"いつ頃やる感じですか？"
        },
        {
            "speaker":"U",
            "time":"17.10.2020 17:31:42",
            "turn-index":7,
            "utterance":"今月末を予定しているよ。"
        },
        {
            "speaker":"S",
            "time":"17.10.2020 17:31:42",
            "turn-index":8,
            "utterance":"近いっすね…"
        },
        {
            "speaker":"U",
            "time":"17.10.2020 17:31:51",
            "turn-index":9,
            "utterance":"急で申し訳ないんだけどね。"
        },
        {
            "speaker":"S",
            "time":"17.10.2020 17:31:52",
            "turn-index":10,
            "utterance":"いやー最近結構忙しいんですよね…"
        },
        {
            "speaker":"U",
            "time":"17.10.2020 17:32:15",
            "turn-index":11,
            "utterance":"卒業前だしね、重々承知してはいるんだけど・・・"
        },
        {
            "speaker":"S",
            "time":"17.10.2020 17:32:15",
            "turn-index":12,
            "utterance":"ていうか，どこでやるんですか？"
        },
        {
            "speaker":"U",
            "time":"17.10.2020 17:32:24",
            "turn-index":13,
            "utterance":"大学の周辺でかまわないと思ってる。"
        },
        {
            "speaker":"S",
            "time":"17.10.2020 17:32:25",
            "turn-index":14,
            "utterance":"うーん…"
        },
        {
            "speaker":"U",
            "time":"17.10.2020 17:32:34",
            "turn-index":15,
            "utterance":"もちろん、おすすめがあれば遠くても構わないよ。"
        },
        {
            "speaker":"S",
            "time":"17.10.2020 17:32:35",
            "turn-index":16,
            "utterance":"いやー，なんとか他の人にお願いできればありがたいっす…"
        },
        {
            "speaker":"U",
            "time":"17.10.2020 17:32:58",
            "turn-index":17,
            "utterance":"清水くんが一番適任だと思うんだ。"
        },
        {
            "speaker":"S",
            "time":"17.10.2020 17:32:59",
            "turn-index":18,
            "utterance":"最近ほんと忙しいんですよ…"
        },
        {
            "speaker":"U",
            "time":"17.10.2020 17:33:30",
            "turn-index":19,
            "utterance":"すこし時間を作ってもらえないかな？"
        },
        {
            "speaker":"S",
            "time":"17.10.2020 17:33:31",
            "turn-index":20,
            "utterance":"規模はどんな感じを想定してます？"
        },
        {
            "speaker":"U",
            "time":"17.10.2020 17:33:43",
            "turn-index":21,
            "utterance":"10人程になると思う。"
        },
        {
            "speaker":"S",
            "time":"17.10.2020 17:33:44",
            "turn-index":22,
            "utterance":"あーそんな感じなんですね"
        },
        {
            "speaker":"U",
            "time":"17.10.2020 17:33:50",
            "turn-index":23,
            "utterance":"小規模だから手間も掛からないよ。"
        },
        {
            "speaker":"S",
            "time":"17.10.2020 17:33:51",
            "turn-index":24,
            "utterance":"あ！わかった！それじゃあこうしましょうよ"
        },
        {
            "speaker":"U",
            "time":"17.10.2020 17:33:56",
            "turn-index":25,
            "utterance":"というと？"
        },
        {
            "speaker":"S",
            "time":"17.10.2020 17:33:56",
            "turn-index":26,
            "utterance":"あ，いやなんでもないっす．忘れてください笑"
        },
        {
            "speaker":"U",
            "time":"17.10.2020 17:34:14",
            "turn-index":27,
            "utterance":"やり方は任せるからお願いしたいな。"
        },
        {
            "speaker":"S",
            "time":"17.10.2020 17:34:15",
            "turn-index":28,
            "utterance":"いやちょっと思いついたことがあったんですが，無理でしたわ．本当に誰もやれる人いないんですか？"
        },
        {
            "speaker":"U",
            "time":"17.10.2020 17:34:25",
            "turn-index":29,
            "utterance":"そうなんだよね。"
        },
        {
            "speaker":"S",
            "time":"17.10.2020 17:34:26",
            "turn-index":30,
            "utterance":"いやあ困っちゃったなあ"
        }
    ]
}