{
    "dialogue-id":"KOM_12",
    "group-id":"",
    "speaker-id":"KomuRobot",
    "turns":[
        {
            "speaker":"S",
            "time":"17.10.2020 14:04:33",
            "turn-index":0,
            "utterance":"なんですか？"
        },
        {
            "speaker":"U",
            "time":"17.10.2020 14:04:56",
            "turn-index":1,
            "utterance":"同窓会の幹事をやってくれ。"
        },
        {
            "speaker":"S",
            "time":"17.10.2020 14:04:57",
            "turn-index":2,
            "utterance":"あー"
        },
        {
            "speaker":"U",
            "time":"17.10.2020 14:05:03",
            "turn-index":3,
            "utterance":"なんだ？"
        },
        {
            "speaker":"S",
            "time":"17.10.2020 14:05:03",
            "turn-index":4,
            "utterance":"いやー厳しいですね…"
        },
        {
            "speaker":"U",
            "time":"17.10.2020 14:05:11",
            "turn-index":5,
            "utterance":"理由を教えてくれ。"
        },
        {
            "speaker":"S",
            "time":"17.10.2020 14:05:12",
            "turn-index":6,
            "utterance":"いつ頃やる感じですか？"
        },
        {
            "speaker":"U",
            "time":"17.10.2020 14:05:38",
            "turn-index":7,
            "utterance":"卒業の時期にだよ。"
        },
        {
            "speaker":"S",
            "time":"17.10.2020 14:05:38",
            "turn-index":8,
            "utterance":"うーん"
        },
        {
            "speaker":"U",
            "time":"17.10.2020 14:05:51",
            "turn-index":9,
            "utterance":"忙しいのか？"
        },
        {
            "speaker":"S",
            "time":"17.10.2020 14:05:52",
            "turn-index":10,
            "utterance":"いやー最近結構忙しいんですよね…"
        },
        {
            "speaker":"U",
            "time":"17.10.2020 14:06:04",
            "turn-index":11,
            "utterance":"お前ならできるだろ。"
        },
        {
            "speaker":"S",
            "time":"17.10.2020 14:06:04",
            "turn-index":12,
            "utterance":"ていうか，どこでやるんですか？"
        },
        {
            "speaker":"U",
            "time":"17.10.2020 14:06:14",
            "turn-index":13,
            "utterance":"それもお前が決めていいぞ。"
        },
        {
            "speaker":"S",
            "time":"17.10.2020 14:06:16",
            "turn-index":14,
            "utterance":"うーん…"
        },
        {
            "speaker":"U",
            "time":"17.10.2020 14:06:36",
            "turn-index":15,
            "utterance":"そんなに大変なことじゃないから、気楽に引き受けてくれ。"
        },
        {
            "speaker":"S",
            "time":"17.10.2020 14:06:36",
            "turn-index":16,
            "utterance":"いやー，なんとか他の人にお願いできればありがたいっす…"
        },
        {
            "speaker":"U",
            "time":"17.10.2020 14:06:49",
            "turn-index":17,
            "utterance":"他の人には頼めないんだ。"
        },
        {
            "speaker":"S",
            "time":"17.10.2020 14:06:50",
            "turn-index":18,
            "utterance":"最近ほんと忙しいんですよ…"
        },
        {
            "speaker":"U",
            "time":"17.10.2020 14:07:00",
            "turn-index":19,
            "utterance":"他の人はもっと忙しいそうだ。"
        },
        {
            "speaker":"S",
            "time":"17.10.2020 14:07:01",
            "turn-index":20,
            "utterance":"ていうか何人くらいでやる予定ですか？"
        },
        {
            "speaker":"U",
            "time":"17.10.2020 14:07:09",
            "turn-index":21,
            "utterance":"それはまだ分からないよ。"
        },
        {
            "speaker":"S",
            "time":"17.10.2020 14:07:10",
            "turn-index":22,
            "utterance":"いやあ，でもやっぱり厳しいなあ…"
        },
        {
            "speaker":"U",
            "time":"17.10.2020 14:07:21",
            "turn-index":23,
            "utterance":"誰かがやらないとだめなんだよ。"
        },
        {
            "speaker":"S",
            "time":"17.10.2020 14:07:22",
            "turn-index":24,
            "utterance":"あ！わかった！それじゃあこうしましょうよ"
        },
        {
            "speaker":"U",
            "time":"17.10.2020 14:08:30",
            "turn-index":25,
            "utterance":"どうする気だ？"
        },
        {
            "speaker":"S",
            "time":"17.10.2020 14:08:31",
            "turn-index":26,
            "utterance":"あ，いやなんでもないっす．忘れてください笑"
        },
        {
            "speaker":"U",
            "time":"17.10.2020 14:08:41",
            "turn-index":27,
            "utterance":"いや、ちゃんと言えよ。"
        },
        {
            "speaker":"S",
            "time":"17.10.2020 14:08:43",
            "turn-index":28,
            "utterance":"ほんとに誰もやれる人いないんですか？"
        },
        {
            "speaker":"U",
            "time":"17.10.2020 14:09:00",
            "turn-index":29,
            "utterance":"そうなんだよ。清水しかいないんだよ。"
        },
        {
            "speaker":"S",
            "time":"17.10.2020 14:09:01",
            "turn-index":30,
            "utterance":"いやあ困っちゃったなあ"
        }
    ]
}