{
    "dialogue-id":"KOM_21",
    "group-id":"",
    "speaker-id":"KomuRobot",
    "turns":[
        {
            "speaker":"S",
            "time":"17.10.2020 14:08:14",
            "turn-index":0,
            "utterance":"なんですか？"
        },
        {
            "speaker":"U",
            "time":"17.10.2020 14:08:39",
            "turn-index":1,
            "utterance":"だんだん寒くなってきたね。"
        },
        {
            "speaker":"S",
            "time":"17.10.2020 14:08:40",
            "turn-index":2,
            "utterance":"はい"
        },
        {
            "speaker":"U",
            "time":"17.10.2020 14:09:08",
            "turn-index":3,
            "utterance":"週末どこか出かける予定はある？"
        },
        {
            "speaker":"S",
            "time":"17.10.2020 14:09:09",
            "turn-index":4,
            "utterance":"はい"
        },
        {
            "speaker":"U",
            "time":"17.10.2020 14:09:18",
            "turn-index":5,
            "utterance":"どこに行くの？"
        },
        {
            "speaker":"S",
            "time":"17.10.2020 14:09:19",
            "turn-index":6,
            "utterance":"はい"
        },
        {
            "speaker":"U",
            "time":"17.10.2020 14:10:00",
            "turn-index":7,
            "utterance":"晩ごはんは何を食べようと思う？"
        },
        {
            "speaker":"S",
            "time":"17.10.2020 14:10:01",
            "turn-index":8,
            "utterance":"はい"
        },
        {
            "speaker":"U",
            "time":"17.10.2020 14:10:41",
            "turn-index":9,
            "utterance":"私は寒いからおでんが食べたいな。あなたは？"
        },
        {
            "speaker":"S",
            "time":"17.10.2020 14:10:42",
            "turn-index":10,
            "utterance":"はい"
        },
        {
            "speaker":"U",
            "time":"17.10.2020 14:11:22",
            "turn-index":11,
            "utterance":"最近寒いからどんな服装がいいと思う？"
        },
        {
            "speaker":"S",
            "time":"17.10.2020 14:11:24",
            "turn-index":12,
            "utterance":"はい"
        },
        {
            "speaker":"U",
            "time":"17.10.2020 14:12:30",
            "turn-index":13,
            "utterance":"ダウンを着るか、それともフリースでしのぐかどっちがいいかな？"
        },
        {
            "speaker":"S",
            "time":"17.10.2020 14:12:31",
            "turn-index":14,
            "utterance":"はい"
        },
        {
            "speaker":"U",
            "time":"17.10.2020 14:12:52",
            "turn-index":15,
            "utterance":"会話が続かなくて面白くないよ。"
        },
        {
            "speaker":"S",
            "time":"17.10.2020 14:12:53",
            "turn-index":16,
            "utterance":"はい"
        },
        {
            "speaker":"U",
            "time":"17.10.2020 14:13:11",
            "turn-index":17,
            "utterance":"何か返事してくれないの？"
        },
        {
            "speaker":"S",
            "time":"17.10.2020 14:13:12",
            "turn-index":18,
            "utterance":"はい"
        },
        {
            "speaker":"U",
            "time":"17.10.2020 14:13:43",
            "turn-index":19,
            "utterance":"そうだ、来週誕生日だった。"
        },
        {
            "speaker":"S",
            "time":"17.10.2020 14:13:44",
            "turn-index":20,
            "utterance":"はい"
        },
        {
            "speaker":"U",
            "time":"17.10.2020 14:14:02",
            "turn-index":21,
            "utterance":"近場の美味しいお店知らない？"
        },
        {
            "speaker":"S",
            "time":"17.10.2020 14:14:03",
            "turn-index":22,
            "utterance":"はい"
        },
        {
            "speaker":"U",
            "time":"17.10.2020 14:14:21",
            "turn-index":23,
            "utterance":"じゃあまた一緒に開拓しようよ。"
        },
        {
            "speaker":"S",
            "time":"17.10.2020 14:14:22",
            "turn-index":24,
            "utterance":"はい"
        },
        {
            "speaker":"U",
            "time":"17.10.2020 14:15:02",
            "turn-index":25,
            "utterance":"予算はいくらぐらいがいい？"
        },
        {
            "speaker":"S",
            "time":"17.10.2020 14:15:03",
            "turn-index":26,
            "utterance":"はい"
        },
        {
            "speaker":"U",
            "time":"17.10.2020 14:15:34",
            "turn-index":27,
            "utterance":"あんまり高い店は厳しいな。"
        },
        {
            "speaker":"S",
            "time":"17.10.2020 14:15:35",
            "turn-index":28,
            "utterance":"はい"
        },
        {
            "speaker":"U",
            "time":"17.10.2020 14:16:22",
            "turn-index":29,
            "utterance":"また候補探しといて！"
        },
        {
            "speaker":"S",
            "time":"17.10.2020 14:16:23",
            "turn-index":30,
            "utterance":"はい"
        }
    ]
}