{
    "dialogue-id":"KOM_30",
    "group-id":"",
    "speaker-id":"KomuRobot",
    "turns":[
        {
            "speaker":"S",
            "time":"17.10.2020 23:55:21",
            "turn-index":0,
            "utterance":"なんですか？"
        },
        {
            "speaker":"U",
            "time":"17.10.2020 23:56:13",
            "turn-index":1,
            "utterance":"同窓会のことなんだけど"
        },
        {
            "speaker":"S",
            "time":"17.10.2020 23:56:14",
            "turn-index":2,
            "utterance":"はい"
        },
        {
            "speaker":"U",
            "time":"18.10.2020 00:01:00",
            "turn-index":3,
            "utterance":"幹事やらない？"
        },
        {
            "speaker":"S",
            "time":"18.10.2020 00:01:01",
            "turn-index":4,
            "utterance":"あー"
        },
        {
            "speaker":"U",
            "time":"18.10.2020 00:01:28",
            "turn-index":5,
            "utterance":"どう？やれそう？"
        },
        {
            "speaker":"S",
            "time":"18.10.2020 00:01:28",
            "turn-index":6,
            "utterance":"いやー厳しいですね…"
        },
        {
            "speaker":"U",
            "time":"18.10.2020 00:02:11",
            "turn-index":7,
            "utterance":"何とかお願いできない？"
        },
        {
            "speaker":"S",
            "time":"18.10.2020 00:02:12",
            "turn-index":8,
            "utterance":"いつ頃やる感じですか？"
        },
        {
            "speaker":"U",
            "time":"18.10.2020 00:02:35",
            "turn-index":9,
            "utterance":"来月"
        },
        {
            "speaker":"S",
            "time":"18.10.2020 00:02:35",
            "turn-index":10,
            "utterance":"うーん"
        },
        {
            "speaker":"U",
            "time":"18.10.2020 00:02:55",
            "turn-index":11,
            "utterance":"もしかして忙しい？"
        },
        {
            "speaker":"S",
            "time":"18.10.2020 00:02:56",
            "turn-index":12,
            "utterance":"いやー最近結構忙しいんですよね…"
        },
        {
            "speaker":"U",
            "time":"18.10.2020 00:03:36",
            "turn-index":13,
            "utterance":"みんな清水くんがいいって言ってるのよ"
        },
        {
            "speaker":"S",
            "time":"18.10.2020 00:03:36",
            "turn-index":14,
            "utterance":"ていうか，どこでやるんですか？"
        },
        {
            "speaker":"U",
            "time":"18.10.2020 00:04:06",
            "turn-index":15,
            "utterance":"新宿のいつもの店"
        },
        {
            "speaker":"S",
            "time":"18.10.2020 00:04:07",
            "turn-index":16,
            "utterance":"まあ，そうですよね"
        },
        {
            "speaker":"U",
            "time":"18.10.2020 00:04:27",
            "turn-index":17,
            "utterance":"やっぱ無理？"
        },
        {
            "speaker":"S",
            "time":"18.10.2020 00:04:28",
            "turn-index":18,
            "utterance":"いやー，なんとか他の人にお願いできればありがたいっす…"
        },
        {
            "speaker":"U",
            "time":"18.10.2020 00:04:52",
            "turn-index":19,
            "utterance":"他に居ないのよ"
        },
        {
            "speaker":"S",
            "time":"18.10.2020 00:04:52",
            "turn-index":20,
            "utterance":"最近ほんと忙しいんですよ…"
        },
        {
            "speaker":"U",
            "time":"18.10.2020 00:05:28",
            "turn-index":21,
            "utterance":"フォローするから"
        },
        {
            "speaker":"S",
            "time":"18.10.2020 00:05:29",
            "turn-index":22,
            "utterance":"ていうか何人くらいでやる予定ですか？"
        },
        {
            "speaker":"U",
            "time":"18.10.2020 00:05:47",
            "turn-index":23,
            "utterance":"１５人くらいかな"
        },
        {
            "speaker":"S",
            "time":"18.10.2020 00:05:48",
            "turn-index":24,
            "utterance":"あーそんな感じなんですね"
        },
        {
            "speaker":"U",
            "time":"18.10.2020 00:06:11",
            "turn-index":25,
            "utterance":"で、どう？幹事やってくれない？"
        },
        {
            "speaker":"S",
            "time":"18.10.2020 00:06:12",
            "turn-index":26,
            "utterance":"あ！わかった！それじゃあこうしましょうよ"
        },
        {
            "speaker":"U",
            "time":"18.10.2020 00:06:21",
            "turn-index":27,
            "utterance":"うん、なに？"
        },
        {
            "speaker":"S",
            "time":"18.10.2020 00:06:22",
            "turn-index":28,
            "utterance":"あ，いやなんでもないっす．忘れてください笑"
        },
        {
            "speaker":"U",
            "time":"18.10.2020 00:06:33",
            "turn-index":29,
            "utterance":"何なの気になるわ"
        },
        {
            "speaker":"S",
            "time":"18.10.2020 00:06:34",
            "turn-index":30,
            "utterance":"いやちょっと思いついたことがあったんですが，無理でしたわ．本当に誰もやれる人いないんですか？"
        }
    ]
}