{
    "dialogue-id":"KOM_20",
    "group-id":"",
    "speaker-id":"KomuRobot",
    "turns":[
        {
            "speaker":"S",
            "time":"17.10.2020 19:19:34",
            "turn-index":0,
            "utterance":"なんですか？"
        },
        {
            "speaker":"U",
            "time":"17.10.2020 19:19:53",
            "turn-index":1,
            "utterance":"今年のサークルの同窓会の幹事を頼めない？"
        },
        {
            "speaker":"S",
            "time":"17.10.2020 19:19:54",
            "turn-index":2,
            "utterance":"あー"
        },
        {
            "speaker":"U",
            "time":"17.10.2020 19:20:03",
            "turn-index":3,
            "utterance":"どうかな"
        },
        {
            "speaker":"S",
            "time":"17.10.2020 19:20:04",
            "turn-index":4,
            "utterance":"いやー厳しいですね…"
        },
        {
            "speaker":"U",
            "time":"17.10.2020 19:20:27",
            "turn-index":5,
            "utterance":"忙しい？"
        },
        {
            "speaker":"S",
            "time":"17.10.2020 19:20:28",
            "turn-index":6,
            "utterance":"いつ頃やる感じですか？"
        },
        {
            "speaker":"U",
            "time":"17.10.2020 19:21:39",
            "turn-index":7,
            "utterance":"3月の中頃がいいと思うんだけど"
        },
        {
            "speaker":"S",
            "time":"17.10.2020 19:21:40",
            "turn-index":8,
            "utterance":"うーん"
        },
        {
            "speaker":"U",
            "time":"17.10.2020 19:21:52",
            "turn-index":9,
            "utterance":"俺も手伝うから頼むよ"
        },
        {
            "speaker":"S",
            "time":"17.10.2020 19:21:53",
            "turn-index":10,
            "utterance":"いやー最近結構忙しいんですよね…"
        },
        {
            "speaker":"U",
            "time":"17.10.2020 19:22:18",
            "turn-index":11,
            "utterance":"お店も一緒に探すからさ"
        },
        {
            "speaker":"S",
            "time":"17.10.2020 19:22:19",
            "turn-index":12,
            "utterance":"ていうか，どこでやるんですか？"
        },
        {
            "speaker":"U",
            "time":"17.10.2020 19:23:24",
            "turn-index":13,
            "utterance":"サークルでよく行ってた飲み屋街かな"
        },
        {
            "speaker":"S",
            "time":"17.10.2020 19:23:25",
            "turn-index":14,
            "utterance":"うーん…"
        },
        {
            "speaker":"U",
            "time":"17.10.2020 19:24:33",
            "turn-index":15,
            "utterance":"春からもっと忙しくなるし、今の内に皆と会っておいた方がいいと思うよ"
        },
        {
            "speaker":"S",
            "time":"17.10.2020 19:24:34",
            "turn-index":16,
            "utterance":"いやー，なんとか他の人にお願いできればありがたいっす…"
        },
        {
            "speaker":"U",
            "time":"17.10.2020 19:24:54",
            "turn-index":17,
            "utterance":"清水じゃないと頼みづらいんだよな"
        },
        {
            "speaker":"S",
            "time":"17.10.2020 19:24:54",
            "turn-index":18,
            "utterance":"最近ほんと忙しいんですよ…"
        },
        {
            "speaker":"U",
            "time":"17.10.2020 19:25:19",
            "turn-index":19,
            "utterance":"何がそんなに忙しいんだ？"
        },
        {
            "speaker":"S",
            "time":"17.10.2020 19:25:20",
            "turn-index":20,
            "utterance":"まあまあ，そこはいいじゃないすか笑"
        },
        {
            "speaker":"U",
            "time":"17.10.2020 19:25:40",
            "turn-index":21,
            "utterance":"連絡も手分けするから頼むよ"
        },
        {
            "speaker":"S",
            "time":"17.10.2020 19:25:40",
            "turn-index":22,
            "utterance":"ていうか何人くらいでやる予定ですか？"
        },
        {
            "speaker":"U",
            "time":"17.10.2020 19:25:55",
            "turn-index":23,
            "utterance":"2～30人くらいかな"
        },
        {
            "speaker":"S",
            "time":"17.10.2020 19:25:56",
            "turn-index":24,
            "utterance":"あーそんな感じなんですね"
        },
        {
            "speaker":"U",
            "time":"17.10.2020 19:26:06",
            "turn-index":25,
            "utterance":"頼まれてくれるか？"
        },
        {
            "speaker":"S",
            "time":"17.10.2020 19:26:07",
            "turn-index":26,
            "utterance":"あ！わかった！それじゃあこうしましょうよ"
        },
        {
            "speaker":"U",
            "time":"17.10.2020 19:26:24",
            "turn-index":27,
            "utterance":"どうするんだ？"
        },
        {
            "speaker":"S",
            "time":"17.10.2020 19:26:25",
            "turn-index":28,
            "utterance":"あ，いやなんでもないっす．忘れてください笑"
        },
        {
            "speaker":"U",
            "time":"17.10.2020 19:27:03",
            "turn-index":29,
            "utterance":"まあとにかく2人で幹事しようってことで！"
        },
        {
            "speaker":"S",
            "time":"17.10.2020 19:27:04",
            "turn-index":30,
            "utterance":"ほんとに誰もやれる人いないんですか？"
        }
    ]
}