{
    "dialogue-id":"KOM_28",
    "group-id":"",
    "speaker-id":"KomuRobot",
    "turns":[
        {
            "speaker":"S",
            "time":"18.10.2020 01:26:10",
            "turn-index":0,
            "utterance":"なんですか？"
        },
        {
            "speaker":"U",
            "time":"18.10.2020 01:29:50",
            "turn-index":1,
            "utterance":"今度同窓会やろうって話になっててさ"
        },
        {
            "speaker":"S",
            "time":"18.10.2020 01:29:50",
            "turn-index":2,
            "utterance":"はい"
        },
        {
            "speaker":"U",
            "time":"18.10.2020 01:30:42",
            "turn-index":3,
            "utterance":"みんな久々だからテンションあがってトントン拍子で日程とかも決まったんだけど"
        },
        {
            "speaker":"S",
            "time":"18.10.2020 01:30:42",
            "turn-index":4,
            "utterance":"はい"
        },
        {
            "speaker":"U",
            "time":"18.10.2020 01:31:32",
            "turn-index":5,
            "utterance":"自分勝手な奴多いから店が決まらないし、会計とか任せられるやついないんだよね"
        },
        {
            "speaker":"S",
            "time":"18.10.2020 01:31:33",
            "turn-index":6,
            "utterance":"はい"
        },
        {
            "speaker":"U",
            "time":"18.10.2020 01:32:10",
            "turn-index":7,
            "utterance":"清水ってさ、結構まとめ役になること多かったじゃん"
        },
        {
            "speaker":"S",
            "time":"18.10.2020 01:32:10",
            "turn-index":8,
            "utterance":"はい"
        },
        {
            "speaker":"U",
            "time":"18.10.2020 01:34:04",
            "turn-index":9,
            "utterance":"同窓会の時の幹事、清水に任せたらちゃんとまとめてくれそうで安心できるんだけど、お願いできないかなって"
        },
        {
            "speaker":"S",
            "time":"18.10.2020 01:34:05",
            "turn-index":10,
            "utterance":"あー"
        },
        {
            "speaker":"U",
            "time":"18.10.2020 01:34:20",
            "turn-index":11,
            "utterance":"どうかな"
        },
        {
            "speaker":"S",
            "time":"18.10.2020 01:34:21",
            "turn-index":12,
            "utterance":"いやー厳しいですね…"
        },
        {
            "speaker":"U",
            "time":"18.10.2020 01:34:42",
            "turn-index":13,
            "utterance":"そもそも同窓会にはこれるの？"
        },
        {
            "speaker":"S",
            "time":"18.10.2020 01:34:43",
            "turn-index":14,
            "utterance":"いつ頃やる感じですか？"
        },
        {
            "speaker":"U",
            "time":"18.10.2020 01:35:39",
            "turn-index":15,
            "utterance":"春休み中にはしたいからって４/7らへんで"
        },
        {
            "speaker":"S",
            "time":"18.10.2020 01:35:40",
            "turn-index":16,
            "utterance":"うーん"
        },
        {
            "speaker":"U",
            "time":"18.10.2020 01:35:46",
            "turn-index":17,
            "utterance":"くるの？"
        },
        {
            "speaker":"S",
            "time":"18.10.2020 01:35:46",
            "turn-index":18,
            "utterance":"いやー最近結構忙しいんですよね…"
        },
        {
            "speaker":"U",
            "time":"18.10.2020 01:35:59",
            "turn-index":19,
            "utterance":"日程変わったらいける？"
        },
        {
            "speaker":"S",
            "time":"18.10.2020 01:35:59",
            "turn-index":20,
            "utterance":"ていうか，どこでやるんですか？"
        },
        {
            "speaker":"U",
            "time":"18.10.2020 01:36:22",
            "turn-index":21,
            "utterance":"俺の家の近くの、いつもの店"
        },
        {
            "speaker":"S",
            "time":"18.10.2020 01:36:23",
            "turn-index":22,
            "utterance":"まあ，そうですよね"
        },
        {
            "speaker":"U",
            "time":"18.10.2020 01:37:05",
            "turn-index":23,
            "utterance":"あそこの店長とも仲いいよな？幹事分だけ安くしてもらってもいいし"
        },
        {
            "speaker":"S",
            "time":"18.10.2020 01:37:06",
            "turn-index":24,
            "utterance":"いやー，なんとか他の人にお願いできればありがたいっす…"
        },
        {
            "speaker":"U",
            "time":"18.10.2020 01:37:48",
            "turn-index":25,
            "utterance":"嫌いなやつとかあん中にいたっけ？"
        },
        {
            "speaker":"S",
            "time":"18.10.2020 01:37:49",
            "turn-index":26,
            "utterance":"最近ほんと忙しいんですよ…"
        },
        {
            "speaker":"U",
            "time":"18.10.2020 01:37:58",
            "turn-index":27,
            "utterance":"いつならいける？・"
        },
        {
            "speaker":"S",
            "time":"18.10.2020 01:37:59",
            "turn-index":28,
            "utterance":"規模はどんな感じを想定してます？"
        },
        {
            "speaker":"U",
            "time":"18.10.2020 01:38:19",
            "turn-index":29,
            "utterance":"もうほんと仲良かった人らだけ。"
        },
        {
            "speaker":"S",
            "time":"18.10.2020 01:38:20",
            "turn-index":30,
            "utterance":"あーそんな感じなんですね"
        }
    ]
}