{
    "dialogue-id":"KOM_03",
    "group-id":"",
    "speaker-id":"KomuRobot",
    "turns":[
        {
            "speaker":"S",
            "time":"17.10.2020 18:16:10",
            "turn-index":0,
            "utterance":"なんですか？"
        },
        {
            "speaker":"U",
            "time":"17.10.2020 18:16:45",
            "turn-index":1,
            "utterance":"そういえばさ、毎年同窓会してるじゃん"
        },
        {
            "speaker":"S",
            "time":"17.10.2020 18:16:45",
            "turn-index":2,
            "utterance":"はい"
        },
        {
            "speaker":"U",
            "time":"17.10.2020 18:16:55",
            "turn-index":3,
            "utterance":"出たことある？"
        },
        {
            "speaker":"S",
            "time":"17.10.2020 18:16:55",
            "turn-index":4,
            "utterance":"はい"
        },
        {
            "speaker":"U",
            "time":"17.10.2020 18:17:28",
            "turn-index":5,
            "utterance":"あのさ、その幹事をお願いしたいんだけど。"
        },
        {
            "speaker":"S",
            "time":"17.10.2020 18:17:29",
            "turn-index":6,
            "utterance":"あー"
        },
        {
            "speaker":"U",
            "time":"17.10.2020 18:17:41",
            "turn-index":7,
            "utterance":"どうかな？"
        },
        {
            "speaker":"S",
            "time":"17.10.2020 18:17:41",
            "turn-index":8,
            "utterance":"いやー厳しいですね…"
        },
        {
            "speaker":"U",
            "time":"17.10.2020 18:17:51",
            "turn-index":9,
            "utterance":"忙しいの？"
        },
        {
            "speaker":"S",
            "time":"17.10.2020 18:17:52",
            "turn-index":10,
            "utterance":"いつ頃やる感じですか？"
        },
        {
            "speaker":"U",
            "time":"17.10.2020 18:18:49",
            "turn-index":11,
            "utterance":"だいたい5月から夏くらいまでの間かなぁ"
        },
        {
            "speaker":"S",
            "time":"17.10.2020 18:18:50",
            "turn-index":12,
            "utterance":"うーん"
        },
        {
            "speaker":"U",
            "time":"17.10.2020 18:19:39",
            "turn-index":13,
            "utterance":"日程とかは清水の都合のいい日でいくつか候補にしてもらっていいから。"
        },
        {
            "speaker":"S",
            "time":"17.10.2020 18:19:39",
            "turn-index":14,
            "utterance":"いやー最近結構忙しいんですよね…"
        },
        {
            "speaker":"U",
            "time":"17.10.2020 18:20:13",
            "turn-index":15,
            "utterance":"そうだよね。そこを何とか！"
        },
        {
            "speaker":"S",
            "time":"17.10.2020 18:20:13",
            "turn-index":16,
            "utterance":"まあまあそこはいいじゃないすか笑．ていうか，どこでやるんですか？"
        },
        {
            "speaker":"U",
            "time":"17.10.2020 18:20:38",
            "turn-index":17,
            "utterance":"場所は集まる人数で変わってくるかなー、と。"
        },
        {
            "speaker":"S",
            "time":"17.10.2020 18:20:38",
            "turn-index":18,
            "utterance":"うーん…"
        },
        {
            "speaker":"U",
            "time":"17.10.2020 18:21:20",
            "turn-index":19,
            "utterance":"俺もできるだけサポートするからさ。"
        },
        {
            "speaker":"S",
            "time":"17.10.2020 18:21:21",
            "turn-index":20,
            "utterance":"いやー，なんとか他の人にお願いできればありがたいっす…"
        },
        {
            "speaker":"U",
            "time":"17.10.2020 18:21:44",
            "turn-index":21,
            "utterance":"幹事は清水が適任だと思うのよ。"
        },
        {
            "speaker":"S",
            "time":"17.10.2020 18:21:44",
            "turn-index":22,
            "utterance":"最近ほんと忙しいんですよ…"
        },
        {
            "speaker":"U",
            "time":"17.10.2020 18:21:55",
            "turn-index":23,
            "utterance":"そう、俺も忙しい…"
        },
        {
            "speaker":"S",
            "time":"17.10.2020 18:21:56",
            "turn-index":24,
            "utterance":"規模はどんな感じを想定してます？"
        },
        {
            "speaker":"U",
            "time":"17.10.2020 18:22:53",
            "turn-index":25,
            "utterance":"50人前後くらい？"
        },
        {
            "speaker":"S",
            "time":"17.10.2020 18:22:53",
            "turn-index":26,
            "utterance":"あーそんな感じなんですね"
        },
        {
            "speaker":"U",
            "time":"17.10.2020 18:23:50",
            "turn-index":27,
            "utterance":"サークルの同窓会だし、貸し切りでなんとかいける程度でしょ"
        },
        {
            "speaker":"S",
            "time":"17.10.2020 18:23:50",
            "turn-index":28,
            "utterance":"あ！わかった！それじゃあこうしましょうよ"
        },
        {
            "speaker":"U",
            "time":"17.10.2020 18:24:01",
            "turn-index":29,
            "utterance":"ん？"
        },
        {
            "speaker":"S",
            "time":"17.10.2020 18:24:02",
            "turn-index":30,
            "utterance":"あ，いやなんでもないっす．忘れてください笑"
        }
    ]
}