{
    "dialogue-id":"KOM_29",
    "group-id":"",
    "speaker-id":"KomuRobot",
    "turns":[
        {
            "speaker":"S",
            "time":"18.10.2020 03:34:14",
            "turn-index":0,
            "utterance":"なんですか？"
        },
        {
            "speaker":"U",
            "time":"18.10.2020 03:36:04",
            "turn-index":1,
            "utterance":"今度同窓会しようって話があるんだ。"
        },
        {
            "speaker":"S",
            "time":"18.10.2020 03:36:05",
            "turn-index":2,
            "utterance":"はい"
        },
        {
            "speaker":"U",
            "time":"18.10.2020 03:36:22",
            "turn-index":3,
            "utterance":"久しぶりにみんなで集まろうってね。"
        },
        {
            "speaker":"S",
            "time":"18.10.2020 03:36:23",
            "turn-index":4,
            "utterance":"はい"
        },
        {
            "speaker":"U",
            "time":"18.10.2020 03:37:22",
            "turn-index":5,
            "utterance":"お前今年で卒業だよな。"
        },
        {
            "speaker":"S",
            "time":"18.10.2020 03:37:23",
            "turn-index":6,
            "utterance":"はい"
        },
        {
            "speaker":"U",
            "time":"18.10.2020 03:37:58",
            "turn-index":7,
            "utterance":"悪いんだけど、同窓会の幹事頼めないかな？"
        },
        {
            "speaker":"S",
            "time":"18.10.2020 03:37:59",
            "turn-index":8,
            "utterance":"あー"
        },
        {
            "speaker":"U",
            "time":"18.10.2020 03:38:59",
            "turn-index":9,
            "utterance":"お前ならうまくやってくれると思って。"
        },
        {
            "speaker":"S",
            "time":"18.10.2020 03:39:00",
            "turn-index":10,
            "utterance":"いやー厳しいですね…"
        },
        {
            "speaker":"U",
            "time":"18.10.2020 03:39:20",
            "turn-index":11,
            "utterance":"そこを何とか頼むよ。めんどくさいだろうけどさ。"
        },
        {
            "speaker":"S",
            "time":"18.10.2020 03:39:20",
            "turn-index":12,
            "utterance":"いつ頃やる感じですか？"
        },
        {
            "speaker":"U",
            "time":"18.10.2020 03:40:19",
            "turn-index":13,
            "utterance":"5月か6月くらいかな。"
        },
        {
            "speaker":"S",
            "time":"18.10.2020 03:40:20",
            "turn-index":14,
            "utterance":"うーん"
        },
        {
            "speaker":"U",
            "time":"18.10.2020 03:41:13",
            "turn-index":15,
            "utterance":"何とか頼むよー。"
        },
        {
            "speaker":"S",
            "time":"18.10.2020 03:41:14",
            "turn-index":16,
            "utterance":"いやー最近結構忙しいんですよね…"
        },
        {
            "speaker":"U",
            "time":"18.10.2020 03:41:51",
            "turn-index":17,
            "utterance":"そうだろうけども！盛り上げられるのはお前しかいないからさ。"
        },
        {
            "speaker":"S",
            "time":"18.10.2020 03:41:51",
            "turn-index":18,
            "utterance":"ていうか，どこでやるんですか？"
        },
        {
            "speaker":"U",
            "time":"18.10.2020 03:43:14",
            "turn-index":19,
            "utterance":"まだ決まってないから好きな店あったらそこで。無かったらいつもの居酒屋でどう？"
        },
        {
            "speaker":"S",
            "time":"18.10.2020 03:43:15",
            "turn-index":20,
            "utterance":"まあ，そうですよね"
        },
        {
            "speaker":"U",
            "time":"18.10.2020 03:43:31",
            "turn-index":21,
            "utterance":"うん、そんな感じで頼むよ。"
        },
        {
            "speaker":"S",
            "time":"18.10.2020 03:43:31",
            "turn-index":22,
            "utterance":"いやー，なんとか他の人にお願いできればありがたいっす…"
        },
        {
            "speaker":"U",
            "time":"18.10.2020 03:44:15",
            "turn-index":23,
            "utterance":"俺にお前以上に頼りにできる人いないからさー。"
        },
        {
            "speaker":"S",
            "time":"18.10.2020 03:44:16",
            "turn-index":24,
            "utterance":"最近ほんと忙しいんですよ…"
        },
        {
            "speaker":"U",
            "time":"18.10.2020 03:44:53",
            "turn-index":25,
            "utterance":"頼む！いつか埋め合わせはするから。"
        },
        {
            "speaker":"S",
            "time":"18.10.2020 03:44:54",
            "turn-index":26,
            "utterance":"規模はどんな感じを想定してます？"
        },
        {
            "speaker":"U",
            "time":"18.10.2020 03:45:09",
            "turn-index":27,
            "utterance":"30人くらいだと思う。"
        },
        {
            "speaker":"S",
            "time":"18.10.2020 03:45:10",
            "turn-index":28,
            "utterance":"あーそんな感じなんですね"
        },
        {
            "speaker":"U",
            "time":"18.10.2020 03:45:27",
            "turn-index":29,
            "utterance":"そそ、いつもの感じね。"
        },
        {
            "speaker":"S",
            "time":"18.10.2020 03:45:28",
            "turn-index":30,
            "utterance":"あ！わかった！それじゃあこうしましょうよ"
        }
    ]
}