{
    "dialogue-id":"KOM_08",
    "group-id":"",
    "speaker-id":"KomuRobot",
    "turns":[
        {
            "speaker":"S",
            "time":"17.10.2020 14:50:53",
            "turn-index":0,
            "utterance":"なんですか？"
        },
        {
            "speaker":"U",
            "time":"17.10.2020 14:51:11",
            "turn-index":1,
            "utterance":"今度の同窓会の幹事をお願いできるかな？"
        },
        {
            "speaker":"S",
            "time":"17.10.2020 14:51:12",
            "turn-index":2,
            "utterance":"あー"
        },
        {
            "speaker":"U",
            "time":"17.10.2020 14:51:20",
            "turn-index":3,
            "utterance":"頼むよ。"
        },
        {
            "speaker":"S",
            "time":"17.10.2020 14:51:21",
            "turn-index":4,
            "utterance":"いやー厳しいですね…"
        },
        {
            "speaker":"U",
            "time":"17.10.2020 14:51:39",
            "turn-index":5,
            "utterance":"できない理由が何かあるの？"
        },
        {
            "speaker":"S",
            "time":"17.10.2020 14:51:40",
            "turn-index":6,
            "utterance":"いつ頃やる感じですか？"
        },
        {
            "speaker":"U",
            "time":"17.10.2020 14:51:52",
            "turn-index":7,
            "utterance":"来月くらいかな。"
        },
        {
            "speaker":"S",
            "time":"17.10.2020 14:51:53",
            "turn-index":8,
            "utterance":"うーん"
        },
        {
            "speaker":"U",
            "time":"17.10.2020 14:52:01",
            "turn-index":9,
            "utterance":"お願いします。"
        },
        {
            "speaker":"S",
            "time":"17.10.2020 14:52:02",
            "turn-index":10,
            "utterance":"いやー最近結構忙しいんですよね…"
        },
        {
            "speaker":"U",
            "time":"17.10.2020 14:52:14",
            "turn-index":11,
            "utterance":"忙しいのはみんな一緒だよ。"
        },
        {
            "speaker":"S",
            "time":"17.10.2020 14:52:15",
            "turn-index":12,
            "utterance":"ていうか，どこでやるんですか？"
        },
        {
            "speaker":"U",
            "time":"17.10.2020 14:52:23",
            "turn-index":13,
            "utterance":"まだ決まってない。"
        },
        {
            "speaker":"S",
            "time":"17.10.2020 14:52:23",
            "turn-index":14,
            "utterance":"うーん…"
        },
        {
            "speaker":"U",
            "time":"17.10.2020 14:52:44",
            "turn-index":15,
            "utterance":"頼めるのが清水しかいないんだ。"
        },
        {
            "speaker":"S",
            "time":"17.10.2020 14:52:45",
            "turn-index":16,
            "utterance":"いやー，なんとか他の人にお願いできればありがたいっす…"
        },
        {
            "speaker":"U",
            "time":"17.10.2020 14:52:59",
            "turn-index":17,
            "utterance":"清水だけが希望なんだよ。"
        },
        {
            "speaker":"S",
            "time":"17.10.2020 14:53:00",
            "turn-index":18,
            "utterance":"最近ほんと忙しいんですよ…"
        },
        {
            "speaker":"U",
            "time":"17.10.2020 14:53:16",
            "turn-index":19,
            "utterance":"できるだけ手伝うから頼むよ。"
        },
        {
            "speaker":"S",
            "time":"17.10.2020 14:53:17",
            "turn-index":20,
            "utterance":"規模はどんな感じを想定してます？"
        },
        {
            "speaker":"U",
            "time":"17.10.2020 14:53:26",
            "turn-index":21,
            "utterance":"例年通りかな。"
        },
        {
            "speaker":"S",
            "time":"17.10.2020 14:53:27",
            "turn-index":22,
            "utterance":"いやあ，でもやっぱり厳しいなあ…"
        },
        {
            "speaker":"U",
            "time":"17.10.2020 14:53:42",
            "turn-index":23,
            "utterance":"みんな協力するからお願い。"
        },
        {
            "speaker":"S",
            "time":"17.10.2020 14:53:43",
            "turn-index":24,
            "utterance":"あ！わかった！それじゃあこうしましょうよ"
        },
        {
            "speaker":"U",
            "time":"17.10.2020 14:53:50",
            "turn-index":25,
            "utterance":"どうするの？"
        },
        {
            "speaker":"S",
            "time":"17.10.2020 14:53:50",
            "turn-index":26,
            "utterance":"あ，いやなんでもないっす．忘れてください笑"
        },
        {
            "speaker":"U",
            "time":"17.10.2020 14:53:59",
            "turn-index":27,
            "utterance":"なんだよそれw"
        },
        {
            "speaker":"S",
            "time":"17.10.2020 14:54:00",
            "turn-index":28,
            "utterance":"いやちょっと思いついたことがあったんですが，無理でしたわ．本当に誰もやれる人いないんですか？"
        },
        {
            "speaker":"U",
            "time":"17.10.2020 14:54:16",
            "turn-index":29,
            "utterance":"誰もいないね…"
        },
        {
            "speaker":"S",
            "time":"17.10.2020 14:54:18",
            "turn-index":30,
            "utterance":"いやあ困っちゃったなあ"
        }
    ]
}