{
    "dialogue-id":"KOM_13",
    "group-id":"",
    "speaker-id":"KomuRobot",
    "turns":[
        {
            "speaker":"S",
            "time":"17.10.2020 18:20:24",
            "turn-index":0,
            "utterance":"なんですか？"
        },
        {
            "speaker":"U",
            "time":"17.10.2020 18:21:00",
            "turn-index":1,
            "utterance":"今年のサークルの同窓会の幹事をお願いしたいんだけど。"
        },
        {
            "speaker":"S",
            "time":"17.10.2020 18:21:01",
            "turn-index":2,
            "utterance":"あー"
        },
        {
            "speaker":"U",
            "time":"17.10.2020 18:21:17",
            "turn-index":3,
            "utterance":"どう？引き受けてくれるかな？"
        },
        {
            "speaker":"S",
            "time":"17.10.2020 18:21:17",
            "turn-index":4,
            "utterance":"いやー厳しいですね…"
        },
        {
            "speaker":"U",
            "time":"17.10.2020 18:21:34",
            "turn-index":5,
            "utterance":"なんで？何か理由でもあるの？"
        },
        {
            "speaker":"S",
            "time":"17.10.2020 18:21:35",
            "turn-index":6,
            "utterance":"いつ頃やる感じですか？"
        },
        {
            "speaker":"U",
            "time":"17.10.2020 18:22:25",
            "turn-index":7,
            "utterance":"決まってないよ。清水が都合のいい候補日をいくつかピックアップしてくれればいいよ。"
        },
        {
            "speaker":"S",
            "time":"17.10.2020 18:22:26",
            "turn-index":8,
            "utterance":"うーん"
        },
        {
            "speaker":"U",
            "time":"17.10.2020 18:22:45",
            "turn-index":9,
            "utterance":"やってくれるよな。"
        },
        {
            "speaker":"S",
            "time":"17.10.2020 18:22:46",
            "turn-index":10,
            "utterance":"いやー最近結構忙しいんですよね…"
        },
        {
            "speaker":"U",
            "time":"17.10.2020 18:23:49",
            "turn-index":11,
            "utterance":"周りの人間にサポートを頼んでみたらどうかな。一人で背負い込む必要はないよ。"
        },
        {
            "speaker":"S",
            "time":"17.10.2020 18:23:49",
            "turn-index":12,
            "utterance":"ていうか，どこでやるんですか？"
        },
        {
            "speaker":"U",
            "time":"17.10.2020 18:24:37",
            "turn-index":13,
            "utterance":"場所も決まってない。清水がサークル仲間とよく行く店で構わないけど。"
        },
        {
            "speaker":"S",
            "time":"17.10.2020 18:24:38",
            "turn-index":14,
            "utterance":"うーん…"
        },
        {
            "speaker":"U",
            "time":"17.10.2020 18:25:10",
            "turn-index":15,
            "utterance":"そんなに難しく考えなくていいよ。俺もサポートするけど。"
        },
        {
            "speaker":"S",
            "time":"17.10.2020 18:25:11",
            "turn-index":16,
            "utterance":"いやー，なんとか他の人にお願いできればありがたいっす…"
        },
        {
            "speaker":"U",
            "time":"17.10.2020 18:26:04",
            "turn-index":17,
            "utterance":"俺の知ってる限りだと清水よりしっかりした頼りがいのあるやつは他にいないんだよね。何とか頼むよ。"
        },
        {
            "speaker":"S",
            "time":"17.10.2020 18:26:04",
            "turn-index":18,
            "utterance":"最近ほんと忙しいんですよ…"
        },
        {
            "speaker":"U",
            "time":"17.10.2020 18:26:30",
            "turn-index":19,
            "utterance":"何がそんなに忙しいの？"
        },
        {
            "speaker":"S",
            "time":"17.10.2020 18:26:31",
            "turn-index":20,
            "utterance":"まあまあ，そこはいいじゃないすか笑"
        },
        {
            "speaker":"U",
            "time":"17.10.2020 18:26:57",
            "turn-index":21,
            "utterance":"俺で良ければ相談にのるけど。"
        },
        {
            "speaker":"S",
            "time":"17.10.2020 18:26:58",
            "turn-index":22,
            "utterance":"規模はどんな感じを想定してます？"
        },
        {
            "speaker":"U",
            "time":"17.10.2020 18:27:34",
            "turn-index":23,
            "utterance":"参加できない人も結構いるから、去年までの感じだと30人から40人くらいじゃないかな。"
        },
        {
            "speaker":"S",
            "time":"17.10.2020 18:27:35",
            "turn-index":24,
            "utterance":"あーそんな感じなんですね"
        },
        {
            "speaker":"U",
            "time":"17.10.2020 18:28:20",
            "turn-index":25,
            "utterance":"そう。それに同じサークルの先輩後輩だから堅苦しい高級店でなくてもいいよ。"
        },
        {
            "speaker":"S",
            "time":"17.10.2020 18:28:21",
            "turn-index":26,
            "utterance":"あ！わかった！それじゃあこうしましょうよ"
        },
        {
            "speaker":"U",
            "time":"17.10.2020 18:28:32",
            "turn-index":27,
            "utterance":"どうするつもり？"
        },
        {
            "speaker":"S",
            "time":"17.10.2020 18:28:34",
            "turn-index":28,
            "utterance":"あ，いやなんでもないっす．忘れてください笑"
        },
        {
            "speaker":"U",
            "time":"17.10.2020 18:29:08",
            "turn-index":29,
            "utterance":"なんだよ笑　引き受けてくれるってことでいいんだよな。"
        },
        {
            "speaker":"S",
            "time":"17.10.2020 18:29:09",
            "turn-index":30,
            "utterance":"いやちょっと思いついたことがあったんですが，無理でしたわ．本当に誰もやれる人いないんですか？"
        }
    ]
}