{
    "dialogue-id":"KOM_05",
    "group-id":"",
    "speaker-id":"KomuRobot",
    "turns":[
        {
            "speaker":"S",
            "time":"17.10.2020 14:50:43",
            "turn-index":0,
            "utterance":"なんですか？"
        },
        {
            "speaker":"U",
            "time":"17.10.2020 14:51:00",
            "turn-index":1,
            "utterance":"サークルの同窓会あるじゃん？"
        },
        {
            "speaker":"S",
            "time":"17.10.2020 14:51:01",
            "turn-index":2,
            "utterance":"はい"
        },
        {
            "speaker":"U",
            "time":"17.10.2020 14:51:11",
            "turn-index":3,
            "utterance":"あれの幹事をやってほしいんだけど"
        },
        {
            "speaker":"S",
            "time":"17.10.2020 14:51:11",
            "turn-index":4,
            "utterance":"あー"
        },
        {
            "speaker":"U",
            "time":"17.10.2020 14:51:22",
            "turn-index":5,
            "utterance":"出来ればやってくれんか？"
        },
        {
            "speaker":"S",
            "time":"17.10.2020 14:51:24",
            "turn-index":6,
            "utterance":"いやー厳しいですね…"
        },
        {
            "speaker":"U",
            "time":"17.10.2020 14:51:30",
            "turn-index":7,
            "utterance":"俺も手伝うからさ"
        },
        {
            "speaker":"S",
            "time":"17.10.2020 14:51:31",
            "turn-index":8,
            "utterance":"いつ頃やる感じですか？"
        },
        {
            "speaker":"U",
            "time":"17.10.2020 14:51:39",
            "turn-index":9,
            "utterance":"3月くらいかな"
        },
        {
            "speaker":"S",
            "time":"17.10.2020 14:51:40",
            "turn-index":10,
            "utterance":"うーん"
        },
        {
            "speaker":"U",
            "time":"17.10.2020 14:51:52",
            "turn-index":11,
            "utterance":"お前しか頼めるやついないんよ"
        },
        {
            "speaker":"S",
            "time":"17.10.2020 14:51:53",
            "turn-index":12,
            "utterance":"いやー最近結構忙しいんですよね…"
        },
        {
            "speaker":"U",
            "time":"17.10.2020 14:52:04",
            "turn-index":13,
            "utterance":"他の奴にも手伝わせるからさ"
        },
        {
            "speaker":"S",
            "time":"17.10.2020 14:52:05",
            "turn-index":14,
            "utterance":"ていうか，どこでやるんですか？"
        },
        {
            "speaker":"U",
            "time":"17.10.2020 14:52:12",
            "turn-index":15,
            "utterance":"学校の近くの居酒屋"
        },
        {
            "speaker":"S",
            "time":"17.10.2020 14:52:13",
            "turn-index":16,
            "utterance":"うーん…"
        },
        {
            "speaker":"U",
            "time":"17.10.2020 14:52:18",
            "turn-index":17,
            "utterance":"頼むよ"
        },
        {
            "speaker":"S",
            "time":"17.10.2020 14:52:18",
            "turn-index":18,
            "utterance":"いやー，なんとか他の人にお願いできればありがたいっす…"
        },
        {
            "speaker":"U",
            "time":"17.10.2020 14:52:39",
            "turn-index":19,
            "utterance":"大学の時の借りがあるだろ？"
        },
        {
            "speaker":"S",
            "time":"17.10.2020 14:52:40",
            "turn-index":20,
            "utterance":"最近ほんと忙しいんですよ…"
        },
        {
            "speaker":"U",
            "time":"17.10.2020 14:52:50",
            "turn-index":21,
            "utterance":"大変なことにならないようにするから"
        },
        {
            "speaker":"S",
            "time":"17.10.2020 14:52:51",
            "turn-index":22,
            "utterance":"規模はどんな感じを想定してます？"
        },
        {
            "speaker":"U",
            "time":"17.10.2020 14:53:05",
            "turn-index":23,
            "utterance":"30人くらいかな"
        },
        {
            "speaker":"S",
            "time":"17.10.2020 14:53:06",
            "turn-index":24,
            "utterance":"あーそんな感じなんですね"
        },
        {
            "speaker":"U",
            "time":"17.10.2020 14:53:12",
            "turn-index":25,
            "utterance":"そんなに多くはないよ"
        },
        {
            "speaker":"S",
            "time":"17.10.2020 14:53:13",
            "turn-index":26,
            "utterance":"あ！わかった！それじゃあこうしましょうよ"
        },
        {
            "speaker":"U",
            "time":"17.10.2020 14:53:18",
            "turn-index":27,
            "utterance":"ん？"
        },
        {
            "speaker":"S",
            "time":"17.10.2020 14:53:18",
            "turn-index":28,
            "utterance":"あ，いやなんでもないっす．忘れてください笑"
        },
        {
            "speaker":"U",
            "time":"17.10.2020 14:53:27",
            "turn-index":29,
            "utterance":"まぁとにかくやってくれよ"
        },
        {
            "speaker":"S",
            "time":"17.10.2020 14:53:29",
            "turn-index":30,
            "utterance":"ほんとに誰もやれる人いないんですか？"
        }
    ]
}