{
    "dialogue-id":"KOM_02",
    "group-id":"",
    "speaker-id":"KomuRobot",
    "turns":[
        {
            "speaker":"S",
            "time":"17.10.2020 21:09:28",
            "turn-index":0,
            "utterance":"なんですか？"
        },
        {
            "speaker":"U",
            "time":"17.10.2020 21:09:50",
            "turn-index":1,
            "utterance":"同窓会のことなんだけど"
        },
        {
            "speaker":"S",
            "time":"17.10.2020 21:09:50",
            "turn-index":2,
            "utterance":"はい"
        },
        {
            "speaker":"U",
            "time":"17.10.2020 21:10:16",
            "turn-index":3,
            "utterance":"幹事をやってくれないか"
        },
        {
            "speaker":"S",
            "time":"17.10.2020 21:10:16",
            "turn-index":4,
            "utterance":"あー"
        },
        {
            "speaker":"U",
            "time":"17.10.2020 21:10:25",
            "turn-index":5,
            "utterance":"お願い！"
        },
        {
            "speaker":"S",
            "time":"17.10.2020 21:10:25",
            "turn-index":6,
            "utterance":"いやー厳しいですね…"
        },
        {
            "speaker":"U",
            "time":"17.10.2020 21:10:42",
            "turn-index":7,
            "utterance":"どうして？"
        },
        {
            "speaker":"S",
            "time":"17.10.2020 21:10:42",
            "turn-index":8,
            "utterance":"いつ頃やる感じですか？"
        },
        {
            "speaker":"U",
            "time":"17.10.2020 21:10:57",
            "turn-index":9,
            "utterance":"5月ごろ"
        },
        {
            "speaker":"S",
            "time":"17.10.2020 21:10:58",
            "turn-index":10,
            "utterance":"うーん"
        },
        {
            "speaker":"U",
            "time":"17.10.2020 21:11:19",
            "turn-index":11,
            "utterance":"お前にしか頼めないんだよ"
        },
        {
            "speaker":"S",
            "time":"17.10.2020 21:11:19",
            "turn-index":12,
            "utterance":"いやー最近結構忙しいんですよね…"
        },
        {
            "speaker":"U",
            "time":"17.10.2020 21:11:43",
            "turn-index":13,
            "utterance":"幹事って言ってもそんなにやることはないからさ"
        },
        {
            "speaker":"S",
            "time":"17.10.2020 21:11:44",
            "turn-index":14,
            "utterance":"はい…"
        },
        {
            "speaker":"U",
            "time":"17.10.2020 21:11:52",
            "turn-index":15,
            "utterance":"だからお願い！"
        },
        {
            "speaker":"S",
            "time":"17.10.2020 21:11:53",
            "turn-index":16,
            "utterance":"ていうか，どこでやるんですか？"
        },
        {
            "speaker":"U",
            "time":"17.10.2020 21:12:21",
            "turn-index":17,
            "utterance":"大学の近くの公民館"
        },
        {
            "speaker":"S",
            "time":"17.10.2020 21:12:22",
            "turn-index":18,
            "utterance":"うーん…"
        },
        {
            "speaker":"U",
            "time":"17.10.2020 21:12:44",
            "turn-index":19,
            "utterance":"ほんとに仕事なんてないから！"
        },
        {
            "speaker":"S",
            "time":"17.10.2020 21:12:45",
            "turn-index":20,
            "utterance":"いやー，なんとか他の人にお願いできればありがたいっす…"
        },
        {
            "speaker":"U",
            "time":"17.10.2020 21:12:59",
            "turn-index":21,
            "utterance":"お前ならできるって！"
        },
        {
            "speaker":"S",
            "time":"17.10.2020 21:13:00",
            "turn-index":22,
            "utterance":"最近ほんと忙しいんですよ…"
        },
        {
            "speaker":"U",
            "time":"17.10.2020 21:13:26",
            "turn-index":23,
            "utterance":"すきま時間でできるよ"
        },
        {
            "speaker":"S",
            "time":"17.10.2020 21:13:27",
            "turn-index":24,
            "utterance":"ていうか何人くらいでやる予定ですか？"
        },
        {
            "speaker":"U",
            "time":"17.10.2020 21:13:38",
            "turn-index":25,
            "utterance":"85人くらい"
        },
        {
            "speaker":"S",
            "time":"17.10.2020 21:13:39",
            "turn-index":26,
            "utterance":"あーそんな感じなんですね"
        },
        {
            "speaker":"U",
            "time":"17.10.2020 21:13:55",
            "turn-index":27,
            "utterance":"そんな大したことじゃないだろ？"
        },
        {
            "speaker":"S",
            "time":"17.10.2020 21:13:56",
            "turn-index":28,
            "utterance":"あ！わかった！それじゃあこうしましょうよ"
        },
        {
            "speaker":"U",
            "time":"17.10.2020 21:14:03",
            "turn-index":29,
            "utterance":"なんだ？"
        },
        {
            "speaker":"S",
            "time":"17.10.2020 21:14:04",
            "turn-index":30,
            "utterance":"あ，いやなんでもないっす．忘れてください笑"
        }
    ]
}