{
    "dialogue-id":"KOM_09",
    "group-id":"",
    "speaker-id":"KomuRobot",
    "turns":[
        {
            "speaker":"S",
            "time":"17.10.2020 14:05:32",
            "turn-index":0,
            "utterance":"なんですか？"
        },
        {
            "speaker":"U",
            "time":"17.10.2020 14:05:55",
            "turn-index":1,
            "utterance":"君にお願いするのがベストなんだよ"
        },
        {
            "speaker":"S",
            "time":"17.10.2020 14:05:56",
            "turn-index":2,
            "utterance":"はい"
        },
        {
            "speaker":"U",
            "time":"17.10.2020 14:06:19",
            "turn-index":3,
            "utterance":"なんとか引き受けてくれないかな"
        },
        {
            "speaker":"S",
            "time":"17.10.2020 14:06:20",
            "turn-index":4,
            "utterance":"はい"
        },
        {
            "speaker":"U",
            "time":"17.10.2020 14:06:29",
            "turn-index":5,
            "utterance":"かまわないかい？"
        },
        {
            "speaker":"S",
            "time":"17.10.2020 14:06:30",
            "turn-index":6,
            "utterance":"はい"
        },
        {
            "speaker":"U",
            "time":"17.10.2020 14:06:37",
            "turn-index":7,
            "utterance":"だめなの？"
        },
        {
            "speaker":"S",
            "time":"17.10.2020 14:06:38",
            "turn-index":8,
            "utterance":"はい"
        },
        {
            "speaker":"U",
            "time":"17.10.2020 14:06:53",
            "turn-index":9,
            "utterance":"頼むよ"
        },
        {
            "speaker":"S",
            "time":"17.10.2020 14:06:54",
            "turn-index":10,
            "utterance":"はい"
        },
        {
            "speaker":"U",
            "time":"17.10.2020 14:07:10",
            "turn-index":11,
            "utterance":"はいしかいってないで、お願いします"
        },
        {
            "speaker":"S",
            "time":"17.10.2020 14:07:11",
            "turn-index":12,
            "utterance":"はい"
        },
        {
            "speaker":"U",
            "time":"17.10.2020 14:07:20",
            "turn-index":13,
            "utterance":"怒ってるのかな？"
        },
        {
            "speaker":"S",
            "time":"17.10.2020 14:07:21",
            "turn-index":14,
            "utterance":"はい"
        },
        {
            "speaker":"U",
            "time":"17.10.2020 14:07:40",
            "turn-index":15,
            "utterance":"そんなロボットみたいな応答しないでさあ"
        },
        {
            "speaker":"S",
            "time":"17.10.2020 14:07:41",
            "turn-index":16,
            "utterance":"はい"
        },
        {
            "speaker":"U",
            "time":"17.10.2020 14:07:54",
            "turn-index":17,
            "utterance":"清水くん"
        },
        {
            "speaker":"S",
            "time":"17.10.2020 14:07:55",
            "turn-index":18,
            "utterance":"はい"
        },
        {
            "speaker":"U",
            "time":"17.10.2020 14:08:06",
            "turn-index":19,
            "utterance":"聞いてるかい？"
        },
        {
            "speaker":"S",
            "time":"17.10.2020 14:08:07",
            "turn-index":20,
            "utterance":"はい"
        },
        {
            "speaker":"U",
            "time":"17.10.2020 14:09:01",
            "turn-index":21,
            "utterance":"このとおりだからさあ"
        },
        {
            "speaker":"S",
            "time":"17.10.2020 14:09:03",
            "turn-index":22,
            "utterance":"はい"
        },
        {
            "speaker":"U",
            "time":"17.10.2020 14:09:10",
            "turn-index":23,
            "utterance":"もしもし？"
        },
        {
            "speaker":"S",
            "time":"17.10.2020 14:09:12",
            "turn-index":24,
            "utterance":"はい"
        },
        {
            "speaker":"U",
            "time":"17.10.2020 14:09:32",
            "turn-index":25,
            "utterance":"はいしかいってないよ君"
        },
        {
            "speaker":"S",
            "time":"17.10.2020 14:09:33",
            "turn-index":26,
            "utterance":"はい"
        },
        {
            "speaker":"U",
            "time":"17.10.2020 14:09:39",
            "turn-index":27,
            "utterance":"もうだめだな"
        },
        {
            "speaker":"S",
            "time":"17.10.2020 14:09:39",
            "turn-index":28,
            "utterance":"はい"
        },
        {
            "speaker":"U",
            "time":"17.10.2020 14:09:48",
            "turn-index":29,
            "utterance":"清水がおかしくなった"
        },
        {
            "speaker":"S",
            "time":"17.10.2020 14:09:50",
            "turn-index":30,
            "utterance":"はい"
        }
    ]
}