{
    "dialogue-id":"KOM_24",
    "group-id":"",
    "speaker-id":"KomuRobot",
    "turns":[
        {
            "speaker":"S",
            "time":"17.10.2020 18:40:50",
            "turn-index":0,
            "utterance":"なんですか？"
        },
        {
            "speaker":"U",
            "time":"17.10.2020 18:41:40",
            "turn-index":1,
            "utterance":"今度サークルの同窓会があるんだけど幹事をやってくれないかな？"
        },
        {
            "speaker":"S",
            "time":"17.10.2020 18:41:41",
            "turn-index":2,
            "utterance":"あー"
        },
        {
            "speaker":"U",
            "time":"17.10.2020 18:42:10",
            "turn-index":3,
            "utterance":"うん、急なお願いで悪いんだけどさ"
        },
        {
            "speaker":"S",
            "time":"17.10.2020 18:42:10",
            "turn-index":4,
            "utterance":"いやー厳しいですね…"
        },
        {
            "speaker":"U",
            "time":"17.10.2020 18:42:25",
            "turn-index":5,
            "utterance":"やっぱり忙しい？"
        },
        {
            "speaker":"S",
            "time":"17.10.2020 18:42:26",
            "turn-index":6,
            "utterance":"いつ頃やる感じですか？"
        },
        {
            "speaker":"U",
            "time":"17.10.2020 18:44:21",
            "turn-index":7,
            "utterance":"12月の予定が合う日かな？"
        },
        {
            "speaker":"S",
            "time":"17.10.2020 18:44:22",
            "turn-index":8,
            "utterance":"うーん"
        },
        {
            "speaker":"U",
            "time":"17.10.2020 18:44:54",
            "turn-index":9,
            "utterance":"幹事やるの難しい？"
        },
        {
            "speaker":"S",
            "time":"17.10.2020 18:44:55",
            "turn-index":10,
            "utterance":"いやー最近結構忙しいんですよね…"
        },
        {
            "speaker":"U",
            "time":"17.10.2020 18:45:49",
            "turn-index":11,
            "utterance":"みんな忙しい人が多くてね。清水に頼みたいなって"
        },
        {
            "speaker":"S",
            "time":"17.10.2020 18:45:49",
            "turn-index":12,
            "utterance":"ていうか，どこでやるんですか？"
        },
        {
            "speaker":"U",
            "time":"17.10.2020 18:46:07",
            "turn-index":13,
            "utterance":"それはまだ決まってなくて"
        },
        {
            "speaker":"S",
            "time":"17.10.2020 18:46:07",
            "turn-index":14,
            "utterance":"うーん…"
        },
        {
            "speaker":"U",
            "time":"17.10.2020 18:46:30",
            "turn-index":15,
            "utterance":"これから相談して決めるかな"
        },
        {
            "speaker":"S",
            "time":"17.10.2020 18:46:30",
            "turn-index":16,
            "utterance":"いやー，なんとか他の人にお願いできればありがたいっす…"
        },
        {
            "speaker":"U",
            "time":"17.10.2020 18:47:04",
            "turn-index":17,
            "utterance":"そうなんだけどね、他の人が忙しくて難しいって"
        },
        {
            "speaker":"S",
            "time":"17.10.2020 18:47:05",
            "turn-index":18,
            "utterance":"最近ほんと忙しいんですよ…"
        },
        {
            "speaker":"U",
            "time":"17.10.2020 18:47:36",
            "turn-index":19,
            "utterance":"年末になるもんね。でもそこをなんとか"
        },
        {
            "speaker":"S",
            "time":"17.10.2020 18:47:36",
            "turn-index":20,
            "utterance":"ていうか何人くらいでやる予定ですか？"
        },
        {
            "speaker":"U",
            "time":"17.10.2020 18:48:07",
            "turn-index":21,
            "utterance":"えっと20人くらいかな"
        },
        {
            "speaker":"S",
            "time":"17.10.2020 18:48:08",
            "turn-index":22,
            "utterance":"あーそんな感じなんですね"
        },
        {
            "speaker":"U",
            "time":"17.10.2020 18:48:47",
            "turn-index":23,
            "utterance":"うん増減はあるかもしれないけど"
        },
        {
            "speaker":"S",
            "time":"17.10.2020 18:48:48",
            "turn-index":24,
            "utterance":"あ！わかった！それじゃあこうしましょうよ"
        },
        {
            "speaker":"U",
            "time":"17.10.2020 18:49:03",
            "turn-index":25,
            "utterance":"うん、なになに？"
        },
        {
            "speaker":"S",
            "time":"17.10.2020 18:49:03",
            "turn-index":26,
            "utterance":"あ，いやなんでもないっす．忘れてください笑"
        },
        {
            "speaker":"U",
            "time":"17.10.2020 18:49:56",
            "turn-index":27,
            "utterance":"えーっ、言ってほしい"
        },
        {
            "speaker":"S",
            "time":"17.10.2020 18:49:57",
            "turn-index":28,
            "utterance":"ほんとに誰もやれる人いないんですか？"
        },
        {
            "speaker":"U",
            "time":"17.10.2020 18:50:24",
            "turn-index":29,
            "utterance":"そう、ほんとにいないから困ってる。だからぜひ幹事やってほしい"
        },
        {
            "speaker":"S",
            "time":"17.10.2020 18:50:24",
            "turn-index":30,
            "utterance":"いやあ困っちゃったなあ"
        }
    ]
}