{
    "dialogue-id":"KOM_31",
    "group-id":"",
    "speaker-id":"KomuRobot",
    "turns":[
        {
            "speaker":"S",
            "time":"17.10.2020 18:12:10",
            "turn-index":0,
            "utterance":"なんですか？"
        },
        {
            "speaker":"U",
            "time":"17.10.2020 18:12:25",
            "turn-index":1,
            "utterance":"ちょっと頼みがあるんだけど聞いてもらえるかな？"
        },
        {
            "speaker":"S",
            "time":"17.10.2020 18:12:25",
            "turn-index":2,
            "utterance":"はい"
        },
        {
            "speaker":"U",
            "time":"17.10.2020 18:12:39",
            "turn-index":3,
            "utterance":"今年もサークルの同窓会をやろうって話になってさ"
        },
        {
            "speaker":"S",
            "time":"17.10.2020 18:12:40",
            "turn-index":4,
            "utterance":"はい"
        },
        {
            "speaker":"U",
            "time":"17.10.2020 18:12:55",
            "turn-index":5,
            "utterance":"それで今年の幹事はシンジがいいなって流れになったんだ"
        },
        {
            "speaker":"S",
            "time":"17.10.2020 18:12:56",
            "turn-index":6,
            "utterance":"あー"
        },
        {
            "speaker":"U",
            "time":"17.10.2020 18:13:08",
            "turn-index":7,
            "utterance":"幹事、引き受けてもらえないかな？"
        },
        {
            "speaker":"S",
            "time":"17.10.2020 18:13:09",
            "turn-index":8,
            "utterance":"いやー厳しいですね…"
        },
        {
            "speaker":"U",
            "time":"17.10.2020 18:13:19",
            "turn-index":9,
            "utterance":"何か都合が悪かった？"
        },
        {
            "speaker":"S",
            "time":"17.10.2020 18:13:19",
            "turn-index":10,
            "utterance":"いつ頃やる感じですか？"
        },
        {
            "speaker":"U",
            "time":"17.10.2020 18:13:35",
            "turn-index":11,
            "utterance":"まあ夏くらいまでに開きたいなって"
        },
        {
            "speaker":"S",
            "time":"17.10.2020 18:13:36",
            "turn-index":12,
            "utterance":"うーん"
        },
        {
            "speaker":"U",
            "time":"17.10.2020 18:13:50",
            "turn-index":13,
            "utterance":"それくらいなら卒業生も少し落ち着いてると思うんだ"
        },
        {
            "speaker":"S",
            "time":"17.10.2020 18:13:51",
            "turn-index":14,
            "utterance":"いやー最近結構忙しいんですよね…"
        },
        {
            "speaker":"U",
            "time":"17.10.2020 18:14:18",
            "turn-index":15,
            "utterance":"うん、だからシンジ達が落ち着いた頃に開いてくれればいいよ"
        },
        {
            "speaker":"S",
            "time":"17.10.2020 18:14:19",
            "turn-index":16,
            "utterance":"ていうか，どこでやるんですか？"
        },
        {
            "speaker":"U",
            "time":"17.10.2020 18:14:31",
            "turn-index":17,
            "utterance":"集まりやすいのは大学の近くかな"
        },
        {
            "speaker":"S",
            "time":"17.10.2020 18:14:32",
            "turn-index":18,
            "utterance":"うーん…"
        },
        {
            "speaker":"U",
            "time":"17.10.2020 18:14:40",
            "turn-index":19,
            "utterance":"シンジにしか頼めないんだよね"
        },
        {
            "speaker":"S",
            "time":"17.10.2020 18:14:41",
            "turn-index":20,
            "utterance":"いやー，なんとか他の人にお願いできればありがたいっす…"
        },
        {
            "speaker":"U",
            "time":"17.10.2020 18:15:00",
            "turn-index":21,
            "utterance":"今の代のまとめ役はシンジだっただろ？"
        },
        {
            "speaker":"S",
            "time":"17.10.2020 18:15:01",
            "turn-index":22,
            "utterance":"最近ほんと忙しいんですよ…"
        },
        {
            "speaker":"U",
            "time":"17.10.2020 18:15:11",
            "turn-index":23,
            "utterance":"そんなに急ぐ話でもないからさ"
        },
        {
            "speaker":"S",
            "time":"17.10.2020 18:15:11",
            "turn-index":24,
            "utterance":"規模はどんな感じを想定してます？"
        },
        {
            "speaker":"U",
            "time":"17.10.2020 18:15:29",
            "turn-index":25,
            "utterance":"多くて30人くらいかな"
        },
        {
            "speaker":"S",
            "time":"17.10.2020 18:15:30",
            "turn-index":26,
            "utterance":"あーそんな感じなんですね"
        },
        {
            "speaker":"U",
            "time":"17.10.2020 18:15:43",
            "turn-index":27,
            "utterance":"全員は集まらないと思うよ"
        },
        {
            "speaker":"S",
            "time":"17.10.2020 18:15:43",
            "turn-index":28,
            "utterance":"あ！わかった！それじゃあこうしましょうよ"
        },
        {
            "speaker":"U",
            "time":"17.10.2020 18:15:49",
            "turn-index":29,
            "utterance":"なに？"
        },
        {
            "speaker":"S",
            "time":"17.10.2020 18:15:49",
            "turn-index":30,
            "utterance":"あ，いやなんでもないっす．忘れてください笑"
        }
    ]
}