{
    "dialogue-id":"KOM_01",
    "group-id":"",
    "speaker-id":"KomuRobot",
    "turns":[
        {
            "speaker":"S",
            "time":"17.10.2020 14:58:51",
            "turn-index":0,
            "utterance":"なんですか？"
        },
        {
            "speaker":"U",
            "time":"17.10.2020 14:59:40",
            "turn-index":1,
            "utterance":"同窓会の幹事をやってくれるかな"
        },
        {
            "speaker":"S",
            "time":"17.10.2020 14:59:40",
            "turn-index":2,
            "utterance":"あー"
        },
        {
            "speaker":"U",
            "time":"17.10.2020 14:59:53",
            "turn-index":3,
            "utterance":"できそう？"
        },
        {
            "speaker":"S",
            "time":"17.10.2020 14:59:54",
            "turn-index":4,
            "utterance":"いやー厳しいですね…"
        },
        {
            "speaker":"U",
            "time":"17.10.2020 14:59:59",
            "turn-index":5,
            "utterance":"なんで？"
        },
        {
            "speaker":"S",
            "time":"17.10.2020 15:00:00",
            "turn-index":6,
            "utterance":"いつ頃やる感じですか？"
        },
        {
            "speaker":"U",
            "time":"17.10.2020 15:00:06",
            "turn-index":7,
            "utterance":"来月だけど"
        },
        {
            "speaker":"S",
            "time":"17.10.2020 15:00:07",
            "turn-index":8,
            "utterance":"うーん"
        },
        {
            "speaker":"U",
            "time":"17.10.2020 15:00:16",
            "turn-index":9,
            "utterance":"君が適任なんだよね"
        },
        {
            "speaker":"S",
            "time":"17.10.2020 15:00:17",
            "turn-index":10,
            "utterance":"いやー最近結構忙しいんですよね…"
        },
        {
            "speaker":"U",
            "time":"17.10.2020 15:00:23",
            "turn-index":11,
            "utterance":"そうなのか"
        },
        {
            "speaker":"S",
            "time":"17.10.2020 15:00:24",
            "turn-index":12,
            "utterance":"はい…"
        },
        {
            "speaker":"U",
            "time":"17.10.2020 15:00:29",
            "turn-index":13,
            "utterance":"なんとか調整してよ"
        },
        {
            "speaker":"S",
            "time":"17.10.2020 15:00:31",
            "turn-index":14,
            "utterance":"ていうか，どこでやるんですか？"
        },
        {
            "speaker":"U",
            "time":"17.10.2020 15:00:39",
            "turn-index":15,
            "utterance":"県内だよ"
        },
        {
            "speaker":"S",
            "time":"17.10.2020 15:00:39",
            "turn-index":16,
            "utterance":"うーん…"
        },
        {
            "speaker":"U",
            "time":"17.10.2020 15:00:45",
            "turn-index":17,
            "utterance":"いやなの？"
        },
        {
            "speaker":"S",
            "time":"17.10.2020 15:00:46",
            "turn-index":18,
            "utterance":"いやー，なんとか他の人にお願いできればありがたいっす…"
        },
        {
            "speaker":"U",
            "time":"17.10.2020 15:00:54",
            "turn-index":19,
            "utterance":"面倒だから？"
        },
        {
            "speaker":"S",
            "time":"17.10.2020 15:00:55",
            "turn-index":20,
            "utterance":"最近ほんと忙しいんですよ…"
        },
        {
            "speaker":"U",
            "time":"17.10.2020 15:01:06",
            "turn-index":21,
            "utterance":"頼みたいんだけど"
        },
        {
            "speaker":"S",
            "time":"17.10.2020 15:01:07",
            "turn-index":22,
            "utterance":"ていうか何人くらいでやる予定ですか？"
        },
        {
            "speaker":"U",
            "time":"17.10.2020 15:01:12",
            "turn-index":23,
            "utterance":"15人だね"
        },
        {
            "speaker":"S",
            "time":"17.10.2020 15:01:13",
            "turn-index":24,
            "utterance":"あーそんな感じなんですね"
        },
        {
            "speaker":"U",
            "time":"17.10.2020 15:01:19",
            "turn-index":25,
            "utterance":"できるかな？"
        },
        {
            "speaker":"S",
            "time":"17.10.2020 15:01:19",
            "turn-index":26,
            "utterance":"あ！わかった！それじゃあこうしましょうよ"
        },
        {
            "speaker":"U",
            "time":"17.10.2020 15:01:24",
            "turn-index":27,
            "utterance":"なに"
        },
        {
            "speaker":"S",
            "time":"17.10.2020 15:01:25",
            "turn-index":28,
            "utterance":"あ，いやなんでもないっす．忘れてください笑"
        },
        {
            "speaker":"U",
            "time":"17.10.2020 15:01:28",
            "turn-index":29,
            "utterance":"なんだよ"
        },
        {
            "speaker":"S",
            "time":"17.10.2020 15:01:29",
            "turn-index":30,
            "utterance":"いやちょっと思いついたことがあったんですが，無理でしたわ．本当に誰もやれる人いないんですか？"
        }
    ]
}