{
    "dialogue-id":"KOM_14",
    "group-id":"",
    "speaker-id":"KomuRobot",
    "turns":[
        {
            "speaker":"S",
            "time":"17.10.2020 17:30:21",
            "turn-index":0,
            "utterance":"なんですか？"
        },
        {
            "speaker":"U",
            "time":"17.10.2020 17:31:26",
            "turn-index":1,
            "utterance":"今年もサークルの同窓会をするんだけどさ、幹事をやってくれないかなって"
        },
        {
            "speaker":"S",
            "time":"17.10.2020 17:31:27",
            "turn-index":2,
            "utterance":"あー"
        },
        {
            "speaker":"U",
            "time":"17.10.2020 17:31:54",
            "turn-index":3,
            "utterance":"お願いだよ"
        },
        {
            "speaker":"S",
            "time":"17.10.2020 17:31:55",
            "turn-index":4,
            "utterance":"いやー厳しいですね…"
        },
        {
            "speaker":"U",
            "time":"17.10.2020 17:32:08",
            "turn-index":5,
            "utterance":"そんなこといわずにさ～頼む！"
        },
        {
            "speaker":"S",
            "time":"17.10.2020 17:32:09",
            "turn-index":6,
            "utterance":"いつ頃やる感じですか？"
        },
        {
            "speaker":"U",
            "time":"17.10.2020 17:32:22",
            "turn-index":7,
            "utterance":"5月の連休あたりを予定してる"
        },
        {
            "speaker":"S",
            "time":"17.10.2020 17:32:22",
            "turn-index":8,
            "utterance":"うーん"
        },
        {
            "speaker":"U",
            "time":"17.10.2020 17:32:36",
            "turn-index":9,
            "utterance":"サポートはするからさ"
        },
        {
            "speaker":"S",
            "time":"17.10.2020 17:32:37",
            "turn-index":10,
            "utterance":"いやー最近結構忙しいんですよね…"
        },
        {
            "speaker":"U",
            "time":"17.10.2020 17:32:57",
            "turn-index":11,
            "utterance":"そこをなんとか、みんな時間作るし"
        },
        {
            "speaker":"S",
            "time":"17.10.2020 17:32:58",
            "turn-index":12,
            "utterance":"ていうか，どこでやるんですか？"
        },
        {
            "speaker":"U",
            "time":"17.10.2020 17:33:38",
            "turn-index":13,
            "utterance":"学校の近くかな"
        },
        {
            "speaker":"S",
            "time":"17.10.2020 17:33:38",
            "turn-index":14,
            "utterance":"うーん…"
        },
        {
            "speaker":"U",
            "time":"17.10.2020 17:33:50",
            "turn-index":15,
            "utterance":"な、頼むよ、みんな期待してるんだ"
        },
        {
            "speaker":"S",
            "time":"17.10.2020 17:33:51",
            "turn-index":16,
            "utterance":"いやー，なんとか他の人にお願いできればありがたいっす…"
        },
        {
            "speaker":"U",
            "time":"17.10.2020 17:34:03",
            "turn-index":17,
            "utterance":"いやいやお前じゃないとだめなんだって～"
        },
        {
            "speaker":"S",
            "time":"17.10.2020 17:34:04",
            "turn-index":18,
            "utterance":"最近ほんと忙しいんですよ…"
        },
        {
            "speaker":"U",
            "time":"17.10.2020 17:34:16",
            "turn-index":19,
            "utterance":"忙しいのは承知してる"
        },
        {
            "speaker":"S",
            "time":"17.10.2020 17:34:17",
            "turn-index":20,
            "utterance":"ていうか何人くらいでやる予定ですか？"
        },
        {
            "speaker":"U",
            "time":"17.10.2020 17:34:27",
            "turn-index":21,
            "utterance":"まだそれはこれから決める"
        },
        {
            "speaker":"S",
            "time":"17.10.2020 17:34:28",
            "turn-index":22,
            "utterance":"いやあ，でもやっぱり厳しいなあ…"
        },
        {
            "speaker":"U",
            "time":"17.10.2020 17:34:42",
            "turn-index":23,
            "utterance":"みんなお前がいいって言ってるんだって"
        },
        {
            "speaker":"S",
            "time":"17.10.2020 17:34:42",
            "turn-index":24,
            "utterance":"あ！わかった！それじゃあこうしましょうよ"
        },
        {
            "speaker":"U",
            "time":"17.10.2020 17:34:49",
            "turn-index":25,
            "utterance":"どうする？"
        },
        {
            "speaker":"S",
            "time":"17.10.2020 17:34:49",
            "turn-index":26,
            "utterance":"あ，いやなんでもないっす．忘れてください笑"
        },
        {
            "speaker":"U",
            "time":"17.10.2020 17:34:58",
            "turn-index":27,
            "utterance":"なんだよ言ってみろよ～"
        },
        {
            "speaker":"S",
            "time":"17.10.2020 17:34:59",
            "turn-index":28,
            "utterance":"いやちょっと思いついたことがあったんですが，無理でしたわ．本当に誰もやれる人いないんですか？"
        },
        {
            "speaker":"U",
            "time":"17.10.2020 17:35:14",
            "turn-index":29,
            "utterance":"きになるな……そうなんだよいないんだよ"
        },
        {
            "speaker":"S",
            "time":"17.10.2020 17:35:15",
            "turn-index":30,
            "utterance":"いやあ困っちゃったなあ"
        }
    ]
}