{
    "dialogue-id":"KOM_17",
    "group-id":"",
    "speaker-id":"KomuRobot",
    "turns":[
        {
            "speaker":"S",
            "time":"17.10.2020 21:32:28",
            "turn-index":0,
            "utterance":"なんですか？"
        },
        {
            "speaker":"U",
            "time":"17.10.2020 21:35:34",
            "turn-index":1,
            "utterance":"今度の同窓会の幹事おねがいできる？"
        },
        {
            "speaker":"S",
            "time":"17.10.2020 21:35:35",
            "turn-index":2,
            "utterance":"あー"
        },
        {
            "speaker":"U",
            "time":"17.10.2020 21:35:49",
            "turn-index":3,
            "utterance":"都合悪い？"
        },
        {
            "speaker":"S",
            "time":"17.10.2020 21:35:50",
            "turn-index":4,
            "utterance":"いやー厳しいですね…"
        },
        {
            "speaker":"U",
            "time":"17.10.2020 21:36:51",
            "turn-index":5,
            "utterance":"日程とかはそっちでやりやすいように決めてくれていいからさ"
        },
        {
            "speaker":"S",
            "time":"17.10.2020 21:36:51",
            "turn-index":6,
            "utterance":"いつ頃やる感じですか？"
        },
        {
            "speaker":"U",
            "time":"17.10.2020 21:39:02",
            "turn-index":7,
            "utterance":"年度末とかゴールデンウイーク前とかどう？"
        },
        {
            "speaker":"S",
            "time":"17.10.2020 21:39:03",
            "turn-index":8,
            "utterance":"うーん"
        },
        {
            "speaker":"U",
            "time":"17.10.2020 21:39:55",
            "turn-index":9,
            "utterance":"ある程度人数集まりそうだったら全然別日でもいいけどね"
        },
        {
            "speaker":"S",
            "time":"17.10.2020 21:39:56",
            "turn-index":10,
            "utterance":"いやー最近結構忙しいんですよね…"
        },
        {
            "speaker":"U",
            "time":"17.10.2020 21:42:24",
            "turn-index":11,
            "utterance":"入社前研修とか結構あるの？４月入ってある程度落ち着いてからでもいいよ"
        },
        {
            "speaker":"S",
            "time":"17.10.2020 21:42:24",
            "turn-index":12,
            "utterance":"ていうか，どこでやるんですか？"
        },
        {
            "speaker":"U",
            "time":"17.10.2020 21:42:34",
            "turn-index":13,
            "utterance":"集まりやすいところがいいよね"
        },
        {
            "speaker":"S",
            "time":"17.10.2020 21:42:35",
            "turn-index":14,
            "utterance":"うーん…"
        },
        {
            "speaker":"U",
            "time":"17.10.2020 21:43:26",
            "turn-index":15,
            "utterance":"大学近辺は？"
        },
        {
            "speaker":"S",
            "time":"17.10.2020 21:43:26",
            "turn-index":16,
            "utterance":"いやー，なんとか他の人にお願いできればありがたいっす…"
        },
        {
            "speaker":"U",
            "time":"17.10.2020 21:44:41",
            "turn-index":17,
            "utterance":"声かけにくい人とかいたら俺から頼まれたって言ってくれればいいしさ"
        },
        {
            "speaker":"S",
            "time":"17.10.2020 21:44:42",
            "turn-index":18,
            "utterance":"最近ほんと忙しいんですよ…"
        },
        {
            "speaker":"U",
            "time":"17.10.2020 21:47:12",
            "turn-index":19,
            "utterance":"店も去年と同じでいいしさ。さくっと人だけ集めてもらえたらうれしいんだけど。"
        },
        {
            "speaker":"S",
            "time":"17.10.2020 21:47:13",
            "turn-index":20,
            "utterance":"ていうか何人くらいでやる予定ですか？"
        },
        {
            "speaker":"U",
            "time":"17.10.2020 21:47:37",
            "turn-index":21,
            "utterance":"20人ぐらいかな。全員は難しいだろうし"
        },
        {
            "speaker":"S",
            "time":"17.10.2020 21:47:38",
            "turn-index":22,
            "utterance":"あーそんな感じなんですね"
        },
        {
            "speaker":"U",
            "time":"17.10.2020 21:47:52",
            "turn-index":23,
            "utterance":"どう？いけそう？"
        },
        {
            "speaker":"S",
            "time":"17.10.2020 21:47:52",
            "turn-index":24,
            "utterance":"あ！わかった！それじゃあこうしましょうよ"
        },
        {
            "speaker":"U",
            "time":"17.10.2020 21:48:02",
            "turn-index":25,
            "utterance":"ん？"
        },
        {
            "speaker":"S",
            "time":"17.10.2020 21:48:03",
            "turn-index":26,
            "utterance":"あ，いやなんでもないっす．忘れてください笑"
        },
        {
            "speaker":"U",
            "time":"17.10.2020 21:48:20",
            "turn-index":27,
            "utterance":"どうした笑"
        },
        {
            "speaker":"S",
            "time":"17.10.2020 21:48:21",
            "turn-index":28,
            "utterance":"ほんとに誰もやれる人いないんですか？"
        },
        {
            "speaker":"U",
            "time":"17.10.2020 21:48:37",
            "turn-index":29,
            "utterance":"そうなんだよ"
        },
        {
            "speaker":"S",
            "time":"17.10.2020 21:48:38",
            "turn-index":30,
            "utterance":"いやあ困っちゃったなあ"
        }
    ]
}