{
    "dialogue-id":"KOM_27",
    "group-id":"",
    "speaker-id":"KomuRobot",
    "turns":[
        {
            "speaker":"S",
            "time":"17.10.2020 18:28:33",
            "turn-index":0,
            "utterance":"なんですか？"
        },
        {
            "speaker":"U",
            "time":"17.10.2020 18:29:17",
            "turn-index":1,
            "utterance":"みんな元気にしてる？"
        },
        {
            "speaker":"S",
            "time":"17.10.2020 18:29:18",
            "turn-index":2,
            "utterance":"はい"
        },
        {
            "speaker":"U",
            "time":"17.10.2020 18:30:05",
            "turn-index":3,
            "utterance":"今年こそ同窓会しようって話があるんだ。"
        },
        {
            "speaker":"S",
            "time":"17.10.2020 18:30:06",
            "turn-index":4,
            "utterance":"はい"
        },
        {
            "speaker":"U",
            "time":"17.10.2020 18:30:29",
            "turn-index":5,
            "utterance":"卒業前にやらないか？"
        },
        {
            "speaker":"S",
            "time":"17.10.2020 18:30:29",
            "turn-index":6,
            "utterance":"はい"
        },
        {
            "speaker":"U",
            "time":"17.10.2020 18:30:53",
            "turn-index":7,
            "utterance":"じゃあ、話まとめてくれる？"
        },
        {
            "speaker":"S",
            "time":"17.10.2020 18:30:54",
            "turn-index":8,
            "utterance":"はい"
        },
        {
            "speaker":"U",
            "time":"17.10.2020 18:31:09",
            "turn-index":9,
            "utterance":"ありがとう！うれしいよ。"
        },
        {
            "speaker":"S",
            "time":"17.10.2020 18:31:10",
            "turn-index":10,
            "utterance":"はい"
        },
        {
            "speaker":"U",
            "time":"17.10.2020 18:31:57",
            "turn-index":11,
            "utterance":"幹事、一人じゃきついかな？"
        },
        {
            "speaker":"S",
            "time":"17.10.2020 18:31:58",
            "turn-index":12,
            "utterance":"あー"
        },
        {
            "speaker":"U",
            "time":"17.10.2020 18:32:22",
            "turn-index":13,
            "utterance":"断るのは無しでお願いします！"
        },
        {
            "speaker":"S",
            "time":"17.10.2020 18:32:22",
            "turn-index":14,
            "utterance":"いやー厳しいですね…"
        },
        {
            "speaker":"U",
            "time":"17.10.2020 18:33:00",
            "turn-index":15,
            "utterance":"春までに出来たらいいから、のんびり計画立ててよ。"
        },
        {
            "speaker":"S",
            "time":"17.10.2020 18:33:02",
            "turn-index":16,
            "utterance":"いつ頃やる感じですか？"
        },
        {
            "speaker":"U",
            "time":"17.10.2020 18:33:18",
            "turn-index":17,
            "utterance":"卒業前がいいんじゃないか？"
        },
        {
            "speaker":"S",
            "time":"17.10.2020 18:33:19",
            "turn-index":18,
            "utterance":"うーん"
        },
        {
            "speaker":"U",
            "time":"17.10.2020 18:33:51",
            "turn-index":19,
            "utterance":"場所も学校のそばでいいし、人数もさほど来ないと思うから。"
        },
        {
            "speaker":"S",
            "time":"17.10.2020 18:33:52",
            "turn-index":20,
            "utterance":"いやー最近結構忙しいんですよね…"
        },
        {
            "speaker":"U",
            "time":"17.10.2020 18:34:14",
            "turn-index":21,
            "utterance":"好きにやってくれていいよ"
        },
        {
            "speaker":"S",
            "time":"17.10.2020 18:34:15",
            "turn-index":22,
            "utterance":"ていうか，どこでやるんですか？"
        },
        {
            "speaker":"U",
            "time":"17.10.2020 18:34:44",
            "turn-index":23,
            "utterance":"懐かしい学校そばのあの居酒屋で。"
        },
        {
            "speaker":"S",
            "time":"17.10.2020 18:34:45",
            "turn-index":24,
            "utterance":"まあ，そうですよね"
        },
        {
            "speaker":"U",
            "time":"17.10.2020 18:35:26",
            "turn-index":25,
            "utterance":"あそこなら行きやすいし、手配もしやすいから"
        },
        {
            "speaker":"S",
            "time":"17.10.2020 18:35:27",
            "turn-index":26,
            "utterance":"いやー，なんとか他の人にお願いできればありがたいっす…"
        },
        {
            "speaker":"U",
            "time":"17.10.2020 18:36:18",
            "turn-index":27,
            "utterance":"頼りになるのがお前だから頼んでるんだ、頼みます！"
        },
        {
            "speaker":"S",
            "time":"17.10.2020 18:36:19",
            "turn-index":28,
            "utterance":"最近ほんと忙しいんですよ…"
        },
        {
            "speaker":"U",
            "time":"17.10.2020 18:36:47",
            "turn-index":29,
            "utterance":"落ち着いたらでいいよ"
        },
        {
            "speaker":"S",
            "time":"17.10.2020 18:36:49",
            "turn-index":30,
            "utterance":"ていうか何人くらいでやる予定ですか？"
        }
    ]
}