{
    "dialogue-id":"KOM_06",
    "group-id":"",
    "speaker-id":"KomuRobot",
    "turns":[
        {
            "speaker":"S",
            "time":"17.10.2020 14:19:38",
            "turn-index":0,
            "utterance":"なんですか？"
        },
        {
            "speaker":"U",
            "time":"17.10.2020 14:19:59",
            "turn-index":1,
            "utterance":"もう少ししたらサークルの同窓会があるんだけどさ、"
        },
        {
            "speaker":"S",
            "time":"17.10.2020 14:20:00",
            "turn-index":2,
            "utterance":"はい"
        },
        {
            "speaker":"U",
            "time":"17.10.2020 14:20:31",
            "turn-index":3,
            "utterance":"それの幹事をできる人を探してて、君にやってもらいたいんだけど、どう思う？"
        },
        {
            "speaker":"S",
            "time":"17.10.2020 14:20:32",
            "turn-index":4,
            "utterance":"あー"
        },
        {
            "speaker":"U",
            "time":"17.10.2020 14:20:38",
            "turn-index":5,
            "utterance":"忙しい？"
        },
        {
            "speaker":"S",
            "time":"17.10.2020 14:20:39",
            "turn-index":6,
            "utterance":"いやー厳しいですね…"
        },
        {
            "speaker":"U",
            "time":"17.10.2020 14:20:46",
            "turn-index":7,
            "utterance":"用事ある？"
        },
        {
            "speaker":"S",
            "time":"17.10.2020 14:20:46",
            "turn-index":8,
            "utterance":"いつ頃やる感じですか？"
        },
        {
            "speaker":"U",
            "time":"17.10.2020 14:20:53",
            "turn-index":9,
            "utterance":"来月頃かなー"
        },
        {
            "speaker":"S",
            "time":"17.10.2020 14:20:54",
            "turn-index":10,
            "utterance":"うーん"
        },
        {
            "speaker":"U",
            "time":"17.10.2020 14:21:05",
            "turn-index":11,
            "utterance":"暇な日ある？"
        },
        {
            "speaker":"S",
            "time":"17.10.2020 14:21:06",
            "turn-index":12,
            "utterance":"いやー最近結構忙しいんですよね…"
        },
        {
            "speaker":"U",
            "time":"17.10.2020 14:21:28",
            "turn-index":13,
            "utterance":"まあ仕事も始まるもんね"
        },
        {
            "speaker":"S",
            "time":"17.10.2020 14:21:29",
            "turn-index":14,
            "utterance":"ていうか，どこでやるんですか？"
        },
        {
            "speaker":"U",
            "time":"17.10.2020 14:21:37",
            "turn-index":15,
            "utterance":"場所はまだ未定"
        },
        {
            "speaker":"S",
            "time":"17.10.2020 14:21:39",
            "turn-index":16,
            "utterance":"うーん…"
        },
        {
            "speaker":"U",
            "time":"17.10.2020 14:21:46",
            "turn-index":17,
            "utterance":"できそうかな？"
        },
        {
            "speaker":"S",
            "time":"17.10.2020 14:21:48",
            "turn-index":18,
            "utterance":"いやー，なんとか他の人にお願いできればありがたいっす…"
        },
        {
            "speaker":"U",
            "time":"17.10.2020 14:22:14",
            "turn-index":19,
            "utterance":"でも僕は清水ならすごい盛り上がると思うよ"
        },
        {
            "speaker":"S",
            "time":"17.10.2020 14:22:15",
            "turn-index":20,
            "utterance":"最近ほんと忙しいんですよ…"
        },
        {
            "speaker":"U",
            "time":"17.10.2020 14:22:21",
            "turn-index":21,
            "utterance":"そっかー"
        },
        {
            "speaker":"S",
            "time":"17.10.2020 14:22:22",
            "turn-index":22,
            "utterance":"ていうか何人くらいでやる予定ですか？"
        },
        {
            "speaker":"U",
            "time":"17.10.2020 14:22:29",
            "turn-index":23,
            "utterance":"10人ぐらいかな"
        },
        {
            "speaker":"S",
            "time":"17.10.2020 14:22:30",
            "turn-index":24,
            "utterance":"あーそんな感じなんですね"
        },
        {
            "speaker":"U",
            "time":"17.10.2020 14:22:33",
            "turn-index":25,
            "utterance":"うん"
        },
        {
            "speaker":"S",
            "time":"17.10.2020 14:22:34",
            "turn-index":26,
            "utterance":"あ！わかった！それじゃあこうしましょうよ"
        },
        {
            "speaker":"U",
            "time":"17.10.2020 14:22:41",
            "turn-index":27,
            "utterance":"何？"
        },
        {
            "speaker":"S",
            "time":"17.10.2020 14:22:42",
            "turn-index":28,
            "utterance":"あ，いやなんでもないっす．忘れてください笑"
        },
        {
            "speaker":"U",
            "time":"17.10.2020 14:23:01",
            "turn-index":29,
            "utterance":"あっそうなの、幹事やって欲しいなあ"
        },
        {
            "speaker":"S",
            "time":"17.10.2020 14:23:02",
            "turn-index":30,
            "utterance":"ほんとに誰もやれる人いないんですか？"
        }
    ]
}