CHC_01,2,2,2,"アーセナルFC","コンビニエンスストア"
CHC_02,2,2,2,"八丈島","月"
CHC_03,2,2,2,"法政大学","カプコン"
CHC_04,2,1,1,"Ｅスポーツ","カプコン"
CHC_05,2,2,2,"マクロスF","時効警察"
CHC_06,4,4,4,"ウイルスバスター","桑田佳祐"
CHC_07,2,2,2,"木星","メーテル"
CHC_08,3,3,4,"月","木星"
CHC_09,2,3,2,"スヌーピー","長谷川町子"
CHC_10,2,1,2,"ビットコイン","三谷幸喜"
CHC_11,2,3,2,"ギリシャ","デンマーク"
CHC_12,1,1.5,2,"厳島神社","観音菩薩"
CHC_13,2,2,4,"屋久島","ノコギリクワガタ"
CHC_14,2,3,3,"コンビニエンスストア","インターネット"
CHC_15,2,2,2,"スヌーピー","福島県"
CHC_16,3,3,2,"ギリシャ","メキシコ"
CHC_17,2,2,1,"スヌーピー","屋久島"
CHC_18,1,2,3.5,"ギリシャ","動物"
CHC_19,2,2,2,"犬神家の一族","コンビニエンスストア"
CHC_20,2,3,3,"イチロー","日本酒"
CHC_21,4,3,3,"ビットコイン","福島県"
CHC_22,1,1,1,"屋久島","動物"
CHC_23,1,2,1,"スヌーピー","ギリシャ"
CHC_24,3,3,2,"月","阿波踊り"
CHC_25,2,1,2,"厳島神社","恐竜"
CHC_26,2,2,3,"コンビニエンスストア","インターネット"
CHC_27,1,1,1,"闇金ウシジマくん","フッ素"
CHC_28,1,2,1.5,"メキシコ","長谷川町子"
CHC_29,2,2,2,"羽生善治","三谷幸喜"
CHC_30,2,2,3,"八丈島","屋久島"
CHC_31,3,3,2,"おもひでぽろぽろ","平成"
CHC_32,1,1,1,"メキシコ","デンマーク"
CHC_33,2,3,2,"カプコン","すぎやまこういち"
CHC_34,2,2,2,"ビットコイン","マクロスF"
CHC_35,2,2,1,"ギリシャ","デンマーク"
CHC_36,1,1,1,"石原裕次郎","塩"
CHC_37,2,3,1,"おもひでぽろぽろ","スヌーピー"
CHC_38,2,2,2,"渋沢栄一","インターネット"
CHC_39,1,2,1,"ギリシャ","デンマーク"
CHC_40,3,3,4,"ギリシャ","メキシコ"
CHC_41,2,2,4,"動物","コンビニエンスストア"
CHC_42,2,2,2,"動物","ビットコイン"
CHC_43,1,1,1,"動物","マンモス"
CHC_44,1,1,1,"八丈島","メキシコ"
CHC_45,2,3,4,"乳酸","フッ素"
CHC_46,3,3,4,"動物","かいけつゾロリ"
