HBY_01,4,4,4,"八丈島","屋久島"
HBY_02,5,5,5,"日本酒","水曜どうでしょう"
HBY_03,4,5,4,"インターネット","日本酒"
HBY_04,4,4,3,"宝塚歌劇団","スヌーピー"
HBY_05,5,4,4,"日本酒","タンパク質"
HBY_06,4,4,2,"スヌーピー","芦田愛菜"
HBY_07,4,3,4,"三谷幸喜","Eスポーツ"
HBY_08,3,3,4,"時効警察","厳島神社"
HBY_09,4,4,5,"月","動物"
HBY_10,4,3,4,"闇金ウシジマくん","スヌーピー"
HBY_11,5,5,2,"Eスポーツ","日本酒"
HBY_12,4,3,2,"すぎやまこういち","桑田佳祐"
HBY_13,4,4,2,"たんぱく質","塩"
HBY_14,4,4,5,"インターネット","Eスポーツ"
HBY_15,5,5,2,"SUBARU","イチロー"
HBY_16,4,4,4,"厳島神社","コンビニエンスストア"
HBY_17,4,4,4,"ビットコイン","ランボルギーニ"
HBY_18,5,4,3,"三谷幸喜","羽生善治"
HBY_19,4,4,3,"羽生善治","イチロー"
HBY_20,4,3,5,"時効警察","芦田愛菜"
HBY_21,3,3,3,"ギリシャ","デンマーク"
HBY_22,5,4,3,"香取慎吾","三谷幸喜"
HBY_23,5,5,4,"インターネット","伊達政宗"
HBY_24,4,4,4,"羽生善治","桑田佳祐"
HBY_25,3,4,3,"日本列島","平成"
HBY_26,4,3,5,"厳島神社","屋久島"
HBY_27,2,3,3,"恐竜","動物"
HBY_28,3,3,4,"インターネット","恐竜"
HBY_29,5,4,5,"反町隆史","月"
HBY_30,4,5,5,"羽生善治","eスポーツ"
HBY_31,4,3,4,"動物","カバ"
HBY_32,4,4,3,"京王線","水曜どうでしょう"
HBY_33,3,3,4,"ウルトラセブン","闇金ウシジマくん"
HBY_34,4,4,4,"Eスポーツ","平成"
HBY_35,3,4,4,"動物","スヌーピー"
HBY_36,4,4,5,"動物","恐竜"
HBY_37,5,5,5,"水曜どうでしょう","渡辺麻友"
HBY_38,2,2,4,"山の日","動物"
HBY_39,2,2,3,"フッ素","桑田佳祐"
HBY_40,5,4,4,"犬神家の一族","メーテル"
HBY_41,4,4,1,"羽生善治","伊達政宗"
HBY_42,4,4,4,"ビットコイン","半沢直樹"
HBY_43,4,5,1,"モンゴル帝国","魔女狩り"
HBY_44,5,4,3,"香取慎吾","恐竜"
HBY_45,5,4,3,"デンマーク","塩"
HBY_46,5,5,5,"ウルトラセブン","メーテル"
HBY_47,4,4,4,"宝塚歌劇団","厳島神社"
HBY_48,5,5,3,"渡辺麻友","芦田愛菜"
HBY_49,4,4,2,"動物","スヌーピー"
HBY_50,4,4,3,"ジュラシック・パーク","ノコギリクワガタ"
HBY_51,5,4,4,"厳島神社","デンマーク"
HBY_52,3,2,3,"動物","コンビニエンスストア"
