ILA_01,5,5,4,"時効警察","芦田愛菜"
ILA_02,3,4,2,"月","木星"
ILA_03,4,5,4,"ハイチ","大航海時代"
ILA_04,4,4,2,"渡辺麻友","芦田愛菜"
ILA_05,4,4,4,"ビットコイン","コンビニエンスストア"
ILA_06,4,4,4,"メキシコ","法政大学"
ILA_07,2,2,1,"陣内智則","安藤なつ"
ILA_08,3,3,2,"平仮名","卑弥呼"
ILA_09,4,4,4,"羽生善治","イチロー"
ILA_10,4,3,2,"ギリシャ","マクロスＦ"
ILA_11,4,4,3,"アーセナルFC","ギリシャ"
ILA_12,2,1,1,"メーテル","八丈島"
ILA_13,4,4,4,"ノコギリクワガタ","動物"
ILA_14,4,3,3,"タンパク質","塩"
ILA_15,4,4,4,"芦田愛菜","香取慎吾"
ILA_16,4,3,4,"月","動物"
ILA_17,4,4,1,"香取慎吾","反町隆史"
ILA_18,4,4,5,"日本酒","メキシコ"
ILA_19,4,4,2,"長谷川町子","芦田愛菜"
ILA_20,4,4,1,"羽生善治","イチロー"
ILA_21,4,4,4,"厳島神社","屋久島"
ILA_22,2,2,2,"塩","月"
ILA_23,4,4,3,"石川啄木","インターネット"
ILA_24,2,2,2,"月","日本列島"
ILA_25,4,4,2,"山の日","コンビニエンスストア"
ILA_26,3,1,1,"半沢直樹","オダギリジョー"
ILA_27,5,5,2,"日本レコード大賞","羽生善治"
ILA_28,3,3,1,"香取慎吾","長谷川町子"
ILA_29,4,4,3,"恐竜","芦田愛菜"
ILA_30,4,4,4,"恐竜","ジュラシックパーク"
ILA_31,3,2,2,"渋沢栄一","コンビニエンスストア"
ILA_32,3,3,3,"桑田佳祐","半沢直樹"
ILA_33,3,3,5,"おもひでぽろぽろ","ノコギリクワガタ"
ILA_34,3,2,4,"福島県","日本列島"
ILA_35,5,5,5,"ビットコイン","平仮名"
ILA_36,2,1,1,"コンビニエンスストア","ジョージハリスン"
ILA_37,2,2,3,"半沢直樹","ウイルスバスター"
ILA_38,1,2,2,"安藤なつ","鈴井貴之"
ILA_39,4,4,4,"Eスポーツ","カプコン"
ILA_40,4,4,2,"福島県","羽生善治"
ILA_41,3,2,3,"動物","トーマス・エジソン"
ILA_42,4,2,1,"恐竜","木星"
ILA_43,2,4,1,"日本酒","宝塚歌劇団"
ILA_44,3,2,4,"伊達政宗","陣内智則"
ILA_45,3,2,4,"動物","インターネット"
ILA_46,4,4,3,"ギリシャ","屋久島"
ILA_47,3,3,3,"イチロー","京王線"
ILA_48,4,4,2,"闇金ウシジマくん","ビットコイン"
ILA_49,2,2,1,"インターネット","イチロー"
ILA_50,3,3,3,"福島県","コンビニエンスストア"
ILA_51,2,2,2,"動物","京王線"
