MM2_01,2,2,1,"宝塚歌劇団","厳島神社"
MM2_02,1,1,1,"ウルトラセブン","ウイルスバスター"
MM2_03,2,2,2,"反町隆史","Eスポーツ"
MM2_04,1,1,1,"イチロー","日本酒"
MM2_05,1,1,1,"スヌーピー","おもひでぽろぽろ"
MM2_06,1,1,1,"動物","カバ"
MM2_07,1,1,2,"三谷幸喜","イチロー"
MM2_08,3,2,2,"宝塚歌劇団","イチロー"
MM2_09,1,1,1,"日本列島","動物"
MM2_10,2,1,2,"ウルトラセブン","カプコン"
MM2_11,3,2,2,"日本酒","半沢直樹"
MM2_12,2,1,1,"ビットコイン","インターネット"
MM2_13,1,1,1,"イチロー","コンビニエンスストア"
MM2_14,1,1,1,"乳酸","タンパク質"
MM2_15,2,1,2,"インターネット","タンパク質"
MM2_16,2,1,2,"日本酒","天皇誕生日"
MM2_17,3,2,2,"コンビニエンスストア","Eスポーツ"
MM2_18,2,1,2,"メーテル","動物"
MM2_19,2,1,2,"酸化鉄","アーセナルFC"
MM2_20,1,1,1,"ウルトラセブン","塩"
MM2_21,1,1,2,"日本酒","インターネット"
MM2_22,1,1,1,"闇金ウシジマくん","ウイルスバスター"
MM2_23,2,1.5,1.5,"スヌーピー","半沢直樹"
MM2_24,2,2,4,"水曜どうでしょう","動物"
MM2_25,1,1,1,"半沢直樹","闇金ウシジマくん"
MM2_26,1,2,2,"塩","タンパク質"
MM2_27,1,1,1,"水曜どうでしょう","鈴井孝之"
MM2_28,1,1,1,"塩","フッ素"
MM2_29,2,2,1,"日本酒","イチロー"
MM2_30,1,1,1,"スヌーピー","カバ"
MM2_31,1,1,1,"三谷幸喜","屋久島"
MM2_32,1,1,1,"ヘモグロビン","タンパク質"
MM2_33,1,1,1,"マンモス","ストーンヘンジ"
MM2_34,3,1,1,"半沢直樹","スヌーピー"
MM2_35,1,2,3,"乳酸","ヘモグロビン"
MM2_36,2,1,2,"恐竜","屋久島"
MM2_37,1,1,1,"平成","半沢直樹"
MM2_38,3,1,2,"日本レコード大賞","法政大学"
