NJT_01,1,1,1,"厳島神社","屋久島"
NJT_02,4,3,5,"スヌーピー","闇金ウシジマくん"
NJT_03,4,4,5,"ランボルギーニ","動物"
NJT_04,1,1,1,"コンビニエンスストア","インターネット"
NJT_05,1,2,2,"メキシコ","デンマーク"
NJT_06,3,3,3,"半沢直樹","SUBARU"
NJT_07,3,3,4,"屋久島","三谷幸喜"
NJT_08,4,3,4,"宝塚歌劇団","屋久島"
NJT_09,1,1,1,"SUBARU","塩"
NJT_10,3,2,2,"ウイルスバスター","半沢直樹"
NJT_11,3,4,3,"ランボルギーニ","福島県"
NJT_12,2,2,2,"Eスポーツ","日本酒"
NJT_13,5,4,4,"SUBARU","イチロー"
NJT_14,1,1,2,"長谷川町子","動物"
NJT_15,3,2,2,"コンビニエンスストア","福島県"
NJT_16,3,4,4,"羽生善治","八丈島"
NJT_17,2,2,2,"陣内智則","スヌーピー"
NJT_18,4,3,3,"メキシコ","大航海時代"
NJT_19,5,3,4,"八丈島","法政大学"
NJT_20,2,2,2,"香取慎吾","カバ"
NJT_21,3,1,1,"おもひでぽろぽろ","インターネット"
NJT_22,2,2,3,"日本レコード大賞","水曜どうでしょう"
NJT_23,4,4,2,"動物","ジュラシックパーク"
NJT_24,5,4,5,"平成","コンビニエンスストア"
NJT_25,4,4,5,"マクロスF","半沢直樹"
NJT_26,1,3,2,"SUBARU","ランボルギーニ"
NJT_27,3,3,3,"すぎやまこういち","平成"
NJT_28,2,3,3,"動物","インターネット"
NJT_29,2,2,4,"羽生善治","イチロー"
NJT_30,3,2,4,"半沢直樹","三谷幸喜"
NJT_31,3,4,2,"SUBARU","インターネット"
NJT_32,4,4,4,"ビットコイン","ランボルギーニ"
NJT_33,1,2,3,"インターネット","平成"
NJT_34,3,2,2,"ウルトラセブン","カプコン"
NJT_35,2,2,4,"イチロー","Eスポーツ"
NJT_36,1,1,1,"半沢直樹　","渋沢栄一　"
NJT_37,2,2,4,"コンビニエンスストア","芦田愛菜"
NJT_38,2,2,2,"デンマーク","メキシコ"
NJT_39,2,1,1.5,"芦田愛菜","水曜どうでしょう"
NJT_40,3,3,4,"YOSHIKI","木星"
NJT_41,2,2,2,"ウルトラセブン","ビットコイン"
NJT_42,1,1,1,"コンビニエンスストア","スヌーピー　のつもりでしたが天気の話をしてしまいました。"
NJT_43,4,4,5,"コンビニエンスストア","半沢直樹"
NJT_44,2,2,2,"スヌーピー","闇金うしじま"
NJT_45,4,2,4,"タンパク質","ギリシャ"
NJT_46,3,3,2,"犬神家の一族","半沢直樹"
NJT_47,2,2,1,"ビットコイン","インターネット"
NJT_48,3,3,2,"五百円硬貨","コンビニエンスストア"
NJT_49,2,2,3,"カプコン","ジュラシック・パーク"
NJT_50,3,3,4,"ノコギリクワガタ","タンパク質"
NJT_51,3,2,2,"スヌーピー","SUBARU"
NJT_52,1,1,4,"厳島神社","時効警察"
