{
    "dialogue-id":"FCL_29",
    "group-id":"",
    "speaker-id":"fcl2020",
    "turns":[
        {
            "speaker":"S",
            "time":"20.10.2020 07:30:44",
            "turn-index":0,
            "utterance":"はい、何でしょう？"
        },
        {
            "speaker":"U",
            "time":"20.10.2020 07:31:41",
            "turn-index":1,
            "utterance":"大学のサークルの幹事を頼みたいんだよね"
        },
        {
            "speaker":"S",
            "time":"20.10.2020 07:31:42",
            "turn-index":2,
            "utterance":"あー・・・そうですね・・・"
        },
        {
            "speaker":"U",
            "time":"20.10.2020 07:31:53",
            "turn-index":3,
            "utterance":"どうかしか？"
        },
        {
            "speaker":"S",
            "time":"20.10.2020 07:31:54",
            "turn-index":4,
            "utterance":"えーと・・・まず心配なのが私、幹事って１回もしたことないんですけど、大丈夫ですかね？"
        },
        {
            "speaker":"U",
            "time":"20.10.2020 07:32:23",
            "turn-index":5,
            "utterance":"大丈夫だって最初はみんなやったことないんだから"
        },
        {
            "speaker":"S",
            "time":"20.10.2020 07:32:24",
            "turn-index":6,
            "utterance":"いや・・それと、私って日程調整とか出欠の確認とか、そういうの苦手で・・・。先輩は幹事されたことあります？"
        },
        {
            "speaker":"U",
            "time":"20.10.2020 07:33:08",
            "turn-index":7,
            "utterance":"あるよ、頼まれたからね"
        },
        {
            "speaker":"S",
            "time":"20.10.2020 07:33:08",
            "turn-index":8,
            "utterance":"あるんですね！いつもだいたい何人ぐらい集まるんですかね？"
        },
        {
            "speaker":"U",
            "time":"20.10.2020 07:33:22",
            "turn-index":9,
            "utterance":"１０人くらいかな"
        },
        {
            "speaker":"S",
            "time":"20.10.2020 07:33:22",
            "turn-index":10,
            "utterance":"10人ですか。う～ん・・・あ、田中さんに頼むのはどうですか？彼女、幹事とかそういうの得意そうだし。"
        },
        {
            "speaker":"U",
            "time":"20.10.2020 07:33:47",
            "turn-index":11,
            "utterance":"彼女よりあんたが適任だと思って頼んでんの"
        },
        {
            "speaker":"S",
            "time":"20.10.2020 07:33:47",
            "turn-index":12,
            "utterance":"開催時期は何月ですか？"
        },
        {
            "speaker":"U",
            "time":"20.10.2020 07:34:02",
            "turn-index":13,
            "utterance":"１１月"
        },
        {
            "speaker":"S",
            "time":"20.10.2020 07:34:03",
            "turn-index":14,
            "utterance":"えーっと・・・結構予定が詰まってしまってて・・・やっぱり夜ですよね？"
        },
        {
            "speaker":"U",
            "time":"20.10.2020 07:34:14",
            "turn-index":15,
            "utterance":"夜になるかな"
        },
        {
            "speaker":"S",
            "time":"20.10.2020 07:34:15",
            "turn-index":16,
            "utterance":"あ、そうだ！すみません、突然思いついたんですけど、リモートとかもアリですか？"
        },
        {
            "speaker":"U",
            "time":"20.10.2020 07:34:39",
            "turn-index":17,
            "utterance":"リモートかありっちゃありかな"
        },
        {
            "speaker":"S",
            "time":"20.10.2020 07:34:39",
            "turn-index":18,
            "utterance":"あのー他の先輩方にも、リモートはどうか、ちょっと聞いてもらえないでしょうか？"
        },
        {
            "speaker":"U",
            "time":"20.10.2020 07:35:02",
            "turn-index":19,
            "utterance":"分かった聞いておくから幹事やってくれよ"
        },
        {
            "speaker":"S",
            "time":"20.10.2020 07:35:04",
            "turn-index":20,
            "utterance":"もし先輩方にリモートでもいいっていう声が多かったら、慣れてる山口さんに頼みませんか？"
        },
        {
            "speaker":"U",
            "time":"20.10.2020 07:35:42",
            "turn-index":21,
            "utterance":"リモートの話出しておいて結局やらないんかい？"
        },
        {
            "speaker":"S",
            "time":"20.10.2020 07:35:42",
            "turn-index":22,
            "utterance":"なんというか・・・すみません・・なんか私・・ホント役立たずですね・・・"
        },
        {
            "speaker":"U",
            "time":"20.10.2020 07:36:02",
            "turn-index":23,
            "utterance":"できると思って頼んでるんだよ"
        },
        {
            "speaker":"S",
            "time":"20.10.2020 07:36:02",
            "turn-index":24,
            "utterance":"せっかく声をかけてもらったのに申し訳なくて・・・もうちょっと時間もらって、いろいろ考えさせてもらってもいいですか？"
        },
        {
            "speaker":"U",
            "time":"20.10.2020 07:36:39",
            "turn-index":25,
            "utterance":"そんな考え込む事じゃないよ思うよ"
        },
        {
            "speaker":"S",
            "time":"20.10.2020 07:36:40",
            "turn-index":26,
            "utterance":"先輩のほうで返事の締切を決めてもらったほうがありがたいので。いつまでにお返事すればいいですか？"
        },
        {
            "speaker":"U",
            "time":"20.10.2020 07:36:51",
            "turn-index":27,
            "utterance":"１週間後で"
        },
        {
            "speaker":"S",
            "time":"20.10.2020 07:36:52",
            "turn-index":28,
            "utterance":"わかりました。必ず連絡します。ありがとうございました。"
        },
        {
            "speaker":"U",
            "time":"20.10.2020 07:37:24",
            "turn-index":29,
            "utterance":"良い経験になるからやった方がいいと思うよ。"
        }
    ]
}