{
    "dialogue-id":"FCL_25",
    "group-id":"",
    "speaker-id":"fcl2020",
    "turns":[
        {
            "speaker":"S",
            "time":"19.10.2020 00:57:55",
            "turn-index":0,
            "utterance":"はい、何でしょう？"
        },
        {
            "speaker":"U",
            "time":"19.10.2020 00:58:34",
            "turn-index":1,
            "utterance":"同窓会のことでお願いがあるの"
        },
        {
            "speaker":"S",
            "time":"19.10.2020 00:58:35",
            "turn-index":2,
            "utterance":"あー・・・そうですね・・・"
        },
        {
            "speaker":"U",
            "time":"19.10.2020 00:58:50",
            "turn-index":3,
            "utterance":"春休みとか暇？"
        },
        {
            "speaker":"S",
            "time":"19.10.2020 00:58:51",
            "turn-index":4,
            "utterance":"えーと・・・まず心配なのが私、幹事って１回もしたことないんですけど、大丈夫ですかね？"
        },
        {
            "speaker":"U",
            "time":"19.10.2020 00:59:16",
            "turn-index":5,
            "utterance":"適当に決めてくれればいいから大丈夫よ"
        },
        {
            "speaker":"S",
            "time":"19.10.2020 00:59:17",
            "turn-index":6,
            "utterance":"いや・・それと、私って日程調整とか出欠の確認とか、そういうの苦手で・・・。先輩は幹事されたことあります？"
        },
        {
            "speaker":"U",
            "time":"19.10.2020 00:59:41",
            "turn-index":7,
            "utterance":"私も昔やったよ"
        },
        {
            "speaker":"S",
            "time":"19.10.2020 00:59:41",
            "turn-index":8,
            "utterance":"そうなんですね、いつもだいたい何人ぐらい集まるんですかね？"
        },
        {
            "speaker":"U",
            "time":"19.10.2020 01:00:13",
            "turn-index":9,
            "utterance":"10人から15人くらいかな"
        },
        {
            "speaker":"S",
            "time":"19.10.2020 01:00:14",
            "turn-index":10,
            "utterance":"10人ですか。う～ん・・・あ、田中さんに頼むのはどうですか？彼女、幹事とかそういうの得意そうだし。"
        },
        {
            "speaker":"U",
            "time":"19.10.2020 01:00:34",
            "turn-index":11,
            "utterance":"あの子おっちょこちょいでしょ"
        },
        {
            "speaker":"S",
            "time":"19.10.2020 01:00:34",
            "turn-index":12,
            "utterance":"開催時期は何月ですか？"
        },
        {
            "speaker":"U",
            "time":"19.10.2020 01:01:03",
            "turn-index":13,
            "utterance":"春休みだから3月"
        },
        {
            "speaker":"S",
            "time":"19.10.2020 01:01:04",
            "turn-index":14,
            "utterance":"えーっと・・・結構予定が詰まってしまってて・・・やっぱり夜ですよね？"
        },
        {
            "speaker":"U",
            "time":"19.10.2020 01:01:14",
            "turn-index":15,
            "utterance":"そうね"
        },
        {
            "speaker":"S",
            "time":"19.10.2020 01:01:14",
            "turn-index":16,
            "utterance":"あ、そうだ！すみません、突然思いついたんですけど、リモートとかもアリですか？"
        },
        {
            "speaker":"U",
            "time":"19.10.2020 01:01:55",
            "turn-index":17,
            "utterance":"あ、リモートで参加する人がいてもいいかもね"
        },
        {
            "speaker":"S",
            "time":"19.10.2020 01:01:55",
            "turn-index":18,
            "utterance":"あのー他の先輩方にも、リモートはどうか、ちょっと聞いてもらえないでしょうか？"
        },
        {
            "speaker":"U",
            "time":"19.10.2020 01:02:08",
            "turn-index":19,
            "utterance":"全員リモートってこと？"
        },
        {
            "speaker":"S",
            "time":"19.10.2020 01:02:09",
            "turn-index":20,
            "utterance":"もし先輩方にリモートでもいいっていう声が多かったら、慣れてる山口さんに頼みませんか？"
        },
        {
            "speaker":"U",
            "time":"19.10.2020 01:03:11",
            "turn-index":21,
            "utterance":"やるなら基本は集まって来れない人がリモートって感じだから"
        },
        {
            "speaker":"S",
            "time":"19.10.2020 01:03:12",
            "turn-index":22,
            "utterance":"なんというか・・・すみません・・なんか私・・ホント役立たずですね・・・"
        },
        {
            "speaker":"U",
            "time":"19.10.2020 01:03:28",
            "turn-index":23,
            "utterance":"そんなことない　誰かに手伝ってもらってもいいよ"
        },
        {
            "speaker":"S",
            "time":"19.10.2020 01:03:28",
            "turn-index":24,
            "utterance":"せっかく声をかけてもらったのに申し訳なくて・・・もうちょっと時間もらって、いろいろ考えさせてもらってもいいですか？"
        },
        {
            "speaker":"U",
            "time":"19.10.2020 01:03:44",
            "turn-index":25,
            "utterance":"いつくらいに連絡もらえるかな？"
        },
        {
            "speaker":"S",
            "time":"19.10.2020 01:03:45",
            "turn-index":26,
            "utterance":"先輩のほうで返事の締切を決めてもらったほうがありがたいので。いつまでにお返事すればいいですか？"
        },
        {
            "speaker":"U",
            "time":"19.10.2020 01:03:59",
            "turn-index":27,
            "utterance":"三日後くらいで大丈夫？"
        },
        {
            "speaker":"S",
            "time":"19.10.2020 01:03:59",
            "turn-index":28,
            "utterance":"わかりました。必ず連絡します。ありがとうございました。"
        },
        {
            "speaker":"U",
            "time":"19.10.2020 01:04:09",
            "turn-index":29,
            "utterance":"前向きに考えてね"
        }
    ]
}