{
    "dialogue-id":"FCL_28",
    "group-id":"",
    "speaker-id":"fcl2020",
    "turns":[
        {
            "speaker":"S",
            "time":"19.10.2020 00:27:21",
            "turn-index":0,
            "utterance":"はい、何でしょう？"
        },
        {
            "speaker":"U",
            "time":"19.10.2020 00:28:23",
            "turn-index":1,
            "utterance":"シズカちゃん、サークルの同窓会幹事になってくれない？"
        },
        {
            "speaker":"S",
            "time":"19.10.2020 00:28:24",
            "turn-index":2,
            "utterance":"あー・・・そうですね・・・"
        },
        {
            "speaker":"U",
            "time":"19.10.2020 00:30:14",
            "turn-index":3,
            "utterance":"久しぶりにシズカちゃんとも話したいし😉"
        },
        {
            "speaker":"S",
            "time":"19.10.2020 00:30:15",
            "turn-index":4,
            "utterance":"えーと・・・まず心配なのが私、幹事って１回もしたことないんですけど、大丈夫ですかね？"
        },
        {
            "speaker":"U",
            "time":"19.10.2020 00:31:34",
            "turn-index":5,
            "utterance":"大丈夫、分からないことがあったら何でも聞いて😘"
        },
        {
            "speaker":"S",
            "time":"19.10.2020 00:31:35",
            "turn-index":6,
            "utterance":"いや・・それと、私って日程調整とか出欠の確認とか、そういうの苦手で・・・。先輩は幹事されたことあります？"
        },
        {
            "speaker":"U",
            "time":"19.10.2020 00:32:24",
            "turn-index":7,
            "utterance":"何回がなったことあるかな、会社でも新人の仕事だしね🤔"
        },
        {
            "speaker":"S",
            "time":"19.10.2020 00:32:24",
            "turn-index":8,
            "utterance":"あるんですね！いつもだいたい何人ぐらい集まるんですかね？"
        },
        {
            "speaker":"U",
            "time":"19.10.2020 00:34:53",
            "turn-index":9,
            "utterance":"いまのところ15人が参加するかな。"
        },
        {
            "speaker":"S",
            "time":"19.10.2020 00:34:53",
            "turn-index":10,
            "utterance":"いまのところ15人ですか。う～ん・・・あ、田中さんに頼むのはどうですか？彼女、幹事とかそういうの得意そうだし。"
        },
        {
            "speaker":"U",
            "time":"19.10.2020 00:36:34",
            "turn-index":11,
            "utterance":"田中さんか～🤔あんまり面識ないんだよね😣"
        },
        {
            "speaker":"S",
            "time":"19.10.2020 00:36:34",
            "turn-index":12,
            "utterance":"開催時期は何月ですか？"
        },
        {
            "speaker":"U",
            "time":"19.10.2020 00:38:04",
            "turn-index":13,
            "utterance":"5月初旬にしようかなって、GWあたり？"
        },
        {
            "speaker":"S",
            "time":"19.10.2020 00:38:05",
            "turn-index":14,
            "utterance":"えーっと・・・結構予定が詰まってしまってて・・・やっぱり夜ですよね？"
        },
        {
            "speaker":"U",
            "time":"19.10.2020 00:39:56",
            "turn-index":15,
            "utterance":"もちろん！皆飲むからね～🤮"
        },
        {
            "speaker":"S",
            "time":"19.10.2020 00:39:57",
            "turn-index":16,
            "utterance":"あ、そうだ！すみません、突然思いついたんですけど、リモートとかもアリですか？"
        },
        {
            "speaker":"U",
            "time":"19.10.2020 00:41:56",
            "turn-index":17,
            "utterance":"🤔・・・ナシ😄"
        },
        {
            "speaker":"S",
            "time":"19.10.2020 00:41:57",
            "turn-index":18,
            "utterance":"あのー他の先輩方にも、リモートはどうか、ちょっと聞いてもらえないでしょうか？"
        },
        {
            "speaker":"U",
            "time":"19.10.2020 00:42:43",
            "turn-index":19,
            "utterance":"皆ひさしぶりだから顔合わせたいんじゃないかな～？"
        },
        {
            "speaker":"S",
            "time":"19.10.2020 00:42:44",
            "turn-index":20,
            "utterance":"もし先輩方にリモートでもいいっていう声が多かったら、慣れてる山口さんに頼みませんか？"
        },
        {
            "speaker":"U",
            "time":"19.10.2020 00:44:31",
            "turn-index":21,
            "utterance":"あ、そういえば言ってた！昔よく使ってたお店に行きたいねって😚"
        },
        {
            "speaker":"S",
            "time":"19.10.2020 00:44:31",
            "turn-index":22,
            "utterance":"なんというか・・・すみません・・なんか私・・ホント役立たずですね・・・"
        },
        {
            "speaker":"U",
            "time":"19.10.2020 00:45:13",
            "turn-index":23,
            "utterance":"え、全然そんなことないよ～😳"
        },
        {
            "speaker":"S",
            "time":"19.10.2020 00:45:14",
            "turn-index":24,
            "utterance":"せっかく声をかけてもらったのに申し訳なくて・・・もうちょっと時間もらって、いろいろ考えさせてもらってもいいですか？"
        },
        {
            "speaker":"U",
            "time":"19.10.2020 00:46:46",
            "turn-index":25,
            "utterance":"もちろんOKだよ😊でも皆もシズカと会いたがってるんだからね😘"
        },
        {
            "speaker":"S",
            "time":"19.10.2020 00:46:47",
            "turn-index":26,
            "utterance":"先輩のほうで返事の締切を決めてもらったほうがありがたいので。いつまでにお返事すればいいですか？"
        },
        {
            "speaker":"U",
            "time":"19.10.2020 00:48:59",
            "turn-index":27,
            "utterance":"うーん、4月15日までには教えてほしいかなぁ。"
        },
        {
            "speaker":"S",
            "time":"19.10.2020 00:49:00",
            "turn-index":28,
            "utterance":"うーん4月15日までですね。わかりました。必ず連絡します。ありがとうございました。"
        },
        {
            "speaker":"U",
            "time":"19.10.2020 00:49:45",
            "turn-index":29,
            "utterance":"今日はありがとうね。連絡待ってるから😆"
        }
    ]
}