{
    "dialogue-id":"FCL_20",
    "group-id":"",
    "speaker-id":"fcl2020",
    "turns":[
        {
            "speaker":"S",
            "time":"20.10.2020 07:46:00",
            "turn-index":0,
            "utterance":"はい、何でしょう？"
        },
        {
            "speaker":"U",
            "time":"20.10.2020 07:46:26",
            "turn-index":1,
            "utterance":"久しぶり。話したかったよ。みんなも心配してるぞ。"
        },
        {
            "speaker":"S",
            "time":"20.10.2020 07:46:26",
            "turn-index":2,
            "utterance":"あー・・・そうですね・・・"
        },
        {
            "speaker":"U",
            "time":"20.10.2020 07:46:48",
            "turn-index":3,
            "utterance":"今度ご飯でも行こうぜ？就活の話聞くよ。"
        },
        {
            "speaker":"S",
            "time":"20.10.2020 07:46:48",
            "turn-index":4,
            "utterance":"えーと・・・まず心配なのが私、幹事って１回もしたことないんですけど、大丈夫ですかね？"
        },
        {
            "speaker":"U",
            "time":"20.10.2020 07:47:11",
            "turn-index":5,
            "utterance":"聞いてた？大丈夫。俺も協力するから。"
        },
        {
            "speaker":"S",
            "time":"20.10.2020 07:47:11",
            "turn-index":6,
            "utterance":"いや・・それと、私って日程調整とか出欠の確認とか、そういうの苦手で・・・。先輩は幹事されたことあります？"
        },
        {
            "speaker":"U",
            "time":"20.10.2020 07:47:43",
            "turn-index":7,
            "utterance":"何度もしたことがあるよ。全部教えてあげるからさ。頼むよ。"
        },
        {
            "speaker":"S",
            "time":"20.10.2020 07:47:43",
            "turn-index":8,
            "utterance":"あるんですね！いつもだいたい何人ぐらい集まるんですかね？"
        },
        {
            "speaker":"U",
            "time":"20.10.2020 07:47:53",
            "turn-index":9,
            "utterance":"３０人くらい"
        },
        {
            "speaker":"S",
            "time":"20.10.2020 07:47:54",
            "turn-index":10,
            "utterance":"30人ですか。う～ん・・・あ、田中さんに頼むのはどうですか？彼女、幹事とかそういうの得意そうだし。"
        },
        {
            "speaker":"U",
            "time":"20.10.2020 07:48:12",
            "turn-index":11,
            "utterance":"今回はお前に頼みたいんだ。"
        },
        {
            "speaker":"S",
            "time":"20.10.2020 07:48:13",
            "turn-index":12,
            "utterance":"開催時期は何月ですか？"
        },
        {
            "speaker":"U",
            "time":"20.10.2020 07:48:29",
            "turn-index":13,
            "utterance":"来月くらいでどう？"
        },
        {
            "speaker":"S",
            "time":"20.10.2020 07:48:30",
            "turn-index":14,
            "utterance":"えーっと・・・結構予定が詰まってしまってて・・・やっぱり夜ですよね？"
        },
        {
            "speaker":"U",
            "time":"20.10.2020 07:48:41",
            "turn-index":15,
            "utterance":"昼でもいいよ。ランチでも"
        },
        {
            "speaker":"S",
            "time":"20.10.2020 07:48:42",
            "turn-index":16,
            "utterance":"あ、そうだ！すみません、突然思いついたんですけど、リモートとかもアリですか？"
        },
        {
            "speaker":"U",
            "time":"20.10.2020 07:49:16",
            "turn-index":17,
            "utterance":"リモートでもいいんだが。せっかくだから。みんなで集まろうぜ。"
        },
        {
            "speaker":"S",
            "time":"20.10.2020 07:49:16",
            "turn-index":18,
            "utterance":"あのー他の先輩方にも、リモートはどうか、ちょっと聞いてもらえないでしょうか？"
        },
        {
            "speaker":"U",
            "time":"20.10.2020 07:49:55",
            "turn-index":19,
            "utterance":"了解。今回はコロナのこともあるし、リモートでもいいかもな。聞いてみるよ。ってことは、幹事やってくれるよな？"
        },
        {
            "speaker":"S",
            "time":"20.10.2020 07:49:56",
            "turn-index":20,
            "utterance":"もし先輩方にリモートでもいいっていう声が多かったら、慣れてる山口さんに頼みませんか？"
        },
        {
            "speaker":"U",
            "time":"20.10.2020 07:50:49",
            "turn-index":21,
            "utterance":"おいおい。先輩たちに聞かせといて。それはないだろ。リモートの案は、お前からだって先輩たちにもいうからさ。頼むよ"
        },
        {
            "speaker":"S",
            "time":"20.10.2020 07:50:49",
            "turn-index":22,
            "utterance":"なんというか・・・すみません・・なんか私・・ホント役立たずですね・・・"
        },
        {
            "speaker":"U",
            "time":"20.10.2020 07:51:25",
            "turn-index":23,
            "utterance":"リモートはいい案だと思うよ。幹事頼む"
        },
        {
            "speaker":"S",
            "time":"20.10.2020 07:51:25",
            "turn-index":24,
            "utterance":"せっかく声をかけてもらったのに申し訳なくて・・・もうちょっと時間もらって、いろいろ考えさせてもらってもいいですか？"
        },
        {
            "speaker":"U",
            "time":"20.10.2020 07:51:47",
            "turn-index":25,
            "utterance":"そうだな。でもみんなには声かけちゃうぞ。"
        },
        {
            "speaker":"S",
            "time":"20.10.2020 07:51:47",
            "turn-index":26,
            "utterance":"先輩のほうで返事の締切を決めてもらったほうがありがたいので。いつまでにお返事すればいいですか？"
        },
        {
            "speaker":"U",
            "time":"20.10.2020 07:52:25",
            "turn-index":27,
            "utterance":"今週末には返事を頼む。何でも協力するからさ。深く考えるな"
        },
        {
            "speaker":"S",
            "time":"20.10.2020 07:52:26",
            "turn-index":28,
            "utterance":"わかりました。必ず連絡します。ありがとうございました。"
        },
        {
            "speaker":"U",
            "time":"20.10.2020 07:52:49",
            "turn-index":29,
            "utterance":"良い返事も待ってるよ。リモートなら夜でいいな？"
        }
    ]
}