{
    "dialogue-id":"FCL_50",
    "group-id":"",
    "speaker-id":"fcl2020",
    "turns":[
        {
            "speaker":"S",
            "time":"19.10.2020 00:28:14",
            "turn-index":0,
            "utterance":"はい、何でしょう？"
        },
        {
            "speaker":"U",
            "time":"19.10.2020 00:28:36",
            "turn-index":1,
            "utterance":"同窓会どうする？"
        },
        {
            "speaker":"S",
            "time":"19.10.2020 00:28:37",
            "turn-index":2,
            "utterance":"あー・・・そうですね・・・"
        },
        {
            "speaker":"U",
            "time":"19.10.2020 00:30:31",
            "turn-index":3,
            "utterance":"行くでしょ？"
        },
        {
            "speaker":"S",
            "time":"19.10.2020 00:30:31",
            "turn-index":4,
            "utterance":"えーと・・・まず心配なのが私、幹事って１回もしたことないんですけど、大丈夫ですかね？"
        },
        {
            "speaker":"U",
            "time":"19.10.2020 00:32:57",
            "turn-index":5,
            "utterance":"幹事引き受けてくれるの？"
        },
        {
            "speaker":"S",
            "time":"19.10.2020 00:32:57",
            "turn-index":6,
            "utterance":"いや・・それと、私って日程調整とか出欠の確認とか、そういうの苦手で・・・。先輩は幹事されたことあります？"
        },
        {
            "speaker":"U",
            "time":"19.10.2020 00:33:10",
            "turn-index":7,
            "utterance":"あるよー"
        },
        {
            "speaker":"S",
            "time":"19.10.2020 00:33:11",
            "turn-index":8,
            "utterance":"あるんですね！いつもだいたい何人ぐらい集まるんですかね？"
        },
        {
            "speaker":"U",
            "time":"19.10.2020 00:33:30",
            "turn-index":9,
            "utterance":"20人くらいかな"
        },
        {
            "speaker":"S",
            "time":"19.10.2020 00:33:30",
            "turn-index":10,
            "utterance":"20人ですか。う～ん・・・あ、田中さんに頼むのはどうですか？彼女、幹事とかそういうの得意そうだし。"
        },
        {
            "speaker":"U",
            "time":"19.10.2020 00:35:08",
            "turn-index":11,
            "utterance":"清水ちゃんやってよ"
        },
        {
            "speaker":"S",
            "time":"19.10.2020 00:35:08",
            "turn-index":12,
            "utterance":"開催時期は何月ですか？"
        },
        {
            "speaker":"U",
            "time":"19.10.2020 00:36:13",
            "turn-index":13,
            "utterance":"5月の連休"
        },
        {
            "speaker":"S",
            "time":"19.10.2020 00:36:14",
            "turn-index":14,
            "utterance":"えーっと・・・結構予定が詰まってしまってて・・・やっぱり夜ですよね？"
        },
        {
            "speaker":"U",
            "time":"19.10.2020 00:36:23",
            "turn-index":15,
            "utterance":"うん"
        },
        {
            "speaker":"S",
            "time":"19.10.2020 00:36:24",
            "turn-index":16,
            "utterance":"あ、そうだ！すみません、突然思いついたんですけど、リモートとかもアリですか？"
        },
        {
            "speaker":"U",
            "time":"19.10.2020 00:36:59",
            "turn-index":17,
            "utterance":"あー自宅でやる感じ？"
        },
        {
            "speaker":"S",
            "time":"19.10.2020 00:37:00",
            "turn-index":18,
            "utterance":"あのー他の先輩方にも、リモートはどうか、ちょっと聞いてもらえないでしょうか？"
        },
        {
            "speaker":"U",
            "time":"19.10.2020 00:37:33",
            "turn-index":19,
            "utterance":"そうだねー一応聞いてみるわ"
        },
        {
            "speaker":"S",
            "time":"19.10.2020 00:37:33",
            "turn-index":20,
            "utterance":"もし先輩方にリモートでもいいっていう声が多かったら、慣れてる山口さんに頼みませんか？"
        },
        {
            "speaker":"U",
            "time":"19.10.2020 00:37:48",
            "turn-index":21,
            "utterance":"そこは清水ちゃんやってよ"
        },
        {
            "speaker":"S",
            "time":"19.10.2020 00:37:49",
            "turn-index":22,
            "utterance":"なんというか・・・すみません・・なんか私・・ホント役立たずですね・・・"
        },
        {
            "speaker":"U",
            "time":"19.10.2020 00:38:27",
            "turn-index":23,
            "utterance":"いやいや幹事とかけっこう簡単よ？"
        },
        {
            "speaker":"S",
            "time":"19.10.2020 00:38:27",
            "turn-index":24,
            "utterance":"せっかく声をかけてもらったのに申し訳なくて・・・もうちょっと時間もらって、いろいろ考えさせてもらってもいいですか？"
        },
        {
            "speaker":"U",
            "time":"19.10.2020 00:38:50",
            "turn-index":25,
            "utterance":"うん。でも前向きに検討してね。"
        },
        {
            "speaker":"S",
            "time":"19.10.2020 00:38:51",
            "turn-index":26,
            "utterance":"先輩のほうで返事の締切を決めてもらったほうがありがたいので。いつまでにお返事すればいいですか？"
        },
        {
            "speaker":"U",
            "time":"19.10.2020 00:39:37",
            "turn-index":27,
            "utterance":"じゃあ今週末くらいはどう？"
        },
        {
            "speaker":"S",
            "time":"19.10.2020 00:39:37",
            "turn-index":28,
            "utterance":"わかりました。必ず連絡します。ありがとうございました。"
        },
        {
            "speaker":"U",
            "time":"19.10.2020 00:40:00",
            "turn-index":29,
            "utterance":"うん。無理言ってわるかったね"
        }
    ]
}