{
    "dialogue-id":"FCL_35",
    "group-id":"",
    "speaker-id":"fcl2020",
    "turns":[
        {
            "speaker":"S",
            "time":"20.10.2020 08:25:23",
            "turn-index":0,
            "utterance":"はい、何でしょう？"
        },
        {
            "speaker":"U",
            "time":"20.10.2020 08:25:58",
            "turn-index":1,
            "utterance":"今度同窓会あるよ！"
        },
        {
            "speaker":"S",
            "time":"20.10.2020 08:25:58",
            "turn-index":2,
            "utterance":"あー・・・そうですね・・・"
        },
        {
            "speaker":"U",
            "time":"20.10.2020 08:26:11",
            "turn-index":3,
            "utterance":"もちろん参加だよね？"
        },
        {
            "speaker":"S",
            "time":"20.10.2020 08:26:11",
            "turn-index":4,
            "utterance":"えーと・・・まず心配なのが私、幹事って１回もしたことないんですけど、大丈夫ですかね？"
        },
        {
            "speaker":"U",
            "time":"20.10.2020 08:26:52",
            "turn-index":5,
            "utterance":"お！幹事やってくれるの？初めてでも絶対大丈夫だよ！"
        },
        {
            "speaker":"S",
            "time":"20.10.2020 08:26:52",
            "turn-index":6,
            "utterance":"いや・・それと、私って日程調整とか出欠の確認とか、そういうの苦手で・・・。先輩は幹事されたことあります？"
        },
        {
            "speaker":"U",
            "time":"20.10.2020 08:27:55",
            "turn-index":7,
            "utterance":"あるよ！全然難しくないよ！むしろきめ細やかなあなたは向いてると思う！"
        },
        {
            "speaker":"S",
            "time":"20.10.2020 08:27:56",
            "turn-index":8,
            "utterance":"あるんですね！いつもだいたい何人ぐらい集まるんですかね？"
        },
        {
            "speaker":"U",
            "time":"20.10.2020 08:28:21",
            "turn-index":9,
            "utterance":"毎年違うけど大体20人くらいかな"
        },
        {
            "speaker":"S",
            "time":"20.10.2020 08:28:22",
            "turn-index":10,
            "utterance":"毎年違うけど大体20人ですか。う～ん・・・あ、田中さんに頼むのはどうですか？彼女、幹事とかそういうの得意そうだし。"
        },
        {
            "speaker":"U",
            "time":"20.10.2020 08:29:17",
            "turn-index":11,
            "utterance":"いや、田中さんは抜けてるとこあるから、あなたのほうがしっかりしてて頼りになるよ！"
        },
        {
            "speaker":"S",
            "time":"20.10.2020 08:29:18",
            "turn-index":12,
            "utterance":"開催時期は何月ですか？"
        },
        {
            "speaker":"U",
            "time":"20.10.2020 08:29:29",
            "turn-index":13,
            "utterance":"5月の連休あたりかな"
        },
        {
            "speaker":"S",
            "time":"20.10.2020 08:29:30",
            "turn-index":14,
            "utterance":"えーっと・・・結構予定が詰まってしまってて・・・やっぱり夜ですよね？"
        },
        {
            "speaker":"U",
            "time":"20.10.2020 08:30:59",
            "turn-index":15,
            "utterance":"そうだね、夜にはなると思う。予定詰まってる人はけっこういると思うから、集まれる希望を持ってやってみようよ！"
        },
        {
            "speaker":"S",
            "time":"20.10.2020 08:31:00",
            "turn-index":16,
            "utterance":"あ、そうだ！すみません、突然思いついたんですけど、リモートとかもアリですか？"
        },
        {
            "speaker":"U",
            "time":"20.10.2020 08:31:45",
            "turn-index":17,
            "utterance":"もし皆が集まれない時はリーモートもありかもね！"
        },
        {
            "speaker":"S",
            "time":"20.10.2020 08:31:46",
            "turn-index":18,
            "utterance":"あのー他の先輩方にも、リモートはどうか、ちょっと聞いてもらえないでしょうか？"
        },
        {
            "speaker":"U",
            "time":"20.10.2020 08:32:37",
            "turn-index":19,
            "utterance":"分かった！聞いてみるよ！もし普通に同窓会できそうなら幹事お願いできる？"
        },
        {
            "speaker":"S",
            "time":"20.10.2020 08:32:37",
            "turn-index":20,
            "utterance":"もし先輩方にリモートでもいいっていう声が多かったら、慣れてる山口さんに頼みませんか？"
        },
        {
            "speaker":"U",
            "time":"20.10.2020 08:34:12",
            "turn-index":21,
            "utterance":"これからリリモート同窓会も増えてくるかもしれないから、一度挑戦しておいたほうがいいんじゃない？"
        },
        {
            "speaker":"S",
            "time":"20.10.2020 08:34:13",
            "turn-index":22,
            "utterance":"なんというか・・・すみません・・なんか私・・ホント役立たずですね・・・"
        },
        {
            "speaker":"U",
            "time":"20.10.2020 08:35:40",
            "turn-index":23,
            "utterance":"そんなことないよ！相談に乗ってくれてありがとう。みんなの為に引き受けてくれないかな？"
        },
        {
            "speaker":"S",
            "time":"20.10.2020 08:35:41",
            "turn-index":24,
            "utterance":"せっかく声をかけてもらったのに申し訳なくて・・・もうちょっと時間もらって、いろいろ考えさせてもらってもいいですか？"
        },
        {
            "speaker":"U",
            "time":"20.10.2020 08:36:24",
            "turn-index":25,
            "utterance":"分かったよ。嬉しいお返事待ってるね！ホント頼りにしてるから。"
        },
        {
            "speaker":"S",
            "time":"20.10.2020 08:36:24",
            "turn-index":26,
            "utterance":"先輩のほうで返事の締切を決めてもらったほうがありがたいので。いつまでにお返事すればいいですか？"
        },
        {
            "speaker":"U",
            "time":"20.10.2020 08:36:54",
            "turn-index":27,
            "utterance":"一週間後までに返事もらえると嬉しいな。"
        },
        {
            "speaker":"S",
            "time":"20.10.2020 08:36:55",
            "turn-index":28,
            "utterance":"一週間後までですね。わかりました。必ず連絡します。ありがとうございました。"
        },
        {
            "speaker":"U",
            "time":"20.10.2020 08:37:38",
            "turn-index":29,
            "utterance":"忙しいのにこちらこそありがとう。楽しい同窓会を作れるといいね！"
        }
    ]
}