{
    "dialogue-id":"FCL_23",
    "group-id":"",
    "speaker-id":"fcl2020",
    "turns":[
        {
            "speaker":"S",
            "time":"20.10.2020 08:26:09",
            "turn-index":0,
            "utterance":"はい、何でしょう？"
        },
        {
            "speaker":"U",
            "time":"20.10.2020 08:26:35",
            "turn-index":1,
            "utterance":"久しぶり。最近の学校どう？"
        },
        {
            "speaker":"S",
            "time":"20.10.2020 08:26:36",
            "turn-index":2,
            "utterance":"あー・・・そうですね・・・"
        },
        {
            "speaker":"U",
            "time":"20.10.2020 08:27:11",
            "turn-index":3,
            "utterance":"サークルのみんな元気でやってる？"
        },
        {
            "speaker":"S",
            "time":"20.10.2020 08:27:12",
            "turn-index":4,
            "utterance":"えーと・・・まず心配なのが私、幹事って１回もしたことないんですけど、大丈夫ですかね？"
        },
        {
            "speaker":"U",
            "time":"20.10.2020 08:28:26",
            "turn-index":5,
            "utterance":"OBはこちらで把握出来るんだけど現役がね。"
        },
        {
            "speaker":"S",
            "time":"20.10.2020 08:28:26",
            "turn-index":6,
            "utterance":"いや・・それと、私って日程調整とか出欠の確認とか、そういうの苦手で・・・。先輩は幹事されたことあります？"
        },
        {
            "speaker":"U",
            "time":"20.10.2020 08:28:58",
            "turn-index":7,
            "utterance":"なんどもやってるけど、意外とおもしろいよ。"
        },
        {
            "speaker":"S",
            "time":"20.10.2020 08:28:59",
            "turn-index":8,
            "utterance":"そうなんですね、いつもだいたい何人ぐらい集まるんですかね？"
        },
        {
            "speaker":"U",
            "time":"20.10.2020 08:29:17",
            "turn-index":9,
            "utterance":"20人くらいかな。"
        },
        {
            "speaker":"S",
            "time":"20.10.2020 08:29:18",
            "turn-index":10,
            "utterance":"20人ですか。う～ん・・・あ、田中さんに頼むのはどうですか？彼女、幹事とかそういうの得意そうだし。"
        },
        {
            "speaker":"U",
            "time":"20.10.2020 08:29:48",
            "turn-index":11,
            "utterance":"彼女は今仕事で忙しそうなのよ。"
        },
        {
            "speaker":"S",
            "time":"20.10.2020 08:29:48",
            "turn-index":12,
            "utterance":"開催時期は何月ですか？"
        },
        {
            "speaker":"U",
            "time":"20.10.2020 08:30:24",
            "turn-index":13,
            "utterance":"気候の良い3月くらいにしたいんだけど。"
        },
        {
            "speaker":"S",
            "time":"20.10.2020 08:30:24",
            "turn-index":14,
            "utterance":"えーっと・・・結構予定が詰まってしまってて・・・やっぱり夜ですよね？"
        },
        {
            "speaker":"U",
            "time":"20.10.2020 08:30:43",
            "turn-index":15,
            "utterance":"そうね、夜よね。"
        },
        {
            "speaker":"S",
            "time":"20.10.2020 08:30:44",
            "turn-index":16,
            "utterance":"あ、そうだ！すみません、突然思いついたんですけど、リモートとかもアリですか？"
        },
        {
            "speaker":"U",
            "time":"20.10.2020 08:31:07",
            "turn-index":17,
            "utterance":"この時期だからリモートもありかも。"
        },
        {
            "speaker":"S",
            "time":"20.10.2020 08:31:08",
            "turn-index":18,
            "utterance":"あのー他の先輩方にも、リモートはどうか、ちょっと聞いてもらえないでしょうか？"
        },
        {
            "speaker":"U",
            "time":"20.10.2020 08:31:33",
            "turn-index":19,
            "utterance":"OGはこちらで引き受けるわよ。"
        },
        {
            "speaker":"S",
            "time":"20.10.2020 08:31:33",
            "turn-index":20,
            "utterance":"もし先輩方にリモートでもいいっていう声が多かったら、慣れてる山口さんに頼みませんか？"
        },
        {
            "speaker":"U",
            "time":"20.10.2020 08:32:03",
            "turn-index":21,
            "utterance":"彼女は今子育てで忙しいのよ。"
        },
        {
            "speaker":"S",
            "time":"20.10.2020 08:32:04",
            "turn-index":22,
            "utterance":"なんというか・・・すみません・・なんか私・・ホント役立たずですね・・・"
        },
        {
            "speaker":"U",
            "time":"20.10.2020 08:32:28",
            "turn-index":23,
            "utterance":"そんなことないわよ。一緒にどう？"
        },
        {
            "speaker":"S",
            "time":"20.10.2020 08:32:29",
            "turn-index":24,
            "utterance":"せっかく声をかけてもらったのに申し訳なくて・・・もうちょっと時間もらって、いろいろ考えさせてもらってもいいですか？"
        },
        {
            "speaker":"U",
            "time":"20.10.2020 08:32:51",
            "turn-index":25,
            "utterance":"そうね出来れば早い方が良いんだけど。"
        },
        {
            "speaker":"S",
            "time":"20.10.2020 08:32:51",
            "turn-index":26,
            "utterance":"先輩のほうで返事の締切を決めてもらったほうがありがたいので。いつまでにお返事すればいいですか？"
        },
        {
            "speaker":"U",
            "time":"20.10.2020 08:33:19",
            "turn-index":27,
            "utterance":"来週末までになんとかならないかしら。"
        },
        {
            "speaker":"S",
            "time":"20.10.2020 08:33:20",
            "turn-index":28,
            "utterance":"来週末までですね。わかりました。必ず連絡します。ありがとうございました。"
        },
        {
            "speaker":"U",
            "time":"20.10.2020 08:33:34",
            "turn-index":29,
            "utterance":"こちらこそよろしくね。"
        }
    ]
}