{
    "dialogue-id":"FCL_41",
    "group-id":"",
    "speaker-id":"fcl2020",
    "turns":[
        {
            "speaker":"S",
            "time":"20.10.2020 07:26:00",
            "turn-index":0,
            "utterance":"はい、何でしょう？"
        },
        {
            "speaker":"U",
            "time":"20.10.2020 07:26:14",
            "turn-index":1,
            "utterance":"最近、サークルで飲み会あった？"
        },
        {
            "speaker":"S",
            "time":"20.10.2020 07:26:15",
            "turn-index":2,
            "utterance":"あー・・・そうですね・・・"
        },
        {
            "speaker":"U",
            "time":"20.10.2020 07:26:28",
            "turn-index":3,
            "utterance":"シズカちゃん参加した？"
        },
        {
            "speaker":"S",
            "time":"20.10.2020 07:26:29",
            "turn-index":4,
            "utterance":"えーと・・・まず心配なのが私、幹事って１回もしたことないんですけど、大丈夫ですかね？"
        },
        {
            "speaker":"U",
            "time":"20.10.2020 07:26:47",
            "turn-index":5,
            "utterance":"大丈夫だよ、そんなに難しくないから"
        },
        {
            "speaker":"S",
            "time":"20.10.2020 07:26:47",
            "turn-index":6,
            "utterance":"いや・・それと、私って日程調整とか出欠の確認とか、そういうの苦手で・・・。先輩は幹事されたことあります？"
        },
        {
            "speaker":"U",
            "time":"20.10.2020 07:27:23",
            "turn-index":7,
            "utterance":"あるよ、メールとかLINEでスケジュールを聞くと楽かも"
        },
        {
            "speaker":"S",
            "time":"20.10.2020 07:27:23",
            "turn-index":8,
            "utterance":"あるんですね！いつもだいたい何人ぐらい集まるんですかね？"
        },
        {
            "speaker":"U",
            "time":"20.10.2020 07:27:47",
            "turn-index":9,
            "utterance":"このサークルだと20人前後は集まると思うよ！"
        },
        {
            "speaker":"S",
            "time":"20.10.2020 07:27:47",
            "turn-index":10,
            "utterance":"このサークルだと20人ですか。う～ん・・・あ、田中さんに頼むのはどうですか？彼女、幹事とかそういうの得意そうだし。"
        },
        {
            "speaker":"U",
            "time":"20.10.2020 07:28:10",
            "turn-index":11,
            "utterance":"田中さんかぁ、サークルに参加してるのかなぁ"
        },
        {
            "speaker":"S",
            "time":"20.10.2020 07:28:11",
            "turn-index":12,
            "utterance":"開催時期は何月ですか？"
        },
        {
            "speaker":"U",
            "time":"20.10.2020 07:28:38",
            "turn-index":13,
            "utterance":"来月か再来月くらいはどう？"
        },
        {
            "speaker":"S",
            "time":"20.10.2020 07:28:38",
            "turn-index":14,
            "utterance":"えーっと・・・結構予定が詰まってしまってて・・・やっぱり夜ですよね？"
        },
        {
            "speaker":"U",
            "time":"20.10.2020 07:28:48",
            "turn-index":15,
            "utterance":"うん、夜だね"
        },
        {
            "speaker":"S",
            "time":"20.10.2020 07:28:49",
            "turn-index":16,
            "utterance":"あ、そうだ！すみません、突然思いついたんですけど、リモートとかもアリですか？"
        },
        {
            "speaker":"U",
            "time":"20.10.2020 07:29:08",
            "turn-index":17,
            "utterance":"うーん、さすがに20人でリモートはなぁ"
        },
        {
            "speaker":"S",
            "time":"20.10.2020 07:29:08",
            "turn-index":18,
            "utterance":"あのー他の先輩方にも、リモートはどうか、ちょっと聞いてもらえないでしょうか？"
        },
        {
            "speaker":"U",
            "time":"20.10.2020 07:29:43",
            "turn-index":19,
            "utterance":"リモートだとせいぜい5,6人までじゃない？やっぱり集まろうよ！"
        },
        {
            "speaker":"S",
            "time":"20.10.2020 07:29:43",
            "turn-index":20,
            "utterance":"もし先輩方にリモートでもいいっていう声が多かったら、慣れてる山口さんに頼みませんか？"
        },
        {
            "speaker":"U",
            "time":"20.10.2020 07:30:33",
            "turn-index":21,
            "utterance":"でも、リモートだと回線の状況によっては厳しいから、集まった方がいいんじゃないかな？"
        },
        {
            "speaker":"S",
            "time":"20.10.2020 07:30:34",
            "turn-index":22,
            "utterance":"なんというか・・・すみません・・なんか私・・ホント役立たずですね・・・"
        },
        {
            "speaker":"U",
            "time":"20.10.2020 07:30:50",
            "turn-index":23,
            "utterance":"そんなことないよ！あんまり難しく考えなくていいから"
        },
        {
            "speaker":"S",
            "time":"20.10.2020 07:30:51",
            "turn-index":24,
            "utterance":"せっかく声をかけてもらったのに申し訳なくて・・・もうちょっと時間もらって、いろいろ考えさせてもらってもいいですか？"
        },
        {
            "speaker":"U",
            "time":"20.10.2020 07:31:23",
            "turn-index":25,
            "utterance":"うん、幹事ってやってみるとそんなに難しくないから、前向きに考えてほしいな"
        },
        {
            "speaker":"S",
            "time":"20.10.2020 07:31:24",
            "turn-index":26,
            "utterance":"先輩のほうで返事の締切を決めてもらったほうがありがたいので。いつまでにお返事すればいいですか？"
        },
        {
            "speaker":"U",
            "time":"20.10.2020 07:31:46",
            "turn-index":27,
            "utterance":"出来れば早くみんなに話したいな。今週中はどう？"
        },
        {
            "speaker":"S",
            "time":"20.10.2020 07:31:46",
            "turn-index":28,
            "utterance":"わかりました。必ず連絡します。ありがとうございました。"
        },
        {
            "speaker":"U",
            "time":"20.10.2020 07:32:33",
            "turn-index":29,
            "utterance":"ぜひ前向きに考えてね、分からないことあったら私に聞いてね"
        }
    ]
}