{
    "dialogue-id":"FCL_11",
    "group-id":"",
    "speaker-id":"fcl2020",
    "turns":[
        {
            "speaker":"S",
            "time":"18.10.2020 20:47:04",
            "turn-index":0,
            "utterance":"はい、何でしょう？"
        },
        {
            "speaker":"U",
            "time":"18.10.2020 20:47:15",
            "turn-index":1,
            "utterance":"今年のサークルの同窓会で幹事をお願いしたいの。"
        },
        {
            "speaker":"S",
            "time":"18.10.2020 20:47:16",
            "turn-index":2,
            "utterance":"あー・・・そうですね・・・"
        },
        {
            "speaker":"U",
            "time":"18.10.2020 20:47:24",
            "turn-index":3,
            "utterance":"引き受けてもらえる？"
        },
        {
            "speaker":"S",
            "time":"18.10.2020 20:47:24",
            "turn-index":4,
            "utterance":"えーと・・・まず心配なのが私、幹事って１回もしたことないんですけど、大丈夫ですかね？"
        },
        {
            "speaker":"U",
            "time":"18.10.2020 20:47:32",
            "turn-index":5,
            "utterance":"それについては大丈夫。できる限りサポートするから。"
        },
        {
            "speaker":"S",
            "time":"18.10.2020 20:47:34",
            "turn-index":6,
            "utterance":"いや・・それと、私って日程調整とか出欠の確認とか、そういうの苦手で・・・。先輩は幹事されたことあります？"
        },
        {
            "speaker":"U",
            "time":"18.10.2020 20:47:43",
            "turn-index":7,
            "utterance":"何度か幹事はしたことあるからそこらへんについてやり方を教える。"
        },
        {
            "speaker":"S",
            "time":"18.10.2020 20:47:44",
            "turn-index":8,
            "utterance":"あるんですね！いつもだいたい何人ぐらい集まるんですかね？"
        },
        {
            "speaker":"U",
            "time":"18.10.2020 20:47:52",
            "turn-index":9,
            "utterance":"毎年20人くらいかな"
        },
        {
            "speaker":"S",
            "time":"18.10.2020 20:47:53",
            "turn-index":10,
            "utterance":"毎年20人ですか。う～ん・・・あ、田中さんに頼むのはどうですか？彼女、幹事とかそういうの得意そうだし。"
        },
        {
            "speaker":"U",
            "time":"18.10.2020 20:48:04",
            "turn-index":11,
            "utterance":"田中さんではなく、あなた是非幹事をお願いしたいの。"
        },
        {
            "speaker":"S",
            "time":"18.10.2020 20:48:05",
            "turn-index":12,
            "utterance":"開催時期は何月ですか？"
        },
        {
            "speaker":"U",
            "time":"18.10.2020 20:48:14",
            "turn-index":13,
            "utterance":"来月の下旬に予定している。"
        },
        {
            "speaker":"S",
            "time":"18.10.2020 20:48:14",
            "turn-index":14,
            "utterance":"えーっと・・・結構予定が詰まってしまってて・・・やっぱり夜ですよね？"
        },
        {
            "speaker":"U",
            "time":"18.10.2020 20:48:30",
            "turn-index":15,
            "utterance":"休日に開催する予定なので、時間帯はお任せします。"
        },
        {
            "speaker":"S",
            "time":"18.10.2020 20:48:30",
            "turn-index":16,
            "utterance":"あ、そうだ！すみません、突然思いついたんですけど、リモートとかもアリですか？"
        },
        {
            "speaker":"U",
            "time":"18.10.2020 20:48:55",
            "turn-index":17,
            "utterance":"できれば当日現地にいてほしいな。"
        },
        {
            "speaker":"S",
            "time":"18.10.2020 20:48:56",
            "turn-index":18,
            "utterance":"あのー他の先輩方にも、リモートはどうか、ちょっと聞いてもらえないでしょうか？"
        },
        {
            "speaker":"U",
            "time":"18.10.2020 20:49:04",
            "turn-index":19,
            "utterance":"一応聞いてみる。"
        },
        {
            "speaker":"S",
            "time":"18.10.2020 20:49:05",
            "turn-index":20,
            "utterance":"もし先輩方にリモートでもいいっていう声が多かったら、慣れてる山口さんに頼みませんか？"
        },
        {
            "speaker":"U",
            "time":"18.10.2020 20:49:41",
            "turn-index":21,
            "utterance":"それも検討してみるけど、今回はあなたに幹事をお願いしたいな。"
        },
        {
            "speaker":"S",
            "time":"18.10.2020 20:49:42",
            "turn-index":22,
            "utterance":"なんというか・・・すみません・・なんか私・・ホント役立たずですね・・・"
        },
        {
            "speaker":"U",
            "time":"18.10.2020 20:50:18",
            "turn-index":23,
            "utterance":"いえいえ。全然そんなことないです。こちらこそ突然お願いしてごめんなさい。"
        },
        {
            "speaker":"S",
            "time":"18.10.2020 20:50:20",
            "turn-index":24,
            "utterance":"せっかく声をかけてもらったのに申し訳なくて・・・もうちょっと時間もらって、いろいろ考えさせてもらってもいいですか？"
        },
        {
            "speaker":"U",
            "time":"18.10.2020 20:50:47",
            "turn-index":25,
            "utterance":"わかった。じっくり考えてみて。"
        },
        {
            "speaker":"S",
            "time":"18.10.2020 20:50:47",
            "turn-index":26,
            "utterance":"先輩のほうで返事の締切を決めてもらったほうがありがたいので。いつまでにお返事すればいいですか？"
        },
        {
            "speaker":"U",
            "time":"18.10.2020 20:51:00",
            "turn-index":27,
            "utterance":"来週中には返答をもらいたいな。"
        },
        {
            "speaker":"S",
            "time":"18.10.2020 20:51:01",
            "turn-index":28,
            "utterance":"わかりました。必ず連絡します。ありがとうございました。"
        },
        {
            "speaker":"U",
            "time":"18.10.2020 20:51:27",
            "turn-index":29,
            "utterance":"こちらこそありがとう。良い返答をまっています。"
        }
    ]
}