{
    "dialogue-id":"FCL_38",
    "group-id":"",
    "speaker-id":"fcl2020",
    "turns":[
        {
            "speaker":"S",
            "time":"20.10.2020 09:27:08",
            "turn-index":0,
            "utterance":"はい、何でしょう？"
        },
        {
            "speaker":"U",
            "time":"20.10.2020 09:28:01",
            "turn-index":1,
            "utterance":"突然なんだけど今度の同窓会の幹事をお願いできるかな？"
        },
        {
            "speaker":"S",
            "time":"20.10.2020 09:28:01",
            "turn-index":2,
            "utterance":"あー・・・そうですね・・・"
        },
        {
            "speaker":"U",
            "time":"20.10.2020 09:28:18",
            "turn-index":3,
            "utterance":"できれば引き受けて欲しいんだけど…"
        },
        {
            "speaker":"S",
            "time":"20.10.2020 09:28:18",
            "turn-index":4,
            "utterance":"えーと・・・まず心配なのが私、幹事って１回もしたことないんですけど、大丈夫ですかね？"
        },
        {
            "speaker":"U",
            "time":"20.10.2020 09:28:35",
            "turn-index":5,
            "utterance":"私もサポートするし大丈夫だよ。"
        },
        {
            "speaker":"S",
            "time":"20.10.2020 09:28:36",
            "turn-index":6,
            "utterance":"いや・・それと、私って日程調整とか出欠の確認とか、そういうの苦手で・・・。先輩は幹事されたことあります？"
        },
        {
            "speaker":"U",
            "time":"20.10.2020 09:28:57",
            "turn-index":7,
            "utterance":"あるよ。そんなに難しいことじゃないから大丈夫。"
        },
        {
            "speaker":"S",
            "time":"20.10.2020 09:28:58",
            "turn-index":8,
            "utterance":"あるんですね！いつもだいたい何人ぐらい集まるんですかね？"
        },
        {
            "speaker":"U",
            "time":"20.10.2020 09:29:10",
            "turn-index":9,
            "utterance":"だいたい20人くらいかな。"
        },
        {
            "speaker":"S",
            "time":"20.10.2020 09:29:11",
            "turn-index":10,
            "utterance":"だいたい20人ですか。う～ん・・・あ、田中さんに頼むのはどうですか？彼女、幹事とかそういうの得意そうだし。"
        },
        {
            "speaker":"U",
            "time":"20.10.2020 09:29:33",
            "turn-index":11,
            "utterance":"田中さんは用事があって無理らしいんだよね。"
        },
        {
            "speaker":"S",
            "time":"20.10.2020 09:29:34",
            "turn-index":12,
            "utterance":"開催時期は何月ですか？"
        },
        {
            "speaker":"U",
            "time":"20.10.2020 09:29:47",
            "turn-index":13,
            "utterance":"11月だよ。"
        },
        {
            "speaker":"S",
            "time":"20.10.2020 09:29:48",
            "turn-index":14,
            "utterance":"えーっと・・・結構予定が詰まってしまってて・・・やっぱり夜ですよね？"
        },
        {
            "speaker":"U",
            "time":"20.10.2020 09:30:02",
            "turn-index":15,
            "utterance":"昼からでも大丈夫だよ。"
        },
        {
            "speaker":"S",
            "time":"20.10.2020 09:30:03",
            "turn-index":16,
            "utterance":"あ、そうだ！すみません、突然思いついたんですけど、リモートとかもアリですか？"
        },
        {
            "speaker":"U",
            "time":"20.10.2020 09:30:30",
            "turn-index":17,
            "utterance":"リモートかぁ…いいんじゃないかな。"
        },
        {
            "speaker":"S",
            "time":"20.10.2020 09:30:31",
            "turn-index":18,
            "utterance":"あのー他の先輩方にも、リモートはどうか、ちょっと聞いてもらえないでしょうか？"
        },
        {
            "speaker":"U",
            "time":"20.10.2020 09:30:53",
            "turn-index":19,
            "utterance":"わかった。聞いてみるよ。なら引き受けてくれるんだね。"
        },
        {
            "speaker":"S",
            "time":"20.10.2020 09:30:53",
            "turn-index":20,
            "utterance":"もし先輩方にリモートでもいいっていう声が多かったら、慣れてる山口さんに頼みませんか？"
        },
        {
            "speaker":"U",
            "time":"20.10.2020 09:31:13",
            "turn-index":21,
            "utterance":"山口さんは今回参加できないらしいよ。"
        },
        {
            "speaker":"S",
            "time":"20.10.2020 09:31:13",
            "turn-index":22,
            "utterance":"なんというか・・・すみません・・なんか私・・ホント役立たずですね・・・"
        },
        {
            "speaker":"U",
            "time":"20.10.2020 09:31:25",
            "turn-index":23,
            "utterance":"そんなことないよ。よろしくね。"
        },
        {
            "speaker":"S",
            "time":"20.10.2020 09:31:26",
            "turn-index":24,
            "utterance":"せっかく声をかけてもらったのに申し訳なくて・・・もうちょっと時間もらって、いろいろ考えさせてもらってもいいですか？"
        },
        {
            "speaker":"U",
            "time":"20.10.2020 09:31:53",
            "turn-index":25,
            "utterance":"うーん…あんまり時間が無いからできれば引き受けて欲しいな。"
        },
        {
            "speaker":"S",
            "time":"20.10.2020 09:31:54",
            "turn-index":26,
            "utterance":"先輩のほうで返事の締切を決めてもらったほうがありがたいので。いつまでにお返事すればいいですか？"
        },
        {
            "speaker":"U",
            "time":"20.10.2020 09:32:16",
            "turn-index":27,
            "utterance":"それじゃあ今週中に決めてもらっていいかな？"
        },
        {
            "speaker":"S",
            "time":"20.10.2020 09:32:17",
            "turn-index":28,
            "utterance":"わかりました。必ず連絡します。ありがとうございました。"
        },
        {
            "speaker":"U",
            "time":"20.10.2020 09:32:32",
            "turn-index":29,
            "utterance":"ありがとう。ぜひ前向きに考えてね。"
        }
    ]
}