{
    "dialogue-id":"FCL_44",
    "group-id":"",
    "speaker-id":"fcl2020",
    "turns":[
        {
            "speaker":"S",
            "time":"20.10.2020 10:00:13",
            "turn-index":0,
            "utterance":"はい、何でしょう？"
        },
        {
            "speaker":"U",
            "time":"20.10.2020 10:00:55",
            "turn-index":1,
            "utterance":"同総会しようよ"
        },
        {
            "speaker":"S",
            "time":"20.10.2020 10:00:55",
            "turn-index":2,
            "utterance":"あー・・・そうですね・・・"
        },
        {
            "speaker":"U",
            "time":"20.10.2020 10:01:16",
            "turn-index":3,
            "utterance":"あれ、乗り気じゃない感じ？"
        },
        {
            "speaker":"S",
            "time":"20.10.2020 10:01:16",
            "turn-index":4,
            "utterance":"えーと・・・まず心配なのが私、幹事って１回もしたことないんですけど、大丈夫ですかね？"
        },
        {
            "speaker":"U",
            "time":"20.10.2020 10:01:52",
            "turn-index":5,
            "utterance":"みんな一度はやったほうがいいでしょう？"
        },
        {
            "speaker":"S",
            "time":"20.10.2020 10:01:53",
            "turn-index":6,
            "utterance":"いや・・それと、私って日程調整とか出欠の確認とか、そういうの苦手で・・・。先輩は幹事されたことあります？"
        },
        {
            "speaker":"U",
            "time":"20.10.2020 10:02:29",
            "turn-index":7,
            "utterance":"難しくなんかないよ、わからないことは何でも教えてあげるし"
        },
        {
            "speaker":"S",
            "time":"20.10.2020 10:02:29",
            "turn-index":8,
            "utterance":"そうなんですね、いつもだいたい何人ぐらい集まるんですかね？"
        },
        {
            "speaker":"U",
            "time":"20.10.2020 10:03:11",
            "turn-index":9,
            "utterance":"どうだろう、前はそんなに集まらなかったよ"
        },
        {
            "speaker":"S",
            "time":"20.10.2020 10:03:11",
            "turn-index":10,
            "utterance":"う～ん・・・あ、田中さんに頼むのはどうですか？彼女、幹事とかそういうの得意そうだし。"
        },
        {
            "speaker":"U",
            "time":"20.10.2020 10:03:44",
            "turn-index":11,
            "utterance":"今回は清水さんにやってほしいな・・・"
        },
        {
            "speaker":"S",
            "time":"20.10.2020 10:03:45",
            "turn-index":12,
            "utterance":"開催時期は何月ですか？"
        },
        {
            "speaker":"U",
            "time":"20.10.2020 10:04:08",
            "turn-index":13,
            "utterance":"1月か2月なんてどう？"
        },
        {
            "speaker":"S",
            "time":"20.10.2020 10:04:08",
            "turn-index":14,
            "utterance":"えーっと・・・結構予定が詰まってしまってて・・・やっぱり夜ですよね？"
        },
        {
            "speaker":"U",
            "time":"20.10.2020 10:05:16",
            "turn-index":15,
            "utterance":"昼間か・・昼間のほうがやりやすい？"
        },
        {
            "speaker":"S",
            "time":"20.10.2020 10:05:17",
            "turn-index":16,
            "utterance":"あ、そうだ！すみません、突然思いついたんですけど、リモートとかもアリですか？"
        },
        {
            "speaker":"U",
            "time":"20.10.2020 10:05:49",
            "turn-index":17,
            "utterance":"りもーとね、そのほうがいいとおもう？"
        },
        {
            "speaker":"S",
            "time":"20.10.2020 10:05:50",
            "turn-index":18,
            "utterance":"あのー他の先輩方にも、リモートはどうか、ちょっと聞いてもらえないでしょうか？"
        },
        {
            "speaker":"U",
            "time":"20.10.2020 10:06:19",
            "turn-index":19,
            "utterance":"仕事が忙しくてさ、時間ないんだ"
        },
        {
            "speaker":"S",
            "time":"20.10.2020 10:06:20",
            "turn-index":20,
            "utterance":"もし先輩方にリモートでもいいっていう声が多かったら、慣れてる山口さんに頼みませんか？"
        },
        {
            "speaker":"U",
            "time":"20.10.2020 10:07:07",
            "turn-index":21,
            "utterance":"山口さんにはいろいろ問題があって、みんな反対しそう"
        },
        {
            "speaker":"S",
            "time":"20.10.2020 10:07:08",
            "turn-index":22,
            "utterance":"なんというか・・・すみません・・なんか私・・ホント役立たずですね・・・"
        },
        {
            "speaker":"U",
            "time":"20.10.2020 10:07:17",
            "turn-index":23,
            "utterance":"だからこそ、"
        },
        {
            "speaker":"S",
            "time":"20.10.2020 10:07:17",
            "turn-index":24,
            "utterance":"せっかく声をかけてもらったのに申し訳なくて・・・もうちょっと時間もらって、いろいろ考えさせてもらってもいいですか？"
        },
        {
            "speaker":"U",
            "time":"20.10.2020 10:07:38",
            "turn-index":25,
            "utterance":"信用できる清水さんが適任だよ"
        },
        {
            "speaker":"S",
            "time":"20.10.2020 10:07:39",
            "turn-index":26,
            "utterance":"先輩のほうで返事の締切を決めてもらったほうがありがたいので。いつまでにお返事すればいいですか？"
        },
        {
            "speaker":"U",
            "time":"20.10.2020 10:08:17",
            "turn-index":27,
            "utterance":"断るのは無しにしてね"
        },
        {
            "speaker":"S",
            "time":"20.10.2020 10:08:18",
            "turn-index":28,
            "utterance":"わかりました。必ず連絡します。ありがとうございました。"
        },
        {
            "speaker":"U",
            "time":"20.10.2020 10:09:00",
            "turn-index":29,
            "utterance":"いやいや、それは困っちゃうんだけどな"
        }
    ]
}