{
    "dialogue-id":"FCL_33",
    "group-id":"",
    "speaker-id":"fcl2020",
    "turns":[
        {
            "speaker":"S",
            "time":"20.10.2020 07:48:20",
            "turn-index":0,
            "utterance":"はい、何でしょう？"
        },
        {
            "speaker":"U",
            "time":"20.10.2020 07:48:54",
            "turn-index":1,
            "utterance":"実は同窓会の幹事をお願いしたくて"
        },
        {
            "speaker":"S",
            "time":"20.10.2020 07:48:55",
            "turn-index":2,
            "utterance":"あー・・・そうですね・・・"
        },
        {
            "speaker":"U",
            "time":"20.10.2020 07:49:19",
            "turn-index":3,
            "utterance":"めったにみんなに会えないから、どうしても会いたくなってね"
        },
        {
            "speaker":"S",
            "time":"20.10.2020 07:49:20",
            "turn-index":4,
            "utterance":"えーと・・・まず心配なのが私、幹事って１回もしたことないんですけど、大丈夫ですかね？"
        },
        {
            "speaker":"U",
            "time":"20.10.2020 07:49:42",
            "turn-index":5,
            "utterance":"大丈夫だと思うよ"
        },
        {
            "speaker":"S",
            "time":"20.10.2020 07:49:43",
            "turn-index":6,
            "utterance":"いや・・それと、私って日程調整とか出欠の確認とか、そういうの苦手で・・・。先輩は幹事されたことあります？"
        },
        {
            "speaker":"U",
            "time":"20.10.2020 07:49:52",
            "turn-index":7,
            "utterance":"あるけど"
        },
        {
            "speaker":"S",
            "time":"20.10.2020 07:49:53",
            "turn-index":8,
            "utterance":"あるんですね！いつもだいたい何人ぐらい集まるんですかね？"
        },
        {
            "speaker":"U",
            "time":"20.10.2020 07:50:28",
            "turn-index":9,
            "utterance":"人数多いと大変だから１０人くらいかな"
        },
        {
            "speaker":"S",
            "time":"20.10.2020 07:50:28",
            "turn-index":10,
            "utterance":"人数多いと大変だから10人ですか。う～ん・・・あ、田中さんに頼むのはどうですか？彼女、幹事とかそういうの得意そうだし。"
        },
        {
            "speaker":"U",
            "time":"20.10.2020 07:51:30",
            "turn-index":11,
            "utterance":"いつも田中さんだから、清水さんがやってあげた方がいいと思うよ"
        },
        {
            "speaker":"S",
            "time":"20.10.2020 07:51:31",
            "turn-index":12,
            "utterance":"開催時期は何月ですか？"
        },
        {
            "speaker":"U",
            "time":"20.10.2020 07:51:43",
            "turn-index":13,
            "utterance":"３月あたりは？"
        },
        {
            "speaker":"S",
            "time":"20.10.2020 07:51:43",
            "turn-index":14,
            "utterance":"えーっと・・・結構予定が詰まってしまってて・・・やっぱり夜ですよね？"
        },
        {
            "speaker":"U",
            "time":"20.10.2020 07:52:12",
            "turn-index":15,
            "utterance":"夜の方が集まりやすいと思うけど"
        },
        {
            "speaker":"S",
            "time":"20.10.2020 07:52:13",
            "turn-index":16,
            "utterance":"あ、そうだ！すみません、突然思いついたんですけど、リモートとかもアリですか？"
        },
        {
            "speaker":"U",
            "time":"20.10.2020 07:52:18",
            "turn-index":17,
            "utterance":"OK"
        },
        {
            "speaker":"S",
            "time":"20.10.2020 07:52:19",
            "turn-index":18,
            "utterance":"あのー他の先輩方にも、リモートはどうか、ちょっと聞いてもらえないでしょうか？"
        },
        {
            "speaker":"U",
            "time":"20.10.2020 07:53:18",
            "turn-index":19,
            "utterance":"ごめん。やっぱりリモートだと家族に気を遣うから、やっぱり対面がいい"
        },
        {
            "speaker":"S",
            "time":"20.10.2020 07:53:20",
            "turn-index":20,
            "utterance":"もし先輩方にリモートでもいいっていう声が多かったら、慣れてる山口さんに頼みませんか？"
        },
        {
            "speaker":"U",
            "time":"20.10.2020 07:53:47",
            "turn-index":21,
            "utterance":"私は清水さんに引き受けてもらいたいんだ。ダメかな？"
        },
        {
            "speaker":"S",
            "time":"20.10.2020 07:53:48",
            "turn-index":22,
            "utterance":"なんというか・・・すみません・・なんか私・・ホント役立たずですね・・・"
        },
        {
            "speaker":"U",
            "time":"20.10.2020 07:55:04",
            "turn-index":23,
            "utterance":"学生現役の人がたいてい幹事をしているから清水さんが一番いいと思うんだ"
        },
        {
            "speaker":"S",
            "time":"20.10.2020 07:55:05",
            "turn-index":24,
            "utterance":"せっかく声をかけてもらったのに申し訳なくて・・・もうちょっと時間もらって、いろいろ考えさせてもらってもいいですか？"
        },
        {
            "speaker":"U",
            "time":"20.10.2020 07:55:18",
            "turn-index":25,
            "utterance":"それはOKですよ"
        },
        {
            "speaker":"S",
            "time":"20.10.2020 07:55:19",
            "turn-index":26,
            "utterance":"先輩のほうで返事の締切を決めてもらったほうがありがたいので。いつまでにお返事すればいいですか？"
        },
        {
            "speaker":"U",
            "time":"20.10.2020 07:55:38",
            "turn-index":27,
            "utterance":"２週間後でいかがですか？"
        },
        {
            "speaker":"S",
            "time":"20.10.2020 07:55:39",
            "turn-index":28,
            "utterance":"わかりました。必ず連絡します。ありがとうございました。"
        },
        {
            "speaker":"U",
            "time":"20.10.2020 07:55:56",
            "turn-index":29,
            "utterance":"引き受けてくれてありがとう。"
        }
    ]
}