{
    "dialogue-id":"FCL_09",
    "group-id":"",
    "speaker-id":"fcl2020",
    "turns":[
        {
            "speaker":"S",
            "time":"20.10.2020 08:19:27",
            "turn-index":0,
            "utterance":"はい、何でしょう？"
        },
        {
            "speaker":"U",
            "time":"20.10.2020 08:21:19",
            "turn-index":1,
            "utterance":"今年の同窓会の事でね"
        },
        {
            "speaker":"S",
            "time":"20.10.2020 08:21:20",
            "turn-index":2,
            "utterance":"あー・・・そうですね・・・"
        },
        {
            "speaker":"U",
            "time":"20.10.2020 08:22:21",
            "turn-index":3,
            "utterance":"出たことあったっけ？"
        },
        {
            "speaker":"S",
            "time":"20.10.2020 08:22:22",
            "turn-index":4,
            "utterance":"えーと・・・まず心配なのが私、幹事って１回もしたことないんですけど、大丈夫ですかね？"
        },
        {
            "speaker":"U",
            "time":"20.10.2020 08:23:46",
            "turn-index":5,
            "utterance":"幹事やってくれるの？"
        },
        {
            "speaker":"S",
            "time":"20.10.2020 08:23:47",
            "turn-index":6,
            "utterance":"いや・・それと、私って日程調整とか出欠の確認とか、そういうの苦手で・・・。先輩は幹事されたことあります？"
        },
        {
            "speaker":"U",
            "time":"20.10.2020 08:24:11",
            "turn-index":7,
            "utterance":"まあね"
        },
        {
            "speaker":"S",
            "time":"20.10.2020 08:24:12",
            "turn-index":8,
            "utterance":"そうなんですね、いつもだいたい何人ぐらい集まるんですかね？"
        },
        {
            "speaker":"U",
            "time":"20.10.2020 08:24:51",
            "turn-index":9,
            "utterance":"20人くらいかなあ"
        },
        {
            "speaker":"S",
            "time":"20.10.2020 08:24:52",
            "turn-index":10,
            "utterance":"20人ですか。う～ん・・・あ、田中さんに頼むのはどうですか？彼女、幹事とかそういうの得意そうだし。"
        },
        {
            "speaker":"U",
            "time":"20.10.2020 08:25:52",
            "turn-index":11,
            "utterance":"田中さんは去年幹事だったよ"
        },
        {
            "speaker":"S",
            "time":"20.10.2020 08:25:52",
            "turn-index":12,
            "utterance":"開催時期は何月ですか？"
        },
        {
            "speaker":"U",
            "time":"20.10.2020 08:26:51",
            "turn-index":13,
            "utterance":"5月のGW頃の予定だよ"
        },
        {
            "speaker":"S",
            "time":"20.10.2020 08:26:52",
            "turn-index":14,
            "utterance":"えーっと・・・結構予定が詰まってしまってて・・・やっぱり夜ですよね？"
        },
        {
            "speaker":"U",
            "time":"20.10.2020 08:27:49",
            "turn-index":15,
            "utterance":"予定ではね"
        },
        {
            "speaker":"S",
            "time":"20.10.2020 08:27:50",
            "turn-index":16,
            "utterance":"あ、そうだ！すみません、突然思いついたんですけど、リモートとかもアリですか？"
        },
        {
            "speaker":"U",
            "time":"20.10.2020 08:28:17",
            "turn-index":17,
            "utterance":"いいよ"
        },
        {
            "speaker":"S",
            "time":"20.10.2020 08:28:18",
            "turn-index":18,
            "utterance":"あのー他の先輩方にも、リモートはどうか、ちょっと聞いてもらえないでしょうか？"
        },
        {
            "speaker":"U",
            "time":"20.10.2020 08:29:29",
            "turn-index":19,
            "utterance":"わかった。それじゃあ幹事OKってことで？"
        },
        {
            "speaker":"S",
            "time":"20.10.2020 08:29:30",
            "turn-index":20,
            "utterance":"もし先輩方にリモートでもいいっていう声が多かったら、慣れてる山口さんに頼みませんか？"
        },
        {
            "speaker":"U",
            "time":"20.10.2020 08:31:22",
            "turn-index":21,
            "utterance":"いやいや"
        },
        {
            "speaker":"S",
            "time":"20.10.2020 08:31:23",
            "turn-index":22,
            "utterance":"なんというか・・・すみません・・なんか私・・ホント役立たずですね・・・"
        },
        {
            "speaker":"U",
            "time":"20.10.2020 08:33:31",
            "turn-index":23,
            "utterance":"幹事引き受けてくれるならリモートでもOKという意味だったんだけど"
        },
        {
            "speaker":"S",
            "time":"20.10.2020 08:33:32",
            "turn-index":24,
            "utterance":"せっかく声をかけてもらったのに申し訳なくて・・・もうちょっと時間もらって、いろいろ考えさせてもらってもいいですか？"
        },
        {
            "speaker":"U",
            "time":"20.10.2020 08:36:54",
            "turn-index":25,
            "utterance":"あまり自分を責めないで。頼りにしてるから"
        },
        {
            "speaker":"S",
            "time":"20.10.2020 08:36:55",
            "turn-index":26,
            "utterance":"先輩のほうで返事の締切を決めてもらったほうがありがたいので。いつまでにお返事すればいいですか？"
        },
        {
            "speaker":"U",
            "time":"20.10.2020 08:38:15",
            "turn-index":27,
            "utterance":"それじゃあできるだけ早く。あなたならこなせると思う"
        },
        {
            "speaker":"S",
            "time":"20.10.2020 08:38:15",
            "turn-index":28,
            "utterance":"わかりました。必ず連絡します。ありがとうございました。"
        },
        {
            "speaker":"U",
            "time":"20.10.2020 08:38:24",
            "turn-index":29,
            "utterance":"よろしくね"
        }
    ]
}