{
    "dialogue-id":"FCL_47",
    "group-id":"",
    "speaker-id":"fcl2020",
    "turns":[
        {
            "speaker":"S",
            "time":"20.10.2020 07:28:41",
            "turn-index":0,
            "utterance":"はい、何でしょう？"
        },
        {
            "speaker":"U",
            "time":"20.10.2020 07:30:09",
            "turn-index":1,
            "utterance":"今度同窓会をやろうと思っているんだけどさ"
        },
        {
            "speaker":"S",
            "time":"20.10.2020 07:30:09",
            "turn-index":2,
            "utterance":"あー・・・そうですね・・・"
        },
        {
            "speaker":"U",
            "time":"20.10.2020 07:30:39",
            "turn-index":3,
            "utterance":"幹事を引き受けてくれなかな？"
        },
        {
            "speaker":"S",
            "time":"20.10.2020 07:30:40",
            "turn-index":4,
            "utterance":"えーと・・・まず心配なのが私、幹事って１回もしたことないんですけど、大丈夫ですかね？"
        },
        {
            "speaker":"U",
            "time":"20.10.2020 07:30:58",
            "turn-index":5,
            "utterance":"簡単だから問題ないよ。"
        },
        {
            "speaker":"S",
            "time":"20.10.2020 07:30:59",
            "turn-index":6,
            "utterance":"いや・・それと、私って日程調整とか出欠の確認とか、そういうの苦手で・・・。先輩は幹事されたことあります？"
        },
        {
            "speaker":"U",
            "time":"20.10.2020 07:31:17",
            "turn-index":7,
            "utterance":"やったことあるけど、とても簡単だよ。"
        },
        {
            "speaker":"S",
            "time":"20.10.2020 07:31:17",
            "turn-index":8,
            "utterance":"そうなんですね、いつもだいたい何人ぐらい集まるんですかね？"
        },
        {
            "speaker":"U",
            "time":"20.10.2020 07:31:26",
            "turn-index":9,
            "utterance":"30人くらいかな。"
        },
        {
            "speaker":"S",
            "time":"20.10.2020 07:31:27",
            "turn-index":10,
            "utterance":"30人ですか。う～ん・・・あ、田中さんに頼むのはどうですか？彼女、幹事とかそういうの得意そうだし。"
        },
        {
            "speaker":"U",
            "time":"20.10.2020 07:31:42",
            "turn-index":11,
            "utterance":"いや、君の方が信頼できるから。"
        },
        {
            "speaker":"S",
            "time":"20.10.2020 07:31:43",
            "turn-index":12,
            "utterance":"開催時期は何月ですか？"
        },
        {
            "speaker":"U",
            "time":"20.10.2020 07:31:54",
            "turn-index":13,
            "utterance":"11月の初めだね。"
        },
        {
            "speaker":"S",
            "time":"20.10.2020 07:31:54",
            "turn-index":14,
            "utterance":"えーっと・・・結構予定が詰まってしまってて・・・やっぱり夜ですよね？"
        },
        {
            "speaker":"U",
            "time":"20.10.2020 07:32:05",
            "turn-index":15,
            "utterance":"そうだね18時からだね。"
        },
        {
            "speaker":"S",
            "time":"20.10.2020 07:32:06",
            "turn-index":16,
            "utterance":"あ、そうだ！すみません、突然思いついたんですけど、リモートとかもアリですか？"
        },
        {
            "speaker":"U",
            "time":"20.10.2020 07:32:31",
            "turn-index":17,
            "utterance":"できれば実際に顔を合わせてやりたいんだ。"
        },
        {
            "speaker":"S",
            "time":"20.10.2020 07:32:32",
            "turn-index":18,
            "utterance":"あのー他の先輩方にも、リモートはどうか、ちょっと聞いてもらえないでしょうか？"
        },
        {
            "speaker":"U",
            "time":"20.10.2020 07:33:00",
            "turn-index":19,
            "utterance":"リモートだと味気ないから直接会った方がいいよ。"
        },
        {
            "speaker":"S",
            "time":"20.10.2020 07:33:00",
            "turn-index":20,
            "utterance":"もし先輩方にリモートでもいいっていう声が多かったら、慣れてる山口さんに頼みませんか？"
        },
        {
            "speaker":"U",
            "time":"20.10.2020 07:33:35",
            "turn-index":21,
            "utterance":"リモートでもやることは同じだから是非君にお願いしたいんだ。"
        },
        {
            "speaker":"S",
            "time":"20.10.2020 07:33:36",
            "turn-index":22,
            "utterance":"なんというか・・・すみません・・なんか私・・ホント役立たずですね・・・"
        },
        {
            "speaker":"U",
            "time":"20.10.2020 07:33:50",
            "turn-index":23,
            "utterance":"そんなことないよ。フォーローするから。"
        },
        {
            "speaker":"S",
            "time":"20.10.2020 07:33:51",
            "turn-index":24,
            "utterance":"せっかく声をかけてもらったのに申し訳なくて・・・もうちょっと時間もらって、いろいろ考えさせてもらってもいいですか？"
        },
        {
            "speaker":"U",
            "time":"20.10.2020 07:34:16",
            "turn-index":25,
            "utterance":"いいけど。協力するから一緒にやろうよ。"
        },
        {
            "speaker":"S",
            "time":"20.10.2020 07:34:16",
            "turn-index":26,
            "utterance":"先輩のほうで返事の締切を決めてもらったほうがありがたいので。いつまでにお返事すればいいですか？"
        },
        {
            "speaker":"U",
            "time":"20.10.2020 07:34:43",
            "turn-index":27,
            "utterance":"3日後までに連絡してほしいな。"
        },
        {
            "speaker":"S",
            "time":"20.10.2020 07:34:44",
            "turn-index":28,
            "utterance":"3日後までですね。わかりました。必ず連絡します。ありがとうございました。"
        },
        {
            "speaker":"U",
            "time":"20.10.2020 07:35:01",
            "turn-index":29,
            "utterance":"じゃあ、一緒に頑張ろうね。"
        }
    ]
}