{
    "dialogue-id":"FCL_49",
    "group-id":"",
    "speaker-id":"fcl2020",
    "turns":[
        {
            "speaker":"S",
            "time":"18.10.2020 20:33:56",
            "turn-index":0,
            "utterance":"はい、何でしょう？"
        },
        {
            "speaker":"U",
            "time":"18.10.2020 20:34:14",
            "turn-index":1,
            "utterance":"それが今年のサークルの同窓会の件なんだけど"
        },
        {
            "speaker":"S",
            "time":"18.10.2020 20:34:15",
            "turn-index":2,
            "utterance":"あー・・・そうですね・・・"
        },
        {
            "speaker":"U",
            "time":"18.10.2020 20:34:41",
            "turn-index":3,
            "utterance":"清水さんに幹事をお願いしたいなって思ってね。"
        },
        {
            "speaker":"S",
            "time":"18.10.2020 20:34:42",
            "turn-index":4,
            "utterance":"えーと・・・まず心配なのが私、幹事って１回もしたことないんですけど、大丈夫ですかね？"
        },
        {
            "speaker":"U",
            "time":"18.10.2020 20:35:10",
            "turn-index":5,
            "utterance":"うん、大丈夫だよ。意外と思ったより楽だし、初めてならサポートするしさ。"
        },
        {
            "speaker":"S",
            "time":"18.10.2020 20:35:10",
            "turn-index":6,
            "utterance":"いや・・それと、私って日程調整とか出欠の確認とか、そういうの苦手で・・・。先輩は幹事されたことあります？"
        },
        {
            "speaker":"U",
            "time":"18.10.2020 20:35:56",
            "turn-index":7,
            "utterance":"あるよー。細かいことはあとから何とかなるし、一度は幹事やるのもいい経験になるよー。"
        },
        {
            "speaker":"S",
            "time":"18.10.2020 20:35:57",
            "turn-index":8,
            "utterance":"あるんですね！いつもだいたい何人ぐらい集まるんですかね？"
        },
        {
            "speaker":"U",
            "time":"18.10.2020 20:36:18",
            "turn-index":9,
            "utterance":"だいたい20人くらいかな。"
        },
        {
            "speaker":"S",
            "time":"18.10.2020 20:36:18",
            "turn-index":10,
            "utterance":"だいたい20人ですか。う～ん・・・あ、田中さんに頼むのはどうですか？彼女、幹事とかそういうの得意そうだし。"
        },
        {
            "speaker":"U",
            "time":"18.10.2020 20:36:42",
            "turn-index":11,
            "utterance":"田中さんは去年やってもらったから、ちょっと頼めないんだ。"
        },
        {
            "speaker":"S",
            "time":"18.10.2020 20:36:42",
            "turn-index":12,
            "utterance":"開催時期は何月ですか？"
        },
        {
            "speaker":"U",
            "time":"18.10.2020 20:37:05",
            "turn-index":13,
            "utterance":"11月開催だよ。まだ時間あるから、幹事引き受けてくれないかな？"
        },
        {
            "speaker":"S",
            "time":"18.10.2020 20:37:06",
            "turn-index":14,
            "utterance":"えーっと・・・結構予定が詰まってしまってて・・・やっぱり夜ですよね？"
        },
        {
            "speaker":"U",
            "time":"18.10.2020 20:37:31",
            "turn-index":15,
            "utterance":"まだ時間は決まってないから、調整つくよ。"
        },
        {
            "speaker":"S",
            "time":"18.10.2020 20:37:32",
            "turn-index":16,
            "utterance":"あ、そうだ！すみません、突然思いついたんですけど、リモートとかもアリですか？"
        },
        {
            "speaker":"U",
            "time":"18.10.2020 20:38:02",
            "turn-index":17,
            "utterance":"リモートもアリかも！リモートなら清水さん引き受けてくれる？"
        },
        {
            "speaker":"S",
            "time":"18.10.2020 20:38:03",
            "turn-index":18,
            "utterance":"あのー他の先輩方にも、リモートはどうか、ちょっと聞いてもらえないでしょうか？"
        },
        {
            "speaker":"U",
            "time":"18.10.2020 20:38:18",
            "turn-index":19,
            "utterance":"うん、聞いてみてもいいよ。それなら清水さんもやりやすいでしょ。"
        },
        {
            "speaker":"S",
            "time":"18.10.2020 20:38:18",
            "turn-index":20,
            "utterance":"もし先輩方にリモートでもいいっていう声が多かったら、慣れてる山口さんに頼みませんか？"
        },
        {
            "speaker":"U",
            "time":"18.10.2020 20:38:38",
            "turn-index":21,
            "utterance":"山口さんかぁ…清水さんのほうが幹事に向いてるんだよね。"
        },
        {
            "speaker":"S",
            "time":"18.10.2020 20:38:39",
            "turn-index":22,
            "utterance":"なんというか・・・すみません・・なんか私・・ホント役立たずですね・・・"
        },
        {
            "speaker":"U",
            "time":"18.10.2020 20:39:00",
            "turn-index":23,
            "utterance":"ううん、全然だよ。清水さんしっかりしてるし！だからお願いできないかな？"
        },
        {
            "speaker":"S",
            "time":"18.10.2020 20:39:00",
            "turn-index":24,
            "utterance":"せっかく声をかけてもらったのに申し訳なくて・・・もうちょっと時間もらって、いろいろ考えさせてもらってもいいですか？"
        },
        {
            "speaker":"U",
            "time":"18.10.2020 20:39:17",
            "turn-index":25,
            "utterance":"うん、大丈夫だよ。前向きに考えて欲しいな！"
        },
        {
            "speaker":"S",
            "time":"18.10.2020 20:39:18",
            "turn-index":26,
            "utterance":"先輩のほうで返事の締切を決めてもらったほうがありがたいので。いつまでにお返事すればいいですか？"
        },
        {
            "speaker":"U",
            "time":"18.10.2020 20:39:29",
            "turn-index":27,
            "utterance":"1週間くらいなら大丈夫だよ。"
        },
        {
            "speaker":"S",
            "time":"18.10.2020 20:39:30",
            "turn-index":28,
            "utterance":"わかりました。必ず連絡します。ありがとうございました。"
        },
        {
            "speaker":"U",
            "time":"18.10.2020 20:39:51",
            "turn-index":29,
            "utterance":"うん。こちらこそ、ありがとうね。いいお返事待ってるね！"
        }
    ]
}