{
    "dialogue-id":"FCL_42",
    "group-id":"",
    "speaker-id":"fcl2020",
    "turns":[
        {
            "speaker":"S",
            "time":"19.10.2020 00:22:18",
            "turn-index":0,
            "utterance":"はい、何でしょう？"
        },
        {
            "speaker":"U",
            "time":"19.10.2020 00:22:27",
            "turn-index":1,
            "utterance":"今度サークルの同窓会があるでしょ？"
        },
        {
            "speaker":"S",
            "time":"19.10.2020 00:22:29",
            "turn-index":2,
            "utterance":"あー・・・そうですね・・・"
        },
        {
            "speaker":"U",
            "time":"19.10.2020 00:22:39",
            "turn-index":3,
            "utterance":"それの幹事を引き受けてくれないかな？"
        },
        {
            "speaker":"S",
            "time":"19.10.2020 00:22:40",
            "turn-index":4,
            "utterance":"えーと・・・まず心配なのが私、幹事って１回もしたことないんですけど、大丈夫ですかね？"
        },
        {
            "speaker":"U",
            "time":"19.10.2020 00:23:02",
            "turn-index":5,
            "utterance":"そこは大丈夫だよ、私も協力するから"
        },
        {
            "speaker":"S",
            "time":"19.10.2020 00:23:03",
            "turn-index":6,
            "utterance":"いや・・それと、私って日程調整とか出欠の確認とか、そういうの苦手で・・・。先輩は幹事されたことあります？"
        },
        {
            "speaker":"U",
            "time":"19.10.2020 00:24:01",
            "turn-index":7,
            "utterance":"何度かしたことあるよ、出欠チェックなんかは適当な日時を複数出して、アンケート機能使えば良いし"
        },
        {
            "speaker":"S",
            "time":"19.10.2020 00:24:02",
            "turn-index":8,
            "utterance":"あるんですね！いつもだいたい何人ぐらい集まるんですかね？"
        },
        {
            "speaker":"U",
            "time":"19.10.2020 00:24:24",
            "turn-index":9,
            "utterance":"だいたい、15人から30人ってところかな"
        },
        {
            "speaker":"S",
            "time":"19.10.2020 00:24:25",
            "turn-index":10,
            "utterance":"だいたい15人ですか。う～ん・・・あ、田中さんに頼むのはどうですか？彼女、幹事とかそういうの得意そうだし。"
        },
        {
            "speaker":"U",
            "time":"19.10.2020 00:25:28",
            "turn-index":11,
            "utterance":"えー、どうせだからやってみようよ。打ち合わせかねて会いたいしさ"
        },
        {
            "speaker":"S",
            "time":"19.10.2020 00:25:29",
            "turn-index":12,
            "utterance":"開催時期は何月ですか？"
        },
        {
            "speaker":"U",
            "time":"19.10.2020 00:25:55",
            "turn-index":13,
            "utterance":"12月か1月頃かな"
        },
        {
            "speaker":"S",
            "time":"19.10.2020 00:25:56",
            "turn-index":14,
            "utterance":"えーっと・・・結構予定が詰まってしまってて・・・やっぱり夜ですよね？"
        },
        {
            "speaker":"U",
            "time":"19.10.2020 00:26:37",
            "turn-index":15,
            "utterance":"私もだけど社会人もいるしね、できれば夜かな"
        },
        {
            "speaker":"S",
            "time":"19.10.2020 00:26:38",
            "turn-index":16,
            "utterance":"あ、そうだ！すみません、突然思いついたんですけど、リモートとかもアリですか？"
        },
        {
            "speaker":"U",
            "time":"19.10.2020 00:27:30",
            "turn-index":17,
            "utterance":"んー、この情勢ならそれもありだと思うけど。いけるなら会場さがせないかな？"
        },
        {
            "speaker":"S",
            "time":"19.10.2020 00:27:31",
            "turn-index":18,
            "utterance":"あのー他の先輩方にも、リモートはどうか、ちょっと聞いてもらえないでしょうか？"
        },
        {
            "speaker":"U",
            "time":"19.10.2020 00:28:43",
            "turn-index":19,
            "utterance":"グループLINE入れ暗いならやるけど。入ってなかった？"
        },
        {
            "speaker":"S",
            "time":"19.10.2020 00:28:43",
            "turn-index":20,
            "utterance":"もし先輩方にリモートでもいいっていう声が多かったら、慣れてる山口さんに頼みませんか？"
        },
        {
            "speaker":"U",
            "time":"19.10.2020 00:30:09",
            "turn-index":21,
            "utterance":"じゃあ、そのあたり連絡して一緒にやってくれる？"
        },
        {
            "speaker":"S",
            "time":"19.10.2020 00:30:10",
            "turn-index":22,
            "utterance":"なんというか・・・すみません・・なんか私・・ホント役立たずですね・・・"
        },
        {
            "speaker":"U",
            "time":"19.10.2020 00:30:50",
            "turn-index":23,
            "utterance":"最初は誰でもなれないから、まず協力してやってみようよ"
        },
        {
            "speaker":"S",
            "time":"19.10.2020 00:30:51",
            "turn-index":24,
            "utterance":"せっかく声をかけてもらったのに申し訳なくて・・・もうちょっと時間もらって、いろいろ考えさせてもらってもいいですか？"
        },
        {
            "speaker":"U",
            "time":"19.10.2020 00:32:09",
            "turn-index":25,
            "utterance":"まあ、突然だったからね。とりあえず現役生で声かけられる人に協力お願いしてみてよ"
        },
        {
            "speaker":"S",
            "time":"19.10.2020 00:32:09",
            "turn-index":26,
            "utterance":"先輩のほうで返事の締切を決めてもらったほうがありがたいので。いつまでにお返事すればいいですか？"
        },
        {
            "speaker":"U",
            "time":"19.10.2020 00:32:54",
            "turn-index":27,
            "utterance":"じゃあ1週間後まででお願い。"
        },
        {
            "speaker":"S",
            "time":"19.10.2020 00:32:55",
            "turn-index":28,
            "utterance":"じゃあ1週間後までですね。わかりました。必ず連絡します。ありがとうございました。"
        },
        {
            "speaker":"U",
            "time":"19.10.2020 00:33:13",
            "turn-index":29,
            "utterance":"いい返事待ってるからね！"
        }
    ]
}