{
    "dialogue-id":"FCL_19",
    "group-id":"",
    "speaker-id":"fcl2020",
    "turns":[
        {
            "speaker":"S",
            "time":"19.10.2020 00:30:11",
            "turn-index":0,
            "utterance":"はい、何でしょう？"
        },
        {
            "speaker":"U",
            "time":"19.10.2020 00:30:39",
            "turn-index":1,
            "utterance":"ところでさ，ちょっと頼みたいことがあるんだけど..."
        },
        {
            "speaker":"S",
            "time":"19.10.2020 00:30:40",
            "turn-index":2,
            "utterance":"あー・・・そうですね・・・"
        },
        {
            "speaker":"U",
            "time":"19.10.2020 00:31:51",
            "turn-index":3,
            "utterance":"今度の同窓会の幹事、清水にお願いできないかな？"
        },
        {
            "speaker":"S",
            "time":"19.10.2020 00:31:52",
            "turn-index":4,
            "utterance":"えーと・・・まず心配なのが私、幹事って１回もしたことないんですけど、大丈夫ですかね？"
        },
        {
            "speaker":"U",
            "time":"19.10.2020 00:33:02",
            "turn-index":5,
            "utterance":"大丈夫だよ！前回の幹事の人も手伝ってくれるし、一人だけでやるわけじゃないから。"
        },
        {
            "speaker":"S",
            "time":"19.10.2020 00:33:03",
            "turn-index":6,
            "utterance":"いや・・それと、私って日程調整とか出欠の確認とか、そういうの苦手で・・・。先輩は幹事されたことあります？"
        },
        {
            "speaker":"U",
            "time":"19.10.2020 00:34:48",
            "turn-index":7,
            "utterance":"日程調整や出欠確認は就職してからいやと言うほどやるから慣れておいたほうが良いよ。幹事は私もやったことあるからサポートするし。"
        },
        {
            "speaker":"S",
            "time":"19.10.2020 00:34:49",
            "turn-index":8,
            "utterance":"あるんですね！いつもだいたい何人ぐらい集まるんですかね？"
        },
        {
            "speaker":"U",
            "time":"19.10.2020 00:35:21",
            "turn-index":9,
            "utterance":"その時々によって違うけど、30人から50人くらいかな。"
        },
        {
            "speaker":"S",
            "time":"19.10.2020 00:35:22",
            "turn-index":10,
            "utterance":"その時々によって違うけど30人ですか。う～ん・・・あ、田中さんに頼むのはどうですか？彼女、幹事とかそういうの得意そうだし。"
        },
        {
            "speaker":"U",
            "time":"19.10.2020 00:37:33",
            "turn-index":11,
            "utterance":"田中さんは持病で入院を控えているからできないって。だから清水にお願いしたい。"
        },
        {
            "speaker":"S",
            "time":"19.10.2020 00:37:34",
            "turn-index":12,
            "utterance":"開催時期は何月ですか？"
        },
        {
            "speaker":"U",
            "time":"19.10.2020 00:37:48",
            "turn-index":13,
            "utterance":"7月だよ"
        },
        {
            "speaker":"S",
            "time":"19.10.2020 00:37:48",
            "turn-index":14,
            "utterance":"えーっと・・・結構予定が詰まってしまってて・・・やっぱり夜ですよね？"
        },
        {
            "speaker":"U",
            "time":"19.10.2020 00:38:48",
            "turn-index":15,
            "utterance":"夜だけど、そんなに先の予定が詰まってるの？"
        },
        {
            "speaker":"S",
            "time":"19.10.2020 00:38:48",
            "turn-index":16,
            "utterance":"あ、そうだ！すみません、突然思いついたんですけど、リモートとかもアリですか？"
        },
        {
            "speaker":"U",
            "time":"19.10.2020 00:39:34",
            "turn-index":17,
            "utterance":"リモートでも構わないけど、日程調整や出欠の確認をやることには変わりないよ"
        },
        {
            "speaker":"S",
            "time":"19.10.2020 00:39:34",
            "turn-index":18,
            "utterance":"あのー他の先輩方にも、リモートはどうか、ちょっと聞いてもらえないでしょうか？"
        },
        {
            "speaker":"U",
            "time":"19.10.2020 00:39:59",
            "turn-index":19,
            "utterance":"それは幹事を引き受けてくれたと考えて良いのかな？"
        },
        {
            "speaker":"S",
            "time":"19.10.2020 00:39:59",
            "turn-index":20,
            "utterance":"もし先輩方にリモートでもいいっていう声が多かったら、慣れてる山口さんに頼みませんか？"
        },
        {
            "speaker":"U",
            "time":"19.10.2020 00:41:15",
            "turn-index":21,
            "utterance":"まずはリモートでも良いかを聞くところから清水がやってみよう"
        },
        {
            "speaker":"S",
            "time":"19.10.2020 00:41:16",
            "turn-index":22,
            "utterance":"なんというか・・・すみません・・なんか私・・ホント役立たずですね・・・"
        },
        {
            "speaker":"U",
            "time":"19.10.2020 00:42:19",
            "turn-index":23,
            "utterance":"そんなことないよ。リモートでの開催を思いつくなんてすごいと思う。そんな発想なかったし、初めての試みで清水も遣り甲斐があるね！"
        },
        {
            "speaker":"S",
            "time":"19.10.2020 00:42:20",
            "turn-index":24,
            "utterance":"せっかく声をかけてもらったのに申し訳なくて・・・もうちょっと時間もらって、いろいろ考えさせてもらってもいいですか？"
        },
        {
            "speaker":"U",
            "time":"19.10.2020 00:42:45",
            "turn-index":25,
            "utterance":"いつ頃まで待てばいいかな？"
        },
        {
            "speaker":"S",
            "time":"19.10.2020 00:42:46",
            "turn-index":26,
            "utterance":"先輩のほうで返事の締切を決めてもらったほうがありがたいので。いつまでにお返事すればいいですか？"
        },
        {
            "speaker":"U",
            "time":"19.10.2020 00:43:24",
            "turn-index":27,
            "utterance":"じゃあ明後日くらいまでに返事もらえるかな？もし幹事が難しい場合は、代理の人を見つけておいてね。"
        },
        {
            "speaker":"S",
            "time":"19.10.2020 00:43:25",
            "turn-index":28,
            "utterance":"じゃあ明後日くらいまでですね。わかりました。必ず連絡します。ありがとうございました。"
        },
        {
            "speaker":"U",
            "time":"19.10.2020 00:43:50",
            "turn-index":29,
            "utterance":"うん、よろしくね"
        }
    ]
}