{
    "dialogue-id":"FCL_03",
    "group-id":"",
    "speaker-id":"fcl2020",
    "turns":[
        {
            "speaker":"S",
            "time":"19.10.2020 07:24:05",
            "turn-index":0,
            "utterance":"はい、何でしょう？"
        },
        {
            "speaker":"U",
            "time":"19.10.2020 07:24:21",
            "turn-index":1,
            "utterance":"同窓会の件だけど"
        },
        {
            "speaker":"S",
            "time":"19.10.2020 07:24:22",
            "turn-index":2,
            "utterance":"あー・・・そうですね・・・"
        },
        {
            "speaker":"U",
            "time":"19.10.2020 07:25:20",
            "turn-index":3,
            "utterance":"幹事を決めないといけないね"
        },
        {
            "speaker":"S",
            "time":"19.10.2020 07:25:21",
            "turn-index":4,
            "utterance":"えーと・・・まず心配なのが私、幹事って１回もしたことないんですけど、大丈夫ですかね？"
        },
        {
            "speaker":"U",
            "time":"19.10.2020 07:27:10",
            "turn-index":5,
            "utterance":"察しが早いね・・・もちろん大丈夫よ"
        },
        {
            "speaker":"S",
            "time":"19.10.2020 07:27:10",
            "turn-index":6,
            "utterance":"いや・・それと、私って日程調整とか出欠の確認とか、そういうの苦手で・・・。先輩は幹事されたことあります？"
        },
        {
            "speaker":"U",
            "time":"19.10.2020 07:28:13",
            "turn-index":7,
            "utterance":"あるよ、苦手でも問題なくできるよ"
        },
        {
            "speaker":"S",
            "time":"19.10.2020 07:28:13",
            "turn-index":8,
            "utterance":"あるんですね！いつもだいたい何人ぐらい集まるんですかね？"
        },
        {
            "speaker":"U",
            "time":"19.10.2020 07:29:18",
            "turn-index":9,
            "utterance":"10人くらいかな"
        },
        {
            "speaker":"S",
            "time":"19.10.2020 07:29:18",
            "turn-index":10,
            "utterance":"10人ですか。う～ん・・・あ、田中さんに頼むのはどうですか？彼女、幹事とかそういうの得意そうだし。"
        },
        {
            "speaker":"U",
            "time":"19.10.2020 07:30:43",
            "turn-index":11,
            "utterance":"田中さんもいいけど、今年はあなたにお願いしたいの"
        },
        {
            "speaker":"S",
            "time":"19.10.2020 07:30:44",
            "turn-index":12,
            "utterance":"開催時期は何月ですか？"
        },
        {
            "speaker":"U",
            "time":"19.10.2020 07:31:59",
            "turn-index":13,
            "utterance":"7月だよ"
        },
        {
            "speaker":"S",
            "time":"19.10.2020 07:32:00",
            "turn-index":14,
            "utterance":"えーっと・・・結構予定が詰まってしまってて・・・やっぱり夜ですよね？"
        },
        {
            "speaker":"U",
            "time":"19.10.2020 07:32:58",
            "turn-index":15,
            "utterance":"休日にすれば、昼間でも大丈夫"
        },
        {
            "speaker":"S",
            "time":"19.10.2020 07:32:59",
            "turn-index":16,
            "utterance":"あ、そうだ！すみません、突然思いついたんですけど、リモートとかもアリですか？"
        },
        {
            "speaker":"U",
            "time":"19.10.2020 07:35:41",
            "turn-index":17,
            "utterance":"毎年会っているし、今年もみんなと顔を合わせた方がいいと思うよ"
        },
        {
            "speaker":"S",
            "time":"19.10.2020 07:35:41",
            "turn-index":18,
            "utterance":"あのー他の先輩方にも、リモートはどうか、ちょっと聞いてもらえないでしょうか？"
        },
        {
            "speaker":"U",
            "time":"19.10.2020 07:37:16",
            "turn-index":19,
            "utterance":"聞いてもいいけど、みんな嫌がると思う"
        },
        {
            "speaker":"S",
            "time":"19.10.2020 07:37:17",
            "turn-index":20,
            "utterance":"もし先輩方にリモートでもいいっていう声が多かったら、慣れてる山口さんに頼みませんか？"
        },
        {
            "speaker":"U",
            "time":"19.10.2020 07:38:39",
            "turn-index":21,
            "utterance":"いつかは必ず幹事をすることになるのだから、今年は君がしたらいいと思うよ"
        },
        {
            "speaker":"S",
            "time":"19.10.2020 07:38:40",
            "turn-index":22,
            "utterance":"なんというか・・・すみません・・なんか私・・ホント役立たずですね・・・"
        },
        {
            "speaker":"U",
            "time":"19.10.2020 07:39:28",
            "turn-index":23,
            "utterance":"手助けするし、ぜひやってみたら"
        },
        {
            "speaker":"S",
            "time":"19.10.2020 07:39:29",
            "turn-index":24,
            "utterance":"せっかく声をかけてもらったのに申し訳なくて・・・もうちょっと時間もらって、いろいろ考えさせてもらってもいいですか？"
        },
        {
            "speaker":"U",
            "time":"19.10.2020 07:40:15",
            "turn-index":25,
            "utterance":"7月まで間がないし、今決めておきたいの"
        },
        {
            "speaker":"S",
            "time":"19.10.2020 07:40:15",
            "turn-index":26,
            "utterance":"先輩のほうで返事の締切を決めてもらったほうがありがたいので。いつまでにお返事すればいいですか？"
        },
        {
            "speaker":"U",
            "time":"19.10.2020 07:41:05",
            "turn-index":27,
            "utterance":"今考えて、引き受けてくれないかな"
        },
        {
            "speaker":"S",
            "time":"19.10.2020 07:41:06",
            "turn-index":28,
            "utterance":"わかりました。必ず連絡します。ありがとうございました。"
        },
        {
            "speaker":"U",
            "time":"19.10.2020 07:43:30",
            "turn-index":29,
            "utterance":"いや、時間をあけるとますますやる気がなくなるから、今考えた方がいいよ"
        }
    ]
}