{
    "dialogue-id":"KOM_28",
    "group-id":"",
    "speaker-id":"KomuRobot",
    "turns":[
        {
            "speaker":"S",
            "time":"17.10.2020 11:41:16",
            "turn-index":0,
            "utterance":"なんですか？"
        },
        {
            "speaker":"U",
            "time":"17.10.2020 11:42:00",
            "turn-index":1,
            "utterance":"サークルの同窓会が来月に迫ってるんだけど、幹事が決まらなくて困ってるんだよ。"
        },
        {
            "speaker":"S",
            "time":"17.10.2020 11:42:01",
            "turn-index":2,
            "utterance":"あー"
        },
        {
            "speaker":"U",
            "time":"17.10.2020 11:42:28",
            "turn-index":3,
            "utterance":"それで、キャプテンやってた清水なら、幹事役も得意かなと思って。"
        },
        {
            "speaker":"S",
            "time":"17.10.2020 11:42:29",
            "turn-index":4,
            "utterance":"いやー厳しいですね…"
        },
        {
            "speaker":"U",
            "time":"17.10.2020 11:43:05",
            "turn-index":5,
            "utterance":"何で？幹事って言っても、やることあんまりないぞ。"
        },
        {
            "speaker":"S",
            "time":"17.10.2020 11:43:06",
            "turn-index":6,
            "utterance":"いつ頃やる感じですか？"
        },
        {
            "speaker":"U",
            "time":"17.10.2020 11:43:30",
            "turn-index":7,
            "utterance":"今の所は、例年通りゴールデンウイーク中かな。"
        },
        {
            "speaker":"S",
            "time":"17.10.2020 11:43:31",
            "turn-index":8,
            "utterance":"うーん"
        },
        {
            "speaker":"U",
            "time":"17.10.2020 11:44:29",
            "turn-index":9,
            "utterance":"清水に会いたいってOBもいて、楽しみにしてるみたいだから、ここは是非引き受けて欲しい。"
        },
        {
            "speaker":"S",
            "time":"17.10.2020 11:44:30",
            "turn-index":10,
            "utterance":"いやー最近結構忙しいんですよね…"
        },
        {
            "speaker":"U",
            "time":"17.10.2020 11:45:36",
            "turn-index":11,
            "utterance":"4回生全員にあたってみたけど、どいつも都合がつかなくて…大した仕事でもないし、何とかお願いできないか"
        },
        {
            "speaker":"S",
            "time":"17.10.2020 11:45:37",
            "turn-index":12,
            "utterance":"ていうか，どこでやるんですか？"
        },
        {
            "speaker":"U",
            "time":"17.10.2020 11:46:12",
            "turn-index":13,
            "utterance":"駅前に新しくオープンした創作和食の店とか、どうだ？"
        },
        {
            "speaker":"S",
            "time":"17.10.2020 11:46:13",
            "turn-index":14,
            "utterance":"うーん…"
        },
        {
            "speaker":"U",
            "time":"17.10.2020 11:46:40",
            "turn-index":15,
            "utterance":"別に他の場所でも構わないぞ。清水の都合に合わせて選んでくれたら良いから。"
        },
        {
            "speaker":"S",
            "time":"17.10.2020 11:46:41",
            "turn-index":16,
            "utterance":"いやー，なんとか他の人にお願いできればありがたいっす…"
        },
        {
            "speaker":"U",
            "time":"17.10.2020 11:47:35",
            "turn-index":17,
            "utterance":"そこを何とか。お前なら上手くできるって確信あるし。"
        },
        {
            "speaker":"S",
            "time":"17.10.2020 11:47:36",
            "turn-index":18,
            "utterance":"最近ほんと忙しいんですよ…"
        },
        {
            "speaker":"U",
            "time":"17.10.2020 11:48:29",
            "turn-index":19,
            "utterance":"春の同窓会の幹事やったら、秋の総会のまとめ役はこっちで何とかするし。今回だけ、何とかお願い。"
        },
        {
            "speaker":"S",
            "time":"17.10.2020 11:48:30",
            "turn-index":20,
            "utterance":"規模はどんな感じを想定してます？"
        },
        {
            "speaker":"U",
            "time":"17.10.2020 11:49:06",
            "turn-index":21,
            "utterance":"うーん、まだはっきりと分からないけど、今年は20周年だから30人くらい集まるかもしれない。"
        },
        {
            "speaker":"S",
            "time":"17.10.2020 11:49:07",
            "turn-index":22,
            "utterance":"あーそんな感じなんですね"
        },
        {
            "speaker":"U",
            "time":"17.10.2020 11:49:23",
            "turn-index":23,
            "utterance":"そうそう、もちろん学部生も参加するし。"
        },
        {
            "speaker":"S",
            "time":"17.10.2020 11:49:24",
            "turn-index":24,
            "utterance":"あ！わかった！それじゃあこうしましょうよ"
        },
        {
            "speaker":"U",
            "time":"17.10.2020 11:50:07",
            "turn-index":25,
            "utterance":"何？どんなアイデア？"
        },
        {
            "speaker":"S",
            "time":"17.10.2020 11:50:08",
            "turn-index":26,
            "utterance":"あ，いやなんでもないっす．忘れてください笑"
        },
        {
            "speaker":"U",
            "time":"17.10.2020 11:50:34",
            "turn-index":27,
            "utterance":"なんだよー、期待しちゃったじゃないか。いやいや、簡単には忘れない。じゃあ、幹事はお前に決まりだな。"
        },
        {
            "speaker":"S",
            "time":"17.10.2020 11:50:35",
            "turn-index":28,
            "utterance":"いやちょっと思いついたことがあったんですが，無理でしたわ．本当に誰もやれる人いないんですか？"
        },
        {
            "speaker":"U",
            "time":"17.10.2020 11:50:54",
            "turn-index":29,
            "utterance":"本当に、マジでお前以外いない。"
        },
        {
            "speaker":"S",
            "time":"17.10.2020 11:50:55",
            "turn-index":30,
            "utterance":"いやあ困っちゃったなあ"
        }
    ]
}