{
    "dialogue-id":"KOM_23",
    "group-id":"",
    "speaker-id":"KomuRobot",
    "turns":[
        {
            "speaker":"S",
            "time":"17.10.2020 13:59:31",
            "turn-index":0,
            "utterance":"なんですか？"
        },
        {
            "speaker":"U",
            "time":"17.10.2020 13:59:54",
            "turn-index":1,
            "utterance":"最近どうしてる？"
        },
        {
            "speaker":"S",
            "time":"17.10.2020 13:59:55",
            "turn-index":2,
            "utterance":"はい"
        },
        {
            "speaker":"U",
            "time":"17.10.2020 14:00:18",
            "turn-index":3,
            "utterance":"元気にしてるかな？と思って"
        },
        {
            "speaker":"S",
            "time":"17.10.2020 14:00:20",
            "turn-index":4,
            "utterance":"はい"
        },
        {
            "speaker":"U",
            "time":"17.10.2020 14:01:22",
            "turn-index":5,
            "utterance":"よかった。それでね、同窓会の幹事を清水にお願いしたいと思って"
        },
        {
            "speaker":"S",
            "time":"17.10.2020 14:01:23",
            "turn-index":6,
            "utterance":"あー"
        },
        {
            "speaker":"U",
            "time":"17.10.2020 14:01:42",
            "turn-index":7,
            "utterance":"どうかな？幹事やってもらえない？"
        },
        {
            "speaker":"S",
            "time":"17.10.2020 14:01:44",
            "turn-index":8,
            "utterance":"いやー厳しいですね…"
        },
        {
            "speaker":"U",
            "time":"17.10.2020 14:02:37",
            "turn-index":9,
            "utterance":"えー、冷たいこと言わないでよ"
        },
        {
            "speaker":"S",
            "time":"17.10.2020 14:02:38",
            "turn-index":10,
            "utterance":"いつ頃やる感じですか？"
        },
        {
            "speaker":"U",
            "time":"17.10.2020 14:02:48",
            "turn-index":11,
            "utterance":"来週の金曜日なんだけど"
        },
        {
            "speaker":"S",
            "time":"17.10.2020 14:02:49",
            "turn-index":12,
            "utterance":"近っ"
        },
        {
            "speaker":"U",
            "time":"17.10.2020 14:03:20",
            "turn-index":13,
            "utterance":"いや、大丈夫だよ。俺がサポートするからさ。"
        },
        {
            "speaker":"S",
            "time":"17.10.2020 14:03:20",
            "turn-index":14,
            "utterance":"いやー最近結構忙しいんですよね…"
        },
        {
            "speaker":"U",
            "time":"17.10.2020 14:04:37",
            "turn-index":15,
            "utterance":"うん、卒業前だもんね。でもサークルの思い出作りってことで、お願い！"
        },
        {
            "speaker":"S",
            "time":"17.10.2020 14:04:37",
            "turn-index":16,
            "utterance":"ていうか，どこでやるんですか？"
        },
        {
            "speaker":"U",
            "time":"17.10.2020 14:04:55",
            "turn-index":17,
            "utterance":"大学の近くのイタリアンレストランだよ"
        },
        {
            "speaker":"S",
            "time":"17.10.2020 14:04:56",
            "turn-index":18,
            "utterance":"うーん…"
        },
        {
            "speaker":"U",
            "time":"17.10.2020 14:05:20",
            "turn-index":19,
            "utterance":"よく知ってる場所だから大丈夫"
        },
        {
            "speaker":"S",
            "time":"17.10.2020 14:05:20",
            "turn-index":20,
            "utterance":"いやー，なんとか他の人にお願いできればありがたいっす…"
        },
        {
            "speaker":"U",
            "time":"17.10.2020 14:05:40",
            "turn-index":21,
            "utterance":"それがね、みんな都合が悪くて…困ってるんだ"
        },
        {
            "speaker":"S",
            "time":"17.10.2020 14:05:41",
            "turn-index":22,
            "utterance":"最近ほんと忙しいんですよ…"
        },
        {
            "speaker":"U",
            "time":"17.10.2020 14:05:57",
            "turn-index":23,
            "utterance":"そうなの？午後なら暇でしょ？"
        },
        {
            "speaker":"S",
            "time":"17.10.2020 14:05:58",
            "turn-index":24,
            "utterance":"規模はどんな感じを想定してます？"
        },
        {
            "speaker":"U",
            "time":"17.10.2020 14:06:07",
            "turn-index":25,
            "utterance":"20人程度かな"
        },
        {
            "speaker":"S",
            "time":"17.10.2020 14:06:08",
            "turn-index":26,
            "utterance":"あーそんな感じなんですね"
        },
        {
            "speaker":"U",
            "time":"17.10.2020 14:07:08",
            "turn-index":27,
            "utterance":"うん、だから清水は頼りになるからお願いしてるの"
        },
        {
            "speaker":"S",
            "time":"17.10.2020 14:07:09",
            "turn-index":28,
            "utterance":"あ！わかった！それじゃあこうしましょうよ"
        },
        {
            "speaker":"U",
            "time":"17.10.2020 14:07:17",
            "turn-index":29,
            "utterance":"なになに？"
        },
        {
            "speaker":"S",
            "time":"17.10.2020 14:07:18",
            "turn-index":30,
            "utterance":"あ，いやなんでもないっす．忘れてください笑"
        }
    ]
}