{
    "dialogue-id":"KOM_41",
    "group-id":"",
    "speaker-id":"KomuRobot",
    "turns":[
        {
            "speaker":"S",
            "time":"17.10.2020 13:55:41",
            "turn-index":0,
            "utterance":"なんですか？"
        },
        {
            "speaker":"U",
            "time":"17.10.2020 13:56:16",
            "turn-index":1,
            "utterance":"引き受けてもらえるかな？"
        },
        {
            "speaker":"S",
            "time":"17.10.2020 13:56:17",
            "turn-index":2,
            "utterance":"はい"
        },
        {
            "speaker":"U",
            "time":"17.10.2020 13:56:52",
            "turn-index":3,
            "utterance":"じゃ、幹事の件、よろしくね。"
        },
        {
            "speaker":"S",
            "time":"17.10.2020 13:56:53",
            "turn-index":4,
            "utterance":"あー"
        },
        {
            "speaker":"U",
            "time":"17.10.2020 13:57:03",
            "turn-index":5,
            "utterance":"どうした？"
        },
        {
            "speaker":"S",
            "time":"17.10.2020 13:57:04",
            "turn-index":6,
            "utterance":"いやー厳しいですね…"
        },
        {
            "speaker":"U",
            "time":"17.10.2020 13:57:21",
            "turn-index":7,
            "utterance":"そこをなんとか、頼むよ。"
        },
        {
            "speaker":"S",
            "time":"17.10.2020 13:57:22",
            "turn-index":8,
            "utterance":"いつ頃やる感じですか？"
        },
        {
            "speaker":"U",
            "time":"17.10.2020 13:57:41",
            "turn-index":9,
            "utterance":"1ヶ月先だから、急がなくていいし。"
        },
        {
            "speaker":"S",
            "time":"17.10.2020 13:57:41",
            "turn-index":10,
            "utterance":"うーん"
        },
        {
            "speaker":"U",
            "time":"17.10.2020 13:57:58",
            "turn-index":11,
            "utterance":"お前にしか頼めないからさ。"
        },
        {
            "speaker":"S",
            "time":"17.10.2020 13:58:00",
            "turn-index":12,
            "utterance":"いやー最近結構忙しいんですよね…"
        },
        {
            "speaker":"U",
            "time":"17.10.2020 13:58:59",
            "turn-index":13,
            "utterance":"そうだよなー。でも、とにかく個室ならどこでもいいから。"
        },
        {
            "speaker":"S",
            "time":"17.10.2020 13:58:59",
            "turn-index":14,
            "utterance":"ていうか，どこでやるんですか？"
        },
        {
            "speaker":"U",
            "time":"17.10.2020 13:59:19",
            "turn-index":15,
            "utterance":"新宿辺りが候補かな。"
        },
        {
            "speaker":"S",
            "time":"17.10.2020 13:59:20",
            "turn-index":16,
            "utterance":"うーん…"
        },
        {
            "speaker":"U",
            "time":"17.10.2020 13:59:39",
            "turn-index":17,
            "utterance":"清水はどこがいい？"
        },
        {
            "speaker":"S",
            "time":"17.10.2020 13:59:41",
            "turn-index":18,
            "utterance":"いやー，なんとか他の人にお願いできればありがたいっす…"
        },
        {
            "speaker":"U",
            "time":"17.10.2020 14:00:06",
            "turn-index":19,
            "utterance":"お前が忙しいのは分かってるんだけど、そこをなんとかさ。"
        },
        {
            "speaker":"S",
            "time":"17.10.2020 14:00:07",
            "turn-index":20,
            "utterance":"最近ほんと忙しいんですよ…"
        },
        {
            "speaker":"U",
            "time":"17.10.2020 14:00:33",
            "turn-index":21,
            "utterance":"分かる分かるよー。でもさ、なっ。"
        },
        {
            "speaker":"S",
            "time":"17.10.2020 14:00:33",
            "turn-index":22,
            "utterance":"ていうか何人くらいでやる予定ですか？"
        },
        {
            "speaker":"U",
            "time":"17.10.2020 14:00:51",
            "turn-index":23,
            "utterance":"10人前後だね。"
        },
        {
            "speaker":"S",
            "time":"17.10.2020 14:00:52",
            "turn-index":24,
            "utterance":"あーそんな感じなんですね"
        },
        {
            "speaker":"U",
            "time":"17.10.2020 14:00:59",
            "turn-index":25,
            "utterance":"そうそう。"
        },
        {
            "speaker":"S",
            "time":"17.10.2020 14:01:00",
            "turn-index":26,
            "utterance":"あ！わかった！それじゃあこうしましょうよ"
        },
        {
            "speaker":"U",
            "time":"17.10.2020 14:01:06",
            "turn-index":27,
            "utterance":"ほう。"
        },
        {
            "speaker":"S",
            "time":"17.10.2020 14:01:07",
            "turn-index":28,
            "utterance":"あ，いやなんでもないっす．忘れてください笑"
        },
        {
            "speaker":"U",
            "time":"17.10.2020 14:01:37",
            "turn-index":29,
            "utterance":"じゃ、新宿辺りでお願いできる？"
        },
        {
            "speaker":"S",
            "time":"17.10.2020 14:01:37",
            "turn-index":30,
            "utterance":"ほんとに誰もやれる人いないんですか？"
        }
    ]
}