{
    "dialogue-id":"KOM_12",
    "group-id":"",
    "speaker-id":"RiskyPolitenessBotVersion2",
    "turns":[
        {
            "speaker":"S",
            "time":"17.10.2020 18:03:38",
            "turn-index":0,
            "utterance":"はい、なんですか？"
        },
        {
            "speaker":"U",
            "time":"17.10.2020 18:03:51",
            "turn-index":1,
            "utterance":"久しぶり、元気？"
        },
        {
            "speaker":"S",
            "time":"17.10.2020 18:03:52",
            "turn-index":2,
            "utterance":"いや～、でもちょっと。"
        },
        {
            "speaker":"U",
            "time":"17.10.2020 18:04:47",
            "turn-index":3,
            "utterance":"お願いがあるんだけど、でもちょっとと言わず聞いて下さいよ。"
        },
        {
            "speaker":"S",
            "time":"17.10.2020 18:04:48",
            "turn-index":4,
            "utterance":"どうなさいましたか？"
        },
        {
            "speaker":"U",
            "time":"17.10.2020 18:22:18",
            "turn-index":5,
            "utterance":"今度久しぶりに同窓会でもどうかなと思ってるんだけど、幹事やってくれない？"
        },
        {
            "speaker":"S",
            "time":"17.10.2020 18:22:19",
            "turn-index":6,
            "utterance":"あぁ、幹事ですか。僕なんかでいいんですかね..."
        },
        {
            "speaker":"U",
            "time":"17.10.2020 18:22:34",
            "turn-index":7,
            "utterance":"うん！ぜひ！！"
        },
        {
            "speaker":"S",
            "time":"17.10.2020 18:22:35",
            "turn-index":8,
            "utterance":"そのようなことは思っておりません！今回は遠慮させていただきます！"
        },
        {
            "speaker":"U",
            "time":"17.10.2020 18:23:40",
            "turn-index":9,
            "utterance":"いきなり拒否！だめかな？お願いできるの君しかいないんだよねー。"
        },
        {
            "speaker":"S",
            "time":"17.10.2020 18:23:41",
            "turn-index":10,
            "utterance":"ほかにもいそうですが僕なんかしかいないのでしょうか"
        },
        {
            "speaker":"U",
            "time":"17.10.2020 18:24:04",
            "turn-index":11,
            "utterance":"他にはいないので、ぜひ君に頼みたいのです。"
        },
        {
            "speaker":"S",
            "time":"17.10.2020 18:24:05",
            "turn-index":12,
            "utterance":"僕だと参加する人に迷惑かけるかもしれません。たぶん、他の人の方に任せた方が良いと思います。"
        },
        {
            "speaker":"U",
            "time":"17.10.2020 18:24:53",
            "turn-index":13,
            "utterance":"迷惑って何だよー。"
        },
        {
            "speaker":"S",
            "time":"17.10.2020 18:24:54",
            "turn-index":14,
            "utterance":"まあ正直あんまりやりたくないかなーみたいな"
        },
        {
            "speaker":"U",
            "time":"17.10.2020 18:25:26",
            "turn-index":15,
            "utterance":"正直者め。"
        },
        {
            "speaker":"S",
            "time":"17.10.2020 18:25:27",
            "turn-index":16,
            "utterance":"そんなことないでしょ。ほかにもきっと頼める人いますよ。"
        },
        {
            "speaker":"U",
            "time":"17.10.2020 18:26:16",
            "turn-index":17,
            "utterance":"僕ね、もう本当に大学時代の友達と連絡とってないのよ。頼める人いないの。"
        },
        {
            "speaker":"S",
            "time":"17.10.2020 18:26:17",
            "turn-index":18,
            "utterance":"でも...僕こういうの手際悪いので、せっかくの同窓会が台無しになるかもしれないし..."
        },
        {
            "speaker":"U",
            "time":"17.10.2020 18:26:43",
            "turn-index":19,
            "utterance":"それも、良い思い出にしようぜ。"
        },
        {
            "speaker":"S",
            "time":"17.10.2020 18:26:44",
            "turn-index":20,
            "utterance":"僕の記憶の限りだとそのようなことは一切ございません。誰かと勘違いされておられませんか？"
        },
        {
            "speaker":"U",
            "time":"17.10.2020 18:27:56",
            "turn-index":21,
            "utterance":"僕の記憶の限りだと、君は気の利く責任感の強い子だったよ。もうちょい自信持って良いよー。"
        },
        {
            "speaker":"S",
            "time":"17.10.2020 18:27:57",
            "turn-index":22,
            "utterance":"そうっすかねー？個人的には鈴木君の方がいい気がするんすけど…僕がいい理由とかってあるんですか？"
        },
        {
            "speaker":"U",
            "time":"17.10.2020 18:29:12",
            "turn-index":23,
            "utterance":"さっきも言ったけど、頼み事も責任持ってやってくれてたし、顔が広い！"
        },
        {
            "speaker":"S",
            "time":"17.10.2020 18:29:13",
            "turn-index":24,
            "utterance":"俺よりもっと頼れるやつがいるじゃないですか"
        },
        {
            "speaker":"U",
            "time":"17.10.2020 18:29:27",
            "turn-index":25,
            "utterance":"いないいない！"
        },
        {
            "speaker":"S",
            "time":"17.10.2020 18:29:28",
            "turn-index":26,
            "utterance":"絶対知ってる！陽キャの湯川先輩が良いお店を知らない訳がない！"
        },
        {
            "speaker":"U",
            "time":"17.10.2020 18:30:47",
            "turn-index":27,
            "utterance":"陽キャは建前だけだから、中身は全然よ。知ってる風が得意なの。"
        },
        {
            "speaker":"S",
            "time":"17.10.2020 18:30:48",
            "turn-index":28,
            "utterance":"お忘れかもしれませんが、僕は根っからの陰キャですよ…。やりません。"
        },
        {
            "speaker":"U",
            "time":"17.10.2020 18:32:02",
            "turn-index":29,
            "utterance":"いや、大丈夫。君が陰キャなら僕は極隠キャだよ。"
        },
        {
            "speaker":"S",
            "time":"17.10.2020 18:32:03",
            "turn-index":30,
            "utterance":"僕には自信ないです"
        }
    ]
}