{
    "dialogue-id":"KOM_19",
    "group-id":"",
    "speaker-id":"KomuRobot",
    "turns":[
        {
            "speaker":"S",
            "time":"17.10.2020 21:55:52",
            "turn-index":0,
            "utterance":"なんですか？"
        },
        {
            "speaker":"U",
            "time":"17.10.2020 21:56:31",
            "turn-index":1,
            "utterance":"今度の同窓会のことなんだけど"
        },
        {
            "speaker":"S",
            "time":"17.10.2020 21:56:32",
            "turn-index":2,
            "utterance":"はい"
        },
        {
            "speaker":"U",
            "time":"17.10.2020 21:56:51",
            "turn-index":3,
            "utterance":"幹事をお願いできないかな"
        },
        {
            "speaker":"S",
            "time":"17.10.2020 21:56:52",
            "turn-index":4,
            "utterance":"あー"
        },
        {
            "speaker":"U",
            "time":"17.10.2020 21:57:05",
            "turn-index":5,
            "utterance":"ぜひ頼むよ"
        },
        {
            "speaker":"S",
            "time":"17.10.2020 21:57:06",
            "turn-index":6,
            "utterance":"いやー厳しいですね…"
        },
        {
            "speaker":"U",
            "time":"17.10.2020 21:57:11",
            "turn-index":7,
            "utterance":"どうして？"
        },
        {
            "speaker":"S",
            "time":"17.10.2020 21:57:12",
            "turn-index":8,
            "utterance":"いつ頃やる感じですか？"
        },
        {
            "speaker":"U",
            "time":"17.10.2020 21:57:54",
            "turn-index":9,
            "utterance":"まだ決まっていないけど、連休あたりかな"
        },
        {
            "speaker":"S",
            "time":"17.10.2020 21:57:55",
            "turn-index":10,
            "utterance":"うーん"
        },
        {
            "speaker":"U",
            "time":"17.10.2020 21:58:02",
            "turn-index":11,
            "utterance":"どうかな"
        },
        {
            "speaker":"S",
            "time":"17.10.2020 21:58:03",
            "turn-index":12,
            "utterance":"いやー最近結構忙しいんですよね…"
        },
        {
            "speaker":"U",
            "time":"17.10.2020 21:58:18",
            "turn-index":13,
            "utterance":"そこをなんとか"
        },
        {
            "speaker":"S",
            "time":"17.10.2020 21:58:19",
            "turn-index":14,
            "utterance":"ていうか，どこでやるんですか？"
        },
        {
            "speaker":"U",
            "time":"17.10.2020 21:58:44",
            "turn-index":15,
            "utterance":"例年と同じ店だよ"
        },
        {
            "speaker":"S",
            "time":"17.10.2020 21:58:45",
            "turn-index":16,
            "utterance":"うーん…"
        },
        {
            "speaker":"U",
            "time":"17.10.2020 21:58:58",
            "turn-index":17,
            "utterance":"頼むよ"
        },
        {
            "speaker":"S",
            "time":"17.10.2020 21:58:59",
            "turn-index":18,
            "utterance":"いやー，なんとか他の人にお願いできればありがたいっす…"
        },
        {
            "speaker":"U",
            "time":"17.10.2020 21:59:15",
            "turn-index":19,
            "utterance":"清水君が適任だと思うんだよね"
        },
        {
            "speaker":"S",
            "time":"17.10.2020 21:59:16",
            "turn-index":20,
            "utterance":"最近ほんと忙しいんですよ…"
        },
        {
            "speaker":"U",
            "time":"17.10.2020 21:59:36",
            "turn-index":21,
            "utterance":"僕もサポートするからさ"
        },
        {
            "speaker":"S",
            "time":"17.10.2020 21:59:37",
            "turn-index":22,
            "utterance":"ていうか何人くらいでやる予定ですか？"
        },
        {
            "speaker":"U",
            "time":"17.10.2020 21:59:54",
            "turn-index":23,
            "utterance":"30人位かな"
        },
        {
            "speaker":"S",
            "time":"17.10.2020 21:59:55",
            "turn-index":24,
            "utterance":"いやあ，でもやっぱり厳しいなあ…"
        },
        {
            "speaker":"U",
            "time":"17.10.2020 22:00:02",
            "turn-index":25,
            "utterance":"どうして？"
        },
        {
            "speaker":"S",
            "time":"17.10.2020 22:00:03",
            "turn-index":26,
            "utterance":"あ！わかった！それじゃあこうしましょうよ"
        },
        {
            "speaker":"U",
            "time":"17.10.2020 22:00:09",
            "turn-index":27,
            "utterance":"何？"
        },
        {
            "speaker":"S",
            "time":"17.10.2020 22:00:09",
            "turn-index":28,
            "utterance":"あ，いやなんでもないっす．忘れてください笑"
        },
        {
            "speaker":"U",
            "time":"17.10.2020 22:00:23",
            "turn-index":29,
            "utterance":"お願い"
        },
        {
            "speaker":"S",
            "time":"17.10.2020 22:00:24",
            "turn-index":30,
            "utterance":"ほんとに誰もやれる人いないんですか？"
        }
    ]
}