{
    "dialogue-id":"KOM_26",
    "group-id":"",
    "speaker-id":"KomuRobot",
    "turns":[
        {
            "speaker":"S",
            "time":"17.10.2020 20:48:48",
            "turn-index":0,
            "utterance":"なんですか？"
        },
        {
            "speaker":"U",
            "time":"17.10.2020 20:49:32",
            "turn-index":1,
            "utterance":"今度大学のサークルの同窓会をやることになって。"
        },
        {
            "speaker":"S",
            "time":"17.10.2020 20:49:33",
            "turn-index":2,
            "utterance":"はい"
        },
        {
            "speaker":"U",
            "time":"17.10.2020 20:49:48",
            "turn-index":3,
            "utterance":"その同窓会の幹事を君にお願いしたいんだよ。"
        },
        {
            "speaker":"S",
            "time":"17.10.2020 20:49:48",
            "turn-index":4,
            "utterance":"あー"
        },
        {
            "speaker":"U",
            "time":"17.10.2020 20:50:10",
            "turn-index":5,
            "utterance":"急にお願いして申し訳ない。"
        },
        {
            "speaker":"S",
            "time":"17.10.2020 20:50:11",
            "turn-index":6,
            "utterance":"いやー厳しいですね…"
        },
        {
            "speaker":"U",
            "time":"17.10.2020 20:50:36",
            "turn-index":7,
            "utterance":"幹事をやれる人が君以外に見つからなくて。。。"
        },
        {
            "speaker":"S",
            "time":"17.10.2020 20:50:37",
            "turn-index":8,
            "utterance":"いつ頃やる感じですか？"
        },
        {
            "speaker":"U",
            "time":"17.10.2020 20:50:42",
            "turn-index":9,
            "utterance":"来月の予定。"
        },
        {
            "speaker":"S",
            "time":"17.10.2020 20:50:42",
            "turn-index":10,
            "utterance":"うーん"
        },
        {
            "speaker":"U",
            "time":"17.10.2020 20:51:00",
            "turn-index":11,
            "utterance":"今度食事をごちそうするからさ。"
        },
        {
            "speaker":"S",
            "time":"17.10.2020 20:51:00",
            "turn-index":12,
            "utterance":"いやー最近結構忙しいんですよね…"
        },
        {
            "speaker":"U",
            "time":"17.10.2020 20:51:13",
            "turn-index":13,
            "utterance":"そこを何とか。できるだけサポートするから。"
        },
        {
            "speaker":"S",
            "time":"17.10.2020 20:51:14",
            "turn-index":14,
            "utterance":"まあまあそこはいいじゃないすか笑．ていうか，どこでやるんですか？"
        },
        {
            "speaker":"U",
            "time":"17.10.2020 20:51:30",
            "turn-index":15,
            "utterance":"駅前の繁華街を予定しているよ。"
        },
        {
            "speaker":"S",
            "time":"17.10.2020 20:51:31",
            "turn-index":16,
            "utterance":"うーん…"
        },
        {
            "speaker":"U",
            "time":"17.10.2020 20:51:49",
            "turn-index":17,
            "utterance":"誰か友達を誘ってもいいからお願い！"
        },
        {
            "speaker":"S",
            "time":"17.10.2020 20:51:50",
            "turn-index":18,
            "utterance":"いやー，なんとか他の人にお願いできればありがたいっす…"
        },
        {
            "speaker":"U",
            "time":"17.10.2020 20:52:16",
            "turn-index":19,
            "utterance":"こういうのを頼めるのは君しかいないんだよ。お願いします。"
        },
        {
            "speaker":"S",
            "time":"17.10.2020 20:52:17",
            "turn-index":20,
            "utterance":"最近ほんと忙しいんですよ…"
        },
        {
            "speaker":"U",
            "time":"17.10.2020 20:52:37",
            "turn-index":21,
            "utterance":"そこを何とか。今度絶対埋め合わせするからさ。"
        },
        {
            "speaker":"S",
            "time":"17.10.2020 20:52:38",
            "turn-index":22,
            "utterance":"まあまあ，そこはいいじゃないすか笑"
        },
        {
            "speaker":"U",
            "time":"17.10.2020 20:52:53",
            "turn-index":23,
            "utterance":"ほんと、よろしくお願い！！！"
        },
        {
            "speaker":"S",
            "time":"17.10.2020 20:52:54",
            "turn-index":24,
            "utterance":"ていうか何人くらいでやる予定ですか？"
        },
        {
            "speaker":"U",
            "time":"17.10.2020 20:53:19",
            "turn-index":25,
            "utterance":"今のところ、20人位の予定。"
        },
        {
            "speaker":"S",
            "time":"17.10.2020 20:53:20",
            "turn-index":26,
            "utterance":"あーそんな感じなんですね"
        },
        {
            "speaker":"U",
            "time":"17.10.2020 20:53:40",
            "turn-index":27,
            "utterance":"そう。だからしっかりした人に幹事をお願いしたいんだよ。"
        },
        {
            "speaker":"S",
            "time":"17.10.2020 20:53:41",
            "turn-index":28,
            "utterance":"あ！わかった！それじゃあこうしましょうよ"
        },
        {
            "speaker":"U",
            "time":"17.10.2020 20:53:54",
            "turn-index":29,
            "utterance":"どうゆうこと？"
        },
        {
            "speaker":"S",
            "time":"17.10.2020 20:53:55",
            "turn-index":30,
            "utterance":"あ，いやなんでもないっす．忘れてください笑"
        }
    ]
}