{
    "dialogue-id":"KOM_36",
    "group-id":"",
    "speaker-id":"None",
    "turns":[
        {
            "speaker":"S",
            "time":"17.10.2020 21:09:29",
            "turn-index":0,
            "utterance":"なんですか？"
        },
        {
            "speaker":"U",
            "time":"17.10.2020 21:10:16",
            "turn-index":1,
            "utterance":"同窓会の幹事頼もうと思って"
        },
        {
            "speaker":"S",
            "time":"17.10.2020 21:10:17",
            "turn-index":2,
            "utterance":"あー"
        },
        {
            "speaker":"U",
            "time":"17.10.2020 21:10:50",
            "turn-index":3,
            "utterance":"ぜひやって欲しいんだ"
        },
        {
            "speaker":"S",
            "time":"17.10.2020 21:10:51",
            "turn-index":4,
            "utterance":"いやー厳しいですね…"
        },
        {
            "speaker":"U",
            "time":"17.10.2020 21:12:51",
            "turn-index":5,
            "utterance":"他に頼れる人がいないんだよ"
        },
        {
            "speaker":"S",
            "time":"17.10.2020 21:12:52",
            "turn-index":6,
            "utterance":"いつ頃やる感じですか？"
        },
        {
            "speaker":"U",
            "time":"17.10.2020 21:13:13",
            "turn-index":7,
            "utterance":"それも話し合って決めよう"
        },
        {
            "speaker":"S",
            "time":"17.10.2020 21:13:14",
            "turn-index":8,
            "utterance":"うーん"
        },
        {
            "speaker":"U",
            "time":"17.10.2020 21:14:20",
            "turn-index":9,
            "utterance":"やってみたら？"
        },
        {
            "speaker":"S",
            "time":"17.10.2020 21:14:21",
            "turn-index":10,
            "utterance":"いやー最近結構忙しいんですよね…"
        },
        {
            "speaker":"U",
            "time":"17.10.2020 21:14:43",
            "turn-index":11,
            "utterance":"手間は取らせないからさ"
        },
        {
            "speaker":"S",
            "time":"17.10.2020 21:14:44",
            "turn-index":12,
            "utterance":"ていうか，どこでやるんですか？"
        },
        {
            "speaker":"U",
            "time":"17.10.2020 21:14:52",
            "turn-index":13,
            "utterance":"いつものとこ"
        },
        {
            "speaker":"S",
            "time":"17.10.2020 21:14:52",
            "turn-index":14,
            "utterance":"まあ，そうですよね"
        },
        {
            "speaker":"U",
            "time":"17.10.2020 21:15:19",
            "turn-index":15,
            "utterance":"だから本当に頼む"
        },
        {
            "speaker":"S",
            "time":"17.10.2020 21:15:19",
            "turn-index":16,
            "utterance":"いやー，なんとか他の人にお願いできればありがたいっす…"
        },
        {
            "speaker":"U",
            "time":"17.10.2020 21:15:39",
            "turn-index":17,
            "utterance":"お前しかいないんだよ"
        },
        {
            "speaker":"S",
            "time":"17.10.2020 21:15:40",
            "turn-index":18,
            "utterance":"最近ほんと忙しいんですよ…"
        },
        {
            "speaker":"U",
            "time":"17.10.2020 21:17:20",
            "turn-index":19,
            "utterance":"俺も手伝うから"
        },
        {
            "speaker":"S",
            "time":"17.10.2020 21:17:21",
            "turn-index":20,
            "utterance":"ていうか何人くらいでやる予定ですか？"
        },
        {
            "speaker":"U",
            "time":"17.10.2020 21:17:34",
            "turn-index":21,
            "utterance":"まだはっきりしてない"
        },
        {
            "speaker":"S",
            "time":"17.10.2020 21:17:34",
            "turn-index":22,
            "utterance":"いやあ，でもやっぱり厳しいなあ…"
        },
        {
            "speaker":"U",
            "time":"17.10.2020 21:19:56",
            "turn-index":23,
            "utterance":"大丈夫だってなんとかなる"
        },
        {
            "speaker":"S",
            "time":"17.10.2020 21:19:57",
            "turn-index":24,
            "utterance":"あ！わかった！それじゃあこうしましょうよ"
        },
        {
            "speaker":"U",
            "time":"17.10.2020 21:20:19",
            "turn-index":25,
            "utterance":"何？"
        },
        {
            "speaker":"S",
            "time":"17.10.2020 21:20:20",
            "turn-index":26,
            "utterance":"あ，いやなんでもないっす．忘れてください笑"
        },
        {
            "speaker":"U",
            "time":"17.10.2020 21:20:33",
            "turn-index":27,
            "utterance":"遠慮しないで言ってよ"
        },
        {
            "speaker":"S",
            "time":"17.10.2020 21:20:34",
            "turn-index":28,
            "utterance":"ほんとに誰もやれる人いないんですか？"
        },
        {
            "speaker":"U",
            "time":"17.10.2020 21:20:57",
            "turn-index":29,
            "utterance":"いたら君に頼まないよ"
        },
        {
            "speaker":"S",
            "time":"17.10.2020 21:20:58",
            "turn-index":30,
            "utterance":"いやあ困っちゃったなあ"
        }
    ]
}