{
    "dialogue-id":"KOM_38",
    "group-id":"",
    "speaker-id":"KomuRobot",
    "turns":[
        {
            "speaker":"S",
            "time":"17.10.2020 13:57:23",
            "turn-index":0,
            "utterance":"なんですか？"
        },
        {
            "speaker":"U",
            "time":"17.10.2020 13:58:23",
            "turn-index":1,
            "utterance":"サークルのみんなとはよく会ってる？"
        },
        {
            "speaker":"S",
            "time":"17.10.2020 13:58:24",
            "turn-index":2,
            "utterance":"はい"
        },
        {
            "speaker":"U",
            "time":"17.10.2020 13:59:07",
            "turn-index":3,
            "utterance":"俺、最近会ってないんだけど、またみんなと会いたいな～と思って"
        },
        {
            "speaker":"S",
            "time":"17.10.2020 13:59:07",
            "turn-index":4,
            "utterance":"はい"
        },
        {
            "speaker":"U",
            "time":"17.10.2020 13:59:48",
            "turn-index":5,
            "utterance":"最近連絡も取ってないから、俺から集まるのを提案しづらいんだよね"
        },
        {
            "speaker":"S",
            "time":"17.10.2020 13:59:49",
            "turn-index":6,
            "utterance":"はい"
        },
        {
            "speaker":"U",
            "time":"17.10.2020 14:00:11",
            "turn-index":7,
            "utterance":"清水、よかったら同窓会やってくれない？"
        },
        {
            "speaker":"S",
            "time":"17.10.2020 14:00:12",
            "turn-index":8,
            "utterance":"はい"
        },
        {
            "speaker":"U",
            "time":"17.10.2020 14:00:35",
            "turn-index":9,
            "utterance":"いいの？人数が多くてちょっと大変かもしれないけど"
        },
        {
            "speaker":"S",
            "time":"17.10.2020 14:00:36",
            "turn-index":10,
            "utterance":"はい"
        },
        {
            "speaker":"U",
            "time":"17.10.2020 14:00:48",
            "turn-index":11,
            "utterance":"ありがとう！"
        },
        {
            "speaker":"S",
            "time":"17.10.2020 14:00:49",
            "turn-index":12,
            "utterance":"はい"
        },
        {
            "speaker":"U",
            "time":"17.10.2020 14:01:22",
            "turn-index":13,
            "utterance":"じゃあ、みんなに来月の都合のいい日を聞いておいてくれない？"
        },
        {
            "speaker":"S",
            "time":"17.10.2020 14:01:23",
            "turn-index":14,
            "utterance":"はい"
        },
        {
            "speaker":"U",
            "time":"17.10.2020 14:01:43",
            "turn-index":15,
            "utterance":"店は探してみるよ！"
        },
        {
            "speaker":"S",
            "time":"17.10.2020 14:01:44",
            "turn-index":16,
            "utterance":"はい"
        },
        {
            "speaker":"U",
            "time":"17.10.2020 14:03:08",
            "turn-index":17,
            "utterance":"場所は駅前の居酒屋でいいよな？"
        },
        {
            "speaker":"S",
            "time":"17.10.2020 14:03:09",
            "turn-index":18,
            "utterance":"はい"
        },
        {
            "speaker":"U",
            "time":"17.10.2020 14:03:27",
            "turn-index":19,
            "utterance":"わかった！大勢で入れそうなとこ探しておく"
        },
        {
            "speaker":"S",
            "time":"17.10.2020 14:03:28",
            "turn-index":20,
            "utterance":"はい"
        },
        {
            "speaker":"U",
            "time":"17.10.2020 14:03:37",
            "turn-index":21,
            "utterance":"清水もみんなに連絡よろしくな"
        },
        {
            "speaker":"S",
            "time":"17.10.2020 14:03:38",
            "turn-index":22,
            "utterance":"はい"
        },
        {
            "speaker":"U",
            "time":"17.10.2020 14:04:47",
            "turn-index":23,
            "utterance":"日にちと人数が分かったら教えて"
        },
        {
            "speaker":"S",
            "time":"17.10.2020 14:04:50",
            "turn-index":24,
            "utterance":"はい"
        },
        {
            "speaker":"U",
            "time":"17.10.2020 14:06:38",
            "turn-index":25,
            "utterance":"みんなで集まれるの楽しみだな"
        },
        {
            "speaker":"S",
            "time":"17.10.2020 14:06:39",
            "turn-index":26,
            "utterance":"はい"
        },
        {
            "speaker":"U",
            "time":"17.10.2020 14:06:50",
            "turn-index":27,
            "utterance":"清水とも結構久しぶりに会うし"
        },
        {
            "speaker":"S",
            "time":"17.10.2020 14:06:51",
            "turn-index":28,
            "utterance":"はい"
        },
        {
            "speaker":"U",
            "time":"17.10.2020 14:07:11",
            "turn-index":29,
            "utterance":"当日もよろしくな！"
        },
        {
            "speaker":"S",
            "time":"17.10.2020 14:07:12",
            "turn-index":30,
            "utterance":"はい"
        }
    ]
}