{
    "dialogue-id":"KOM_37",
    "group-id":"",
    "speaker-id":"KomuRobot",
    "turns":[
        {
            "speaker":"S",
            "time":"17.10.2020 17:18:31",
            "turn-index":0,
            "utterance":"なんですか？"
        },
        {
            "speaker":"U",
            "time":"17.10.2020 17:18:37",
            "turn-index":1,
            "utterance":"最近どう？"
        },
        {
            "speaker":"S",
            "time":"17.10.2020 17:18:38",
            "turn-index":2,
            "utterance":"はい"
        },
        {
            "speaker":"U",
            "time":"17.10.2020 17:18:45",
            "turn-index":3,
            "utterance":"幹事頼みたいんだけど"
        },
        {
            "speaker":"S",
            "time":"17.10.2020 17:18:45",
            "turn-index":4,
            "utterance":"あー"
        },
        {
            "speaker":"U",
            "time":"17.10.2020 17:19:04",
            "turn-index":5,
            "utterance":"前に幹事のサポートしてくれたじゃん？"
        },
        {
            "speaker":"S",
            "time":"17.10.2020 17:19:05",
            "turn-index":6,
            "utterance":"いやー厳しいですね…"
        },
        {
            "speaker":"U",
            "time":"17.10.2020 17:19:16",
            "turn-index":7,
            "utterance":"忙しいの？"
        },
        {
            "speaker":"S",
            "time":"17.10.2020 17:19:17",
            "turn-index":8,
            "utterance":"いつ頃やる感じですか？"
        },
        {
            "speaker":"U",
            "time":"17.10.2020 17:19:28",
            "turn-index":9,
            "utterance":"お前が決めていいんだけど"
        },
        {
            "speaker":"S",
            "time":"17.10.2020 17:19:29",
            "turn-index":10,
            "utterance":"うーん"
        },
        {
            "speaker":"U",
            "time":"17.10.2020 17:19:54",
            "turn-index":11,
            "utterance":"平日夕方なら集まれるかなと"
        },
        {
            "speaker":"S",
            "time":"17.10.2020 17:19:55",
            "turn-index":12,
            "utterance":"いやー最近結構忙しいんですよね…"
        },
        {
            "speaker":"U",
            "time":"17.10.2020 17:20:19",
            "turn-index":13,
            "utterance":"あいてる日で良いからさ"
        },
        {
            "speaker":"S",
            "time":"17.10.2020 17:20:20",
            "turn-index":14,
            "utterance":"ていうか，どこでやるんですか？"
        },
        {
            "speaker":"U",
            "time":"17.10.2020 17:20:39",
            "turn-index":15,
            "utterance":"いつもの場所"
        },
        {
            "speaker":"S",
            "time":"17.10.2020 17:20:39",
            "turn-index":16,
            "utterance":"まあ，そうですよね"
        },
        {
            "speaker":"U",
            "time":"17.10.2020 17:20:55",
            "turn-index":17,
            "utterance":"店長も顔見知りだし"
        },
        {
            "speaker":"S",
            "time":"17.10.2020 17:20:56",
            "turn-index":18,
            "utterance":"いやー，なんとか他の人にお願いできればありがたいっす…"
        },
        {
            "speaker":"U",
            "time":"17.10.2020 17:21:12",
            "turn-index":19,
            "utterance":"お前が一番頼れるんだな"
        },
        {
            "speaker":"S",
            "time":"17.10.2020 17:21:13",
            "turn-index":20,
            "utterance":"最近ほんと忙しいんですよ…"
        },
        {
            "speaker":"U",
            "time":"17.10.2020 17:21:31",
            "turn-index":21,
            "utterance":"何曜日なら？"
        },
        {
            "speaker":"S",
            "time":"17.10.2020 17:21:32",
            "turn-index":22,
            "utterance":"規模はどんな感じを想定してます？"
        },
        {
            "speaker":"U",
            "time":"17.10.2020 17:21:42",
            "turn-index":23,
            "utterance":"集まれるメンツで"
        },
        {
            "speaker":"S",
            "time":"17.10.2020 17:21:43",
            "turn-index":24,
            "utterance":"いやあ，でもやっぱり厳しいなあ…"
        },
        {
            "speaker":"U",
            "time":"17.10.2020 17:21:59",
            "turn-index":25,
            "utterance":"お前、顔広いから"
        },
        {
            "speaker":"S",
            "time":"17.10.2020 17:22:00",
            "turn-index":26,
            "utterance":"あ！わかった！それじゃあこうしましょうよ"
        },
        {
            "speaker":"U",
            "time":"17.10.2020 17:22:12",
            "turn-index":27,
            "utterance":"？"
        },
        {
            "speaker":"S",
            "time":"17.10.2020 17:22:12",
            "turn-index":28,
            "utterance":"あ，いやなんでもないっす．忘れてください笑"
        },
        {
            "speaker":"U",
            "time":"17.10.2020 17:22:39",
            "turn-index":29,
            "utterance":"いつなら空いてるん？"
        },
        {
            "speaker":"S",
            "time":"17.10.2020 17:22:39",
            "turn-index":30,
            "utterance":"いやちょっと思いついたことがあったんですが，無理でしたわ．本当に誰もやれる人いないんですか？"
        }
    ]
}