{
    "dialogue-id":"KOM_27",
    "group-id":"",
    "speaker-id":"KomuRobot",
    "turns":[
        {
            "speaker":"S",
            "time":"17.10.2020 21:29:26",
            "turn-index":0,
            "utterance":"なんですか？"
        },
        {
            "speaker":"U",
            "time":"17.10.2020 21:30:28",
            "turn-index":1,
            "utterance":"今年もサークルの同窓会があるんだけど、幹事がまだ決まってなくて、やらない？"
        },
        {
            "speaker":"S",
            "time":"17.10.2020 21:30:29",
            "turn-index":2,
            "utterance":"あー"
        },
        {
            "speaker":"U",
            "time":"17.10.2020 21:30:44",
            "turn-index":3,
            "utterance":"やってくれるとすごく助かる"
        },
        {
            "speaker":"S",
            "time":"17.10.2020 21:30:44",
            "turn-index":4,
            "utterance":"いやー厳しいですね…"
        },
        {
            "speaker":"U",
            "time":"17.10.2020 21:31:03",
            "turn-index":5,
            "utterance":"何か忙しかったりするかな？"
        },
        {
            "speaker":"S",
            "time":"17.10.2020 21:31:04",
            "turn-index":6,
            "utterance":"いつ頃やる感じですか？"
        },
        {
            "speaker":"U",
            "time":"17.10.2020 21:31:48",
            "turn-index":7,
            "utterance":"3ヶ月後くらいなんだけど"
        },
        {
            "speaker":"S",
            "time":"17.10.2020 21:31:49",
            "turn-index":8,
            "utterance":"うーん"
        },
        {
            "speaker":"U",
            "time":"17.10.2020 21:32:25",
            "turn-index":9,
            "utterance":"そのくらいの時期ってどう？"
        },
        {
            "speaker":"S",
            "time":"17.10.2020 21:32:26",
            "turn-index":10,
            "utterance":"いやー最近結構忙しいんですよね…"
        },
        {
            "speaker":"U",
            "time":"17.10.2020 21:32:45",
            "turn-index":11,
            "utterance":"最近忙しくてもその頃には落ち着いてたり"
        },
        {
            "speaker":"S",
            "time":"17.10.2020 21:32:45",
            "turn-index":12,
            "utterance":"ていうか，どこでやるんですか？"
        },
        {
            "speaker":"U",
            "time":"17.10.2020 21:33:06",
            "turn-index":13,
            "utterance":"場所は幹事に任せることになってるからどこでも大丈夫だよ"
        },
        {
            "speaker":"S",
            "time":"17.10.2020 21:33:06",
            "turn-index":14,
            "utterance":"うーん…"
        },
        {
            "speaker":"U",
            "time":"17.10.2020 21:33:32",
            "turn-index":15,
            "utterance":"じゃあ、やってくれるって方向でいいかな？"
        },
        {
            "speaker":"S",
            "time":"17.10.2020 21:33:33",
            "turn-index":16,
            "utterance":"いやー，なんとか他の人にお願いできればありがたいっす…"
        },
        {
            "speaker":"U",
            "time":"17.10.2020 21:33:59",
            "turn-index":17,
            "utterance":"実は他に頼めそうな人全員に断られた後なんだよね…"
        },
        {
            "speaker":"S",
            "time":"17.10.2020 21:34:00",
            "turn-index":18,
            "utterance":"最近ほんと忙しいんですよ…"
        },
        {
            "speaker":"U",
            "time":"17.10.2020 21:36:26",
            "turn-index":19,
            "utterance":"みんな忙しいのは同じだからさ"
        },
        {
            "speaker":"S",
            "time":"17.10.2020 21:36:27",
            "turn-index":20,
            "utterance":"ていうか何人くらいでやる予定ですか？"
        },
        {
            "speaker":"U",
            "time":"17.10.2020 21:36:47",
            "turn-index":21,
            "utterance":"幹事の頑張り次第だよ"
        },
        {
            "speaker":"S",
            "time":"17.10.2020 21:36:47",
            "turn-index":22,
            "utterance":"いやあ，でもやっぱり厳しいなあ…"
        },
        {
            "speaker":"U",
            "time":"17.10.2020 21:37:35",
            "turn-index":23,
            "utterance":"みんなできる限りで協力するからさ"
        },
        {
            "speaker":"S",
            "time":"17.10.2020 21:37:36",
            "turn-index":24,
            "utterance":"あ！わかった！それじゃあこうしましょうよ"
        },
        {
            "speaker":"U",
            "time":"17.10.2020 21:39:11",
            "turn-index":25,
            "utterance":"何か思いついた？"
        },
        {
            "speaker":"S",
            "time":"17.10.2020 21:39:11",
            "turn-index":26,
            "utterance":"あ，いやなんでもないっす．忘れてください笑"
        },
        {
            "speaker":"U",
            "time":"17.10.2020 21:41:12",
            "turn-index":27,
            "utterance":"思いついたふりやめろよー罰としてお前幹事やれよー"
        },
        {
            "speaker":"S",
            "time":"17.10.2020 21:41:13",
            "turn-index":28,
            "utterance":"ほんとに誰もやれる人いないんですか？"
        },
        {
            "speaker":"U",
            "time":"17.10.2020 21:41:41",
            "turn-index":29,
            "utterance":"それはさっきもそう言った通りだよ"
        },
        {
            "speaker":"S",
            "time":"17.10.2020 21:41:41",
            "turn-index":30,
            "utterance":"いやあ困っちゃったなあ"
        }
    ]
}