{
    "dialogue-id":"KOM_24",
    "group-id":"",
    "speaker-id":"KomuRobot",
    "turns":[
        {
            "speaker":"S",
            "time":"17.10.2020 13:59:40",
            "turn-index":0,
            "utterance":"なんですか？"
        },
        {
            "speaker":"U",
            "time":"17.10.2020 14:03:37",
            "turn-index":1,
            "utterance":"そろそろサークルの同窓会の時期だね"
        },
        {
            "speaker":"S",
            "time":"17.10.2020 14:03:37",
            "turn-index":2,
            "utterance":"はい"
        },
        {
            "speaker":"U",
            "time":"17.10.2020 14:04:29",
            "turn-index":3,
            "utterance":"そこで、今年は君に幹事を頼みたいんだけど"
        },
        {
            "speaker":"S",
            "time":"17.10.2020 14:04:31",
            "turn-index":4,
            "utterance":"あー"
        },
        {
            "speaker":"U",
            "time":"17.10.2020 14:05:43",
            "turn-index":5,
            "utterance":"毎年、その年の卒業生が幹事をやることになっているのは知ってるよね"
        },
        {
            "speaker":"S",
            "time":"17.10.2020 14:05:44",
            "turn-index":6,
            "utterance":"いやー厳しいですね…"
        },
        {
            "speaker":"U",
            "time":"17.10.2020 14:06:12",
            "turn-index":7,
            "utterance":"就職も決まってるし、時間はあるよね"
        },
        {
            "speaker":"S",
            "time":"17.10.2020 14:06:13",
            "turn-index":8,
            "utterance":"いつ頃やる感じですか？"
        },
        {
            "speaker":"U",
            "time":"17.10.2020 14:07:34",
            "turn-index":9,
            "utterance":"社会人は３月は年度末で忙しい人がいるから、２月が良いかな"
        },
        {
            "speaker":"S",
            "time":"17.10.2020 14:07:35",
            "turn-index":10,
            "utterance":"うーん"
        },
        {
            "speaker":"U",
            "time":"17.10.2020 14:07:57",
            "turn-index":11,
            "utterance":"２月なら卒業生も時間取れるんじゃない"
        },
        {
            "speaker":"S",
            "time":"17.10.2020 14:07:59",
            "turn-index":12,
            "utterance":"いやー最近結構忙しいんですよね…"
        },
        {
            "speaker":"U",
            "time":"17.10.2020 14:08:34",
            "turn-index":13,
            "utterance":"４月は入社直後で大変でしょ"
        },
        {
            "speaker":"S",
            "time":"17.10.2020 14:08:35",
            "turn-index":14,
            "utterance":"ていうか，どこでやるんですか？"
        },
        {
            "speaker":"U",
            "time":"17.10.2020 14:08:50",
            "turn-index":15,
            "utterance":"場所は任せるよ"
        },
        {
            "speaker":"S",
            "time":"17.10.2020 14:08:51",
            "turn-index":16,
            "utterance":"うーん…"
        },
        {
            "speaker":"U",
            "time":"17.10.2020 14:09:26",
            "turn-index":17,
            "utterance":"去年やったお店でも構わないよ"
        },
        {
            "speaker":"S",
            "time":"17.10.2020 14:09:28",
            "turn-index":18,
            "utterance":"いやー，なんとか他の人にお願いできればありがたいっす…"
        },
        {
            "speaker":"U",
            "time":"17.10.2020 14:10:10",
            "turn-index":19,
            "utterance":"幹事は一人じゃなくて、何人かでやって構わないよ"
        },
        {
            "speaker":"S",
            "time":"17.10.2020 14:10:11",
            "turn-index":20,
            "utterance":"最近ほんと忙しいんですよ…"
        },
        {
            "speaker":"U",
            "time":"17.10.2020 14:10:53",
            "turn-index":21,
            "utterance":"一人じゃ大変だったら、一緒にやってくれる人を君から頼めばいい"
        },
        {
            "speaker":"S",
            "time":"17.10.2020 14:10:54",
            "turn-index":22,
            "utterance":"ていうか何人くらいでやる予定ですか？"
        },
        {
            "speaker":"U",
            "time":"17.10.2020 14:11:43",
            "turn-index":23,
            "utterance":"去年は３０"
        },
        {
            "speaker":"S",
            "time":"17.10.2020 14:11:44",
            "turn-index":24,
            "utterance":"いやあ，でもやっぱり厳しいなあ…"
        },
        {
            "speaker":"U",
            "time":"17.10.2020 14:12:09",
            "turn-index":25,
            "utterance":"毎年誰かがやらなきゃいけないんだから頼むよ"
        },
        {
            "speaker":"S",
            "time":"17.10.2020 14:12:10",
            "turn-index":26,
            "utterance":"あ！わかった！それじゃあこうしましょうよ"
        },
        {
            "speaker":"U",
            "time":"17.10.2020 14:12:22",
            "turn-index":27,
            "utterance":"なに？"
        },
        {
            "speaker":"S",
            "time":"17.10.2020 14:12:24",
            "turn-index":28,
            "utterance":"あ，いやなんでもないっす．忘れてください笑"
        },
        {
            "speaker":"U",
            "time":"17.10.2020 14:13:03",
            "turn-index":29,
            "utterance":"どうしたの？"
        },
        {
            "speaker":"S",
            "time":"17.10.2020 14:13:04",
            "turn-index":30,
            "utterance":"ほんとに誰もやれる人いないんですか？"
        }
    ]
}