{
    "dialogue-id":"KOM_17",
    "group-id":"",
    "speaker-id":"icant sing",
    "turns":[
        {
            "speaker":"S",
            "time":"17.10.2020 17:24:15",
            "turn-index":0,
            "utterance":"なんですか？"
        },
        {
            "speaker":"U",
            "time":"17.10.2020 17:25:07",
            "turn-index":1,
            "utterance":"ちょっと同窓会についての話なんだけど"
        },
        {
            "speaker":"S",
            "time":"17.10.2020 17:25:08",
            "turn-index":2,
            "utterance":"はい"
        },
        {
            "speaker":"U",
            "time":"17.10.2020 17:25:24",
            "turn-index":3,
            "utterance":"春休みは何かやるの？"
        },
        {
            "speaker":"S",
            "time":"17.10.2020 17:25:25",
            "turn-index":4,
            "utterance":"はい"
        },
        {
            "speaker":"U",
            "time":"17.10.2020 17:25:31",
            "turn-index":5,
            "utterance":"なにするの？"
        },
        {
            "speaker":"S",
            "time":"17.10.2020 17:25:31",
            "turn-index":6,
            "utterance":"はい"
        },
        {
            "speaker":"U",
            "time":"17.10.2020 17:25:40",
            "turn-index":7,
            "utterance":"暇でしょ？"
        },
        {
            "speaker":"S",
            "time":"17.10.2020 17:25:41",
            "turn-index":8,
            "utterance":"はい"
        },
        {
            "speaker":"U",
            "time":"17.10.2020 17:25:52",
            "turn-index":9,
            "utterance":"そしたらさ、幹事を頼みたいんだけど"
        },
        {
            "speaker":"S",
            "time":"17.10.2020 17:25:53",
            "turn-index":10,
            "utterance":"あー"
        },
        {
            "speaker":"U",
            "time":"17.10.2020 17:26:33",
            "turn-index":11,
            "utterance":"暇な夜でいいからさ、さくっと考えといて"
        },
        {
            "speaker":"S",
            "time":"17.10.2020 17:26:34",
            "turn-index":12,
            "utterance":"いやー厳しいですね…"
        },
        {
            "speaker":"U",
            "time":"17.10.2020 17:26:42",
            "turn-index":13,
            "utterance":"どうして？"
        },
        {
            "speaker":"S",
            "time":"17.10.2020 17:26:43",
            "turn-index":14,
            "utterance":"いつ頃やる感じですか？"
        },
        {
            "speaker":"U",
            "time":"17.10.2020 17:26:59",
            "turn-index":15,
            "utterance":"それは幹事が決めていいよ"
        },
        {
            "speaker":"S",
            "time":"17.10.2020 17:27:00",
            "turn-index":16,
            "utterance":"うーん"
        },
        {
            "speaker":"U",
            "time":"17.10.2020 17:28:05",
            "turn-index":17,
            "utterance":"信用できるのは君くらいしかいないんだよね"
        },
        {
            "speaker":"S",
            "time":"17.10.2020 17:28:05",
            "turn-index":18,
            "utterance":"いやー最近結構忙しいんですよね…"
        },
        {
            "speaker":"U",
            "time":"17.10.2020 17:28:22",
            "turn-index":19,
            "utterance":"どんなことで忙しいの？"
        },
        {
            "speaker":"S",
            "time":"17.10.2020 17:28:23",
            "turn-index":20,
            "utterance":"ていうか，どこでやるんですか？"
        },
        {
            "speaker":"U",
            "time":"17.10.2020 17:28:45",
            "turn-index":21,
            "utterance":"どっかの家で"
        },
        {
            "speaker":"S",
            "time":"17.10.2020 17:28:46",
            "turn-index":22,
            "utterance":"うーん…"
        },
        {
            "speaker":"U",
            "time":"17.10.2020 17:29:11",
            "turn-index":23,
            "utterance":"誰かさそって一緒にやってもいいからさ"
        },
        {
            "speaker":"S",
            "time":"17.10.2020 17:29:12",
            "turn-index":24,
            "utterance":"いやー，なんとか他の人にお願いできればありがたいっす…"
        },
        {
            "speaker":"U",
            "time":"17.10.2020 17:29:42",
            "turn-index":25,
            "utterance":"そこをなんとか考えてよ"
        },
        {
            "speaker":"S",
            "time":"17.10.2020 17:29:42",
            "turn-index":26,
            "utterance":"最近ほんと忙しいんですよ…"
        },
        {
            "speaker":"U",
            "time":"17.10.2020 17:29:54",
            "turn-index":27,
            "utterance":"なにしてるの？"
        },
        {
            "speaker":"S",
            "time":"17.10.2020 17:29:55",
            "turn-index":28,
            "utterance":"まあまあ，そこはいいじゃないすか笑"
        },
        {
            "speaker":"U",
            "time":"17.10.2020 17:30:19",
            "turn-index":29,
            "utterance":"適当でいいからちょちょいとやっちゃってよ"
        },
        {
            "speaker":"S",
            "time":"17.10.2020 17:30:19",
            "turn-index":30,
            "utterance":"規模はどんな感じを想定してます？"
        }
    ]
}