{
    "dialogue-id":"KOM_16",
    "group-id":"",
    "speaker-id":"KomuRobot",
    "turns":[
        {
            "speaker":"S",
            "time":"17.10.2020 18:05:12",
            "turn-index":0,
            "utterance":"なんですか？"
        },
        {
            "speaker":"U",
            "time":"17.10.2020 18:05:27",
            "turn-index":1,
            "utterance":"同窓会を開きたいと思ってるんだ。"
        },
        {
            "speaker":"S",
            "time":"17.10.2020 18:05:28",
            "turn-index":2,
            "utterance":"はい"
        },
        {
            "speaker":"U",
            "time":"17.10.2020 18:05:45",
            "turn-index":3,
            "utterance":"でもみんな忙しいみたいでさ。幹事を引き受けてくれる人がいないんだよ。"
        },
        {
            "speaker":"S",
            "time":"17.10.2020 18:05:45",
            "turn-index":4,
            "utterance":"あー"
        },
        {
            "speaker":"U",
            "time":"17.10.2020 18:06:07",
            "turn-index":5,
            "utterance":"君も忙しいのはわかるんだけど、なんとか引き受けてくれないかな。"
        },
        {
            "speaker":"S",
            "time":"17.10.2020 18:06:07",
            "turn-index":6,
            "utterance":"いやー厳しいですね…"
        },
        {
            "speaker":"U",
            "time":"17.10.2020 18:06:14",
            "turn-index":7,
            "utterance":"やっぱり忙しいの？"
        },
        {
            "speaker":"S",
            "time":"17.10.2020 18:06:15",
            "turn-index":8,
            "utterance":"いつ頃やる感じですか？"
        },
        {
            "speaker":"U",
            "time":"17.10.2020 18:06:27",
            "turn-index":9,
            "utterance":"日程は決めてないけど、年内にできればと思って。"
        },
        {
            "speaker":"S",
            "time":"17.10.2020 18:06:27",
            "turn-index":10,
            "utterance":"うーん"
        },
        {
            "speaker":"U",
            "time":"17.10.2020 18:06:42",
            "turn-index":11,
            "utterance":"でも今忙しいなら君の予定が落ち着いてからでもいいよ。"
        },
        {
            "speaker":"S",
            "time":"17.10.2020 18:06:42",
            "turn-index":12,
            "utterance":"いやー最近結構忙しいんですよね…"
        },
        {
            "speaker":"U",
            "time":"17.10.2020 18:06:50",
            "turn-index":13,
            "utterance":"当分忙しい日が続くの？"
        },
        {
            "speaker":"S",
            "time":"17.10.2020 18:06:51",
            "turn-index":14,
            "utterance":"ていうか，どこでやるんですか？"
        },
        {
            "speaker":"U",
            "time":"17.10.2020 18:07:40",
            "turn-index":15,
            "utterance":"会場もまだ決めてないけど、心当たりはいろいろあるから手伝うことはできるよ。"
        },
        {
            "speaker":"S",
            "time":"17.10.2020 18:07:41",
            "turn-index":16,
            "utterance":"うーん…"
        },
        {
            "speaker":"U",
            "time":"17.10.2020 18:08:03",
            "turn-index":17,
            "utterance":"もちろん出来る限りサポートはするつもり。"
        },
        {
            "speaker":"S",
            "time":"17.10.2020 18:08:04",
            "turn-index":18,
            "utterance":"いやー，なんとか他の人にお願いできればありがたいっす…"
        },
        {
            "speaker":"U",
            "time":"17.10.2020 18:08:15",
            "turn-index":19,
            "utterance":"困ったなー。みんなできないっていうんだよ。"
        },
        {
            "speaker":"S",
            "time":"17.10.2020 18:08:16",
            "turn-index":20,
            "utterance":"最近ほんと忙しいんですよ…"
        },
        {
            "speaker":"U",
            "time":"17.10.2020 18:08:42",
            "turn-index":21,
            "utterance":"まぁ、そう言いつつもこれまでもみんな忙しい中幹事引き受けてくれてたからさ。"
        },
        {
            "speaker":"S",
            "time":"17.10.2020 18:08:42",
            "turn-index":22,
            "utterance":"規模はどんな感じを想定してます？"
        },
        {
            "speaker":"U",
            "time":"17.10.2020 18:08:57",
            "turn-index":23,
            "utterance":"幹事が大変にならないように、少し縮小しようかなと思ってる。"
        },
        {
            "speaker":"S",
            "time":"17.10.2020 18:08:58",
            "turn-index":24,
            "utterance":"いやあ，でもやっぱり厳しいなあ…"
        },
        {
            "speaker":"U",
            "time":"17.10.2020 18:09:12",
            "turn-index":25,
            "utterance":"うーん。誰かと一緒でも幹事は難しいのかな。"
        },
        {
            "speaker":"S",
            "time":"17.10.2020 18:09:13",
            "turn-index":26,
            "utterance":"あ！わかった！それじゃあこうしましょうよ"
        },
        {
            "speaker":"U",
            "time":"17.10.2020 18:09:34",
            "turn-index":27,
            "utterance":"何か良い案あるの？"
        },
        {
            "speaker":"S",
            "time":"17.10.2020 18:09:35",
            "turn-index":28,
            "utterance":"あ，いやなんでもないっす．忘れてください笑"
        },
        {
            "speaker":"U",
            "time":"17.10.2020 18:09:57",
            "turn-index":29,
            "utterance":"気になるなぁ笑"
        },
        {
            "speaker":"S",
            "time":"17.10.2020 18:09:58",
            "turn-index":30,
            "utterance":"いやちょっと思いついたことがあったんですが，無理でしたわ．本当に誰もやれる人いないんですか？"
        }
    ]
}