{
    "dialogue-id":"KOM_04",
    "group-id":"",
    "speaker-id":"KomuRobot",
    "turns":[
        {
            "speaker":"S",
            "time":"17.10.2020 17:30:50",
            "turn-index":0,
            "utterance":"なんですか？"
        },
        {
            "speaker":"U",
            "time":"17.10.2020 17:31:05",
            "turn-index":1,
            "utterance":"こんどサークルの同窓会あるのわかる？"
        },
        {
            "speaker":"S",
            "time":"17.10.2020 17:31:06",
            "turn-index":2,
            "utterance":"はい"
        },
        {
            "speaker":"U",
            "time":"17.10.2020 17:31:29",
            "turn-index":3,
            "utterance":"そこで幹事必要じゃん？去年は俺やってたんだけど"
        },
        {
            "speaker":"S",
            "time":"17.10.2020 17:31:30",
            "turn-index":4,
            "utterance":"あー"
        },
        {
            "speaker":"U",
            "time":"17.10.2020 17:31:39",
            "turn-index":5,
            "utterance":"それをお願いしたいんだよね"
        },
        {
            "speaker":"S",
            "time":"17.10.2020 17:31:40",
            "turn-index":6,
            "utterance":"いやー厳しいですね…"
        },
        {
            "speaker":"U",
            "time":"17.10.2020 17:31:45",
            "turn-index":7,
            "utterance":"なんかあるの"
        },
        {
            "speaker":"S",
            "time":"17.10.2020 17:31:46",
            "turn-index":8,
            "utterance":"いつ頃やる感じですか？"
        },
        {
            "speaker":"U",
            "time":"17.10.2020 17:31:56",
            "turn-index":9,
            "utterance":"夏前かな"
        },
        {
            "speaker":"S",
            "time":"17.10.2020 17:31:56",
            "turn-index":10,
            "utterance":"うーん"
        },
        {
            "speaker":"U",
            "time":"17.10.2020 17:32:14",
            "turn-index":11,
            "utterance":"おまえにしか頼めないんだよな。。。"
        },
        {
            "speaker":"S",
            "time":"17.10.2020 17:32:15",
            "turn-index":12,
            "utterance":"いやー最近結構忙しいんですよね…"
        },
        {
            "speaker":"U",
            "time":"17.10.2020 17:32:24",
            "turn-index":13,
            "utterance":"なにが忙しいの"
        },
        {
            "speaker":"S",
            "time":"17.10.2020 17:32:25",
            "turn-index":14,
            "utterance":"まあまあそこはいいじゃないすか笑．ていうか，どこでやるんですか？"
        },
        {
            "speaker":"U",
            "time":"17.10.2020 17:32:33",
            "turn-index":15,
            "utterance":"やってくれるの？"
        },
        {
            "speaker":"S",
            "time":"17.10.2020 17:32:33",
            "turn-index":16,
            "utterance":"うーん…"
        },
        {
            "speaker":"U",
            "time":"17.10.2020 17:32:40",
            "turn-index":17,
            "utterance":"場所は都内かな"
        },
        {
            "speaker":"S",
            "time":"17.10.2020 17:32:41",
            "turn-index":18,
            "utterance":"いやー，なんとか他の人にお願いできればありがたいっす…"
        },
        {
            "speaker":"U",
            "time":"17.10.2020 17:32:52",
            "turn-index":19,
            "utterance":"頼むよ。。。サポートをするから"
        },
        {
            "speaker":"S",
            "time":"17.10.2020 17:32:53",
            "turn-index":20,
            "utterance":"最近ほんと忙しいんですよ…"
        },
        {
            "speaker":"U",
            "time":"17.10.2020 17:32:56",
            "turn-index":21,
            "utterance":"何が"
        },
        {
            "speaker":"S",
            "time":"17.10.2020 17:32:58",
            "turn-index":22,
            "utterance":"まあまあ，そこはいいじゃないすか笑"
        },
        {
            "speaker":"U",
            "time":"17.10.2020 17:33:02",
            "turn-index":23,
            "utterance":"論文？"
        },
        {
            "speaker":"S",
            "time":"17.10.2020 17:33:02",
            "turn-index":24,
            "utterance":"ていうか何人くらいでやる予定ですか？"
        },
        {
            "speaker":"U",
            "time":"17.10.2020 17:33:10",
            "turn-index":25,
            "utterance":"120人"
        },
        {
            "speaker":"S",
            "time":"17.10.2020 17:33:11",
            "turn-index":26,
            "utterance":"あーそんな感じなんですね"
        },
        {
            "speaker":"U",
            "time":"17.10.2020 17:33:13",
            "turn-index":27,
            "utterance":"うん"
        },
        {
            "speaker":"S",
            "time":"17.10.2020 17:33:13",
            "turn-index":28,
            "utterance":"あ！わかった！それじゃあこうしましょうよ"
        },
        {
            "speaker":"U",
            "time":"17.10.2020 17:33:17",
            "turn-index":29,
            "utterance":"なに？"
        },
        {
            "speaker":"S",
            "time":"17.10.2020 17:33:17",
            "turn-index":30,
            "utterance":"あ，いやなんでもないっす．忘れてください笑"
        }
    ]
}