{
    "dialogue-id":"KOM_40",
    "group-id":"",
    "speaker-id":"KomuRobot",
    "turns":[
        {
            "speaker":"S",
            "time":"17.10.2020 15:14:06",
            "turn-index":0,
            "utterance":"なんですか？"
        },
        {
            "speaker":"U",
            "time":"17.10.2020 15:14:25",
            "turn-index":1,
            "utterance":"同窓会のことなんだけど"
        },
        {
            "speaker":"S",
            "time":"17.10.2020 15:14:26",
            "turn-index":2,
            "utterance":"はい"
        },
        {
            "speaker":"U",
            "time":"17.10.2020 15:14:38",
            "turn-index":3,
            "utterance":"幹事やってもらえるかなって期待してるんだけど"
        },
        {
            "speaker":"S",
            "time":"17.10.2020 15:14:38",
            "turn-index":4,
            "utterance":"あー"
        },
        {
            "speaker":"U",
            "time":"17.10.2020 15:14:52",
            "turn-index":5,
            "utterance":"大変かな"
        },
        {
            "speaker":"S",
            "time":"17.10.2020 15:14:53",
            "turn-index":6,
            "utterance":"いやー厳しいですね…"
        },
        {
            "speaker":"U",
            "time":"17.10.2020 15:15:12",
            "turn-index":7,
            "utterance":"面倒だとは思うけど、そこをなんとかお願い"
        },
        {
            "speaker":"S",
            "time":"17.10.2020 15:15:13",
            "turn-index":8,
            "utterance":"いつ頃やる感じですか？"
        },
        {
            "speaker":"U",
            "time":"17.10.2020 15:15:28",
            "turn-index":9,
            "utterance":"4月はみんないろいろあるだろうから、5月かな"
        },
        {
            "speaker":"S",
            "time":"17.10.2020 15:15:28",
            "turn-index":10,
            "utterance":"うーん"
        },
        {
            "speaker":"U",
            "time":"17.10.2020 15:15:39",
            "turn-index":11,
            "utterance":"なんか予定ある？"
        },
        {
            "speaker":"S",
            "time":"17.10.2020 15:15:40",
            "turn-index":12,
            "utterance":"いやー最近結構忙しいんですよね…"
        },
        {
            "speaker":"U",
            "time":"17.10.2020 15:16:22",
            "turn-index":13,
            "utterance":"まあそれはそうだと思うんだけど、そこをなんとか"
        },
        {
            "speaker":"S",
            "time":"17.10.2020 15:16:23",
            "turn-index":14,
            "utterance":"ていうか，どこでやるんですか？"
        },
        {
            "speaker":"U",
            "time":"17.10.2020 15:16:38",
            "turn-index":15,
            "utterance":"まだ決まってないんだよ、どこかいいとこ知ってる？"
        },
        {
            "speaker":"S",
            "time":"17.10.2020 15:16:39",
            "turn-index":16,
            "utterance":"うーん…"
        },
        {
            "speaker":"U",
            "time":"17.10.2020 15:17:07",
            "turn-index":17,
            "utterance":"結構な人数になりそうなんだ"
        },
        {
            "speaker":"S",
            "time":"17.10.2020 15:17:07",
            "turn-index":18,
            "utterance":"いやー，なんとか他の人にお願いできればありがたいっす…"
        },
        {
            "speaker":"U",
            "time":"17.10.2020 15:17:27",
            "turn-index":19,
            "utterance":"うーん、でもほかに幹事できるやついるかな"
        },
        {
            "speaker":"S",
            "time":"17.10.2020 15:17:27",
            "turn-index":20,
            "utterance":"最近ほんと忙しいんですよ…"
        },
        {
            "speaker":"U",
            "time":"17.10.2020 15:17:52",
            "turn-index":21,
            "utterance":"わかるわかる、幹事やってくれるなら、ほんといろいろサポートするからさ"
        },
        {
            "speaker":"S",
            "time":"17.10.2020 15:17:53",
            "turn-index":22,
            "utterance":"いやまあぶっちゃけた話，大した用事はないんですけど笑"
        },
        {
            "speaker":"U",
            "time":"17.10.2020 15:18:12",
            "turn-index":23,
            "utterance":"それなら、お願いしやすいな"
        },
        {
            "speaker":"S",
            "time":"17.10.2020 15:18:13",
            "turn-index":24,
            "utterance":"規模はどんな感じを想定してます？"
        },
        {
            "speaker":"U",
            "time":"17.10.2020 15:19:03",
            "turn-index":25,
            "utterance":"そうだな、まあ60人以上にはなるな"
        },
        {
            "speaker":"S",
            "time":"17.10.2020 15:19:04",
            "turn-index":26,
            "utterance":"あーそんな感じなんですね"
        },
        {
            "speaker":"U",
            "time":"17.10.2020 15:19:22",
            "turn-index":27,
            "utterance":"とりあえずある程度人数把握しないと、予約入れにくいな"
        },
        {
            "speaker":"S",
            "time":"17.10.2020 15:19:23",
            "turn-index":28,
            "utterance":"あ！わかった！それじゃあこうしましょうよ"
        },
        {
            "speaker":"U",
            "time":"17.10.2020 15:19:30",
            "turn-index":29,
            "utterance":"うん"
        },
        {
            "speaker":"S",
            "time":"17.10.2020 15:19:31",
            "turn-index":30,
            "utterance":"あ，いやなんでもないっす．忘れてください笑"
        }
    ]
}