{
    "dialogue-id":"KOM_20",
    "group-id":"",
    "speaker-id":"KomuRobot",
    "turns":[
        {
            "speaker":"S",
            "time":"17.10.2020 18:26:59",
            "turn-index":0,
            "utterance":"なんですか？"
        },
        {
            "speaker":"U",
            "time":"17.10.2020 18:27:20",
            "turn-index":1,
            "utterance":"同窓会の事なんだけど"
        },
        {
            "speaker":"S",
            "time":"17.10.2020 18:27:20",
            "turn-index":2,
            "utterance":"はい"
        },
        {
            "speaker":"U",
            "time":"17.10.2020 18:27:49",
            "turn-index":3,
            "utterance":"参加する？"
        },
        {
            "speaker":"S",
            "time":"17.10.2020 18:27:50",
            "turn-index":4,
            "utterance":"はい"
        },
        {
            "speaker":"U",
            "time":"17.10.2020 18:28:19",
            "turn-index":5,
            "utterance":"そしたら、幹事をお願いしたいんだけど？"
        },
        {
            "speaker":"S",
            "time":"17.10.2020 18:28:19",
            "turn-index":6,
            "utterance":"あー"
        },
        {
            "speaker":"U",
            "time":"17.10.2020 18:28:25",
            "turn-index":7,
            "utterance":"どう？"
        },
        {
            "speaker":"S",
            "time":"17.10.2020 18:28:26",
            "turn-index":8,
            "utterance":"いやー厳しいですね…"
        },
        {
            "speaker":"U",
            "time":"17.10.2020 18:28:36",
            "turn-index":9,
            "utterance":"あんまりやりたくない？"
        },
        {
            "speaker":"S",
            "time":"17.10.2020 18:28:37",
            "turn-index":10,
            "utterance":"いつ頃やる感じですか？"
        },
        {
            "speaker":"U",
            "time":"17.10.2020 18:28:56",
            "turn-index":11,
            "utterance":"来月くらいで予定しているんだけど"
        },
        {
            "speaker":"S",
            "time":"17.10.2020 18:28:56",
            "turn-index":12,
            "utterance":"うーん"
        },
        {
            "speaker":"U",
            "time":"17.10.2020 18:29:05",
            "turn-index":13,
            "utterance":"幹事やってみない？"
        },
        {
            "speaker":"S",
            "time":"17.10.2020 18:29:06",
            "turn-index":14,
            "utterance":"いやー最近結構忙しいんですよね…"
        },
        {
            "speaker":"U",
            "time":"17.10.2020 18:29:20",
            "turn-index":15,
            "utterance":"そんなに忙しいの？"
        },
        {
            "speaker":"S",
            "time":"17.10.2020 18:29:20",
            "turn-index":16,
            "utterance":"はい…"
        },
        {
            "speaker":"U",
            "time":"17.10.2020 18:29:38",
            "turn-index":17,
            "utterance":"幹事ってそんなに大変じゃないよ"
        },
        {
            "speaker":"S",
            "time":"17.10.2020 18:29:39",
            "turn-index":18,
            "utterance":"ていうか，どこでやるんですか？"
        },
        {
            "speaker":"U",
            "time":"17.10.2020 18:30:04",
            "turn-index":19,
            "utterance":"場所はこれから決めることになってる"
        },
        {
            "speaker":"S",
            "time":"17.10.2020 18:30:05",
            "turn-index":20,
            "utterance":"うーん…"
        },
        {
            "speaker":"U",
            "time":"17.10.2020 18:30:29",
            "turn-index":21,
            "utterance":"ちょっとだけやってみない？"
        },
        {
            "speaker":"S",
            "time":"17.10.2020 18:30:30",
            "turn-index":22,
            "utterance":"いやー，なんとか他の人にお願いできればありがたいっす…"
        },
        {
            "speaker":"U",
            "time":"17.10.2020 18:30:55",
            "turn-index":23,
            "utterance":"やりたくない？"
        },
        {
            "speaker":"S",
            "time":"17.10.2020 18:30:55",
            "turn-index":24,
            "utterance":"最近ほんと忙しいんですよ…"
        },
        {
            "speaker":"U",
            "time":"17.10.2020 18:31:17",
            "turn-index":25,
            "utterance":"少しだけ手伝うっていうのは"
        },
        {
            "speaker":"S",
            "time":"17.10.2020 18:31:18",
            "turn-index":26,
            "utterance":"規模はどんな感じを想定してます？"
        },
        {
            "speaker":"U",
            "time":"17.10.2020 18:31:50",
            "turn-index":27,
            "utterance":"そんなに派手にはやらないよ"
        },
        {
            "speaker":"S",
            "time":"17.10.2020 18:31:51",
            "turn-index":28,
            "utterance":"いやあ，でもやっぱり厳しいなあ…"
        },
        {
            "speaker":"U",
            "time":"17.10.2020 18:32:12",
            "turn-index":29,
            "utterance":"忙しいんだね"
        },
        {
            "speaker":"S",
            "time":"17.10.2020 18:32:12",
            "turn-index":30,
            "utterance":"あ！わかった！それじゃあこうしましょうよ"
        }
    ]
}