{
    "dialogue-id":"KOM_07",
    "group-id":"",
    "speaker-id":"KomuRobot",
    "turns":[
        {
            "speaker":"S",
            "time":"17.10.2020 14:06:22",
            "turn-index":0,
            "utterance":"なんですか？"
        },
        {
            "speaker":"U",
            "time":"17.10.2020 14:11:01",
            "turn-index":1,
            "utterance":"卒業近いよね"
        },
        {
            "speaker":"S",
            "time":"17.10.2020 14:11:02",
            "turn-index":2,
            "utterance":"はい"
        },
        {
            "speaker":"U",
            "time":"17.10.2020 14:11:32",
            "turn-index":3,
            "utterance":"サークル"
        },
        {
            "speaker":"S",
            "time":"17.10.2020 14:11:32",
            "turn-index":4,
            "utterance":"はい"
        },
        {
            "speaker":"U",
            "time":"17.10.2020 14:11:37",
            "turn-index":5,
            "utterance":"懐かしいね"
        },
        {
            "speaker":"S",
            "time":"17.10.2020 14:11:38",
            "turn-index":6,
            "utterance":"はい"
        },
        {
            "speaker":"U",
            "time":"17.10.2020 14:12:17",
            "turn-index":7,
            "utterance":"みんなで集まりたいんだけど"
        },
        {
            "speaker":"S",
            "time":"17.10.2020 14:12:18",
            "turn-index":8,
            "utterance":"はい"
        },
        {
            "speaker":"U",
            "time":"17.10.2020 14:12:36",
            "turn-index":9,
            "utterance":"幹事やってくれない"
        },
        {
            "speaker":"S",
            "time":"17.10.2020 14:12:37",
            "turn-index":10,
            "utterance":"あー"
        },
        {
            "speaker":"U",
            "time":"17.10.2020 14:13:16",
            "turn-index":11,
            "utterance":"みんな働いてるから"
        },
        {
            "speaker":"S",
            "time":"17.10.2020 14:13:17",
            "turn-index":12,
            "utterance":"いやー厳しいですね…"
        },
        {
            "speaker":"U",
            "time":"17.10.2020 14:13:34",
            "turn-index":13,
            "utterance":"みんなに会いたいだろ"
        },
        {
            "speaker":"S",
            "time":"17.10.2020 14:13:35",
            "turn-index":14,
            "utterance":"いつ頃やる感じですか？"
        },
        {
            "speaker":"U",
            "time":"17.10.2020 14:13:57",
            "turn-index":15,
            "utterance":"いつなら行ける"
        },
        {
            "speaker":"S",
            "time":"17.10.2020 14:13:58",
            "turn-index":16,
            "utterance":"うーん"
        },
        {
            "speaker":"U",
            "time":"17.10.2020 14:15:12",
            "turn-index":17,
            "utterance":"清水が忙しくない時でいいよ"
        },
        {
            "speaker":"S",
            "time":"17.10.2020 14:15:13",
            "turn-index":18,
            "utterance":"いやー最近結構忙しいんですよね…"
        },
        {
            "speaker":"U",
            "time":"17.10.2020 14:15:53",
            "turn-index":19,
            "utterance":"清水だけが頼りなんだよ"
        },
        {
            "speaker":"S",
            "time":"17.10.2020 14:15:54",
            "turn-index":20,
            "utterance":"ていうか，どこでやるんですか？"
        },
        {
            "speaker":"U",
            "time":"17.10.2020 14:16:13",
            "turn-index":21,
            "utterance":"清水の知ってる店で良いよ"
        },
        {
            "speaker":"S",
            "time":"17.10.2020 14:16:14",
            "turn-index":22,
            "utterance":"うーん…"
        },
        {
            "speaker":"U",
            "time":"17.10.2020 14:16:27",
            "turn-index":23,
            "utterance":"思いつくところある？"
        },
        {
            "speaker":"S",
            "time":"17.10.2020 14:16:28",
            "turn-index":24,
            "utterance":"いやー，なんとか他の人にお願いできればありがたいっす…"
        },
        {
            "speaker":"U",
            "time":"17.10.2020 14:17:05",
            "turn-index":25,
            "utterance":"清水人気者だったじゃん"
        },
        {
            "speaker":"S",
            "time":"17.10.2020 14:17:06",
            "turn-index":26,
            "utterance":"最近ほんと忙しいんですよ…"
        },
        {
            "speaker":"U",
            "time":"17.10.2020 14:17:27",
            "turn-index":27,
            "utterance":"何に忙しいんだ"
        },
        {
            "speaker":"S",
            "time":"17.10.2020 14:17:28",
            "turn-index":28,
            "utterance":"まあまあ，そこはいいじゃないすか笑"
        },
        {
            "speaker":"U",
            "time":"17.10.2020 14:18:06",
            "turn-index":29,
            "utterance":"誤魔化したので清水に幹事決定"
        },
        {
            "speaker":"S",
            "time":"17.10.2020 14:18:06",
            "turn-index":30,
            "utterance":"規模はどんな感じを想定してます？"
        }
    ]
}