{
    "dialogue-id":"KOM_35",
    "group-id":"",
    "speaker-id":"KomuRobot",
    "turns":[
        {
            "speaker":"S",
            "time":"17.10.2020 14:28:35",
            "turn-index":0,
            "utterance":"なんですか？"
        },
        {
            "speaker":"U",
            "time":"17.10.2020 14:28:57",
            "turn-index":1,
            "utterance":"今度の同窓会の幹事をやってほしいんだけど。"
        },
        {
            "speaker":"S",
            "time":"17.10.2020 14:28:58",
            "turn-index":2,
            "utterance":"あー"
        },
        {
            "speaker":"U",
            "time":"17.10.2020 14:29:04",
            "turn-index":3,
            "utterance":"どう？"
        },
        {
            "speaker":"S",
            "time":"17.10.2020 14:29:05",
            "turn-index":4,
            "utterance":"いやー厳しいですね…"
        },
        {
            "speaker":"U",
            "time":"17.10.2020 14:29:11",
            "turn-index":5,
            "utterance":"忙しい？"
        },
        {
            "speaker":"S",
            "time":"17.10.2020 14:29:12",
            "turn-index":6,
            "utterance":"いつ頃やる感じですか？"
        },
        {
            "speaker":"U",
            "time":"17.10.2020 14:29:29",
            "turn-index":7,
            "utterance":"来月の頭くらいにやりたいと思ってるんだけど。"
        },
        {
            "speaker":"S",
            "time":"17.10.2020 14:29:30",
            "turn-index":8,
            "utterance":"うーん"
        },
        {
            "speaker":"U",
            "time":"17.10.2020 14:29:37",
            "turn-index":9,
            "utterance":"どうかな？"
        },
        {
            "speaker":"S",
            "time":"17.10.2020 14:29:39",
            "turn-index":10,
            "utterance":"いやー最近結構忙しいんですよね…"
        },
        {
            "speaker":"U",
            "time":"17.10.2020 14:29:59",
            "turn-index":11,
            "utterance":"忙しいときは手伝いから。"
        },
        {
            "speaker":"S",
            "time":"17.10.2020 14:30:00",
            "turn-index":12,
            "utterance":"ていうか，どこでやるんですか？"
        },
        {
            "speaker":"U",
            "time":"17.10.2020 14:30:27",
            "turn-index":13,
            "utterance":"大学の近くでやりたいと思ってるんだけど。"
        },
        {
            "speaker":"S",
            "time":"17.10.2020 14:30:27",
            "turn-index":14,
            "utterance":"うーん…"
        },
        {
            "speaker":"U",
            "time":"17.10.2020 14:30:39",
            "turn-index":15,
            "utterance":"どう？厳しい？"
        },
        {
            "speaker":"S",
            "time":"17.10.2020 14:30:40",
            "turn-index":16,
            "utterance":"いやー，なんとか他の人にお願いできればありがたいっす…"
        },
        {
            "speaker":"U",
            "time":"17.10.2020 14:30:53",
            "turn-index":17,
            "utterance":"そんなこと言わずに、頼むよ。"
        },
        {
            "speaker":"S",
            "time":"17.10.2020 14:30:54",
            "turn-index":18,
            "utterance":"最近ほんと忙しいんですよ…"
        },
        {
            "speaker":"U",
            "time":"17.10.2020 14:31:12",
            "turn-index":19,
            "utterance":"特にやることもなく簡単だからさ。"
        },
        {
            "speaker":"S",
            "time":"17.10.2020 14:31:15",
            "turn-index":20,
            "utterance":"ていうか何人くらいでやる予定ですか？"
        },
        {
            "speaker":"U",
            "time":"17.10.2020 14:31:25",
            "turn-index":21,
            "utterance":"30人くらいかな。"
        },
        {
            "speaker":"S",
            "time":"17.10.2020 14:31:26",
            "turn-index":22,
            "utterance":"あーそんな感じなんですね"
        },
        {
            "speaker":"U",
            "time":"17.10.2020 14:31:32",
            "turn-index":23,
            "utterance":"そうだね。"
        },
        {
            "speaker":"S",
            "time":"17.10.2020 14:31:33",
            "turn-index":24,
            "utterance":"あ！わかった！それじゃあこうしましょうよ"
        },
        {
            "speaker":"U",
            "time":"17.10.2020 14:31:46",
            "turn-index":25,
            "utterance":"何だい？"
        },
        {
            "speaker":"S",
            "time":"17.10.2020 14:31:47",
            "turn-index":26,
            "utterance":"あ，いやなんでもないっす．忘れてください笑"
        },
        {
            "speaker":"U",
            "time":"17.10.2020 14:31:58",
            "turn-index":27,
            "utterance":"なんだよ。気になるじゃん。"
        },
        {
            "speaker":"S",
            "time":"17.10.2020 14:31:59",
            "turn-index":28,
            "utterance":"いやちょっと思いついたことがあったんですが，無理でしたわ．本当に誰もやれる人いないんですか？"
        },
        {
            "speaker":"U",
            "time":"17.10.2020 14:32:17",
            "turn-index":29,
            "utterance":"君が適任だと思うんだよね。"
        },
        {
            "speaker":"S",
            "time":"17.10.2020 14:32:18",
            "turn-index":30,
            "utterance":"いやあ困っちゃったなあ"
        }
    ]
}