{
    "dialogue-id":"KOM_39",
    "group-id":"",
    "speaker-id":"KomuRobot",
    "turns":[
        {
            "speaker":"S",
            "time":"17.10.2020 17:25:53",
            "turn-index":0,
            "utterance":"なんですか？"
        },
        {
            "speaker":"U",
            "time":"17.10.2020 17:26:31",
            "turn-index":1,
            "utterance":"同窓会の幹事を君にお願いしたいんだ"
        },
        {
            "speaker":"S",
            "time":"17.10.2020 17:26:32",
            "turn-index":2,
            "utterance":"あー"
        },
        {
            "speaker":"U",
            "time":"17.10.2020 17:26:45",
            "turn-index":3,
            "utterance":"あまり気乗りしない？"
        },
        {
            "speaker":"S",
            "time":"17.10.2020 17:26:46",
            "turn-index":4,
            "utterance":"いやー厳しいですね…"
        },
        {
            "speaker":"U",
            "time":"17.10.2020 17:27:04",
            "turn-index":5,
            "utterance":"君が適任だと思うんだけど"
        },
        {
            "speaker":"S",
            "time":"17.10.2020 17:27:05",
            "turn-index":6,
            "utterance":"いつ頃やる感じですか？"
        },
        {
            "speaker":"U",
            "time":"17.10.2020 17:27:23",
            "turn-index":7,
            "utterance":"春休み中かな"
        },
        {
            "speaker":"S",
            "time":"17.10.2020 17:27:24",
            "turn-index":8,
            "utterance":"うーん"
        },
        {
            "speaker":"U",
            "time":"17.10.2020 17:27:37",
            "turn-index":9,
            "utterance":"お願いできないだろうか。。。"
        },
        {
            "speaker":"S",
            "time":"17.10.2020 17:27:37",
            "turn-index":10,
            "utterance":"いやー最近結構忙しいんですよね…"
        },
        {
            "speaker":"U",
            "time":"17.10.2020 17:28:02",
            "turn-index":11,
            "utterance":"そうだよね、、、でもそこを何とか。。。"
        },
        {
            "speaker":"S",
            "time":"17.10.2020 17:28:02",
            "turn-index":12,
            "utterance":"まあまあそこはいいじゃないすか笑．ていうか，どこでやるんですか？"
        },
        {
            "speaker":"U",
            "time":"17.10.2020 17:28:25",
            "turn-index":13,
            "utterance":"いくつか候補はあるけどまだ決まってないよ。"
        },
        {
            "speaker":"S",
            "time":"17.10.2020 17:28:26",
            "turn-index":14,
            "utterance":"うーん…"
        },
        {
            "speaker":"U",
            "time":"17.10.2020 17:28:36",
            "turn-index":15,
            "utterance":"お願いします。"
        },
        {
            "speaker":"S",
            "time":"17.10.2020 17:28:37",
            "turn-index":16,
            "utterance":"いやー，なんとか他の人にお願いできればありがたいっす…"
        },
        {
            "speaker":"U",
            "time":"17.10.2020 17:28:53",
            "turn-index":17,
            "utterance":"他の人も厳しそうで。。。"
        },
        {
            "speaker":"S",
            "time":"17.10.2020 17:28:54",
            "turn-index":18,
            "utterance":"最近ほんと忙しいんですよ…"
        },
        {
            "speaker":"U",
            "time":"17.10.2020 17:29:43",
            "turn-index":19,
            "utterance":"君だけでなく誰かに手伝ってもらえばできないかな"
        },
        {
            "speaker":"S",
            "time":"17.10.2020 17:29:44",
            "turn-index":20,
            "utterance":"規模はどんな感じを想定してます？"
        },
        {
            "speaker":"U",
            "time":"17.10.2020 17:29:54",
            "turn-index":21,
            "utterance":"50にんくらいかな"
        },
        {
            "speaker":"S",
            "time":"17.10.2020 17:29:56",
            "turn-index":22,
            "utterance":"いやあ，でもやっぱり厳しいなあ…"
        },
        {
            "speaker":"U",
            "time":"17.10.2020 17:30:12",
            "turn-index":23,
            "utterance":"どうしても無理？"
        },
        {
            "speaker":"S",
            "time":"17.10.2020 17:30:13",
            "turn-index":24,
            "utterance":"あ！わかった！それじゃあこうしましょうよ"
        },
        {
            "speaker":"U",
            "time":"17.10.2020 17:30:20",
            "turn-index":25,
            "utterance":"何？"
        },
        {
            "speaker":"S",
            "time":"17.10.2020 17:30:22",
            "turn-index":26,
            "utterance":"あ，いやなんでもないっす．忘れてください笑"
        },
        {
            "speaker":"U",
            "time":"17.10.2020 17:30:36",
            "turn-index":27,
            "utterance":"え、、、うん。"
        },
        {
            "speaker":"S",
            "time":"17.10.2020 17:30:36",
            "turn-index":28,
            "utterance":"いやちょっと思いついたことがあったんですが，無理でしたわ．本当に誰もやれる人いないんですか？"
        },
        {
            "speaker":"U",
            "time":"17.10.2020 17:30:58",
            "turn-index":29,
            "utterance":"いないんだよ。。"
        },
        {
            "speaker":"S",
            "time":"17.10.2020 17:30:59",
            "turn-index":30,
            "utterance":"いやあ困っちゃったなあ"
        }
    ]
}