{
    "dialogue-id":"HBY_45",
    "group-id":"",
    "speaker-id":"hobbyist",
    "turns":[
        {
            "speaker":"S",
            "time":"17.10.2020 22:18:32",
            "turn-index":0,
            "utterance":"こんにちは。よろしくお願いします。早速ですけど、何か趣味ってありますか？"
        },
        {
            "speaker":"U",
            "time":"17.10.2020 22:19:09",
            "turn-index":1,
            "utterance":"趣味は海外旅行です。去年はデンマークに行きました。"
        },
        {
            "speaker":"S",
            "time":"17.10.2020 22:19:12",
            "turn-index":2,
            "utterance":"デンマークですか!デンマークってどんなところですか?"
        },
        {
            "speaker":"U",
            "time":"17.10.2020 22:20:04",
            "turn-index":3,
            "utterance":"日本からは遠いですが、海辺の町並みが綺麗でしたよ。"
        },
        {
            "speaker":"S",
            "time":"17.10.2020 22:20:08",
            "turn-index":4,
            "utterance":"そうなんですね!海外旅行はどちらへ行かれましたか?"
        },
        {
            "speaker":"U",
            "time":"17.10.2020 22:21:00",
            "turn-index":5,
            "utterance":"いままではイタリア、中国、台湾、アメリカ、オーストラリアに行ったことがあります。"
        },
        {
            "speaker":"S",
            "time":"17.10.2020 22:21:05",
            "turn-index":6,
            "utterance":"いいですね!アメリカとオーストラリアはどちらの方が良かったですか?"
        },
        {
            "speaker":"U",
            "time":"17.10.2020 22:21:22",
            "turn-index":7,
            "utterance":"海が好きなのでオーストラリアが良かったですね。"
        },
        {
            "speaker":"S",
            "time":"17.10.2020 22:21:27",
            "turn-index":8,
            "utterance":"私も海が好きなのでオーストラリア行ってみたいです!シドニーやカンボジアには行かれたことあるんですか?"
        },
        {
            "speaker":"U",
            "time":"17.10.2020 22:21:48",
            "turn-index":9,
            "utterance":"シドニーはありますがカンボジアはありません。"
        },
        {
            "speaker":"S",
            "time":"17.10.2020 22:21:53",
            "turn-index":10,
            "utterance":"シドニーとカンボジアはやっぱり違いますか?"
        },
        {
            "speaker":"U",
            "time":"17.10.2020 22:22:34",
            "turn-index":11,
            "utterance":"かなり違うと思います。話を戻しますが、イタリアも良いところでした。"
        },
        {
            "speaker":"S",
            "time":"17.10.2020 22:22:38",
            "turn-index":12,
            "utterance":"そうなんですね!私はシドニーとカンボジアしか行ったことがなくて、他も行ってみたいです!"
        },
        {
            "speaker":"U",
            "time":"17.10.2020 22:23:10",
            "turn-index":13,
            "utterance":"イタリアはご飯が美味しくて建築物も魅力的でおすすめです。"
        },
        {
            "speaker":"S",
            "time":"17.10.2020 22:23:14",
            "turn-index":14,
            "utterance":"ご飯が美味しいのは魅力的ですね! 建築物も興味あります! どんな建築物が好きですか?"
        },
        {
            "speaker":"U",
            "time":"17.10.2020 22:23:57",
            "turn-index":15,
            "utterance":"イタリアの教会建築は最高でした。そういえばイタリアのお土産のハーブが入った塩も良かったですよ。"
        },
        {
            "speaker":"S",
            "time":"17.10.2020 22:24:02",
            "turn-index":16,
            "utterance":"教会建築いいですね!ぜひ行ってみたいです! ハーブ入りの塩も気になります!"
        },
        {
            "speaker":"U",
            "time":"17.10.2020 22:24:19",
            "turn-index":17,
            "utterance":"イタリアの塩はとても美味しいのです。"
        },
        {
            "speaker":"S",
            "time":"17.10.2020 22:24:23",
            "turn-index":18,
            "utterance":"イタリアの塩って食べたことないです! どんな味なんですか?"
        },
        {
            "speaker":"U",
            "time":"17.10.2020 22:25:15",
            "turn-index":19,
            "utterance":"地中海の海水から作られる塩で、甘みとコクがあります。"
        },
        {
            "speaker":"S",
            "time":"17.10.2020 22:25:18",
            "turn-index":20,
            "utterance":"地中海の海水から作られた塩なんですね!"
        },
        {
            "speaker":"U",
            "time":"17.10.2020 22:26:03",
            "turn-index":21,
            "utterance":"イタリア産の塩はイタリアの航空会社の機内食にも使われる程です"
        },
        {
            "speaker":"S",
            "time":"17.10.2020 22:26:06",
            "turn-index":22,
            "utterance":"機内食に使われてるんですね! 知らなかったです!"
        },
        {
            "speaker":"U",
            "time":"17.10.2020 22:26:23",
            "turn-index":23,
            "utterance":"イタリア人は美味しい者が大好きですからね。"
        },
        {
            "speaker":"S",
            "time":"17.10.2020 22:26:27",
            "turn-index":24,
            "utterance":"そうなんですね! 食べたことないので、今度食べてみます!"
        },
        {
            "speaker":"U",
            "time":"17.10.2020 22:26:51",
            "turn-index":25,
            "utterance":"ぜひ試してみてください。旅行先にイタリアは本当におすすめです。"
        },
        {
            "speaker":"S",
            "time":"17.10.2020 22:26:55",
            "turn-index":26,
            "utterance":"わかりました! 行ってみます! 旅行はどちらに行かれることが多いですか?"
        },
        {
            "speaker":"U",
            "time":"17.10.2020 22:27:10",
            "turn-index":27,
            "utterance":"欧州とアジアが多いですね。"
        },
        {
            "speaker":"S",
            "time":"17.10.2020 22:27:13",
            "turn-index":28,
            "utterance":"アジアもいいですね! アジアだとどこがおすすめとかありますか?あ、すみません。そろそろ時間ですね。今日はありがとうございました。"
        },
        {
            "speaker":"U",
            "time":"17.10.2020 22:27:28",
            "turn-index":29,
            "utterance":"こちらこそ。"
        },
        {
            "speaker":"S",
            "time":"17.10.2020 22:27:31",
            "turn-index":30,
            "utterance":"こちらこそありがとうございました! おやすみなさい。。。"
        }
    ]
}