{
    "dialogue-id":"HBY_21",
    "group-id":"",
    "speaker-id":"hobbyist",
    "turns":[
        {
            "speaker":"S",
            "time":"17.10.2020 20:37:45",
            "turn-index":0,
            "utterance":"こんにちは。よろしくお願いします。早速ですけど、何か趣味ってありますか？"
        },
        {
            "speaker":"U",
            "time":"17.10.2020 20:38:10",
            "turn-index":1,
            "utterance":"よろしくお願いします。旅行に行くのが好きですよ。"
        },
        {
            "speaker":"S",
            "time":"17.10.2020 20:38:14",
            "turn-index":2,
            "utterance":"私も旅行好きです。最近はどちらに行かれましたか?"
        },
        {
            "speaker":"U",
            "time":"17.10.2020 20:38:43",
            "turn-index":3,
            "utterance":"最近は国内ばかりです。沖縄とか。でもギリシャとか行ってみたいです。"
        },
        {
            "speaker":"S",
            "time":"17.10.2020 20:38:47",
            "turn-index":4,
            "utterance":"沖縄いいですね!沖縄のどのあたり行かれましたか?"
        },
        {
            "speaker":"U",
            "time":"17.10.2020 20:39:10",
            "turn-index":5,
            "utterance":"沖縄は那覇市内です。ギリシャは行かれたことありますか？"
        },
        {
            "speaker":"S",
            "time":"17.10.2020 20:39:14",
            "turn-index":6,
            "utterance":"ギリシャはないですね。美ら海水族館に一度行ったきりです。"
        },
        {
            "speaker":"U",
            "time":"17.10.2020 20:40:22",
            "turn-index":7,
            "utterance":"そうなんですね。ギリシャの景色とか料理を食べてみたいです。海外は行かないんですか？"
        },
        {
            "speaker":"S",
            "time":"17.10.2020 20:40:27",
            "turn-index":8,
            "utterance":"ギリシャ料理、私も食べてみたいです。海外は台湾とシンガポールに1回ずつ行きました。"
        },
        {
            "speaker":"U",
            "time":"17.10.2020 20:42:52",
            "turn-index":9,
            "utterance":"そうなんですか。台湾とシンガポールも私は行ったことないですうらやましい。"
        },
        {
            "speaker":"S",
            "time":"17.10.2020 20:42:57",
            "turn-index":10,
            "utterance":"でも、本場のイタリアンが食べたいです。 台湾は小籠包がおいしかったです。"
        },
        {
            "speaker":"U",
            "time":"17.10.2020 20:43:28",
            "turn-index":11,
            "utterance":"いいですね。私はあとはデンマークとかも興味があります。行かれたことありますか？"
        },
        {
            "speaker":"S",
            "time":"17.10.2020 20:43:36",
            "turn-index":12,
            "utterance":"デンマークは行ったことないです。どんなところですか?"
        },
        {
            "speaker":"U",
            "time":"17.10.2020 20:44:28",
            "turn-index":13,
            "utterance":"なんかおとぎ話のイメージが強いですね。景色もきれいみたいなので見てみたいです。"
        },
        {
            "speaker":"S",
            "time":"17.10.2020 20:44:38",
            "turn-index":14,
            "utterance":"デンマークは小籠包が有名です。"
        },
        {
            "speaker":"U",
            "time":"17.10.2020 20:45:06",
            "turn-index":15,
            "utterance":"え、そうなんですか？それは初耳です。コペンハーゲンとか有名ですよね。"
        },
        {
            "speaker":"S",
            "time":"17.10.2020 20:45:10",
            "turn-index":16,
            "utterance":"コペンハーゲン有名ですね。1度行きました。"
        },
        {
            "speaker":"U",
            "time":"17.10.2020 20:45:35",
            "turn-index":17,
            "utterance":"行ったことあるんですか？どうでした？"
        },
        {
            "speaker":"S",
            "time":"17.10.2020 20:45:44",
            "turn-index":18,
            "utterance":"あまり期待はしていなかったんですけど、おいしかったです。肉汁がすごかったです。"
        },
        {
            "speaker":"U",
            "time":"17.10.2020 20:46:05",
            "turn-index":19,
            "utterance":"何を食べたんですか？デンマーク料理でしょうか？"
        },
        {
            "speaker":"S",
            "time":"17.10.2020 20:46:11",
            "turn-index":20,
            "utterance":"カレーやナンがおいしかったです。デンマーク料理です。"
        },
        {
            "speaker":"U",
            "time":"17.10.2020 20:46:49",
            "turn-index":21,
            "utterance":"カレーやナンってデンマーク料理じゃないと思いますよ。それともデンマークでも有名なお店があるとか？"
        },
        {
            "speaker":"S",
            "time":"17.10.2020 20:46:53",
            "turn-index":22,
            "utterance":"デンマーク料理で、鶏肉と野菜のナンです。デンマークで有名な店なんてあるんですか?"
        },
        {
            "speaker":"U",
            "time":"17.10.2020 20:47:30",
            "turn-index":23,
            "utterance":"私もデンマーク料理はまだあまり知らないです。お城とかがあるみたいなので見てみたいなと思ってました。"
        },
        {
            "speaker":"S",
            "time":"17.10.2020 20:47:38",
            "turn-index":24,
            "utterance":"城があるんですか? それは知らなかったです。ちょっと興味がわいてきました。"
        },
        {
            "speaker":"U",
            "time":"17.10.2020 20:48:49",
            "turn-index":25,
            "utterance":"はい、ハムレットの舞台になったお城とかがあるみたいでせすよ。"
        },
        {
            "speaker":"S",
            "time":"17.10.2020 20:48:53",
            "turn-index":26,
            "utterance":"ハムレットの舞台になったお城、なんだかすごく興味わいてきました。ハムレットで出てきたお城ですか?"
        },
        {
            "speaker":"U",
            "time":"17.10.2020 20:49:32",
            "turn-index":27,
            "utterance":"詳しくは知らないんです。すみません。舞台になったということしか。でもきれいなお城がいくつかあるみたいです。"
        },
        {
            "speaker":"S",
            "time":"17.10.2020 20:49:36",
            "turn-index":28,
            "utterance":"いえいえ、なんだかお城に興味がわいてきました。あ、すみません。そろそろ時間ですね。今日はありがとうございました。"
        },
        {
            "speaker":"U",
            "time":"17.10.2020 20:49:44",
            "turn-index":29,
            "utterance":"こちらこありがとうございました。"
        },
        {
            "speaker":"S",
            "time":"17.10.2020 20:49:47",
            "turn-index":30,
            "utterance":"こちらこそありがとうございました。 楽しかったです。おやすみなさい。"
        }
    ]
}