{
    "dialogue-id":"HBY_38",
    "group-id":"",
    "speaker-id":"hobbyist",
    "turns":[
        {
            "speaker":"S",
            "time":"17.10.2020 22:23:52",
            "turn-index":0,
            "utterance":"こんにちは。よろしくお願いします。早速ですけど、何か趣味ってありますか？"
        },
        {
            "speaker":"U",
            "time":"17.10.2020 22:24:54",
            "turn-index":1,
            "utterance":"山歩きかなー山の日にも山行ったし"
        },
        {
            "speaker":"S",
            "time":"17.10.2020 22:24:58",
            "turn-index":2,
            "utterance":"山歩きですか。いいですね。どんな山に行かれたんですか?"
        },
        {
            "speaker":"U",
            "time":"17.10.2020 22:26:33",
            "turn-index":3,
            "utterance":"地元の山だよ。そっちは山の日今年は何したの？"
        },
        {
            "speaker":"S",
            "time":"17.10.2020 22:26:37",
            "turn-index":4,
            "utterance":"いいですね。私の趣味は読書とウォーキングです。"
        },
        {
            "speaker":"U",
            "time":"17.10.2020 22:27:01",
            "turn-index":5,
            "utterance":"山の日にもやっぱり読書かウォーキングを？"
        },
        {
            "speaker":"S",
            "time":"17.10.2020 22:27:06",
            "turn-index":6,
            "utterance":"読書はミステリー小説が好きで、主に東野圭吾です。 ウォーキングは山の近くまで電車で行って、山頂から歩くのが好きです。"
        },
        {
            "speaker":"U",
            "time":"17.10.2020 22:27:33",
            "turn-index":7,
            "utterance":"いいねー山の日に関する本とか何か知らない？"
        },
        {
            "speaker":"S",
            "time":"17.10.2020 22:27:38",
            "turn-index":8,
            "utterance":"最近はミステリー小説は読まないのですが、去年は東野圭吾の容疑者xの献身という本にハマってました。"
        },
        {
            "speaker":"U",
            "time":"17.10.2020 22:28:03",
            "turn-index":9,
            "utterance":"それは山の日と関係が？"
        },
        {
            "speaker":"S",
            "time":"17.10.2020 22:28:07",
            "turn-index":10,
            "utterance":"「本」でお探しですか? 「東野圭吾」の「容疑者xの献身」ですか?"
        },
        {
            "speaker":"U",
            "time":"17.10.2020 22:28:40",
            "turn-index":11,
            "utterance":"違うけど…まあいいや、山行った時に動物見かけることってあるよね"
        },
        {
            "speaker":"S",
            "time":"17.10.2020 22:28:45",
            "turn-index":12,
            "utterance":"そうなんですね。 容疑者xの献身はミステリー小説です。"
        },
        {
            "speaker":"U",
            "time":"17.10.2020 22:30:04",
            "turn-index":13,
            "utterance":"自分はこないだリスをたくさん見かけてさ"
        },
        {
            "speaker":"S",
            "time":"17.10.2020 22:30:09",
            "turn-index":14,
            "utterance":"「天空の城ラピュタ」も映画化されてますね。"
        },
        {
            "speaker":"U",
            "time":"17.10.2020 22:30:42",
            "turn-index":15,
            "utterance":"そういえばラピュタにもリスような動物出てきたよね、ロボットと仲良しの。あんな感じ"
        },
        {
            "speaker":"S",
            "time":"17.10.2020 22:30:46",
            "turn-index":16,
            "utterance":"「天空の城ラピュタ」の続編は「ルパン三世」でした。"
        },
        {
            "speaker":"U",
            "time":"17.10.2020 22:31:09",
            "turn-index":17,
            "utterance":"ルパンで動物はあまり馴染みないかな…好きな動物とかいるの"
        },
        {
            "speaker":"S",
            "time":"17.10.2020 22:31:15",
            "turn-index":18,
            "utterance":"一番好きなのは「トトロ」です。 ジブリ作品は「もののけ姫」が好きです。"
        },
        {
            "speaker":"U",
            "time":"17.10.2020 22:31:58",
            "turn-index":19,
            "utterance":"トトロは動物か微妙だけど、まあ動物っぽいよねー。もののけ姫も動物いぱい出てくるしね"
        },
        {
            "speaker":"S",
            "time":"17.10.2020 22:32:02",
            "turn-index":20,
            "utterance":"「千と千尋の神隠し」は見ましたか?"
        },
        {
            "speaker":"U",
            "time":"17.10.2020 22:32:20",
            "turn-index":21,
            "utterance":"何か動物は出てくるの？"
        },
        {
            "speaker":"S",
            "time":"17.10.2020 22:32:26",
            "turn-index":22,
            "utterance":"出てきますよ。千と千尋の神隠しに出てくる「アシタカ」が大好きなんです。"
        },
        {
            "speaker":"U",
            "time":"17.10.2020 22:32:57",
            "turn-index":23,
            "utterance":"アシタカってもののけ姫のなんかシカっぽい動物に乗ってる人じゃなかったっけ？"
        },
        {
            "speaker":"S",
            "time":"17.10.2020 22:33:04",
            "turn-index":24,
            "utterance":"それです!そのアシタカです!"
        },
        {
            "speaker":"U",
            "time":"17.10.2020 22:33:33",
            "turn-index":25,
            "utterance":"でもそれじゃ千と千尋の神隠しに出てくる動物って何なの？"
        },
        {
            "speaker":"S",
            "time":"17.10.2020 22:33:38",
            "turn-index":26,
            "utterance":"アシタカは千と千尋の神隠しの登場人物です。"
        },
        {
            "speaker":"U",
            "time":"17.10.2020 22:34:06",
            "turn-index":27,
            "utterance":"さっき違うって言ったじゃない。動物は出てこないの？"
        },
        {
            "speaker":"S",
            "time":"17.10.2020 22:34:12",
            "turn-index":28,
            "utterance":"え? さっきのなんでしたっけ? ジブリで1番好きなのはハウルの動く城です。あ、すみません。そろそろ時間ですね。今日はありがとうございました。"
        },
        {
            "speaker":"U",
            "time":"17.10.2020 22:35:21",
            "turn-index":29,
            "utterance":"動物にはあんまり注目してないんだね…まあこちらこそありがとう"
        },
        {
            "speaker":"S",
            "time":"17.10.2020 22:35:26",
            "turn-index":30,
            "utterance":"そうですね。またお話しましょう。お疲れさまでした。"
        }
    ]
}