{
    "dialogue-id":"HBY_50",
    "group-id":"",
    "speaker-id":"hobbyist",
    "turns":[
        {
            "speaker":"S",
            "time":"18.10.2020 06:52:24",
            "turn-index":0,
            "utterance":"こんにちは。よろしくお願いします。早速ですけど、何か趣味ってありますか？"
        },
        {
            "speaker":"U",
            "time":"18.10.2020 06:54:29",
            "turn-index":1,
            "utterance":"映画が好きで、ジュラシック・パークが大好きです"
        },
        {
            "speaker":"S",
            "time":"18.10.2020 06:54:32",
            "turn-index":2,
            "utterance":"ジュラシックパーク面白いですよね!私も好きです。"
        },
        {
            "speaker":"U",
            "time":"18.10.2020 06:54:54",
            "turn-index":3,
            "utterance":"恐竜ってかっこいいですよね"
        },
        {
            "speaker":"S",
            "time":"18.10.2020 06:54:58",
            "turn-index":4,
            "utterance":"かっこいいですね!ジュラシックパークはどのシリーズが好きですか?"
        },
        {
            "speaker":"U",
            "time":"18.10.2020 06:55:37",
            "turn-index":5,
            "utterance":"最近はジュラシック・ワールドが気に入っています"
        },
        {
            "speaker":"S",
            "time":"18.10.2020 06:55:41",
            "turn-index":6,
            "utterance":"私もジュラシックワールド好きです! 今まで見た中で一番面白かったです。"
        },
        {
            "speaker":"U",
            "time":"18.10.2020 06:55:58",
            "turn-index":7,
            "utterance":"最後のティラノサウルスが出てくるシーンが大好きです"
        },
        {
            "speaker":"S",
            "time":"18.10.2020 06:56:02",
            "turn-index":8,
            "utterance":"めっちゃわかります!ティラノサウルスかっこいいですよね!"
        },
        {
            "speaker":"U",
            "time":"18.10.2020 06:56:25",
            "turn-index":9,
            "utterance":"やっぱり恐竜と言えばティラノサウルスですね"
        },
        {
            "speaker":"S",
            "time":"18.10.2020 06:56:28",
            "turn-index":10,
            "utterance":"ですね! また、ジュラシックワールド見たくなりました。"
        },
        {
            "speaker":"U",
            "time":"18.10.2020 06:56:52",
            "turn-index":11,
            "utterance":"恐竜は好きですか"
        },
        {
            "speaker":"S",
            "time":"18.10.2020 06:56:55",
            "turn-index":12,
            "utterance":"はい!ダイオウグソクムシも好きですね!"
        },
        {
            "speaker":"U",
            "time":"18.10.2020 06:57:05",
            "turn-index":13,
            "utterance":"ダイオウグソクムシってかわいいですよね"
        },
        {
            "speaker":"S",
            "time":"18.10.2020 06:57:09",
            "turn-index":14,
            "utterance":"はい!あと、タツノオトシゴもかわいいです!"
        },
        {
            "speaker":"U",
            "time":"18.10.2020 06:57:31",
            "turn-index":15,
            "utterance":"タツノオトシゴも可愛いですね"
        },
        {
            "speaker":"S",
            "time":"18.10.2020 06:57:35",
            "turn-index":16,
            "utterance":"あのしなやかな感じがかわいいです!カブトムシとかクワガタもかわいいですよね!"
        },
        {
            "speaker":"U",
            "time":"18.10.2020 06:58:06",
            "turn-index":17,
            "utterance":"はい！特にノコギリクワガタが好きです。"
        },
        {
            "speaker":"S",
            "time":"18.10.2020 06:58:10",
            "turn-index":18,
            "utterance":"ノコギリクワガタはかっこいいですよね!"
        },
        {
            "speaker":"U",
            "time":"18.10.2020 06:58:42",
            "turn-index":19,
            "utterance":"このあたりにはノコギリクワガタがたくさんいるんですよ"
        },
        {
            "speaker":"S",
            "time":"18.10.2020 06:58:45",
            "turn-index":20,
            "utterance":"そうなんですね! どこにでもいそうですね"
        },
        {
            "speaker":"U",
            "time":"18.10.2020 06:59:08",
            "turn-index":21,
            "utterance":"たしかに日本全国にいるみたいですね"
        },
        {
            "speaker":"S",
            "time":"18.10.2020 06:59:11",
            "turn-index":22,
            "utterance":"そうなんですね! ノコギリクワガタのどこに惹かれますか?"
        },
        {
            "speaker":"U",
            "time":"18.10.2020 06:59:35",
            "turn-index":23,
            "utterance":"平べったい体と大アゴの形が好きです。"
        },
        {
            "speaker":"S",
            "time":"18.10.2020 06:59:38",
            "turn-index":24,
            "utterance":"アゴの形ですか! マニアックですね"
        },
        {
            "speaker":"U",
            "time":"18.10.2020 06:59:52",
            "turn-index":25,
            "utterance":"やっぱりクワガタと言えば大アゴですね"
        },
        {
            "speaker":"S",
            "time":"18.10.2020 06:59:56",
            "turn-index":26,
            "utterance":"平べったい体ですか! 確かに見ててかわいいですね"
        },
        {
            "speaker":"U",
            "time":"18.10.2020 07:00:19",
            "turn-index":27,
            "utterance":"何のクワガタが好きですか"
        },
        {
            "speaker":"S",
            "time":"18.10.2020 07:00:23",
            "turn-index":28,
            "utterance":"ベタですけどオオクワガタですかね ヒョウモントカゲモドキも好きですねあ、すみません。そろそろ時間ですね。今日はありがとうございました。"
        },
        {
            "speaker":"U",
            "time":"18.10.2020 07:00:32",
            "turn-index":29,
            "utterance":"ありがとうございました"
        },
        {
            "speaker":"S",
            "time":"18.10.2020 07:00:35",
            "turn-index":30,
            "utterance":"こちらこそありがとうございました。 ではまた後ほど。"
        }
    ]
}