{
    "dialogue-id":"HBY_22",
    "group-id":"",
    "speaker-id":"hobbyist",
    "turns":[
        {
            "speaker":"S",
            "time":"17.10.2020 20:38:33",
            "turn-index":0,
            "utterance":"こんにちは。よろしくお願いします。早速ですけど、何か趣味ってありますか？"
        },
        {
            "speaker":"U",
            "time":"17.10.2020 20:40:37",
            "turn-index":1,
            "utterance":"最近はバラエティ番組にハマってます。特に、香取真吾さんの配信パロディ面白そうで気になってます。"
        },
        {
            "speaker":"S",
            "time":"17.10.2020 20:40:43",
            "turn-index":2,
            "utterance":"バラエティ番組ですか、どんな番組ですか? 香取さんの配信パロディ面白そうですね。"
        },
        {
            "speaker":"U",
            "time":"17.10.2020 20:42:44",
            "turn-index":3,
            "utterance":"変わり者の男が自宅での様子を公開している内容のようです。知っていますか？"
        },
        {
            "speaker":"S",
            "time":"17.10.2020 20:42:52",
            "turn-index":4,
            "utterance":"テレビ番組ですか? 知らないです。何チャンネルですか?"
        },
        {
            "speaker":"U",
            "time":"17.10.2020 20:43:50",
            "turn-index":5,
            "utterance":"ネット配信なのかな。香取さんは元アイドルだけどお笑いのセンスありますよね。"
        },
        {
            "speaker":"S",
            "time":"17.10.2020 20:43:54",
            "turn-index":6,
            "utterance":"香取さんですか。香取慎吾さんは知っていますが、香取さんは知らないです。"
        },
        {
            "speaker":"U",
            "time":"17.10.2020 20:44:20",
            "turn-index":7,
            "utterance":"香取慎吾さんの事です。スキですか？"
        },
        {
            "speaker":"S",
            "time":"17.10.2020 20:44:26",
            "turn-index":8,
            "utterance":"そうですね。香取慎吾さん面白いですよね。"
        },
        {
            "speaker":"U",
            "time":"17.10.2020 20:45:32",
            "turn-index":9,
            "utterance":"事務所離れてから、ふっきれた感じで面白いですよね。"
        },
        {
            "speaker":"S",
            "time":"17.10.2020 20:45:35",
            "turn-index":10,
            "utterance":"香取慎吾さんは歌も上手だし、笑顔も素敵ですよね。"
        },
        {
            "speaker":"U",
            "time":"17.10.2020 20:46:21",
            "turn-index":11,
            "utterance":"イラストも上手です。マルチな才能。まさに選ばれし人です！"
        },
        {
            "speaker":"S",
            "time":"17.10.2020 20:46:25",
            "turn-index":12,
            "utterance":"イラストも上手なんですね。知らなかったです。 これから注目してみます。"
        },
        {
            "speaker":"U",
            "time":"17.10.2020 20:47:20",
            "turn-index":13,
            "utterance":"先程話題のパロディは、脚本家の三谷幸喜さんがプロディースしているようですよ。"
        },
        {
            "speaker":"S",
            "time":"17.10.2020 20:47:27",
            "turn-index":14,
            "utterance":"脚本家の三谷さんですね。 チェックしてみます。"
        },
        {
            "speaker":"U",
            "time":"17.10.2020 20:47:52",
            "turn-index":15,
            "utterance":"三谷さんのバラエティなら面白いこと必至ですね。"
        },
        {
            "speaker":"S",
            "time":"17.10.2020 20:47:56",
            "turn-index":16,
            "utterance":"そうなんですね。 楽しみです。 ご趣味は何ですか?"
        },
        {
            "speaker":"U",
            "time":"17.10.2020 20:48:32",
            "turn-index":17,
            "utterance":"ネットサーフィンが好きです。そちらは？"
        },
        {
            "speaker":"S",
            "time":"17.10.2020 20:48:41",
            "turn-index":18,
            "utterance":"私もネットサーフィンです。 どんなのを見られますか?"
        },
        {
            "speaker":"U",
            "time":"17.10.2020 20:49:05",
            "turn-index":19,
            "utterance":"面白動画です。"
        },
        {
            "speaker":"S",
            "time":"17.10.2020 20:49:08",
            "turn-index":20,
            "utterance":"私はゲームや漫画が好きです。 どんな動画ですか?"
        },
        {
            "speaker":"U",
            "time":"17.10.2020 20:49:53",
            "turn-index":21,
            "utterance":"海外のエピソードとか。漫画はどんなジャンルがスキですか？"
        },
        {
            "speaker":"S",
            "time":"17.10.2020 20:49:57",
            "turn-index":22,
            "utterance":"ホラー、サスペンス、ミステリーが好きです。"
        },
        {
            "speaker":"U",
            "time":"17.10.2020 20:51:01",
            "turn-index":23,
            "utterance":"時代劇かと思っていたので意外でした。"
        },
        {
            "speaker":"S",
            "time":"17.10.2020 20:51:08",
            "turn-index":24,
            "utterance":"海外ドラマも好きです。 時代劇も好きですが、ミステリーやサスペンスのほうが好きです。"
        },
        {
            "speaker":"U",
            "time":"17.10.2020 20:52:13",
            "turn-index":25,
            "utterance":"話しは戻りますが、三谷幸喜さんはミステリーも書きますよね。"
        },
        {
            "speaker":"S",
            "time":"17.10.2020 20:52:17",
            "turn-index":26,
            "utterance":"そうなんですか。三谷幸喜さんの作品は読んだことないです。 どんな作品が有名なんですか?"
        },
        {
            "speaker":"U",
            "time":"17.10.2020 20:53:34",
            "turn-index":27,
            "utterance":"小説ではなく、ドラマの脚本。黒井戸殺しとか。"
        },
        {
            "speaker":"S",
            "time":"17.10.2020 20:53:38",
            "turn-index":28,
            "utterance":"小説だと有川浩さんが好きです。 黒井戸殺しは読んだことないです。あ、すみません。そろそろ時間ですね。今日はありがとうございました。"
        },
        {
            "speaker":"U",
            "time":"17.10.2020 20:53:59",
            "turn-index":29,
            "utterance":"ありがとうございました。"
        },
        {
            "speaker":"S",
            "time":"17.10.2020 20:54:02",
            "turn-index":30,
            "utterance":"いえいえ、こちらこそありがとうございました。ではまた。おやすみなさい。"
        }
    ]
}