{
    "dialogue-id":"HBY_23",
    "group-id":"",
    "speaker-id":"hobbyist",
    "turns":[
        {
            "speaker":"S",
            "time":"18.10.2020 12:59:58",
            "turn-index":0,
            "utterance":"こんにちは。よろしくお願いします。早速ですけど、何か趣味ってありますか？"
        },
        {
            "speaker":"U",
            "time":"18.10.2020 13:00:45",
            "turn-index":1,
            "utterance":"こんにちは。よろしくお願いします。インターネットが趣味です。"
        },
        {
            "speaker":"S",
            "time":"18.10.2020 13:00:56",
            "turn-index":2,
            "utterance":"そうなんですね。どういったジャンルのインターネットがお好きですか?"
        },
        {
            "speaker":"U",
            "time":"18.10.2020 13:01:35",
            "turn-index":3,
            "utterance":"インターネットを利用した動画視聴や検索が好きです。"
        },
        {
            "speaker":"S",
            "time":"18.10.2020 13:01:38",
            "turn-index":4,
            "utterance":"そうなんですね。僕は映画やドラマを観るのが好きです。"
        },
        {
            "speaker":"U",
            "time":"18.10.2020 13:02:07",
            "turn-index":5,
            "utterance":"私もインターネットを利用して映画やドラマを観ます。"
        },
        {
            "speaker":"S",
            "time":"18.10.2020 13:02:10",
            "turn-index":6,
            "utterance":"おお、一緒ですね。どんなジャンルの動画を見るんですか?"
        },
        {
            "speaker":"U",
            "time":"18.10.2020 13:02:57",
            "turn-index":7,
            "utterance":"主にyoutubeを利用して見れるコンテンツですが、歴史映画なども好きです。"
        },
        {
            "speaker":"S",
            "time":"18.10.2020 13:03:01",
            "turn-index":8,
            "utterance":"歴史映画ですか。あまり詳しくないですが、面白そうですね。"
        },
        {
            "speaker":"U",
            "time":"18.10.2020 13:03:27",
            "turn-index":9,
            "utterance":"特に中国史が好きで、中でも三国志が一番のお気に入りです。"
        },
        {
            "speaker":"S",
            "time":"18.10.2020 13:03:32",
            "turn-index":10,
            "utterance":"三国志ですか。なかなか渋いですね。"
        },
        {
            "speaker":"U",
            "time":"18.10.2020 13:04:07",
            "turn-index":11,
            "utterance":"好きになって30年ほどになりますが、とにかく奥が深いです。"
        },
        {
            "speaker":"S",
            "time":"18.10.2020 13:04:12",
            "turn-index":12,
            "utterance":"中国史は面白いですよね。僕も好きです。三国志も映画化されてるんですね。知らなかったです。"
        },
        {
            "speaker":"U",
            "time":"18.10.2020 13:05:22",
            "turn-index":13,
            "utterance":"中国で作成された全90話を超える超大作ドラマがお勧めです。"
        },
        {
            "speaker":"S",
            "time":"18.10.2020 13:05:26",
            "turn-index":14,
            "utterance":"へえ、それは面白そうですね。今度見てみます。"
        },
        {
            "speaker":"U",
            "time":"18.10.2020 13:05:42",
            "turn-index":15,
            "utterance":"ところで伊達政宗はご存じですか？"
        },
        {
            "speaker":"S",
            "time":"18.10.2020 13:05:46",
            "turn-index":16,
            "utterance":"存じ上げないです。伊達政宗は実在する人物なんですか?"
        },
        {
            "speaker":"U",
            "time":"18.10.2020 13:06:21",
            "turn-index":17,
            "utterance":"はい。日本の戦国時代の武将です。"
        },
        {
            "speaker":"S",
            "time":"18.10.2020 13:06:25",
            "turn-index":18,
            "utterance":"戦国時代なんですね。伊達政宗って名前だけ聞いたことあります。"
        },
        {
            "speaker":"U",
            "time":"18.10.2020 13:06:57",
            "turn-index":19,
            "utterance":"東北出身者。特に宮城県出身の人にはとてもなじみのある歴史上の人物です。"
        },
        {
            "speaker":"S",
            "time":"18.10.2020 13:07:02",
            "turn-index":20,
            "utterance":"宮城出身なんですか?! それは親近感わきますね!"
        },
        {
            "speaker":"U",
            "time":"18.10.2020 13:07:36",
            "turn-index":21,
            "utterance":"そうです。宮城出身ですので伊達政宗にとても興味があります。"
        },
        {
            "speaker":"S",
            "time":"18.10.2020 13:07:40",
            "turn-index":22,
            "utterance":"伊達政宗って戦国時代でしたっけ?"
        },
        {
            "speaker":"U",
            "time":"18.10.2020 13:07:48",
            "turn-index":23,
            "utterance":"そうですよ。"
        },
        {
            "speaker":"S",
            "time":"18.10.2020 13:07:54",
            "turn-index":24,
            "utterance":"そうです! 伊達政宗の祖父が宮城出身なんです!"
        },
        {
            "speaker":"U",
            "time":"18.10.2020 13:08:19",
            "turn-index":25,
            "utterance":"そうでしたか。それは知りませんでした。"
        },
        {
            "speaker":"S",
            "time":"18.10.2020 13:08:25",
            "turn-index":26,
            "utterance":"伊達政宗が宮城出身なのは私も初めて知りました!"
        },
        {
            "speaker":"U",
            "time":"18.10.2020 13:08:54",
            "turn-index":27,
            "utterance":"仙台藩の城主で、今でも仙台には銅像がありますよ。"
        },
        {
            "speaker":"S",
            "time":"18.10.2020 13:08:58",
            "turn-index":28,
            "utterance":"そうなんですね! 初耳です! 仙台のどのあたりですか?あ、すみません。そろそろ時間ですね。今日はありがとうございました。"
        },
        {
            "speaker":"U",
            "time":"18.10.2020 13:09:19",
            "turn-index":29,
            "utterance":"こちらこそ、ありがとうございました。"
        },
        {
            "speaker":"S",
            "time":"18.10.2020 13:09:23",
            "turn-index":30,
            "utterance":"あ、そうですね。 ではまた。。。"
        }
    ]
}