{
    "dialogue-id":"HBY_14",
    "group-id":"",
    "speaker-id":"hobbyist",
    "turns":[
        {
            "speaker":"S",
            "time":"17.10.2020 18:37:57",
            "turn-index":0,
            "utterance":"こんにちは。よろしくお願いします。早速ですけど、何か趣味ってありますか？"
        },
        {
            "speaker":"U",
            "time":"17.10.2020 18:39:06",
            "turn-index":1,
            "utterance":"こんにちは。最近の趣味はインターネットですかねえ"
        },
        {
            "speaker":"S",
            "time":"17.10.2020 18:39:10",
            "turn-index":2,
            "utterance":"インターネットですか。どういったものをお調べになるんですか?"
        },
        {
            "speaker":"U",
            "time":"17.10.2020 18:40:03",
            "turn-index":3,
            "utterance":"ここ数日は、いい暖房器具がないかとネットで検索していました。"
        },
        {
            "speaker":"S",
            "time":"17.10.2020 18:40:07",
            "turn-index":4,
            "utterance":"最近はスマホのゲームですか?それとも据え置き型ゲーム機ですか?"
        },
        {
            "speaker":"U",
            "time":"17.10.2020 18:40:23",
            "turn-index":5,
            "utterance":"ゲームなら最近はもっぱらスマホゲームばかりですね。"
        },
        {
            "speaker":"S",
            "time":"17.10.2020 18:40:27",
            "turn-index":6,
            "utterance":"スマホゲームはどんなゲームをされているんですか?どんなジャンルですか?"
        },
        {
            "speaker":"U",
            "time":"17.10.2020 18:40:59",
            "turn-index":7,
            "utterance":"敵をバッサバッサ斬っていくアクションゲームばかり遊んでいます"
        },
        {
            "speaker":"S",
            "time":"17.10.2020 18:41:03",
            "turn-index":8,
            "utterance":"敵をバッサバッサ斬るって斬新ですね!笑"
        },
        {
            "speaker":"U",
            "time":"17.10.2020 18:41:11",
            "turn-index":9,
            "utterance":"ストレス解消にいいんですよ！"
        },
        {
            "speaker":"S",
            "time":"17.10.2020 18:41:18",
            "turn-index":10,
            "utterance":"なるほど!斬新です!笑 ストレス解消には良さそうですね!"
        },
        {
            "speaker":"U",
            "time":"17.10.2020 18:41:59",
            "turn-index":11,
            "utterance":"ゲームと言えばEスポーツにも期待しています"
        },
        {
            "speaker":"S",
            "time":"17.10.2020 18:42:02",
            "turn-index":12,
            "utterance":"eスポーツって初めてききました! どんなスポーツなんですか?"
        },
        {
            "speaker":"U",
            "time":"17.10.2020 18:42:41",
            "turn-index":13,
            "utterance":"ビデオゲームの上手さを競って大会とかを開いて、賞金も出るんですよ"
        },
        {
            "speaker":"S",
            "time":"17.10.2020 18:42:44",
            "turn-index":14,
            "utterance":"そうなんですか! 賞金まで出るんですか! すごいですね!"
        },
        {
            "speaker":"U",
            "time":"17.10.2020 18:43:09",
            "turn-index":15,
            "utterance":"ゲームの大会賞金だけで生計を立てるプロゲーマーもいるらしいですよ"
        },
        {
            "speaker":"S",
            "time":"17.10.2020 18:43:17",
            "turn-index":16,
            "utterance":"そうなんですか! 賞金だけで生計を立てるプロゲーマーもいるんですね! 初めて知りました!"
        },
        {
            "speaker":"U",
            "time":"17.10.2020 18:44:02",
            "turn-index":17,
            "utterance":"ゲームって聞くと楽しそうですけど、そこまで行くと普通のスポーツ並みに厳しい世界なんでしょうね"
        },
        {
            "speaker":"S",
            "time":"17.10.2020 18:44:07",
            "turn-index":18,
            "utterance":"厳しい世界ですね。。。 選手権とかも参加されるんですか?"
        },
        {
            "speaker":"U",
            "time":"17.10.2020 18:44:36",
            "turn-index":19,
            "utterance":"私はそんな実力ないヌルゲーマーですよ、大会も出た事ないです"
        },
        {
            "speaker":"S",
            "time":"17.10.2020 18:44:43",
            "turn-index":20,
            "utterance":"ヌルゲーマーってw 十分強いじゃないですか!"
        },
        {
            "speaker":"U",
            "time":"17.10.2020 18:44:58",
            "turn-index":21,
            "utterance":"いやいや、そちらは対戦ゲームとかするんですか？"
        },
        {
            "speaker":"S",
            "time":"17.10.2020 18:45:03",
            "turn-index":22,
            "utterance":"昔はよくしてました。。。 最近はさっぱりですね。 そういえば、任天堂のスプラトゥーンはやってますか?"
        },
        {
            "speaker":"U",
            "time":"17.10.2020 18:45:43",
            "turn-index":23,
            "utterance":"少し前までやってました！　あれもeスポーツに採用されてるんでしたっけ？"
        },
        {
            "speaker":"S",
            "time":"17.10.2020 18:45:48",
            "turn-index":24,
            "utterance":"スプラトゥーンも面白いですよね。 はい、確か任天堂から出てたはずです。"
        },
        {
            "speaker":"U",
            "time":"17.10.2020 18:46:12",
            "turn-index":25,
            "utterance":"プレイ人口が多いので時々とんでもなく強い人に会ったりしますよね。"
        },
        {
            "speaker":"S",
            "time":"17.10.2020 18:46:17",
            "turn-index":26,
            "utterance":"そうですよね。 最近は全然やっていないのですが、スプラトゥーン2は買いますか?"
        },
        {
            "speaker":"U",
            "time":"17.10.2020 18:46:30",
            "turn-index":27,
            "utterance":"出たらきっと買ってしまうと思います…"
        },
        {
            "speaker":"S",
            "time":"17.10.2020 18:46:36",
            "turn-index":28,
            "utterance":"私も買っちゃいそうです。 他に趣味はありますか?あ、すみません。そろそろ時間ですね。今日はありがとうございました。"
        },
        {
            "speaker":"U",
            "time":"17.10.2020 18:46:49",
            "turn-index":29,
            "utterance":"こちらこそありがとうございました。"
        },
        {
            "speaker":"S",
            "time":"17.10.2020 18:46:52",
            "turn-index":30,
            "utterance":"はい、またお願いします。 では、おやすみなさい。"
        }
    ]
}