{
    "dialogue-id":"HBY_15",
    "group-id":"",
    "speaker-id":"hobbyist",
    "turns":[
        {
            "speaker":"S",
            "time":"17.10.2020 18:44:43",
            "turn-index":0,
            "utterance":"こんにちは。よろしくお願いします。早速ですけど、何か趣味ってありますか？"
        },
        {
            "speaker":"U",
            "time":"17.10.2020 18:45:07",
            "turn-index":1,
            "utterance":"ドライブが好きです。"
        },
        {
            "speaker":"S",
            "time":"17.10.2020 18:45:12",
            "turn-index":2,
            "utterance":"私もドライブ好きです。最近はどちらへ行かれましたか?"
        },
        {
            "speaker":"U",
            "time":"17.10.2020 18:45:53",
            "turn-index":3,
            "utterance":"那須高原へ行きました。車は好きですか？"
        },
        {
            "speaker":"S",
            "time":"17.10.2020 18:45:57",
            "turn-index":4,
            "utterance":"那須高原ですか。いいですね。那須のどのあたりですか? 車は好きですよ。"
        },
        {
            "speaker":"U",
            "time":"17.10.2020 18:47:08",
            "turn-index":5,
            "utterance":"那須の平成の森へ行ってきました。紅葉が綺麗でした。マイカーは持っていますか？"
        },
        {
            "speaker":"S",
            "time":"17.10.2020 18:47:12",
            "turn-index":6,
            "utterance":"那須高原は行ったことがないんです。うらやましいです。 マイカーは持ってないです。"
        },
        {
            "speaker":"U",
            "time":"17.10.2020 18:48:02",
            "turn-index":7,
            "utterance":"私はSUBARUの車に乗っています。SUBARUは知っていますか？"
        },
        {
            "speaker":"S",
            "time":"17.10.2020 18:48:07",
            "turn-index":8,
            "utterance":"知っていますよ。紫陽花がきれいですよね。"
        },
        {
            "speaker":"U",
            "time":"17.10.2020 18:48:31",
            "turn-index":9,
            "utterance":"いいえ、車のメーカーです"
        },
        {
            "speaker":"S",
            "time":"17.10.2020 18:48:35",
            "turn-index":10,
            "utterance":"すみません、わからないです。 車メーカーのメーカー名ですか?"
        },
        {
            "speaker":"U",
            "time":"17.10.2020 18:49:14",
            "turn-index":11,
            "utterance":"そうです。SUBARUのアイサイトって凄いですよ。"
        },
        {
            "speaker":"S",
            "time":"17.10.2020 18:49:17",
            "turn-index":12,
            "utterance":"そうなんですね。subaruは知りませんでした。 どんなところがすごいんですか?"
        },
        {
            "speaker":"U",
            "time":"17.10.2020 18:50:01",
            "turn-index":13,
            "utterance":"障害物があると、車が見つけて自動的に止まってくれるんです。"
        },
        {
            "speaker":"S",
            "time":"17.10.2020 18:50:07",
            "turn-index":14,
            "utterance":"そうなんですか。知らなかったです。 障害物って、どんな障害物ですか?"
        },
        {
            "speaker":"U",
            "time":"17.10.2020 18:50:55",
            "turn-index":15,
            "utterance":"歩行者も感知してくれます。"
        },
        {
            "speaker":"S",
            "time":"17.10.2020 18:51:00",
            "turn-index":16,
            "utterance":"歩行者も感知してくれるんですね。 それはすごい!"
        },
        {
            "speaker":"U",
            "time":"17.10.2020 18:52:08",
            "turn-index":17,
            "utterance":"話は変わりますが、イチローはご存知ですか？"
        },
        {
            "speaker":"S",
            "time":"17.10.2020 18:52:12",
            "turn-index":18,
            "utterance":"イチローは存じ上げません。どんな方ですか?"
        },
        {
            "speaker":"U",
            "time":"17.10.2020 18:52:56",
            "turn-index":19,
            "utterance":"プロ野球の選手です。アメリカでも活躍しました。"
        },
        {
            "speaker":"S",
            "time":"17.10.2020 18:53:08",
            "turn-index":20,
            "utterance":"イチローは知ってます。すごい方ですよね。アメリカでも活躍されてるんですね。"
        },
        {
            "speaker":"U",
            "time":"17.10.2020 18:55:29",
            "turn-index":21,
            "utterance":"イチローは、日本アメリカ通算で4367本のヒットを打っているんです。"
        },
        {
            "speaker":"S",
            "time":"17.10.2020 18:55:33",
            "turn-index":22,
            "utterance":"え?そんなにヒット打ってたんですか?それはすごい。"
        },
        {
            "speaker":"U",
            "time":"17.10.2020 18:55:57",
            "turn-index":23,
            "utterance":"世界記録で、ギネスブックにも登録されているんです。"
        },
        {
            "speaker":"S",
            "time":"17.10.2020 18:56:01",
            "turn-index":24,
            "utterance":"へー。ギネスに載ってるってすごいですね。"
        },
        {
            "speaker":"U",
            "time":"17.10.2020 18:56:22",
            "turn-index":25,
            "utterance":"日本人として誇りに思いますよね。"
        },
        {
            "speaker":"S",
            "time":"17.10.2020 18:56:25",
            "turn-index":26,
            "utterance":"イチローは日本球界を代表する選手ですね。"
        },
        {
            "speaker":"U",
            "time":"17.10.2020 18:57:15",
            "turn-index":27,
            "utterance":"この記録はなかなか破られないでしょうね。"
        },
        {
            "speaker":"S",
            "time":"17.10.2020 18:57:25",
            "turn-index":28,
            "utterance":"そうなんですね。テレビでは見たことあるんですけど、生で見たことないです。あ、すみません。そろそろ時間ですね。今日はありがとうございました。"
        },
        {
            "speaker":"U",
            "time":"17.10.2020 18:57:47",
            "turn-index":29,
            "utterance":"有難うございました。楽しかったです。"
        },
        {
            "speaker":"S",
            "time":"17.10.2020 18:57:49",
            "turn-index":30,
            "utterance":"こちらこそありがとうございました。 楽しかったです。 ではまた。"
        }
    ]
}