{
    "dialogue-id":"HBY_03",
    "group-id":"",
    "speaker-id":"hobbyist",
    "turns":[
        {
            "speaker":"S",
            "time":"17.10.2020 20:30:42",
            "turn-index":0,
            "utterance":"こんにちは。よろしくお願いします。早速ですけど、何か趣味ってありますか？"
        },
        {
            "speaker":"U",
            "time":"17.10.2020 20:33:17",
            "turn-index":1,
            "utterance":"趣味はインターネットですかね。"
        },
        {
            "speaker":"S",
            "time":"17.10.2020 20:33:19",
            "turn-index":2,
            "utterance":"そうなんですね。どんなジャンルの本を読まれるんですか?"
        },
        {
            "speaker":"U",
            "time":"17.10.2020 20:33:47",
            "turn-index":3,
            "utterance":"本ではなく、インターネットで、サイトや動画などを見てますよ。"
        },
        {
            "speaker":"S",
            "time":"17.10.2020 20:33:51",
            "turn-index":4,
            "utterance":"あ、なるほど。小説とかは読まれないんですか?"
        },
        {
            "speaker":"U",
            "time":"17.10.2020 20:34:00",
            "turn-index":5,
            "utterance":"小説は読まないですね。"
        },
        {
            "speaker":"S",
            "time":"17.10.2020 20:34:03",
            "turn-index":6,
            "utterance":"私もあまり読まないんですが、湊かなえさんや三浦しをんさんが好きで、よく読んでます。"
        },
        {
            "speaker":"U",
            "time":"17.10.2020 20:34:23",
            "turn-index":7,
            "utterance":"そうなんですね。面白いんですか？"
        },
        {
            "speaker":"S",
            "time":"17.10.2020 20:34:33",
            "turn-index":8,
            "utterance":"面白いです。湊かなえさんは読みやすいし、三浦しをんさんは、短編が多いので読みやすいです。"
        },
        {
            "speaker":"U",
            "time":"17.10.2020 20:36:30",
            "turn-index":9,
            "utterance":"短編だと読みやすそうですね。"
        },
        {
            "speaker":"S",
            "time":"17.10.2020 20:36:36",
            "turn-index":10,
            "utterance":"そうですね。読みやすいです。恋愛ものも好きですが、ミステリーやサスペンスも好きです。"
        },
        {
            "speaker":"U",
            "time":"17.10.2020 20:38:03",
            "turn-index":11,
            "utterance":"話しは変わりますが、日本酒はお好きですか？"
        },
        {
            "speaker":"S",
            "time":"17.10.2020 20:38:06",
            "turn-index":12,
            "utterance":"はい、好きです。 日本酒も飲まれるんですか?"
        },
        {
            "speaker":"U",
            "time":"17.10.2020 20:38:15",
            "turn-index":13,
            "utterance":"はい、たまに飲みます。"
        },
        {
            "speaker":"S",
            "time":"17.10.2020 20:38:18",
            "turn-index":14,
            "utterance":"そうですね、好きですね。 辛口、甘口どちらが好きですか?"
        },
        {
            "speaker":"U",
            "time":"17.10.2020 20:38:29",
            "turn-index":15,
            "utterance":"どちらも好きですね。"
        },
        {
            "speaker":"S",
            "time":"17.10.2020 20:38:32",
            "turn-index":16,
            "utterance":"私も両方好きです。 飲みやすいのは甘口ですよね。"
        },
        {
            "speaker":"U",
            "time":"17.10.2020 20:38:49",
            "turn-index":17,
            "utterance":"そうですね。甘口はくいくい飲めちゃいますね。"
        },
        {
            "speaker":"S",
            "time":"17.10.2020 20:38:52",
            "turn-index":18,
            "utterance":"お酒は何が好きですか? 私はカクテル系が好きです。"
        },
        {
            "speaker":"U",
            "time":"17.10.2020 20:39:04",
            "turn-index":19,
            "utterance":"私は、焼酎も好きですね。"
        },
        {
            "speaker":"S",
            "time":"17.10.2020 20:39:07",
            "turn-index":20,
            "utterance":"焼酎は飲んだことないですね。 美味しいですか?"
        },
        {
            "speaker":"U",
            "time":"17.10.2020 20:39:46",
            "turn-index":21,
            "utterance":"麦や米、芋など、焼酎にも種類があり、どれも美味しいですよ。"
        },
        {
            "speaker":"S",
            "time":"17.10.2020 20:39:50",
            "turn-index":22,
            "utterance":"そうなんですね。 芋は飲みやすいって聞きますね。"
        },
        {
            "speaker":"U",
            "time":"17.10.2020 20:40:07",
            "turn-index":23,
            "utterance":"芋は香りが強いので、好みが分かれる場合もありますね。"
        },
        {
            "speaker":"S",
            "time":"17.10.2020 20:40:13",
            "turn-index":24,
            "utterance":"芋は香りが強いんですね。 機会があれば飲んでみたいです。"
        },
        {
            "speaker":"U",
            "time":"17.10.2020 20:40:36",
            "turn-index":25,
            "utterance":"はい、ぜひ機会があったら飲んで見て下さい。飲み屋さんとかでもあると思います。"
        },
        {
            "speaker":"S",
            "time":"17.10.2020 20:40:39",
            "turn-index":26,
            "utterance":"そうなんですね。 是非飲んでみます。 飲み屋さんでも探してみます。"
        },
        {
            "speaker":"U",
            "time":"17.10.2020 20:41:04",
            "turn-index":27,
            "utterance":"コップでロックやストレートで頼めるお店とかもありますから。"
        },
        {
            "speaker":"S",
            "time":"17.10.2020 20:41:08",
            "turn-index":28,
            "utterance":"いろいろあるんですね。 楽しみが増えました。 ありがとうございます。あ、すみません。そろそろ時間ですね。今日はありがとうございました。"
        },
        {
            "speaker":"U",
            "time":"17.10.2020 20:41:15",
            "turn-index":29,
            "utterance":"ありがとうございました。"
        },
        {
            "speaker":"S",
            "time":"17.10.2020 20:41:18",
            "turn-index":30,
            "utterance":"こちらこそありがとうございました。 楽しかったです。 それではまた。"
        }
    ]
}