{
    "dialogue-id":"HBY_32",
    "group-id":"",
    "speaker-id":"hobbyist",
    "turns":[
        {
            "speaker":"S",
            "time":"17.10.2020 21:42:11",
            "turn-index":0,
            "utterance":"こんにちは。よろしくお願いします。早速ですけど、何か趣味ってありますか？"
        },
        {
            "speaker":"U",
            "time":"17.10.2020 21:42:35",
            "turn-index":1,
            "utterance":"鉄道が好きでさ、特に京王線が好きなんだ"
        },
        {
            "speaker":"S",
            "time":"17.10.2020 21:42:41",
            "turn-index":2,
            "utterance":"京王線ですか。乗ったことないです。 どういうところが好きなんですか?"
        },
        {
            "speaker":"U",
            "time":"17.10.2020 21:42:54",
            "turn-index":3,
            "utterance":"高尾山行けるとことか？"
        },
        {
            "speaker":"S",
            "time":"17.10.2020 21:42:58",
            "turn-index":4,
            "utterance":"高尾山いいですね。山頂から眺める景色が好きです。"
        },
        {
            "speaker":"U",
            "time":"17.10.2020 21:43:21",
            "turn-index":5,
            "utterance":"あとは京王は沿線が住みやすいよね"
        },
        {
            "speaker":"S",
            "time":"17.10.2020 21:43:25",
            "turn-index":6,
            "utterance":"そうですね。 高尾山、修学旅行で登ったきりなのでまた行きたいです。"
        },
        {
            "speaker":"U",
            "time":"17.10.2020 21:44:03",
            "turn-index":7,
            "utterance":"京王線は新宿も行けるから便利だよ"
        },
        {
            "speaker":"S",
            "time":"17.10.2020 21:44:08",
            "turn-index":8,
            "utterance":"京王線も乗られるんですね。 新宿まで1本で行けるのは便利ですね。"
        },
        {
            "speaker":"U",
            "time":"17.10.2020 21:44:21",
            "turn-index":9,
            "utterance":"地下鉄にも直通してるし"
        },
        {
            "speaker":"S",
            "time":"17.10.2020 21:44:25",
            "turn-index":10,
            "utterance":"へぇ、 そうなんですね。 知らなかったです。"
        },
        {
            "speaker":"U",
            "time":"17.10.2020 21:44:42",
            "turn-index":11,
            "utterance":"ところで話は変わるけど、水曜どうでしょうって知ってる？"
        },
        {
            "speaker":"S",
            "time":"17.10.2020 21:44:45",
            "turn-index":12,
            "utterance":"水曜どうでしょうは、名前だけ聞いたことあります。 どんな内容なんですか?"
        },
        {
            "speaker":"U",
            "time":"17.10.2020 21:45:10",
            "turn-index":13,
            "utterance":"北海道の放送局が制作してたテレビ番組だよ"
        },
        {
            "speaker":"S",
            "time":"17.10.2020 21:45:13",
            "turn-index":14,
            "utterance":"北海道の番組なんですね。 北海道行ったことないので、行ってみたいです。"
        },
        {
            "speaker":"U",
            "time":"17.10.2020 21:45:51",
            "turn-index":15,
            "utterance":"札幌の南平岸でよくオープニングを撮ってたみたいよ"
        },
        {
            "speaker":"S",
            "time":"17.10.2020 21:45:55",
            "turn-index":16,
            "utterance":"そうなんですか。 南平岸でオープニング撮るなんてすごいですね。"
        },
        {
            "speaker":"U",
            "time":"17.10.2020 21:46:09",
            "turn-index":17,
            "utterance":"だから観光スポットみたいになってる"
        },
        {
            "speaker":"S",
            "time":"17.10.2020 21:46:12",
            "turn-index":18,
            "utterance":"なるほど。 確かに観光スポットっぽいですね。 雪まつりとか見てみたいです。"
        },
        {
            "speaker":"U",
            "time":"17.10.2020 21:46:29",
            "turn-index":19,
            "utterance":"大泉洋もどうでしょうで有名になった"
        },
        {
            "speaker":"S",
            "time":"17.10.2020 21:46:32",
            "turn-index":20,
            "utterance":"そうなんですか。 大泉洋はおもしろいですよね。"
        },
        {
            "speaker":"U",
            "time":"17.10.2020 21:46:52",
            "turn-index":21,
            "utterance":"モノマネが面白いね"
        },
        {
            "speaker":"S",
            "time":"17.10.2020 21:46:55",
            "turn-index":22,
            "utterance":"おお、大泉洋もなんですね。 モノマネも面白いですね。"
        },
        {
            "speaker":"U",
            "time":"17.10.2020 21:47:18",
            "turn-index":23,
            "utterance":"大泉洋は大学生のから出てたんだよ"
        },
        {
            "speaker":"S",
            "time":"17.10.2020 21:47:21",
            "turn-index":24,
            "utterance":"え、そうなんですか! 知りませんでした。 ちなみに、どうぶつさんたちだいしゅうごうだわいわいは見てますか?"
        },
        {
            "speaker":"U",
            "time":"17.10.2020 21:47:41",
            "turn-index":25,
            "utterance":"分からないなー水曜どうでしょうぐらいしか見ない"
        },
        {
            "speaker":"S",
            "time":"17.10.2020 21:47:47",
            "turn-index":26,
            "utterance":"あ、そうなんですね。 旅行に行くならどこがいいですか?"
        },
        {
            "speaker":"U",
            "time":"17.10.2020 21:48:06",
            "turn-index":27,
            "utterance":"そりゃどうでしょうの北海道だね"
        },
        {
            "speaker":"S",
            "time":"17.10.2020 21:48:10",
            "turn-index":28,
            "utterance":"そうですかー。 旅行は最近、どこに行かれましたか?あ、すみません。そろそろ時間ですね。今日はありがとうございました。"
        },
        {
            "speaker":"U",
            "time":"17.10.2020 21:48:22",
            "turn-index":29,
            "utterance":"どうも"
        },
        {
            "speaker":"S",
            "time":"17.10.2020 21:48:25",
            "turn-index":30,
            "utterance":"いえいえ、こちらこそありがとうございました。 ではまた。"
        }
    ]
}