{
    "dialogue-id":"HBY_10",
    "group-id":"",
    "speaker-id":"hobbyist",
    "turns":[
        {
            "speaker":"S",
            "time":"18.10.2020 17:36:15",
            "turn-index":0,
            "utterance":"こんにちは。よろしくお願いします。早速ですけど、何か趣味ってありますか？"
        },
        {
            "speaker":"U",
            "time":"18.10.2020 17:36:49",
            "turn-index":1,
            "utterance":"こんにちは。私は闇金ウシジマくんを読むのが好きです。"
        },
        {
            "speaker":"S",
            "time":"18.10.2020 17:36:52",
            "turn-index":2,
            "utterance":"闇金ウシジマくん面白いですよね!"
        },
        {
            "speaker":"U",
            "time":"18.10.2020 17:38:34",
            "turn-index":3,
            "utterance":"面白いですね。数話で完結するところも読みやすくて気に入っています。"
        },
        {
            "speaker":"S",
            "time":"18.10.2020 17:38:38",
            "turn-index":4,
            "utterance":"そうなんですね!読んだことないので、今度読んでみます!"
        },
        {
            "speaker":"U",
            "time":"18.10.2020 17:40:08",
            "turn-index":5,
            "utterance":"是非！社会問題も取り入れられていて、考えさせられますよ。"
        },
        {
            "speaker":"S",
            "time":"18.10.2020 17:40:12",
            "turn-index":6,
            "utterance":"社会問題も入るんですね! それは面白そうです!"
        },
        {
            "speaker":"U",
            "time":"18.10.2020 17:40:44",
            "turn-index":7,
            "utterance":"そうですね。闇金ウシジマくんは、名前も聞いたことないですか？"
        },
        {
            "speaker":"S",
            "time":"18.10.2020 17:40:48",
            "turn-index":8,
            "utterance":"闇金ウシジマくんは名前だけ知ってます"
        },
        {
            "speaker":"U",
            "time":"18.10.2020 17:41:32",
            "turn-index":9,
            "utterance":"そうですか。漫画は巻数が多いので、映画の方が観やすいかもしれませんね。"
        },
        {
            "speaker":"S",
            "time":"18.10.2020 17:41:35",
            "turn-index":10,
            "utterance":"映画のほうが見やすいんですね! 今度見てみます!"
        },
        {
            "speaker":"U",
            "time":"18.10.2020 17:42:45",
            "turn-index":11,
            "utterance":"ぜひ。牛島役が山田孝之さんで、はまり役だと思うのでおすすめです。"
        },
        {
            "speaker":"S",
            "time":"18.10.2020 17:42:49",
            "turn-index":12,
            "utterance":"山田孝之さんですね!覚えときます!"
        },
        {
            "speaker":"U",
            "time":"18.10.2020 17:43:08",
            "turn-index":13,
            "utterance":"はい。ところで、スヌーピーは好きですか？"
        },
        {
            "speaker":"S",
            "time":"18.10.2020 17:43:12",
            "turn-index":14,
            "utterance":"スヌーピー好きです!癒されます"
        },
        {
            "speaker":"U",
            "time":"18.10.2020 17:43:46",
            "turn-index":15,
            "utterance":"可愛いですよね。あの何とも言えない表情が癒されますね。"
        },
        {
            "speaker":"S",
            "time":"18.10.2020 17:43:50",
            "turn-index":16,
            "utterance":"スヌーピーのぬいぐるみいっぱい持ってます かわいいですよね"
        },
        {
            "speaker":"U",
            "time":"18.10.2020 17:44:47",
            "turn-index":17,
            "utterance":"私もいくつか持ってますよ！ウッドストックとのコンビも好きです。"
        },
        {
            "speaker":"S",
            "time":"18.10.2020 17:44:51",
            "turn-index":18,
            "utterance":"ウッドストックとのコンビもかわいいですよね! 私もウッドストック大好きです"
        },
        {
            "speaker":"U",
            "time":"18.10.2020 17:45:49",
            "turn-index":19,
            "utterance":"スヌーピーやウッドストックについて、何か知ってますか？"
        },
        {
            "speaker":"S",
            "time":"18.10.2020 17:45:55",
            "turn-index":20,
            "utterance":"スヌーピーは男の子でウッドストックは女の子です"
        },
        {
            "speaker":"U",
            "time":"18.10.2020 17:46:26",
            "turn-index":21,
            "utterance":"ウッドストックって女の子だったんですね。てっきり男の子かと思ってました。"
        },
        {
            "speaker":"S",
            "time":"18.10.2020 17:46:31",
            "turn-index":22,
            "utterance":"ウッドストックは女の子で、ウッドストックとスヌーピーは兄弟です"
        },
        {
            "speaker":"U",
            "time":"18.10.2020 17:47:04",
            "turn-index":23,
            "utterance":"兄弟？！鳥と犬なのに兄弟なんですね・・・。"
        },
        {
            "speaker":"S",
            "time":"18.10.2020 17:47:08",
            "turn-index":24,
            "utterance":"男の子はトイプードルで、女の子はボーダーコリーという種類です"
        },
        {
            "speaker":"U",
            "time":"18.10.2020 17:47:51",
            "turn-index":25,
            "utterance":"ほう。スヌーピーって他にも兄弟いますよね。"
        },
        {
            "speaker":"S",
            "time":"18.10.2020 17:47:55",
            "turn-index":26,
            "utterance":"そうですね、ミニチュアピンシャーという種類もいます"
        },
        {
            "speaker":"U",
            "time":"18.10.2020 17:48:35",
            "turn-index":27,
            "utterance":"そうなんですね。スヌーピーってストーリーがちょっと哲学的なところありますよね。"
        },
        {
            "speaker":"S",
            "time":"18.10.2020 17:48:39",
            "turn-index":28,
            "utterance":"そうですね、すごい哲学的なストーリーです あ、すみません。そろそろ時間ですね。今日はありがとうございました。"
        },
        {
            "speaker":"U",
            "time":"18.10.2020 17:48:51",
            "turn-index":29,
            "utterance":"はい、ありがとうございました。"
        },
        {
            "speaker":"S",
            "time":"18.10.2020 17:48:55",
            "turn-index":30,
            "utterance":"こちらこそありがとうございました。楽しかったです。ではまた!"
        }
    ]
}