{
    "dialogue-id":"HBY_02",
    "group-id":"",
    "speaker-id":"hobbyist",
    "turns":[
        {
            "speaker":"S",
            "time":"17.10.2020 17:48:55",
            "turn-index":0,
            "utterance":"こんにちは。よろしくお願いします。早速ですけど、何か趣味ってありますか？"
        },
        {
            "speaker":"U",
            "time":"17.10.2020 17:49:33",
            "turn-index":1,
            "utterance":"日本酒を飲むことです。お酒は好きですか？"
        },
        {
            "speaker":"S",
            "time":"17.10.2020 17:49:39",
            "turn-index":2,
            "utterance":"お酒は好きですよ。どんなお酒がお好きですか?"
        },
        {
            "speaker":"U",
            "time":"17.10.2020 17:50:27",
            "turn-index":3,
            "utterance":"日本酒では、八海山や久保田、蓬莱泉が好きです。"
        },
        {
            "speaker":"S",
            "time":"17.10.2020 17:50:30",
            "turn-index":4,
            "utterance":"お酒は好きですが、最近は専らチューハイです。久保田いいですね。蓬莱泉は初めて聞きました。"
        },
        {
            "speaker":"U",
            "time":"17.10.2020 17:53:35",
            "turn-index":5,
            "utterance":"好きなテレビ番組はありますか？"
        },
        {
            "speaker":"S",
            "time":"17.10.2020 17:53:40",
            "turn-index":6,
            "utterance":"八海山はおいしいですね。久保田は辛口ですか?"
        },
        {
            "speaker":"U",
            "time":"17.10.2020 17:54:08",
            "turn-index":7,
            "utterance":"辛口です。好きなテレビ番組はありますか？"
        },
        {
            "speaker":"S",
            "time":"17.10.2020 17:54:17",
            "turn-index":8,
            "utterance":"八海山は辛口なんですね。最近のものはわかりませんが、昔はよく飲んでました。 好きなテレビ番組は、お笑い番組が好きです。"
        },
        {
            "speaker":"U",
            "time":"17.10.2020 17:55:24",
            "turn-index":9,
            "utterance":"水曜どうでしょうという番組が面白いですよ。見たことありますか？"
        },
        {
            "speaker":"S",
            "time":"17.10.2020 17:55:27",
            "turn-index":10,
            "utterance":"水曜どうでしょう、見たことないです。面白いですか?"
        },
        {
            "speaker":"U",
            "time":"17.10.2020 17:56:15",
            "turn-index":11,
            "utterance":"大泉洋の番組ですが、とても面白いです。旅をしながら面白いことばかりしています。"
        },
        {
            "speaker":"S",
            "time":"17.10.2020 17:56:19",
            "turn-index":12,
            "utterance":"見たことないです。今度見てみます。 旅行は、国内ですか?海外ですか?"
        },
        {
            "speaker":"U",
            "time":"17.10.2020 17:57:02",
            "turn-index":13,
            "utterance":"国内がほとんどだと思います。旅行は好きですか？"
        },
        {
            "speaker":"S",
            "time":"17.10.2020 17:57:06",
            "turn-index":14,
            "utterance":"国内も海外も好きです。最近はどちらに行かれましたか?"
        },
        {
            "speaker":"U",
            "time":"17.10.2020 17:58:50",
            "turn-index":15,
            "utterance":"最近はコロナウイルスの影響で旅行に行けていませんが、以前行ったところで好きなのは、九州、福岡です。"
        },
        {
            "speaker":"S",
            "time":"17.10.2020 17:58:54",
            "turn-index":16,
            "utterance":"九州は行ったことがないので行ってみたいです。九州のどのあたりに行かれましたか?"
        },
        {
            "speaker":"U",
            "time":"17.10.2020 17:59:25",
            "turn-index":17,
            "utterance":"福岡の中州です。屋台でのラーメンは格別にうまいです。"
        },
        {
            "speaker":"S",
            "time":"17.10.2020 17:59:30",
            "turn-index":18,
            "utterance":"福岡ですか。屋台でラーメンいいですね。もつ鍋もおいしそうです。"
        },
        {
            "speaker":"U",
            "time":"17.10.2020 18:00:12",
            "turn-index":19,
            "utterance":"もつ鍋も最高です。明太子もさっぱりして美味しいです。"
        },
        {
            "speaker":"S",
            "time":"17.10.2020 18:00:15",
            "turn-index":20,
            "utterance":"明太子いいですね。お酒にも合いそうですね。"
        },
        {
            "speaker":"U",
            "time":"17.10.2020 18:00:47",
            "turn-index":21,
            "utterance":"最高に合いますよ。日本酒と明太子は名パートナーです。"
        },
        {
            "speaker":"S",
            "time":"17.10.2020 18:00:50",
            "turn-index":22,
            "utterance":"お酒がすすみそうですね。 明太子、何にでもあいますよね。"
        },
        {
            "speaker":"U",
            "time":"17.10.2020 18:01:29",
            "turn-index":23,
            "utterance":"マヨネーズにも会いますし、辛口の日本酒にも合います。"
        },
        {
            "speaker":"S",
            "time":"17.10.2020 18:01:33",
            "turn-index":24,
            "utterance":"お酒が進みますね。おなかがすいてきました。"
        },
        {
            "speaker":"U",
            "time":"17.10.2020 18:02:10",
            "turn-index":25,
            "utterance":"お腹がすきましたね。今度一緒にご飯でも行きませんが？"
        },
        {
            "speaker":"S",
            "time":"17.10.2020 18:02:14",
            "turn-index":26,
            "utterance":"お酒は何を飲まれるんですか? 行きましょう!"
        },
        {
            "speaker":"U",
            "time":"17.10.2020 18:03:13",
            "turn-index":27,
            "utterance":"乾杯はビールですが、２杯目からは日本酒が好きです。"
        },
        {
            "speaker":"S",
            "time":"17.10.2020 18:03:18",
            "turn-index":28,
            "utterance":"私はお酒弱いので、カクテル系をちびちび飲む感じですね。あ、すみません。そろそろ時間ですね。今日はありがとうございました。"
        },
        {
            "speaker":"U",
            "time":"17.10.2020 18:03:43",
            "turn-index":29,
            "utterance":"では、ぜひ飲みに行きましょう。"
        },
        {
            "speaker":"S",
            "time":"17.10.2020 18:03:47",
            "turn-index":30,
            "utterance":"はい、ぜひ! では、また。。。"
        }
    ]
}