{
    "dialogue-id":"HBY_51",
    "group-id":"",
    "speaker-id":"hobbyist",
    "turns":[
        {
            "speaker":"S",
            "time":"17.10.2020 14:20:12",
            "turn-index":0,
            "utterance":"こんにちは。よろしくお願いします。早速ですけど、何か趣味ってありますか？"
        },
        {
            "speaker":"U",
            "time":"17.10.2020 14:20:52",
            "turn-index":1,
            "utterance":"趣味は旅行で、先日は厳島神社へ行って来たところです。"
        },
        {
            "speaker":"S",
            "time":"17.10.2020 14:20:56",
            "turn-index":2,
            "utterance":"そうなんですね。厳島神社は行ったことないです。どうでしたか?"
        },
        {
            "speaker":"U",
            "time":"17.10.2020 14:22:05",
            "turn-index":3,
            "utterance":"私も今回初めての訪問でしたが、境内が海上にあり、海と境内の色彩のコントラストがとても美しかったです。"
        },
        {
            "speaker":"S",
            "time":"17.10.2020 14:22:13",
            "turn-index":4,
            "utterance":"へぇ、そうなんですね。私は京都の伏見稲荷に行ったことがありますが、確かに境内は幻想的でした。"
        },
        {
            "speaker":"U",
            "time":"17.10.2020 14:22:53",
            "turn-index":5,
            "utterance":"京都の伏見稲荷も有名な神社ですよね。紅葉が綺麗ではないですか？"
        },
        {
            "speaker":"S",
            "time":"17.10.2020 14:22:59",
            "turn-index":6,
            "utterance":"京都の伏見稲荷はすごかったです。紅葉がきれいで、何回も見に行っちゃいました。"
        },
        {
            "speaker":"U",
            "time":"17.10.2020 14:24:06",
            "turn-index":7,
            "utterance":"厳島神社も、絶対にもう一度行きたい場所です。ちなみに行かれたことはありますか？是非おススメです。"
        },
        {
            "speaker":"S",
            "time":"17.10.2020 14:24:14",
            "turn-index":8,
            "utterance":"はい、伏見稲荷はぜひもう一度行きたいです。厳島神社は残念ながら行ったことがなくて、一度行ってみたいです。"
        },
        {
            "speaker":"U",
            "time":"17.10.2020 14:25:29",
            "turn-index":9,
            "utterance":"厳島神社周辺で、名物の牡蛎やもみじ饅頭も堪能出来て、荘厳な風景とグルメが堪能できますよ。"
        },
        {
            "speaker":"S",
            "time":"17.10.2020 14:25:34",
            "turn-index":10,
            "utterance":"牡蠣が有名なんですね。やもみじ饅頭も好きです。 ぜひ行ってみたいです。"
        },
        {
            "speaker":"U",
            "time":"17.10.2020 14:26:16",
            "turn-index":11,
            "utterance":"日本では神社巡りも楽しいですが、海外旅行はどうですか？良く行きますか？"
        },
        {
            "speaker":"S",
            "time":"17.10.2020 14:26:20",
            "turn-index":12,
            "utterance":"国内が多いです。台湾、香港、香港マカオに行きました。 海外はよく行かれますか?"
        },
        {
            "speaker":"U",
            "time":"17.10.2020 14:27:40",
            "turn-index":13,
            "utterance":"アジアが好きなんですね。私は北欧が大好きで、この夏はデンマークを訪問しました。"
        },
        {
            "speaker":"S",
            "time":"17.10.2020 14:27:49",
            "turn-index":14,
            "utterance":"アジア好きです。特にヨーロッパが好きです。 デンマークいいですね!"
        },
        {
            "speaker":"U",
            "time":"17.10.2020 14:28:42",
            "turn-index":15,
            "utterance":"夏のヨーロッパは日も長くて快適なのがポイントですよね。デンマークは治安も良く、人々も優しい国でしたよ。"
        },
        {
            "speaker":"S",
            "time":"17.10.2020 14:28:47",
            "turn-index":16,
            "utterance":"アジアいいですよね。北欧はどのあたりに行かれましたか?"
        },
        {
            "speaker":"U",
            "time":"17.10.2020 14:30:48",
            "turn-index":17,
            "utterance":"デンマークの首都コペンハーゲンと、童話アンデルセンで有名なオーゼンスを巡りました。"
        },
        {
            "speaker":"S",
            "time":"17.10.2020 14:30:54",
            "turn-index":18,
            "utterance":"コペンハーゲンいいですね! アンデルセンは行ったことあります。オーゼンスはどのようなところですか?"
        },
        {
            "speaker":"U",
            "time":"17.10.2020 14:31:33",
            "turn-index":19,
            "utterance":"可愛い街並みが特徴で、街歩きが楽しい場所です。"
        },
        {
            "speaker":"S",
            "time":"17.10.2020 14:31:38",
            "turn-index":20,
            "utterance":"街並みが可愛いのはいいですね!街並みの写真はありますか?"
        },
        {
            "speaker":"U",
            "time":"17.10.2020 14:32:47",
            "turn-index":21,
            "utterance":"はい、デジカメとスマホを駆使して沢山写真を撮りました。次回お見せしましょうか？"
        },
        {
            "speaker":"S",
            "time":"17.10.2020 14:32:51",
            "turn-index":22,
            "utterance":"ぜひ見せてください! 街並みが綺麗だと写真映えしますよね!"
        },
        {
            "speaker":"U",
            "time":"17.10.2020 14:33:33",
            "turn-index":23,
            "utterance":"インスタ映えっていいますもんね。デンマークの名物料理が分かる食事の写真も沢山ありますよ。"
        },
        {
            "speaker":"S",
            "time":"17.10.2020 14:33:37",
            "turn-index":24,
            "utterance":"そうですね、インスタ映えしますね!ぜひぜひお願いします!"
        },
        {
            "speaker":"U",
            "time":"17.10.2020 14:34:23",
            "turn-index":25,
            "utterance":"あと、デンマークでは自転車に乗っている人が沢山いました。エコ生活でしょうか？"
        },
        {
            "speaker":"S",
            "time":"17.10.2020 14:34:29",
            "turn-index":26,
            "utterance":"ヨーロッパは食べ物がおいしそうですよね! へえ、自転車ですか! エコな生活、私もしたいです"
        },
        {
            "speaker":"U",
            "time":"17.10.2020 14:35:07",
            "turn-index":27,
            "utterance":"自転車道がきちんと整備されていて、街中でも安全に走れる環境でした。日本も見習いたいものですよね。"
        },
        {
            "speaker":"S",
            "time":"17.10.2020 14:35:13",
            "turn-index":28,
            "utterance":"街道整備されてるんですね!知りませんでした。日本も見習ってほしいですね!あ、すみません。そろそろ時間ですね。今日はありがとうございました。"
        },
        {
            "speaker":"U",
            "time":"17.10.2020 14:35:34",
            "turn-index":29,
            "utterance":"こちらこそ、お話できて楽しかったです。ありがとうございました。"
        },
        {
            "speaker":"S",
            "time":"17.10.2020 14:35:37",
            "turn-index":30,
            "utterance":"こちらこそありがとうございました! 私も楽しかったです! ではまた!"
        }
    ]
}