{
    "dialogue-id":"HBY_43",
    "group-id":"",
    "speaker-id":"hobbyist",
    "turns":[
        {
            "speaker":"S",
            "time":"17.10.2020 13:30:58",
            "turn-index":0,
            "utterance":"こんにちは。よろしくお願いします。早速ですけど、何か趣味ってありますか？"
        },
        {
            "speaker":"U",
            "time":"17.10.2020 13:31:25",
            "turn-index":1,
            "utterance":"こんにちは。歴史が好きで、最近モンゴル帝国にハマっています。"
        },
        {
            "speaker":"S",
            "time":"17.10.2020 13:31:29",
            "turn-index":2,
            "utterance":"歴史が好きなんですね。好きな時代とかありますか? モンゴル帝国というとヨーロッパでしたっけ?"
        },
        {
            "speaker":"U",
            "time":"17.10.2020 13:32:24",
            "turn-index":3,
            "utterance":"モンゴル帝国はアジアですが、ヨーロッパにも侵攻していましたね。特に古代～中世はロマンがあって好きです！"
        },
        {
            "speaker":"S",
            "time":"17.10.2020 13:32:28",
            "turn-index":4,
            "utterance":"ヨーロッパに侵攻してたんですね。初耳です。 モンゴルのどのあたりですか?"
        },
        {
            "speaker":"U",
            "time":"17.10.2020 13:34:22",
            "turn-index":5,
            "utterance":"ポーランドにまで攻めていったようですよ。凄まじい強さですね…"
        },
        {
            "speaker":"S",
            "time":"17.10.2020 13:34:28",
            "turn-index":6,
            "utterance":"ポーランドですか。それは知らなかったです。 結構昔ですか?"
        },
        {
            "speaker":"U",
            "time":"17.10.2020 13:35:27",
            "turn-index":7,
            "utterance":"もう800年位前のことです"
        },
        {
            "speaker":"S",
            "time":"17.10.2020 13:35:32",
            "turn-index":8,
            "utterance":"ポーランドには何があるんでしょう? 800年前ですか! その頃のヨーロッパの文化はどうだったんでしょうね?"
        },
        {
            "speaker":"U",
            "time":"17.10.2020 13:37:11",
            "turn-index":9,
            "utterance":"ヨーロッパはキリスト教文化一色でしたから、モンゴル人やトルコ人のような異教徒は恐ろしく見えたと思います"
        },
        {
            "speaker":"S",
            "time":"17.10.2020 13:37:15",
            "turn-index":10,
            "utterance":"キリスト教一色ですか。 異教徒はこわいですね。"
        },
        {
            "speaker":"U",
            "time":"17.10.2020 13:37:51",
            "turn-index":11,
            "utterance":"怖いとは思いませんが、今の国際情勢を見ても、お互い理解し合うのはむずかしいですよね。"
        },
        {
            "speaker":"S",
            "time":"17.10.2020 13:37:56",
            "turn-index":12,
            "utterance":"そうですね。 イスラムも仏教も仏教の皮を被った別物ですし。"
        },
        {
            "speaker":"U",
            "time":"17.10.2020 13:38:35",
            "turn-index":13,
            "utterance":"同じ仏教でも、タイの仏教と日本の仏教で考え方が全然違いますもんね"
        },
        {
            "speaker":"S",
            "time":"17.10.2020 13:38:42",
            "turn-index":14,
            "utterance":"確かにそうですね。 タイの仏教はカトリックとプロテスタントで、教義が違いますからね。"
        },
        {
            "speaker":"U",
            "time":"17.10.2020 13:39:55",
            "turn-index":15,
            "utterance":"それはキリスト教では？キリスト教にも魔女狩りという負の歴史がありますね。"
        },
        {
            "speaker":"S",
            "time":"17.10.2020 13:40:01",
            "turn-index":16,
            "utterance":"あ、そうなんですね。 教会も魔女狩りが盛んなんですね。"
        },
        {
            "speaker":"U",
            "time":"17.10.2020 13:40:55",
            "turn-index":17,
            "utterance":"産業革命などでヨーロッパが理性的になるまでのできごとです。"
        },
        {
            "speaker":"S",
            "time":"17.10.2020 13:41:00",
            "turn-index":18,
            "utterance":"カトリックの魔女狩りはひどいですよ。"
        },
        {
            "speaker":"U",
            "time":"17.10.2020 13:42:01",
            "turn-index":19,
            "utterance":"集団心理による理不尽なリンチのひどさは、現代の社会問題にも通じると思います"
        },
        {
            "speaker":"S",
            "time":"17.10.2020 13:42:04",
            "turn-index":20,
            "utterance":"ほんとそうですよね。 現代の社会問題にも通じると思います。"
        },
        {
            "speaker":"U",
            "time":"17.10.2020 13:43:11",
            "turn-index":21,
            "utterance":"「出る杭は打たれる」という現象は、日本に限らず世界で行われているのだと思います。"
        },
        {
            "speaker":"S",
            "time":"17.10.2020 13:43:16",
            "turn-index":22,
            "utterance":"おっしゃるとおりです。 杭は打たれる、ってすごく心に響きました。"
        },
        {
            "speaker":"U",
            "time":"17.10.2020 13:44:22",
            "turn-index":23,
            "utterance":"宗教や習慣の違う集団同士でも、多様性を認めながら、相互不可侵でありたいですね。"
        },
        {
            "speaker":"S",
            "time":"17.10.2020 13:44:35",
            "turn-index":24,
            "utterance":"そうですね。 相互不可侵でありたいですね。"
        },
        {
            "speaker":"U",
            "time":"17.10.2020 13:45:34",
            "turn-index":25,
            "utterance":"お互いに歴史がある以上、すべてを理解しあって親密に交流するのはむずかしいですからね。"
        },
        {
            "speaker":"S",
            "time":"17.10.2020 13:45:40",
            "turn-index":26,
            "utterance":"そうですね。 私も多様性を認められるようになりたいです。"
        },
        {
            "speaker":"U",
            "time":"17.10.2020 13:46:41",
            "turn-index":27,
            "utterance":"多様性ばかりを強調して、保守的な人や多数派を蔑ろにしないようにも気をつけたいです。"
        },
        {
            "speaker":"S",
            "time":"17.10.2020 13:46:45",
            "turn-index":28,
            "utterance":"はい。 気をつけたいです。 そちらは最近何か興味のあることありましたか?あ、すみません。そろそろ時間ですね。今日はありがとうございました。"
        },
        {
            "speaker":"U",
            "time":"17.10.2020 13:47:17",
            "turn-index":29,
            "utterance":"こちらこそありがとうございました。"
        },
        {
            "speaker":"S",
            "time":"17.10.2020 13:47:22",
            "turn-index":30,
            "utterance":"そうですね。 こちらこそありがとうございました。 おやすみなさい。"
        }
    ]
}