{
    "dialogue-id":"HBY_39",
    "group-id":"",
    "speaker-id":"hobbyist",
    "turns":[
        {
            "speaker":"S",
            "time":"17.10.2020 22:06:45",
            "turn-index":0,
            "utterance":"こんにちは。よろしくお願いします。早速ですけど、何か趣味ってありますか？"
        },
        {
            "speaker":"U",
            "time":"17.10.2020 22:09:06",
            "turn-index":1,
            "utterance":"フッ素に興味があります。"
        },
        {
            "speaker":"S",
            "time":"17.10.2020 22:09:09",
            "turn-index":2,
            "utterance":"私の趣味は音楽を聴いたり本を読むことです。どんな音楽を聴かれますか?"
        },
        {
            "speaker":"U",
            "time":"17.10.2020 22:10:27",
            "turn-index":3,
            "utterance":"フッ素入りの歯磨き粉で歯を磨いてから、クラシックを聴きます。あなたは？"
        },
        {
            "speaker":"S",
            "time":"17.10.2020 22:10:31",
            "turn-index":4,
            "utterance":"フッ素入りの歯磨き粉で歯を磨くんですか?"
        },
        {
            "speaker":"U",
            "time":"17.10.2020 22:10:48",
            "turn-index":5,
            "utterance":"はい。フッ素を知っていますか？"
        },
        {
            "speaker":"S",
            "time":"17.10.2020 22:10:52",
            "turn-index":6,
            "utterance":"クラシックは何を聴くんですか? フッ素入りの歯磨き粉は知らなかったです。"
        },
        {
            "speaker":"U",
            "time":"17.10.2020 22:11:32",
            "turn-index":7,
            "utterance":"どんな曲でも聴きます。フッ素はおすすめですよ。"
        },
        {
            "speaker":"S",
            "time":"17.10.2020 22:11:36",
            "turn-index":8,
            "utterance":"どんな曲でも聴くんですね。どんなジャンルが好きですか?"
        },
        {
            "speaker":"U",
            "time":"17.10.2020 22:12:03",
            "turn-index":9,
            "utterance":"全般です。"
        },
        {
            "speaker":"S",
            "time":"17.10.2020 22:12:09",
            "turn-index":10,
            "utterance":"私も何でも聴きます。カラオケでもアニソンとかボカロが多いです。"
        },
        {
            "speaker":"U",
            "time":"17.10.2020 22:12:55",
            "turn-index":11,
            "utterance":"そうですか。桑田佳祐の曲は聞きますか？"
        },
        {
            "speaker":"S",
            "time":"17.10.2020 22:12:58",
            "turn-index":12,
            "utterance":"桑田佳祐さんの曲も聴きますよ。"
        },
        {
            "speaker":"U",
            "time":"17.10.2020 22:13:07",
            "turn-index":13,
            "utterance":"どんな曲が好きですか？"
        },
        {
            "speaker":"S",
            "time":"17.10.2020 22:13:10",
            "turn-index":14,
            "utterance":"ボカロだと、千本桜とか、ゴーストルールとか、ナユタン星人さんとかが好きです。"
        },
        {
            "speaker":"U",
            "time":"17.10.2020 22:13:45",
            "turn-index":15,
            "utterance":"カラオケで桑田佳祐さんの曲も歌ってみてくださいね。"
        },
        {
            "speaker":"S",
            "time":"17.10.2020 22:13:48",
            "turn-index":16,
            "utterance":"ナユタン星人さんの曲はほとんど歌えます。"
        },
        {
            "speaker":"U",
            "time":"17.10.2020 22:14:12",
            "turn-index":17,
            "utterance":"ナユタン成人と桑田佳祐のどちらが好きですか？"
        },
        {
            "speaker":"S",
            "time":"17.10.2020 22:14:16",
            "turn-index":18,
            "utterance":"どっちも好きですが、桑田さんのほうがよく歌います。"
        },
        {
            "speaker":"U",
            "time":"17.10.2020 22:14:48",
            "turn-index":19,
            "utterance":"桑田佳祐さんのどんなところが好きですか？"
        },
        {
            "speaker":"S",
            "time":"17.10.2020 22:14:53",
            "turn-index":20,
            "utterance":"桑田さんのほうが優しい声で歌うところが好きです。"
        },
        {
            "speaker":"U",
            "time":"17.10.2020 22:15:11",
            "turn-index":21,
            "utterance":"私もそう思います。気が合いますね。"
        },
        {
            "speaker":"S",
            "time":"17.10.2020 22:15:14",
            "turn-index":22,
            "utterance":"そうですね。 桑田さんの優しい声はほんとに癒されます。"
        },
        {
            "speaker":"U",
            "time":"17.10.2020 22:15:37",
            "turn-index":23,
            "utterance":"癒される、といえば、疲れて乳酸が溜まっていませんか？"
        },
        {
            "speaker":"S",
            "time":"17.10.2020 22:15:41",
            "turn-index":24,
            "utterance":"そうなんですかね? 実は桑田さんのライブに行ったことがなくて、 行ってみたいです。"
        },
        {
            "speaker":"U",
            "time":"17.10.2020 22:16:40",
            "turn-index":25,
            "utterance":"ライブに行ったら疲れて乳酸が溜まると思いますよ。"
        },
        {
            "speaker":"S",
            "time":"17.10.2020 22:16:44",
            "turn-index":26,
            "utterance":"そうなんですか! それはいいですね。 ストレス発散にもなりそうですね。"
        },
        {
            "speaker":"U",
            "time":"17.10.2020 22:18:49",
            "turn-index":27,
            "utterance":"入浴もストレス発散と乳酸の分解にいいですよ。"
        },
        {
            "speaker":"S",
            "time":"17.10.2020 22:18:53",
            "turn-index":28,
            "utterance":"なるほど。 今度試してみます。 他に趣味はありますか?あ、すみません。そろそろ時間ですね。今日はありがとうございました。"
        },
        {
            "speaker":"U",
            "time":"17.10.2020 22:19:15",
            "turn-index":29,
            "utterance":"今日はありがとうございました。"
        },
        {
            "speaker":"S",
            "time":"17.10.2020 22:19:18",
            "turn-index":30,
            "utterance":"こちらこそありがとうございました。 お疲れさまでした。"
        }
    ]
}