{
    "dialogue-id":"HBY_01",
    "group-id":"",
    "speaker-id":"hobbyist",
    "turns":[
        {
            "speaker":"S",
            "time":"17.10.2020 18:40:27",
            "turn-index":0,
            "utterance":"こんにちは。よろしくお願いします。早速ですけど、何か趣味ってありますか？"
        },
        {
            "speaker":"U",
            "time":"17.10.2020 18:41:10",
            "turn-index":1,
            "utterance":"旅行に行くことです。"
        },
        {
            "speaker":"S",
            "time":"17.10.2020 18:41:13",
            "turn-index":2,
            "utterance":"私も旅行好きです。最近どこか行かれましたか?"
        },
        {
            "speaker":"U",
            "time":"17.10.2020 18:41:27",
            "turn-index":3,
            "utterance":"最近は八丈島に行きました。"
        },
        {
            "speaker":"S",
            "time":"17.10.2020 18:41:30",
            "turn-index":4,
            "utterance":"いいですね!八丈島行ったことないので行ってみたいです。どうでしたか?"
        },
        {
            "speaker":"U",
            "time":"17.10.2020 18:41:53",
            "turn-index":5,
            "utterance":"自然豊かでとても素敵なところです。"
        },
        {
            "speaker":"S",
            "time":"17.10.2020 18:41:55",
            "turn-index":6,
            "utterance":"そうなんですね。いつか行ってみたいです。他に旅行で行かれた場所はありますか?"
        },
        {
            "speaker":"U",
            "time":"17.10.2020 18:42:33",
            "turn-index":7,
            "utterance":"まだ他には行っていなくて、計画を立てているところです。"
        },
        {
            "speaker":"S",
            "time":"17.10.2020 18:42:37",
            "turn-index":8,
            "utterance":"なるほど。ご旅行は国内ですか?海外ですか?"
        },
        {
            "speaker":"U",
            "time":"17.10.2020 18:42:46",
            "turn-index":9,
            "utterance":"国内がいいですね。"
        },
        {
            "speaker":"S",
            "time":"17.10.2020 18:42:49",
            "turn-index":10,
            "utterance":"そうなんですね。旅行は国内と海外どちらが好きですか?"
        },
        {
            "speaker":"U",
            "time":"17.10.2020 18:43:08",
            "turn-index":11,
            "utterance":"国内旅行が好きです。"
        },
        {
            "speaker":"S",
            "time":"17.10.2020 18:43:13",
            "turn-index":12,
            "utterance":"私は国内だと広島や島根県が好きです。 どちらによく行かれますか?"
        },
        {
            "speaker":"U",
            "time":"17.10.2020 18:44:10",
            "turn-index":13,
            "utterance":"よく行くところは徳島県ですが、屋久島に行ってみたいですね。"
        },
        {
            "speaker":"S",
            "time":"17.10.2020 18:44:14",
            "turn-index":14,
            "utterance":"屋久島いいですね! 瀬戸内海の海がとてもきれいですよね。"
        },
        {
            "speaker":"U",
            "time":"17.10.2020 18:44:33",
            "turn-index":15,
            "utterance":"屋久島は鹿児島県なので瀬戸内海はないですよ。"
        },
        {
            "speaker":"S",
            "time":"17.10.2020 18:44:38",
            "turn-index":16,
            "utterance":"あ、屋久島は鹿児島でしたね! 鹿児島もきれいな海ですね!"
        },
        {
            "speaker":"U",
            "time":"17.10.2020 18:46:06",
            "turn-index":17,
            "utterance":"とてもきれいな海と評判なので行ってみたいですね。"
        },
        {
            "speaker":"S",
            "time":"17.10.2020 18:46:10",
            "turn-index":18,
            "utterance":"屋久島は奄美大島の近くですか?"
        },
        {
            "speaker":"U",
            "time":"17.10.2020 18:46:23",
            "turn-index":19,
            "utterance":"あまり近くはないですね。"
        },
        {
            "speaker":"S",
            "time":"17.10.2020 18:46:26",
            "turn-index":20,
            "utterance":"九州の海はどこもきれいですよね! そうなんですね! よく行かれるんですか?"
        },
        {
            "speaker":"U",
            "time":"17.10.2020 18:46:50",
            "turn-index":21,
            "utterance":"実は九州には行ったことがないんです。"
        },
        {
            "speaker":"S",
            "time":"17.10.2020 18:46:56",
            "turn-index":22,
            "utterance":"そうなんですね! 九州は食べ物もおいしいので、ぜひ行ってみてください!"
        },
        {
            "speaker":"U",
            "time":"17.10.2020 18:47:37",
            "turn-index":23,
            "utterance":"はい。とても興味があるので必ず行きたいと思います。"
        },
        {
            "speaker":"S",
            "time":"17.10.2020 18:47:40",
            "turn-index":24,
            "utterance":"海鮮もおいしいし、魚介類もおいしいです!"
        },
        {
            "speaker":"U",
            "time":"17.10.2020 18:48:03",
            "turn-index":25,
            "utterance":"海の近くだとおいしい食べ物がたくさんありそうですね。"
        },
        {
            "speaker":"S",
            "time":"17.10.2020 18:48:10",
            "turn-index":26,
            "utterance":"ぜひぜひ! そうなんですよ!海の幸が本当においしいです!"
        },
        {
            "speaker":"U",
            "time":"17.10.2020 18:48:29",
            "turn-index":27,
            "utterance":"海鮮は何でも好きなので楽しみです。"
        },
        {
            "speaker":"S",
            "time":"17.10.2020 18:48:32",
            "turn-index":28,
            "utterance":"海鮮好きにはたまりませんよ! 特に何が好きですか?あ、すみません。そろそろ時間ですね。今日はありがとうございました。"
        },
        {
            "speaker":"U",
            "time":"17.10.2020 18:48:59",
            "turn-index":29,
            "utterance":"私は雲丹が好きですね。こちらこそありがとうございました。"
        },
        {
            "speaker":"S",
            "time":"17.10.2020 18:49:04",
            "turn-index":30,
            "utterance":"雲丹もおいしいですよね! ではまた!"
        }
    ]
}