{
    "dialogue-id":"HBY_11",
    "group-id":"",
    "speaker-id":"hobbyist",
    "turns":[
        {
            "speaker":"S",
            "time":"17.10.2020 17:37:18",
            "turn-index":0,
            "utterance":"こんにちは。よろしくお願いします。早速ですけど、何か趣味ってありますか？"
        },
        {
            "speaker":"U",
            "time":"17.10.2020 17:39:55",
            "turn-index":1,
            "utterance":"Eスポーツというかゲームが趣味です。"
        },
        {
            "speaker":"S",
            "time":"17.10.2020 17:39:58",
            "turn-index":2,
            "utterance":"eスポーツですか、初めて聞きました。どんなゲームですか?"
        },
        {
            "speaker":"U",
            "time":"17.10.2020 17:40:22",
            "turn-index":3,
            "utterance":"私はリーグオブレジェンドというゲームをよくやってます。"
        },
        {
            "speaker":"S",
            "time":"17.10.2020 17:40:25",
            "turn-index":4,
            "utterance":"リーグオブレジェンドは聞いたことあります。面白そうですね。"
        },
        {
            "speaker":"U",
            "time":"17.10.2020 17:40:45",
            "turn-index":5,
            "utterance":"面白いので、是非やってみてください。"
        },
        {
            "speaker":"S",
            "time":"17.10.2020 17:40:49",
            "turn-index":6,
            "utterance":"ゲームセンターにあるゲームですか? 時間のあるときにやってみます。"
        },
        {
            "speaker":"U",
            "time":"17.10.2020 17:41:28",
            "turn-index":7,
            "utterance":"ゲームセンターにあるゲームではなく、PCゲームですね。"
        },
        {
            "speaker":"S",
            "time":"17.10.2020 17:41:31",
            "turn-index":8,
            "utterance":"そうなんですね。pcゲームはあまりやったことがないのですが、どんなゲームですか?"
        },
        {
            "speaker":"U",
            "time":"17.10.2020 17:42:38",
            "turn-index":9,
            "utterance":"MOBAという複数人がオンラインで遊ぶゲームです。"
        },
        {
            "speaker":"S",
            "time":"17.10.2020 17:42:41",
            "turn-index":10,
            "utterance":"そうなんですね。オンラインでできるんですね。知らなかったです。"
        },
        {
            "speaker":"U",
            "time":"17.10.2020 17:43:00",
            "turn-index":11,
            "utterance":"友達とかといっしょにできるので、今度一緒にやりましょう。"
        },
        {
            "speaker":"S",
            "time":"17.10.2020 17:43:03",
            "turn-index":12,
            "utterance":"mobaですか。面白そうですね。ぜひ、一緒にやりましょう。"
        },
        {
            "speaker":"U",
            "time":"17.10.2020 17:43:32",
            "turn-index":13,
            "utterance":"そうですね。他には日本酒が好きですよ。"
        },
        {
            "speaker":"S",
            "time":"17.10.2020 17:43:35",
            "turn-index":14,
            "utterance":"お酒は何がお好きですか? 日本酒ですか。渋いですね。"
        },
        {
            "speaker":"U",
            "time":"17.10.2020 17:44:11",
            "turn-index":15,
            "utterance":"私もそう思っていましたが、飲んでみたら気に入りました。"
        },
        {
            "speaker":"S",
            "time":"17.10.2020 17:44:17",
            "turn-index":16,
            "utterance":"辛口とか甘口とかありますけど、どちらが好きですか?"
        },
        {
            "speaker":"U",
            "time":"17.10.2020 17:44:44",
            "turn-index":17,
            "utterance":"甘口のほうが好きです。あなたはどちらが好きですか？"
        },
        {
            "speaker":"S",
            "time":"17.10.2020 17:44:48",
            "turn-index":18,
            "utterance":"私も甘口が好きです。 お酒は何を飲まれるんですか?"
        },
        {
            "speaker":"U",
            "time":"17.10.2020 17:45:23",
            "turn-index":19,
            "utterance":"他にもビールもたまに飲みますけど、日本酒のほうが好きです。"
        },
        {
            "speaker":"S",
            "time":"17.10.2020 17:45:27",
            "turn-index":20,
            "utterance":"私はなんでも飲みますが、強いて言えば日本酒ですね。"
        },
        {
            "speaker":"U",
            "time":"17.10.2020 17:46:09",
            "turn-index":21,
            "utterance":"では、一緒ですね。日本酒には日本食が合いますよね。"
        },
        {
            "speaker":"S",
            "time":"17.10.2020 17:46:12",
            "turn-index":22,
            "utterance":"そうですね。日本食とお酒の相性は抜群です。"
        },
        {
            "speaker":"U",
            "time":"17.10.2020 17:46:48",
            "turn-index":23,
            "utterance":"本当にそう思います。ただ、私はご飯も好きなので、ご飯も食べたくなります。"
        },
        {
            "speaker":"S",
            "time":"17.10.2020 17:46:54",
            "turn-index":24,
            "utterance":"そうなんですね。和食と洋食だとどちらがお好きですか?"
        },
        {
            "speaker":"U",
            "time":"17.10.2020 17:47:29",
            "turn-index":25,
            "utterance":"日本酒に合う分やはり和食ですかね。"
        },
        {
            "speaker":"S",
            "time":"17.10.2020 17:47:32",
            "turn-index":26,
            "utterance":"ご飯も合いますね。日本酒とご飯の組み合わせは最高です。"
        },
        {
            "speaker":"U",
            "time":"17.10.2020 17:47:51",
            "turn-index":27,
            "utterance":"いえ、日本酒とご飯は私は組み合わせませんよ。"
        },
        {
            "speaker":"S",
            "time":"17.10.2020 17:47:55",
            "turn-index":28,
            "utterance":"そうでしたか。すみません。お酒は強いほうですか?あ、すみません。そろそろ時間ですね。今日はありがとうございました。"
        },
        {
            "speaker":"U",
            "time":"17.10.2020 17:48:10",
            "turn-index":29,
            "utterance":"お酒は強くはないですね。ありがとうございました。"
        },
        {
            "speaker":"S",
            "time":"17.10.2020 17:48:15",
            "turn-index":30,
            "utterance":"いえいえ、こちらこそありがとうございました。良い夜を。"
        }
    ]
}