{
    "dialogue-id":"HBY_36",
    "group-id":"",
    "speaker-id":"hobbyist",
    "turns":[
        {
            "speaker":"S",
            "time":"17.10.2020 18:52:15",
            "turn-index":0,
            "utterance":"こんにちは。よろしくお願いします。早速ですけど、何か趣味ってありますか？"
        },
        {
            "speaker":"U",
            "time":"17.10.2020 18:52:44",
            "turn-index":1,
            "utterance":"こんにちは。最近は動物の動画を見るのが趣味です。"
        },
        {
            "speaker":"S",
            "time":"17.10.2020 18:52:47",
            "turn-index":2,
            "utterance":"私も動物の動画を見るのが好きです。どんな動物が好きですか?"
        },
        {
            "speaker":"U",
            "time":"17.10.2020 18:53:08",
            "turn-index":3,
            "utterance":"自分は犬が好きです。そちらは？"
        },
        {
            "speaker":"S",
            "time":"17.10.2020 18:53:11",
            "turn-index":4,
            "utterance":"犬かわいいですよね。私は、猫と犬だったら猫派です。"
        },
        {
            "speaker":"U",
            "time":"17.10.2020 18:53:33",
            "turn-index":5,
            "utterance":"そうなんですか。実際に飼ってますか？"
        },
        {
            "speaker":"S",
            "time":"17.10.2020 18:53:36",
            "turn-index":6,
            "utterance":"はい、飼ってます。トイプードルです。"
        },
        {
            "speaker":"U",
            "time":"17.10.2020 18:53:51",
            "turn-index":7,
            "utterance":"猫じゃないんですね。"
        },
        {
            "speaker":"S",
            "time":"17.10.2020 18:53:55",
            "turn-index":8,
            "utterance":"トイプードルとマルチーズのミックスです。"
        },
        {
            "speaker":"U",
            "time":"17.10.2020 18:54:29",
            "turn-index":9,
            "utterance":"猫は飼わないんですか？"
        },
        {
            "speaker":"S",
            "time":"17.10.2020 18:54:32",
            "turn-index":10,
            "utterance":"猫も飼いたいんですけど、家の事情で飼えないんです。"
        },
        {
            "speaker":"U",
            "time":"17.10.2020 18:54:52",
            "turn-index":11,
            "utterance":"そうなんですか。恐竜とかは興味がありますか？"
        },
        {
            "speaker":"S",
            "time":"17.10.2020 18:54:57",
            "turn-index":12,
            "utterance":"猫は事情があって飼えないんです。 恐竜は興味ありますね。"
        },
        {
            "speaker":"U",
            "time":"17.10.2020 18:55:14",
            "turn-index":13,
            "utterance":"ジュラシックパークとか見ましたか？"
        },
        {
            "speaker":"S",
            "time":"17.10.2020 18:55:17",
            "turn-index":14,
            "utterance":"ジュラシックパーク見たことないんです。 面白いですか?"
        },
        {
            "speaker":"U",
            "time":"17.10.2020 18:55:27",
            "turn-index":15,
            "utterance":"そこそこ面白かったですよ。"
        },
        {
            "speaker":"S",
            "time":"17.10.2020 18:55:30",
            "turn-index":16,
            "utterance":"見てないです。 そうなんですね。 どんなところが面白かったですか?"
        },
        {
            "speaker":"U",
            "time":"17.10.2020 18:56:05",
            "turn-index":17,
            "utterance":"恐竜の動きがリアルっぽいところが良かったですね。本物知らないですけど。"
        },
        {
            "speaker":"S",
            "time":"17.10.2020 18:56:11",
            "turn-index":18,
            "utterance":"そうなんですね。 ちょっと興味あります。 本物知らないですけど"
        },
        {
            "speaker":"U",
            "time":"17.10.2020 18:56:25",
            "turn-index":19,
            "utterance":"どんな恐竜が好きですか？"
        },
        {
            "speaker":"S",
            "time":"17.10.2020 18:56:30",
            "turn-index":20,
            "utterance":"基本的になんでも好きですね。 強いて言えばアシダカグモが好きです。"
        },
        {
            "speaker":"U",
            "time":"17.10.2020 18:56:47",
            "turn-index":21,
            "utterance":"クモは恐竜じゃないと思いますよ。"
        },
        {
            "speaker":"S",
            "time":"17.10.2020 18:56:51",
            "turn-index":22,
            "utterance":"やっぱりそうですよね。 ヒョウモントカゲモドキとかが好きです。"
        },
        {
            "speaker":"U",
            "time":"17.10.2020 18:57:14",
            "turn-index":23,
            "utterance":"そんなトカゲがいるんですか。見たことないです。"
        },
        {
            "speaker":"S",
            "time":"17.10.2020 18:57:18",
            "turn-index":24,
            "utterance":"トカゲモドキは毛がモコモコで可愛いですよ。"
        },
        {
            "speaker":"U",
            "time":"17.10.2020 18:57:34",
            "turn-index":25,
            "utterance":"へぇー、今度調べてみます。"
        },
        {
            "speaker":"S",
            "time":"17.10.2020 18:57:38",
            "turn-index":26,
            "utterance":"トカゲモドキは爬虫類ショップとかで買えますよ。"
        },
        {
            "speaker":"U",
            "time":"17.10.2020 18:57:54",
            "turn-index":27,
            "utterance":"でもお高いんでしょ？"
        },
        {
            "speaker":"S",
            "time":"17.10.2020 18:57:58",
            "turn-index":28,
            "utterance":"レオパとかコオロギとかよりは安いですよ。あ、すみません。そろそろ時間ですね。今日はありがとうございました。"
        },
        {
            "speaker":"U",
            "time":"17.10.2020 18:58:13",
            "turn-index":29,
            "utterance":"こちらこそありがとうございました。"
        },
        {
            "speaker":"S",
            "time":"17.10.2020 18:58:17",
            "turn-index":30,
            "utterance":"いえいえ、こちらこそありがとうございました。 ではまた。"
        }
    ]
}