{
    "dialogue-id":"HBY_29",
    "group-id":"",
    "speaker-id":"hobbyist",
    "turns":[
        {
            "speaker":"S",
            "time":"17.10.2020 18:55:50",
            "turn-index":0,
            "utterance":"こんにちは。よろしくお願いします。早速ですけど、何か趣味ってありますか？"
        },
        {
            "speaker":"U",
            "time":"17.10.2020 18:56:48",
            "turn-index":1,
            "utterance":"こんにちは。少し恥ずかしいのですが、反町隆史の出演するドラマを見ることが趣味です"
        },
        {
            "speaker":"S",
            "time":"17.10.2020 18:56:55",
            "turn-index":2,
            "utterance":"反町隆史さんのドラマ面白いですよね。僕も好きです。"
        },
        {
            "speaker":"U",
            "time":"17.10.2020 18:57:15",
            "turn-index":3,
            "utterance":"それは嬉しいです！趣味が合いそうですね"
        },
        {
            "speaker":"S",
            "time":"17.10.2020 18:57:29",
            "turn-index":4,
            "utterance":"そうですね。趣味が合って嬉しいです。他に趣味はありますか?"
        },
        {
            "speaker":"U",
            "time":"17.10.2020 18:58:21",
            "turn-index":5,
            "utterance":"月の観察をするのが大好きですね。天体観測が趣味なんです。"
        },
        {
            "speaker":"S",
            "time":"17.10.2020 18:58:26",
            "turn-index":6,
            "utterance":"天体観測いいですね。どの辺で見られるんですか?"
        },
        {
            "speaker":"U",
            "time":"17.10.2020 18:58:38",
            "turn-index":7,
            "utterance":"北海道ですね"
        },
        {
            "speaker":"S",
            "time":"17.10.2020 18:58:42",
            "turn-index":8,
            "utterance":"そうなんですね。北海道のどのあたりですか? 私は沖縄の離島が好きです。"
        },
        {
            "speaker":"U",
            "time":"17.10.2020 18:59:05",
            "turn-index":9,
            "utterance":"知床あたりとか、とても綺麗でしたよ。"
        },
        {
            "speaker":"S",
            "time":"17.10.2020 18:59:09",
            "turn-index":10,
            "utterance":"知床ですか。いったことないです。どんなところですか?"
        },
        {
            "speaker":"U",
            "time":"17.10.2020 18:59:33",
            "turn-index":11,
            "utterance":"とても寒いですが、自然が豊かなところですよ。"
        },
        {
            "speaker":"S",
            "time":"17.10.2020 18:59:36",
            "turn-index":12,
            "utterance":"寒いのはちょっと苦手ですが、自然が豊かなのはいいですね。"
        },
        {
            "speaker":"U",
            "time":"17.10.2020 19:00:10",
            "turn-index":13,
            "utterance":"寒い時はとくに月が綺麗に見えますよ。"
        },
        {
            "speaker":"S",
            "time":"17.10.2020 19:00:14",
            "turn-index":14,
            "utterance":"あ、いいですね。星空もきれいに見えますか?"
        },
        {
            "speaker":"U",
            "time":"17.10.2020 19:00:29",
            "turn-index":15,
            "utterance":"もちろんです。小さな星もたくさん見えますよ。"
        },
        {
            "speaker":"S",
            "time":"17.10.2020 19:00:33",
            "turn-index":16,
            "utterance":"へぇ、それはいいですねぇ。ちょっと興味がわいてきました。"
        },
        {
            "speaker":"U",
            "time":"17.10.2020 19:01:00",
            "turn-index":17,
            "utterance":"カメラで撮影するのもお勧めですね"
        },
        {
            "speaker":"S",
            "time":"17.10.2020 19:01:03",
            "turn-index":18,
            "utterance":"カメラですか。写真とかとるの好きなんですか?"
        },
        {
            "speaker":"U",
            "time":"17.10.2020 19:01:09",
            "turn-index":19,
            "utterance":"好きですよ"
        },
        {
            "speaker":"S",
            "time":"17.10.2020 19:01:12",
            "turn-index":20,
            "utterance":"へぇ、一眼レフですか?スマホですか?笑"
        },
        {
            "speaker":"U",
            "time":"17.10.2020 19:01:22",
            "turn-index":21,
            "utterance":"一眼レフですね"
        },
        {
            "speaker":"S",
            "time":"17.10.2020 19:01:25",
            "turn-index":22,
            "utterance":"最近全然とってないですけど、前はよく撮ってました。"
        },
        {
            "speaker":"U",
            "time":"17.10.2020 19:02:03",
            "turn-index":23,
            "utterance":"それは素敵ですね"
        },
        {
            "speaker":"S",
            "time":"17.10.2020 19:02:06",
            "turn-index":24,
            "utterance":"そうですか?笑 風景とか、動物とか撮るのが好きです。"
        },
        {
            "speaker":"U",
            "time":"17.10.2020 19:02:23",
            "turn-index":25,
            "utterance":"私も好きですね。癒されますよね"
        },
        {
            "speaker":"S",
            "time":"17.10.2020 19:02:26",
            "turn-index":26,
            "utterance":"癒されますね。 旅行は最近どこか行かれましたか?"
        },
        {
            "speaker":"U",
            "time":"17.10.2020 19:02:41",
            "turn-index":27,
            "utterance":"秋田県に行きました。"
        },
        {
            "speaker":"S",
            "time":"17.10.2020 19:02:44",
            "turn-index":28,
            "utterance":"あ、私も秋田県行きました! 美味しいもの食べましたか?あ、すみません。そろそろ時間ですね。今日はありがとうございました。"
        },
        {
            "speaker":"U",
            "time":"17.10.2020 19:03:11",
            "turn-index":29,
            "utterance":"きりたんぽを食べました。こちらこそありがとう！楽しかったです。"
        },
        {
            "speaker":"S",
            "time":"17.10.2020 19:03:15",
            "turn-index":30,
            "utterance":"きりたんぽいいですね! では、また。"
        }
    ]
}