{
    "dialogue-id":"HBY_26",
    "group-id":"",
    "speaker-id":"hobbyist",
    "turns":[
        {
            "speaker":"S",
            "time":"17.10.2020 18:54:35",
            "turn-index":0,
            "utterance":"こんにちは。よろしくお願いします。早速ですけど、何か趣味ってありますか？"
        },
        {
            "speaker":"U",
            "time":"17.10.2020 18:55:02",
            "turn-index":1,
            "utterance":"趣味は旅行に行くことかな？"
        },
        {
            "speaker":"S",
            "time":"17.10.2020 18:55:05",
            "turn-index":2,
            "utterance":"私も旅行好きです!最近はどちらに行かれましたか?"
        },
        {
            "speaker":"U",
            "time":"17.10.2020 18:55:30",
            "turn-index":3,
            "utterance":"最近広島の厳島神社に行きました。"
        },
        {
            "speaker":"S",
            "time":"17.10.2020 18:55:37",
            "turn-index":4,
            "utterance":"広島の厳島神社、私も行ったことあります!よかったですか?"
        },
        {
            "speaker":"U",
            "time":"17.10.2020 18:56:04",
            "turn-index":5,
            "utterance":"鳥居も見れて景色もきれいでとても良かったです。"
        },
        {
            "speaker":"S",
            "time":"17.10.2020 18:56:08",
            "turn-index":6,
            "utterance":"いいですね!私も鳥居見たかったんですけど、朝イチで行ったので見れなかったです"
        },
        {
            "speaker":"U",
            "time":"17.10.2020 18:56:54",
            "turn-index":7,
            "utterance":"朝だと見れないのかな？"
        },
        {
            "speaker":"S",
            "time":"17.10.2020 18:57:03",
            "turn-index":8,
            "utterance":"はい、朝イチだったので真っ暗でした"
        },
        {
            "speaker":"U",
            "time":"17.10.2020 18:57:15",
            "turn-index":9,
            "utterance":"あー、そういうことか"
        },
        {
            "speaker":"S",
            "time":"17.10.2020 18:57:21",
            "turn-index":10,
            "utterance":"真っ暗で何も見えなかったです  趣味は何ですか?"
        },
        {
            "speaker":"U",
            "time":"17.10.2020 18:58:10",
            "turn-index":11,
            "utterance":"なるほどねー、趣味は旅行で今度屋久島に行ってみたいと思ってて"
        },
        {
            "speaker":"S",
            "time":"17.10.2020 18:58:12",
            "turn-index":12,
            "utterance":"屋久島いいですね! 私も一度行ってみたいです"
        },
        {
            "speaker":"U",
            "time":"17.10.2020 18:58:56",
            "turn-index":13,
            "utterance":"一回行ってきれいな自然の景色を見てみたいな。"
        },
        {
            "speaker":"S",
            "time":"17.10.2020 18:59:00",
            "turn-index":14,
            "utterance":"そうなんですね! 旅行は国内ですか? 海外ですか?"
        },
        {
            "speaker":"U",
            "time":"17.10.2020 18:59:20",
            "turn-index":15,
            "utterance":"今は国内旅行が楽しいかな"
        },
        {
            "speaker":"S",
            "time":"17.10.2020 18:59:23",
            "turn-index":16,
            "utterance":"そうなんですね! 国内はどちらに行かれましたか?"
        },
        {
            "speaker":"U",
            "time":"17.10.2020 19:00:27",
            "turn-index":17,
            "utterance":"沖縄とか北海道には行きました"
        },
        {
            "speaker":"S",
            "time":"17.10.2020 19:00:30",
            "turn-index":18,
            "utterance":"沖縄行ったことないので行ってみたいです! 沖縄だとどこに行かれましたか?"
        },
        {
            "speaker":"U",
            "time":"17.10.2020 19:02:00",
            "turn-index":19,
            "utterance":"首里城とか美ら海水族館に行きました"
        },
        {
            "speaker":"S",
            "time":"17.10.2020 19:02:03",
            "turn-index":20,
            "utterance":"美ら海水族館は私も行きました! ジンベイザメ可愛いですよね"
        },
        {
            "speaker":"U",
            "time":"17.10.2020 19:02:14",
            "turn-index":21,
            "utterance":"うん、かわいいですよね"
        },
        {
            "speaker":"S",
            "time":"17.10.2020 19:02:18",
            "turn-index":22,
            "utterance":"美ら海水族館のイルカショー見ました?"
        },
        {
            "speaker":"U",
            "time":"17.10.2020 19:03:20",
            "turn-index":23,
            "utterance":"見ました。すごかったです"
        },
        {
            "speaker":"S",
            "time":"17.10.2020 19:03:25",
            "turn-index":24,
            "utterance":"すごいですよね! ジンベイザメのイルカショー初めて見たとき感動しました"
        },
        {
            "speaker":"U",
            "time":"17.10.2020 19:05:05",
            "turn-index":25,
            "utterance":"イルカショー感動しますよね"
        },
        {
            "speaker":"S",
            "time":"17.10.2020 19:05:08",
            "turn-index":26,
            "utterance":"イルカショー見ながら泳いでみたいと思いました"
        },
        {
            "speaker":"U",
            "time":"17.10.2020 19:05:26",
            "turn-index":27,
            "utterance":"一緒に泳げたら楽しそう"
        },
        {
            "speaker":"S",
            "time":"17.10.2020 19:05:29",
            "turn-index":28,
            "utterance":"一緒に泳いだら溺れそうです あ、すみません。そろそろ時間ですね。今日はありがとうございました。"
        },
        {
            "speaker":"U",
            "time":"17.10.2020 19:06:07",
            "turn-index":29,
            "utterance":"うん、ありがとうございました。"
        },
        {
            "speaker":"S",
            "time":"17.10.2020 19:06:12",
            "turn-index":30,
            "utterance":"こちらこそありがとうございました。お疲れさまでした。おやすみなさい。"
        }
    ]
}