{
    "dialogue-id":"HBY_46",
    "group-id":"",
    "speaker-id":"hobbyist",
    "turns":[
        {
            "speaker":"S",
            "time":"17.10.2020 17:43:40",
            "turn-index":0,
            "utterance":"こんにちは。よろしくお願いします。早速ですけど、何か趣味ってありますか？"
        },
        {
            "speaker":"U",
            "time":"17.10.2020 17:44:16",
            "turn-index":1,
            "utterance":"ウルトラセブン"
        },
        {
            "speaker":"S",
            "time":"17.10.2020 17:44:20",
            "turn-index":2,
            "utterance":"ウルトラセブンですか。映画とかドラマとかですか?"
        },
        {
            "speaker":"U",
            "time":"17.10.2020 17:44:46",
            "turn-index":3,
            "utterance":"ドラマだね"
        },
        {
            "speaker":"S",
            "time":"17.10.2020 17:44:51",
            "turn-index":4,
            "utterance":"おぉ、そうなんですね。どの作品が好きですか?"
        },
        {
            "speaker":"U",
            "time":"17.10.2020 17:45:33",
            "turn-index":5,
            "utterance":"やっぱりテレビの第一話かな"
        },
        {
            "speaker":"S",
            "time":"17.10.2020 17:45:36",
            "turn-index":6,
            "utterance":"第一話ですか。何か印象に残ったシーンとかありましたか?"
        },
        {
            "speaker":"U",
            "time":"17.10.2020 17:46:13",
            "turn-index":7,
            "utterance":"最初の怪獣のとこ　名前忘れたけど"
        },
        {
            "speaker":"S",
            "time":"17.10.2020 17:46:16",
            "turn-index":8,
            "utterance":"おぉ、なるほど。怪獣のところは私も結構印象に残ってます。"
        },
        {
            "speaker":"U",
            "time":"17.10.2020 17:46:47",
            "turn-index":9,
            "utterance":"昭和の特撮は今みても楽しいよ"
        },
        {
            "speaker":"S",
            "time":"17.10.2020 17:46:50",
            "turn-index":10,
            "utterance":"へぇ、見てみようかな。 仮面ライダーとか戦隊ものも見てますか?"
        },
        {
            "speaker":"U",
            "time":"17.10.2020 17:48:00",
            "turn-index":11,
            "utterance":"見てたよ、初代のとか"
        },
        {
            "speaker":"S",
            "time":"17.10.2020 17:48:05",
            "turn-index":12,
            "utterance":"仮面ライダーはファイズとか電王は見てました。"
        },
        {
            "speaker":"U",
            "time":"17.10.2020 17:48:21",
            "turn-index":13,
            "utterance":"なるほど　ところでメーテルといえば？"
        },
        {
            "speaker":"S",
            "time":"17.10.2020 17:48:33",
            "turn-index":14,
            "utterance":"クウガとかアギトとか龍騎とかですね。"
        },
        {
            "speaker":"U",
            "time":"17.10.2020 17:49:14",
            "turn-index":15,
            "utterance":"ええそうなの？　自分はやっぱり999かな　知ってる？"
        },
        {
            "speaker":"S",
            "time":"17.10.2020 17:49:18",
            "turn-index":16,
            "utterance":"どっちも名前だけ聞いたことあります。 私はアマゾンプライムで仮面ライダーアマゾンズを見てます。"
        },
        {
            "speaker":"U",
            "time":"17.10.2020 17:49:32",
            "turn-index":17,
            "utterance":"プライムいいよね"
        },
        {
            "speaker":"S",
            "time":"17.10.2020 17:49:36",
            "turn-index":18,
            "utterance":"仮面ライダーアマゾンズですか。 アマゾンプライムはいいですよ。"
        },
        {
            "speaker":"U",
            "time":"17.10.2020 17:50:06",
            "turn-index":19,
            "utterance":"うん　安いし"
        },
        {
            "speaker":"S",
            "time":"17.10.2020 17:50:10",
            "turn-index":20,
            "utterance":"アマゾンプライムってアニメも見られるんですか?"
        },
        {
            "speaker":"U",
            "time":"17.10.2020 17:50:29",
            "turn-index":21,
            "utterance":"もちろん　面白いのいっぱいあるよ"
        },
        {
            "speaker":"S",
            "time":"17.10.2020 17:50:34",
            "turn-index":22,
            "utterance":"知らなかったです。 アマゾンプライムでオススメありますか?"
        },
        {
            "speaker":"U",
            "time":"17.10.2020 17:51:17",
            "turn-index":23,
            "utterance":"アニメだとあられちゃんかな"
        },
        {
            "speaker":"S",
            "time":"17.10.2020 17:51:20",
            "turn-index":24,
            "utterance":"ありがとうございます。 あられちゃんですね。 見てみます。"
        },
        {
            "speaker":"U",
            "time":"17.10.2020 17:52:13",
            "turn-index":25,
            "utterance":"うん　いいよ　おススメってある？"
        },
        {
            "speaker":"S",
            "time":"17.10.2020 17:52:17",
            "turn-index":26,
            "utterance":"最近のものだと 結城友奈は勇者である が面白かったです。"
        },
        {
            "speaker":"U",
            "time":"17.10.2020 17:52:46",
            "turn-index":27,
            "utterance":"へえ　面白そうなタイトルだね　見てみよう"
        },
        {
            "speaker":"S",
            "time":"17.10.2020 17:52:52",
            "turn-index":28,
            "utterance":"今期だと ロクでなし魔術講師と禁忌教典 がおすすめです。あ、すみません。そろそろ時間ですね。今日はありがとうございました。"
        },
        {
            "speaker":"U",
            "time":"17.10.2020 17:53:13",
            "turn-index":29,
            "utterance":"こちらこそありがとうです"
        },
        {
            "speaker":"S",
            "time":"17.10.2020 17:53:16",
            "turn-index":30,
            "utterance":"いえいえ、こちらこそ。 またお話しましょう。では。"
        }
    ]
}