{
    "dialogue-id":"HBY_40",
    "group-id":"",
    "speaker-id":"hobbyist",
    "turns":[
        {
            "speaker":"S",
            "time":"17.10.2020 21:04:23",
            "turn-index":0,
            "utterance":"こんにちは。よろしくお願いします。早速ですけど、何か趣味ってありますか？"
        },
        {
            "speaker":"U",
            "time":"17.10.2020 21:04:49",
            "turn-index":1,
            "utterance":"読書です"
        },
        {
            "speaker":"S",
            "time":"17.10.2020 21:04:54",
            "turn-index":2,
            "utterance":"読書ですか。どんなジャンルを読まれるんですか?"
        },
        {
            "speaker":"U",
            "time":"17.10.2020 21:05:54",
            "turn-index":3,
            "utterance":"推理物がすきですね。犬神家の一族を最近読み直してとても良かったです。"
        },
        {
            "speaker":"S",
            "time":"17.10.2020 21:05:59",
            "turn-index":4,
            "utterance":"犬神家の一族、読んだことないです。どんなお話ですか?"
        },
        {
            "speaker":"U",
            "time":"17.10.2020 21:07:09",
            "turn-index":5,
            "utterance":"遺産争いの話です。だれが犯人なのか。"
        },
        {
            "speaker":"S",
            "time":"17.10.2020 21:07:13",
            "turn-index":6,
            "utterance":"へえ、面白そうですね。時間があるときに読んでみます。"
        },
        {
            "speaker":"U",
            "time":"17.10.2020 21:07:39",
            "turn-index":7,
            "utterance":"本のおすすめありますか？"
        },
        {
            "speaker":"S",
            "time":"17.10.2020 21:07:44",
            "turn-index":8,
            "utterance":"人間ドラマですね。私のおすすめは、はらぺこあおむしです。ご存じですか?"
        },
        {
            "speaker":"U",
            "time":"17.10.2020 21:08:12",
            "turn-index":9,
            "utterance":"しってます！読んでました。グッズも可愛いので好きですよ。"
        },
        {
            "speaker":"S",
            "time":"17.10.2020 21:08:16",
            "turn-index":10,
            "utterance":"あ、そうなんですね。映画もみましたか?はらぺこあおむし。"
        },
        {
            "speaker":"U",
            "time":"17.10.2020 21:08:37",
            "turn-index":11,
            "utterance":"映画あるんですか?知らなかったです。見てみたい。"
        },
        {
            "speaker":"S",
            "time":"17.10.2020 21:08:42",
            "turn-index":12,
            "utterance":"あ、はらぺこあおむしの漫画もあるんですか?"
        },
        {
            "speaker":"U",
            "time":"17.10.2020 21:09:25",
            "turn-index":13,
            "utterance":"どうなんですかね？ありそうですよね。好きな漫画やアニメありますか？"
        },
        {
            "speaker":"S",
            "time":"17.10.2020 21:09:33",
            "turn-index":14,
            "utterance":"アニメはユーリ!!! on iceとか好きですね。 最近だと、進撃の巨人が面白かったです。"
        },
        {
            "speaker":"U",
            "time":"17.10.2020 21:12:14",
            "turn-index":15,
            "utterance":"進撃の巨人はアニメにハマりました。昔のアニメだと銀河鉄道999です。"
        },
        {
            "speaker":"S",
            "time":"17.10.2020 21:12:19",
            "turn-index":16,
            "utterance":"進撃の巨人、面白いですよね。 銀河鉄道999ってあの主題歌のやつですか?"
        },
        {
            "speaker":"U",
            "time":"17.10.2020 21:13:09",
            "turn-index":17,
            "utterance":"そうです、あの主題歌のですｗメーテルが素敵でした。"
        },
        {
            "speaker":"S",
            "time":"17.10.2020 21:13:14",
            "turn-index":18,
            "utterance":"あ、メーテルいいですよね。私はアンドロメダが好きです。"
        },
        {
            "speaker":"U",
            "time":"17.10.2020 21:13:44",
            "turn-index":19,
            "utterance":"鉄男もかっこいいですよね。"
        },
        {
            "speaker":"S",
            "time":"17.10.2020 21:13:48",
            "turn-index":20,
            "utterance":"はい、かっこいいです。 音楽は何を聴かれますか?"
        },
        {
            "speaker":"U",
            "time":"17.10.2020 21:14:06",
            "turn-index":21,
            "utterance":"日本のロックが好きです。"
        },
        {
            "speaker":"S",
            "time":"17.10.2020 21:14:09",
            "turn-index":22,
            "utterance":"日本のロックですか。どういったものを聴かれますか?"
        },
        {
            "speaker":"U",
            "time":"17.10.2020 21:14:39",
            "turn-index":23,
            "utterance":"歌詞を詰め込んだようなスピード感のある歌が好きです。"
        },
        {
            "speaker":"S",
            "time":"17.10.2020 21:14:42",
            "turn-index":24,
            "utterance":"スピッツとか、槇原敬之とかですか?"
        },
        {
            "speaker":"U",
            "time":"17.10.2020 21:15:03",
            "turn-index":25,
            "utterance":"ちょっと違うけど嫌いじゃないですよ。誰か好きな人います？"
        },
        {
            "speaker":"S",
            "time":"17.10.2020 21:15:08",
            "turn-index":26,
            "utterance":"槇原敬之は昔の曲をよく聴いてました。"
        },
        {
            "speaker":"U",
            "time":"17.10.2020 21:15:19",
            "turn-index":27,
            "utterance":"元気もらえますよね。"
        },
        {
            "speaker":"S",
            "time":"17.10.2020 21:15:23",
            "turn-index":28,
            "utterance":"最近は「夜明けのbeat」という曲にはまってます。あ、すみません。そろそろ時間ですね。今日はありがとうございました。"
        },
        {
            "speaker":"U",
            "time":"17.10.2020 21:15:30",
            "turn-index":29,
            "utterance":"楽しかったです。"
        },
        {
            "speaker":"S",
            "time":"17.10.2020 21:15:33",
            "turn-index":30,
            "utterance":"こちらこそありがとうございました。 楽しかったです。 おやすみなさい。"
        }
    ]
}