{
    "dialogue-id":"HBY_37",
    "group-id":"",
    "speaker-id":"hobbyist",
    "turns":[
        {
            "speaker":"S",
            "time":"17.10.2020 17:40:10",
            "turn-index":0,
            "utterance":"こんにちは。よろしくお願いします。早速ですけど、何か趣味ってありますか？"
        },
        {
            "speaker":"U",
            "time":"17.10.2020 17:40:43",
            "turn-index":1,
            "utterance":"こんにちは。水曜どうでしょうを見るのが趣味です。"
        },
        {
            "speaker":"S",
            "time":"17.10.2020 17:40:46",
            "turn-index":2,
            "utterance":"水曜どうでしょう!大好きです。どのシリーズが好きですか?"
        },
        {
            "speaker":"U",
            "time":"17.10.2020 17:40:59",
            "turn-index":3,
            "utterance":"対決列島が好きです。"
        },
        {
            "speaker":"S",
            "time":"17.10.2020 17:41:03",
            "turn-index":4,
            "utterance":"対決列島は名作ですね!僕はヨーロッパリベンジが好きです。 好きな回とかありますか?"
        },
        {
            "speaker":"U",
            "time":"17.10.2020 17:41:32",
            "turn-index":5,
            "utterance":"安田さんがリバースする回は何度見ても爆笑してしまいます。"
        },
        {
            "speaker":"S",
            "time":"17.10.2020 17:41:39",
            "turn-index":6,
            "utterance":"安田さん面白いですよね!大泉洋とのコンビも好きです。"
        },
        {
            "speaker":"U",
            "time":"17.10.2020 17:41:58",
            "turn-index":7,
            "utterance":"そうですね。あの2人のトークは最高です。"
        },
        {
            "speaker":"S",
            "time":"17.10.2020 17:42:01",
            "turn-index":8,
            "utterance":"大泉洋の笑い声につられて僕も笑っちゃいます"
        },
        {
            "speaker":"U",
            "time":"17.10.2020 17:42:20",
            "turn-index":9,
            "utterance":"ですよね。大泉洋さんはとても面白いですね。"
        },
        {
            "speaker":"S",
            "time":"17.10.2020 17:42:23",
            "turn-index":10,
            "utterance":"趣味は旅行とありますが、最近はどちらに行かれましたか?"
        },
        {
            "speaker":"U",
            "time":"17.10.2020 17:42:44",
            "turn-index":11,
            "utterance":"最近は東京に行きました。"
        },
        {
            "speaker":"S",
            "time":"17.10.2020 17:42:47",
            "turn-index":12,
            "utterance":"東京ですか! いいですね! 行ってみたいです 東京は何が有名なんですか?"
        },
        {
            "speaker":"U",
            "time":"17.10.2020 17:43:24",
            "turn-index":13,
            "utterance":"東京は浅草が有名ですね。ところで女優の渡辺麻友さんを知っていますか？"
        },
        {
            "speaker":"S",
            "time":"17.10.2020 17:43:29",
            "turn-index":14,
            "utterance":"そうなんですね! 渡辺麻友さんは存じ上げないです..."
        },
        {
            "speaker":"U",
            "time":"17.10.2020 17:44:10",
            "turn-index":15,
            "utterance":"AKB出身の元アイドルででとても可愛いんですよ。"
        },
        {
            "speaker":"S",
            "time":"17.10.2020 17:44:14",
            "turn-index":16,
            "utterance":"akbの人だったんですね! 初耳です!"
        },
        {
            "speaker":"U",
            "time":"17.10.2020 17:44:40",
            "turn-index":17,
            "utterance":"話題作のドラマにもたくさん出ていましたが最近引退されてしまいました…"
        },
        {
            "speaker":"S",
            "time":"17.10.2020 17:44:43",
            "turn-index":18,
            "utterance":"そうなんですね! 最近はどのドラマに出てたんですか?"
        },
        {
            "speaker":"U",
            "time":"17.10.2020 17:45:40",
            "turn-index":19,
            "utterance":"朝ドラのなつぞらに出られていました。"
        },
        {
            "speaker":"S",
            "time":"17.10.2020 17:45:43",
            "turn-index":20,
            "utterance":"朝ドラにも出てたんですね! 知らなかったです!"
        },
        {
            "speaker":"U",
            "time":"17.10.2020 17:46:01",
            "turn-index":21,
            "utterance":"是非見てみてください。きっと気にいりますよ。"
        },
        {
            "speaker":"S",
            "time":"17.10.2020 17:46:04",
            "turn-index":22,
            "utterance":"なつぞらですね! 今度見てみます!"
        },
        {
            "speaker":"U",
            "time":"17.10.2020 17:47:04",
            "turn-index":23,
            "utterance":"なつぞらもいいですし、戦う!書店ガールも面白いのでおススメです。"
        },
        {
            "speaker":"S",
            "time":"17.10.2020 17:47:07",
            "turn-index":24,
            "utterance":"書店ガール、タイトルだけ聞いたことあります! どんな内容なんですか?"
        },
        {
            "speaker":"U",
            "time":"17.10.2020 17:48:09",
            "turn-index":25,
            "utterance":"書店員が奮闘するドラマですね。"
        },
        {
            "speaker":"S",
            "time":"17.10.2020 17:48:12",
            "turn-index":26,
            "utterance":"なるほど! 気になりますね! 時間があるときに見てみます!"
        },
        {
            "speaker":"U",
            "time":"17.10.2020 17:48:20",
            "turn-index":27,
            "utterance":"是非見てみてください。"
        },
        {
            "speaker":"S",
            "time":"17.10.2020 17:48:24",
            "turn-index":28,
            "utterance":"はい! 是非見て見ます! どんなジャンルの漫画をよく読まれるんですか?あ、すみません。そろそろ時間ですね。今日はありがとうございました。"
        },
        {
            "speaker":"U",
            "time":"17.10.2020 17:48:50",
            "turn-index":29,
            "utterance":"ギャグ漫画をよく読みます。ありがとうございました。"
        },
        {
            "speaker":"S",
            "time":"17.10.2020 17:48:54",
            "turn-index":30,
            "utterance":"いえいえ、こちらこそありがとうございました。 ではまた明日。"
        }
    ]
}