{
    "dialogue-id":"HBY_35",
    "group-id":"",
    "speaker-id":"hobbyist",
    "turns":[
        {
            "speaker":"S",
            "time":"17.10.2020 20:41:45",
            "turn-index":0,
            "utterance":"こんにちは。よろしくお願いします。早速ですけど、何か趣味ってありますか？"
        },
        {
            "speaker":"U",
            "time":"17.10.2020 20:42:43",
            "turn-index":1,
            "utterance":"こんにちは。動物の動画を見るのが好きです。"
        },
        {
            "speaker":"S",
            "time":"17.10.2020 20:42:46",
            "turn-index":2,
            "utterance":"私も動物の動画好きです。どんな動物の動画をよく見られますか?"
        },
        {
            "speaker":"U",
            "time":"17.10.2020 20:42:59",
            "turn-index":3,
            "utterance":"猫が一番好きです。"
        },
        {
            "speaker":"S",
            "time":"17.10.2020 20:43:07",
            "turn-index":4,
            "utterance":"猫可愛いですよね。猫カフェにはよく行きますか?"
        },
        {
            "speaker":"U",
            "time":"17.10.2020 20:43:28",
            "turn-index":5,
            "utterance":"2度ほど行ったことがあります。"
        },
        {
            "speaker":"S",
            "time":"17.10.2020 20:43:32",
            "turn-index":6,
            "utterance":"私も猫カフェ行ったことあります。癒されますよね。どこの猫カフェに行かれましたか?"
        },
        {
            "speaker":"U",
            "time":"17.10.2020 20:44:19",
            "turn-index":7,
            "utterance":"街中にある小さな猫カフェです。"
        },
        {
            "speaker":"S",
            "time":"17.10.2020 20:44:22",
            "turn-index":8,
            "utterance":"へぇ、そんなところがあるんですね。今度行ってみたいです。"
        },
        {
            "speaker":"U",
            "time":"17.10.2020 20:45:53",
            "turn-index":9,
            "utterance":"犬も好きで、スヌーピーにはまっています。"
        },
        {
            "speaker":"S",
            "time":"17.10.2020 20:45:57",
            "turn-index":10,
            "utterance":"スヌーピーかわいいですよね。私はトイプードルが好きです。"
        },
        {
            "speaker":"U",
            "time":"17.10.2020 20:46:16",
            "turn-index":11,
            "utterance":"トイプードルも可愛いですよね。"
        },
        {
            "speaker":"S",
            "time":"17.10.2020 20:46:19",
            "turn-index":12,
            "utterance":"スヌーピーのどのキャラクターが好きですか?"
        },
        {
            "speaker":"U",
            "time":"17.10.2020 20:47:47",
            "turn-index":13,
            "utterance":"やっぱり、スヌーピーですね。"
        },
        {
            "speaker":"S",
            "time":"17.10.2020 20:47:51",
            "turn-index":14,
            "utterance":"トイプードルのつぶらな瞳がかわいいです。"
        },
        {
            "speaker":"U",
            "time":"17.10.2020 20:48:50",
            "turn-index":15,
            "utterance":"プードルは猟犬だけど、トイプードルは小さくて可愛いですよね。"
        },
        {
            "speaker":"S",
            "time":"17.10.2020 20:48:56",
            "turn-index":16,
            "utterance":"そうなんですよね。つぶらな瞳がかわいくて。"
        },
        {
            "speaker":"U",
            "time":"17.10.2020 20:50:14",
            "turn-index":17,
            "utterance":"スヌーピーは、耳も好きです。"
        },
        {
            "speaker":"S",
            "time":"17.10.2020 20:50:17",
            "turn-index":18,
            "utterance":"あと、スコティッシュフォールドもかわいいです。"
        },
        {
            "speaker":"U",
            "time":"17.10.2020 20:50:39",
            "turn-index":19,
            "utterance":"可愛らしい犬は、多いですよね。"
        },
        {
            "speaker":"S",
            "time":"17.10.2020 20:50:43",
            "turn-index":20,
            "utterance":"でも大型犬だとシベリアンハスキーがすきです。"
        },
        {
            "speaker":"U",
            "time":"17.10.2020 20:51:00",
            "turn-index":21,
            "utterance":"私も大好きです。"
        },
        {
            "speaker":"S",
            "time":"17.10.2020 20:51:04",
            "turn-index":22,
            "utterance":"ゴールデンレトリバーもかわいいです。 前に飼っていました。"
        },
        {
            "speaker":"U",
            "time":"17.10.2020 20:51:25",
            "turn-index":23,
            "utterance":"良いなー、私も買いたいです。"
        },
        {
            "speaker":"S",
            "time":"17.10.2020 20:51:28",
            "turn-index":24,
            "utterance":"シベリアンハスキーは大型犬でも小さくてかわいいですよね。"
        },
        {
            "speaker":"U",
            "time":"17.10.2020 20:51:56",
            "turn-index":25,
            "utterance":"子犬の時は小さくて可愛いですよね。"
        },
        {
            "speaker":"S",
            "time":"17.10.2020 20:51:59",
            "turn-index":26,
            "utterance":"毛がふわふわで気持ちいいです。"
        },
        {
            "speaker":"U",
            "time":"17.10.2020 20:52:27",
            "turn-index":27,
            "utterance":"そうでしょうね。"
        },
        {
            "speaker":"S",
            "time":"17.10.2020 20:52:29",
            "turn-index":28,
            "utterance":"そろそろ時間ですね。 ではまた後ほど。あ、すみません。そろそろ時間ですね。今日はありがとうございました。"
        },
        {
            "speaker":"U",
            "time":"17.10.2020 20:52:42",
            "turn-index":29,
            "utterance":"ありがとうございました。"
        },
        {
            "speaker":"S",
            "time":"17.10.2020 20:52:48",
            "turn-index":30,
            "utterance":"はい、また後ほど。 ありがとうございました。失礼します。"
        }
    ]
}