{
    "dialogue-id":"HBY_07",
    "group-id":"",
    "speaker-id":"hobbyist",
    "turns":[
        {
            "speaker":"S",
            "time":"17.10.2020 21:13:33",
            "turn-index":0,
            "utterance":"こんにちは。よろしくお願いします。早速ですけど、何か趣味ってありますか？"
        },
        {
            "speaker":"U",
            "time":"17.10.2020 21:15:25",
            "turn-index":1,
            "utterance":"映画鑑賞です"
        },
        {
            "speaker":"S",
            "time":"17.10.2020 21:15:28",
            "turn-index":2,
            "utterance":"私も映画好きです。最近は何を観られましたか?"
        },
        {
            "speaker":"U",
            "time":"17.10.2020 21:15:54",
            "turn-index":3,
            "utterance":"三谷幸喜作品です"
        },
        {
            "speaker":"S",
            "time":"17.10.2020 21:15:57",
            "turn-index":4,
            "utterance":"三谷幸喜ですか。好きな俳優さんとかいますか?"
        },
        {
            "speaker":"U",
            "time":"17.10.2020 21:16:08",
            "turn-index":5,
            "utterance":"中井貴一です"
        },
        {
            "speaker":"S",
            "time":"17.10.2020 21:16:11",
            "turn-index":6,
            "utterance":"中井貴一ですか。渋いですね。"
        },
        {
            "speaker":"U",
            "time":"17.10.2020 21:16:19",
            "turn-index":7,
            "utterance":"声が良いですね"
        },
        {
            "speaker":"S",
            "time":"17.10.2020 21:16:23",
            "turn-index":8,
            "utterance":"渋いですね。私は福山雅治とか好きです。"
        },
        {
            "speaker":"U",
            "time":"17.10.2020 21:16:45",
            "turn-index":9,
            "utterance":"確かに。年を取ってもかっこいいですね"
        },
        {
            "speaker":"S",
            "time":"17.10.2020 21:16:51",
            "turn-index":10,
            "utterance":"福山雅治は男から見てもかっこいいと思います。"
        },
        {
            "speaker":"U",
            "time":"17.10.2020 21:17:13",
            "turn-index":11,
            "utterance":"他に好きな俳優はいますか"
        },
        {
            "speaker":"S",
            "time":"17.10.2020 21:17:17",
            "turn-index":12,
            "utterance":"一番好きなのは長澤まさみです。"
        },
        {
            "speaker":"U",
            "time":"17.10.2020 21:17:27",
            "turn-index":13,
            "utterance":"可愛くて良いですね"
        },
        {
            "speaker":"S",
            "time":"17.10.2020 21:17:31",
            "turn-index":14,
            "utterance":"佐々木蔵之介とかですかね。 かっこよさもかわいさも兼ね備えてるので、すごいと思います。"
        },
        {
            "speaker":"U",
            "time":"17.10.2020 21:18:03",
            "turn-index":15,
            "utterance":"ところで、"
        },
        {
            "speaker":"S",
            "time":"17.10.2020 21:18:07",
            "turn-index":16,
            "utterance":"佐々木蔵之介は今、人気ありますね。"
        },
        {
            "speaker":"U",
            "time":"17.10.2020 21:18:39",
            "turn-index":17,
            "utterance":"間違えましたところでEスポーツは好きですか？"
        },
        {
            "speaker":"S",
            "time":"17.10.2020 21:18:42",
            "turn-index":18,
            "utterance":"eスポーツは好きですよ。 特にテニスとバドミントンが好きです。"
        },
        {
            "speaker":"U",
            "time":"17.10.2020 21:18:53",
            "turn-index":19,
            "utterance":"珍しいですね"
        },
        {
            "speaker":"S",
            "time":"17.10.2020 21:18:56",
            "turn-index":20,
            "utterance":"eスポーツはよくわからないです。 見るのは好きですが。"
        },
        {
            "speaker":"U",
            "time":"17.10.2020 21:19:06",
            "turn-index":21,
            "utterance":"野球はどうですか"
        },
        {
            "speaker":"S",
            "time":"17.10.2020 21:19:09",
            "turn-index":22,
            "utterance":"野球は最近見てないですね。 昔はよく見てました。"
        },
        {
            "speaker":"U",
            "time":"17.10.2020 21:19:21",
            "turn-index":23,
            "utterance":"自分もです。最貧は見てません"
        },
        {
            "speaker":"S",
            "time":"17.10.2020 21:19:25",
            "turn-index":24,
            "utterance":"高校野球は見ますね。 阪神ファンです。"
        },
        {
            "speaker":"U",
            "time":"17.10.2020 21:19:52",
            "turn-index":25,
            "utterance":"自分は巨人ファンです"
        },
        {
            "speaker":"S",
            "time":"17.10.2020 21:19:55",
            "turn-index":26,
            "utterance":"そうなんですか。 甲子園にはよく行かれるんですか? 巨人ファンなんですね。"
        },
        {
            "speaker":"U",
            "time":"17.10.2020 21:20:29",
            "turn-index":27,
            "utterance":"昔からずっと好きです"
        },
        {
            "speaker":"S",
            "time":"17.10.2020 21:20:32",
            "turn-index":28,
            "utterance":"昔は阪神ファンでしたが、今はオリックスファンです。あ、すみません。そろそろ時間ですね。今日はありがとうございました。"
        },
        {
            "speaker":"U",
            "time":"17.10.2020 21:20:58",
            "turn-index":29,
            "utterance":"こちらこそ有り難うございました"
        },
        {
            "speaker":"S",
            "time":"17.10.2020 21:21:01",
            "turn-index":30,
            "utterance":"いえいえ、こちらこそありがとうございました。 またお話しましょう。"
        }
    ]
}