{
    "dialogue-id":"HBY_48",
    "group-id":"",
    "speaker-id":"hobbyist",
    "turns":[
        {
            "speaker":"S",
            "time":"18.10.2020 12:25:06",
            "turn-index":0,
            "utterance":"こんにちは。よろしくお願いします。早速ですけど、何か趣味ってありますか？"
        },
        {
            "speaker":"U",
            "time":"18.10.2020 12:25:45",
            "turn-index":1,
            "utterance":"AKBが好きです、渡辺麻友さんとか。"
        },
        {
            "speaker":"S",
            "time":"18.10.2020 12:25:48",
            "turn-index":2,
            "utterance":"いいですね。akbは誰推しですか?"
        },
        {
            "speaker":"U",
            "time":"18.10.2020 12:27:08",
            "turn-index":3,
            "utterance":"渡辺麻友さんは卒業してしまいましたが、現役なら向井地美音さんです。"
        },
        {
            "speaker":"S",
            "time":"18.10.2020 12:27:12",
            "turn-index":4,
            "utterance":"私も渡辺麻友さん好きです。 向井地さん可愛いですよね。"
        },
        {
            "speaker":"U",
            "time":"18.10.2020 12:27:41",
            "turn-index":5,
            "utterance":"2人とも演技がうまいですね"
        },
        {
            "speaker":"S",
            "time":"18.10.2020 12:27:44",
            "turn-index":6,
            "utterance":"向井地さんはakb48の中で一番好きです。 演技うまいですよね。"
        },
        {
            "speaker":"U",
            "time":"18.10.2020 12:28:15",
            "turn-index":7,
            "utterance":"渡辺麻友さんはドラマにも時々出てますね"
        },
        {
            "speaker":"S",
            "time":"18.10.2020 12:28:19",
            "turn-index":8,
            "utterance":"そうなんですか! 見たことないです。 どのドラマに出てますか?"
        },
        {
            "speaker":"U",
            "time":"18.10.2020 12:30:06",
            "turn-index":9,
            "utterance":"「なつぞら」がよかったです"
        },
        {
            "speaker":"S",
            "time":"18.10.2020 12:30:10",
            "turn-index":10,
            "utterance":"なつぞらですね。 今度見てみます。"
        },
        {
            "speaker":"U",
            "time":"18.10.2020 12:30:49",
            "turn-index":11,
            "utterance":"でも渡辺麻友さんは芸能界から引退してしまったんですよね"
        },
        {
            "speaker":"S",
            "time":"18.10.2020 12:30:53",
            "turn-index":12,
            "utterance":"あ、そうなんですか。 それは残念ですね。。"
        },
        {
            "speaker":"U",
            "time":"18.10.2020 12:31:32",
            "turn-index":13,
            "utterance":"若い女優さんだと最近は芦田愛菜さんが大活躍ですね"
        },
        {
            "speaker":"S",
            "time":"18.10.2020 12:31:35",
            "turn-index":14,
            "utterance":"そうですね。 芦田愛菜ちゃん、かわいいですよね。"
        },
        {
            "speaker":"U",
            "time":"18.10.2020 12:32:05",
            "turn-index":15,
            "utterance":"彼女はまだ幼稚園児くらいの時から名女優でした"
        },
        {
            "speaker":"S",
            "time":"18.10.2020 12:32:08",
            "turn-index":16,
            "utterance":"幼稚園児の頃から。。 凄いですね。。"
        },
        {
            "speaker":"U",
            "time":"18.10.2020 12:32:56",
            "turn-index":17,
            "utterance":"「マザー」というドラマで虐待される女の子の役がとても上手でした"
        },
        {
            "speaker":"S",
            "time":"18.10.2020 12:33:00",
            "turn-index":18,
            "utterance":"そうだったんですね。 すごいですね。 母は強しですね。"
        },
        {
            "speaker":"U",
            "time":"18.10.2020 12:34:05",
            "turn-index":19,
            "utterance":"中学生の役も上手でしたね"
        },
        {
            "speaker":"S",
            "time":"18.10.2020 12:34:09",
            "turn-index":20,
            "utterance":"そうですね。 他に好きな俳優さんとかいるんですか?"
        },
        {
            "speaker":"U",
            "time":"18.10.2020 12:34:42",
            "turn-index":21,
            "utterance":"芦田愛菜さんと共演していた松雪泰子さんも好きです"
        },
        {
            "speaker":"S",
            "time":"18.10.2020 12:34:46",
            "turn-index":22,
            "utterance":"芦田愛菜ちゃんと共演されてたんですね。 初めて知りました。"
        },
        {
            "speaker":"U",
            "time":"18.10.2020 12:35:21",
            "turn-index":23,
            "utterance":"芦田愛菜ちゃんはコメディアンの真似も上手で多彩なんですよ"
        },
        {
            "speaker":"S",
            "time":"18.10.2020 12:35:25",
            "turn-index":24,
            "utterance":"コメディアンの真似ってどうやるんですか?"
        },
        {
            "speaker":"U",
            "time":"18.10.2020 12:35:53",
            "turn-index":25,
            "utterance":"「45憶！」とか真似してました"
        },
        {
            "speaker":"S",
            "time":"18.10.2020 12:35:58",
            "turn-index":26,
            "utterance":"松雪泰子さんの声も好きですね。 なるほど。 真似するの難しそうですね。"
        },
        {
            "speaker":"U",
            "time":"18.10.2020 12:36:47",
            "turn-index":27,
            "utterance":"あとは大家族を取り仕切る女の子の役もかわいかったです"
        },
        {
            "speaker":"S",
            "time":"18.10.2020 12:36:51",
            "turn-index":28,
            "utterance":"45憶ってなんの映画でしたっけ? それは知らなかったです。 大家族を取り仕切る女の子ってどんな役でしたっけ?あ、すみません。そろそろ時間ですね。今日はありがとうございました。"
        },
        {
            "speaker":"U",
            "time":"18.10.2020 12:37:20",
            "turn-index":29,
            "utterance":"こちらこそ、ありがとうございました"
        },
        {
            "speaker":"S",
            "time":"18.10.2020 12:37:24",
            "turn-index":30,
            "utterance":"いえいえ、こちらこそありがとうございました。 ではまた。"
        }
    ]
}