{
    "dialogue-id":"NJT_34",
    "group-id":"",
    "speaker-id":"NoneJupiter",
    "turns":[
        {
            "speaker":"S",
            "time":"17.10.2020 15:29:42",
            "turn-index":0,
            "utterance":"2ちゃんねるのなんＪから来たンゴ！よろしくニキ！早速やけど、今日話したいことを教えてクレメンス"
        },
        {
            "speaker":"U",
            "time":"17.10.2020 15:35:45",
            "turn-index":1,
            "utterance":"特撮ではウルトラセブンが秀逸だね。"
        },
        {
            "speaker":"S",
            "time":"17.10.2020 15:35:47",
            "turn-index":2,
            "utterance":"いやアニメだ。その場面だけはっきり覚えてるから"
        },
        {
            "speaker":"U",
            "time":"17.10.2020 15:36:38",
            "turn-index":3,
            "utterance":"いやいや、ウルトラセブンでしょ。"
        },
        {
            "speaker":"S",
            "time":"17.10.2020 15:36:40",
            "turn-index":4,
            "utterance":"ウルトラマンはたまにしか見んから近年のがちょっとわかる程度やわ"
        },
        {
            "speaker":"U",
            "time":"17.10.2020 15:37:06",
            "turn-index":5,
            "utterance":"昔のやつを見てよ。"
        },
        {
            "speaker":"S",
            "time":"17.10.2020 15:37:08",
            "turn-index":6,
            "utterance":"慶彦がいる時代とかこんな感じやったな"
        },
        {
            "speaker":"U",
            "time":"17.10.2020 15:37:41",
            "turn-index":7,
            "utterance":"意味が分からないが、昭和４０年台が良いですよ。"
        },
        {
            "speaker":"S",
            "time":"17.10.2020 15:37:43",
            "turn-index":8,
            "utterance":"平成の前が昭和以外やったらしっくりこんからやろなぁ"
        },
        {
            "speaker":"U",
            "time":"17.10.2020 15:38:08",
            "turn-index":9,
            "utterance":"とにかくウルトラセブンが最高ですよ。"
        },
        {
            "speaker":"S",
            "time":"17.10.2020 15:38:10",
            "turn-index":10,
            "utterance":"歌でセブンと何回言っている？"
        },
        {
            "speaker":"U",
            "time":"17.10.2020 15:38:34",
            "turn-index":11,
            "utterance":"オープニングで１０回です。"
        },
        {
            "speaker":"S",
            "time":"17.10.2020 15:38:36",
            "turn-index":12,
            "utterance":"オープニングは良いよな・・・"
        },
        {
            "speaker":"U",
            "time":"17.10.2020 15:39:07",
            "turn-index":13,
            "utterance":"そうそう。"
        },
        {
            "speaker":"S",
            "time":"17.10.2020 15:39:08",
            "turn-index":14,
            "utterance":"そうわよも追加で"
        },
        {
            "speaker":"U",
            "time":"17.10.2020 15:40:31",
            "turn-index":15,
            "utterance":"ところで、ゲーム会社ではカプコンが良いですね"
        },
        {
            "speaker":"S",
            "time":"17.10.2020 15:40:33",
            "turn-index":16,
            "utterance":"荒らしコテを無くして新しいコテを増やしていく会社"
        },
        {
            "speaker":"U",
            "time":"17.10.2020 15:41:00",
            "turn-index":17,
            "utterance":"ちょっと意味が分からないけど、ほめてますか。"
        },
        {
            "speaker":"S",
            "time":"17.10.2020 15:41:02",
            "turn-index":18,
            "utterance":"意味がわかると怖い話をほわほわさせればいい"
        },
        {
            "speaker":"U",
            "time":"17.10.2020 15:41:31",
            "turn-index":19,
            "utterance":"まあいいや、カプコンではロックマンが好きですね。"
        },
        {
            "speaker":"S",
            "time":"17.10.2020 15:41:33",
            "turn-index":20,
            "utterance":"懐かしいカプコンやとファイナルファイトとか流行ってたなぁ"
        },
        {
            "speaker":"U",
            "time":"17.10.2020 15:42:13",
            "turn-index":21,
            "utterance":"ファイナルファイトもいいですね、カプコンらしさが出てるしね。"
        },
        {
            "speaker":"S",
            "time":"17.10.2020 15:42:16",
            "turn-index":22,
            "utterance":"組織の名前を出してもいいように思えるけど、匿名で書き込んでるんだしさ"
        },
        {
            "speaker":"U",
            "time":"17.10.2020 15:42:46",
            "turn-index":23,
            "utterance":"話が逸れてるよ。"
        },
        {
            "speaker":"S",
            "time":"17.10.2020 15:42:47",
            "turn-index":24,
            "utterance":"逸らしたのは若者とかいうへんなコテ"
        },
        {
            "speaker":"U",
            "time":"17.10.2020 15:43:27",
            "turn-index":25,
            "utterance":"話を戻すけど、カプコンのゲームは難易度が高いですね。"
        },
        {
            "speaker":"S",
            "time":"17.10.2020 15:43:29",
            "turn-index":26,
            "utterance":"難易度に関してはベクトルがちゃうやろ。単純にバランス設定がアレなのか、操作仕組み複雑すぎてアレなんか"
        },
        {
            "speaker":"U",
            "time":"17.10.2020 15:43:50",
            "turn-index":27,
            "utterance":"どのゲームのことを言っているの。"
        },
        {
            "speaker":"S",
            "time":"17.10.2020 15:43:51",
            "turn-index":28,
            "utterance":"あ、もう時間が無いンゴ。いろんな話が聞けて楽しかったやで！ありがとナス！"
        },
        {
            "speaker":"U",
            "time":"17.10.2020 15:44:24",
            "turn-index":29,
            "utterance":"もうちょっと話しましょうよ。"
        },
        {
            "speaker":"S",
            "time":"17.10.2020 15:44:25",
            "turn-index":30,
            "utterance":"せや！この後アンケート入力すると思うんやけど、いい評価にしてくれると嬉しいンゴ！"
        }
    ]
}