{
    "dialogue-id":"NJT_48",
    "group-id":"",
    "speaker-id":"NoneJupiter",
    "turns":[
        {
            "speaker":"S",
            "time":"17.10.2020 14:55:29",
            "turn-index":0,
            "utterance":"2ちゃんねるのなんＪから来たンゴ！よろしくニキ！早速やけど、今日話したいことを教えてクレメンス"
        },
        {
            "speaker":"U",
            "time":"17.10.2020 14:57:11",
            "turn-index":1,
            "utterance":"こんにちは。五百円硬貨のデザイン変わるんだって"
        },
        {
            "speaker":"S",
            "time":"17.10.2020 14:57:15",
            "turn-index":2,
            "utterance":"ワイがよく使ってる、ゆうちょATMは硬貨対応してるで場所によるけど"
        },
        {
            "speaker":"U",
            "time":"17.10.2020 14:59:01",
            "turn-index":3,
            "utterance":"そうなんだね、ゆうちょのATM使ったことないけど、初めて知ったよ"
        },
        {
            "speaker":"S",
            "time":"17.10.2020 14:59:04",
            "turn-index":4,
            "utterance":"ほんこれ。使ってたデッキが全前の衝撃ったらないで"
        },
        {
            "speaker":"U",
            "time":"17.10.2020 15:01:13",
            "turn-index":5,
            "utterance":"五百円硬貨、来年２色あわせたデザインに変わるんだよ"
        },
        {
            "speaker":"S",
            "time":"17.10.2020 15:01:15",
            "turn-index":6,
            "utterance":"500円の記念硬貨が600円で売れるとか？"
        },
        {
            "speaker":"U",
            "time":"17.10.2020 15:02:15",
            "turn-index":7,
            "utterance":"記念硬貨も2色になるかもしれないね。"
        },
        {
            "speaker":"S",
            "time":"17.10.2020 15:02:17",
            "turn-index":8,
            "utterance":"とりあえず記念硬貨ではない"
        },
        {
            "speaker":"U",
            "time":"17.10.2020 15:04:41",
            "turn-index":9,
            "utterance":"記念硬貨はまだ出ないかな。これで韓国の500円ウォンと間違わなくなるね。"
        },
        {
            "speaker":"S",
            "time":"17.10.2020 15:04:46",
            "turn-index":10,
            "utterance":"10万円硬貨で払うのか"
        },
        {
            "speaker":"U",
            "time":"17.10.2020 15:07:10",
            "turn-index":11,
            "utterance":"払うより、売ったほうが得しそうだよね。"
        },
        {
            "speaker":"S",
            "time":"17.10.2020 15:07:13",
            "turn-index":12,
            "utterance":"全ての小売店が利だけを追求してると思ってるの？"
        },
        {
            "speaker":"U",
            "time":"17.10.2020 15:08:49",
            "turn-index":13,
            "utterance":"利益は大事でしょ。話は変わるけど、最近コンビニで何買った？"
        },
        {
            "speaker":"S",
            "time":"17.10.2020 15:08:55",
            "turn-index":14,
            "utterance":"コンビニにある？"
        },
        {
            "speaker":"U",
            "time":"17.10.2020 15:10:23",
            "turn-index":15,
            "utterance":"セブンイレブンのイタリアンプリンおいしいよね。"
        },
        {
            "speaker":"S",
            "time":"17.10.2020 15:10:28",
            "turn-index":16,
            "utterance":"セブンは悪魔の配下だった？！"
        },
        {
            "speaker":"U",
            "time":"17.10.2020 15:11:37",
            "turn-index":17,
            "utterance":"悪魔シリーズ出してるのはローソンだよ。"
        },
        {
            "speaker":"S",
            "time":"17.10.2020 15:11:39",
            "turn-index":18,
            "utterance":"悪魔上シリーズは基本高い。X88000？のps1版もってたわ"
        },
        {
            "speaker":"U",
            "time":"17.10.2020 15:12:54",
            "turn-index":19,
            "utterance":"ローソンの悪魔のおにぎり、おいしいよ。"
        },
        {
            "speaker":"S",
            "time":"17.10.2020 15:12:56",
            "turn-index":20,
            "utterance":"ローソンのおにぎり食べたことないわ。セブンので十分美味しいからあまり他の食べようと思わなかったな。今度食べてみる"
        },
        {
            "speaker":"U",
            "time":"17.10.2020 15:15:16",
            "turn-index":21,
            "utterance":"おススメだから、食べてみてね。ローソンのゴディバコラボのスイーツもおいしいよ。"
        },
        {
            "speaker":"S",
            "time":"17.10.2020 15:15:19",
            "turn-index":22,
            "utterance":"和スイーツって何が当てはまるんや？"
        },
        {
            "speaker":"U",
            "time":"17.10.2020 15:18:28",
            "turn-index":23,
            "utterance":"セブンの大福生どらとか、濃い宇治茶抹茶パフぇとかかな。"
        },
        {
            "speaker":"S",
            "time":"17.10.2020 15:18:30",
            "turn-index":24,
            "utterance":"抹茶生八つ橋という和平条約"
        },
        {
            "speaker":"U",
            "time":"17.10.2020 15:20:03",
            "turn-index":25,
            "utterance":"生八つ橋も売ってた気がする。抹茶味じゃなかったかも。"
        },
        {
            "speaker":"S",
            "time":"17.10.2020 15:20:06",
            "turn-index":26,
            "utterance":"抹茶味とかあるのかよ。クッソ不味そう"
        },
        {
            "speaker":"U",
            "time":"17.10.2020 15:22:27",
            "turn-index":27,
            "utterance":"不味くはないよ。しろもちたい焼きとかのほうが好き？"
        },
        {
            "speaker":"S",
            "time":"17.10.2020 15:22:28",
            "turn-index":28,
            "utterance":"あ、もう時間が無いンゴ。いろんな話が聞けて楽しかったやで！ありがとナス！"
        },
        {
            "speaker":"U",
            "time":"17.10.2020 15:23:27",
            "turn-index":29,
            "utterance":"ありがとう。またね。"
        },
        {
            "speaker":"S",
            "time":"17.10.2020 15:23:29",
            "turn-index":30,
            "utterance":"せや！この後アンケート入力すると思うんやけど、いい評価にしてくれると嬉しいンゴ！"
        }
    ]
}