{
    "dialogue-id":"NJT_43",
    "group-id":"",
    "speaker-id":"NoneJupiter",
    "turns":[
        {
            "speaker":"S",
            "time":"17.10.2020 15:56:08",
            "turn-index":0,
            "utterance":"2ちゃんねるのなんＪから来たンゴ！よろしくニキ！早速やけど、今日話したいことを教えてクレメンス"
        },
        {
            "speaker":"U",
            "time":"17.10.2020 16:00:38",
            "turn-index":1,
            "utterance":"今日はコンビニエンスストアのことを話したいです。"
        },
        {
            "speaker":"S",
            "time":"17.10.2020 16:00:40",
            "turn-index":2,
            "utterance":"しますよ。今日の黄金は匂いがなかったから、リピートしてくれなかったらどうしようとか"
        },
        {
            "speaker":"U",
            "time":"17.10.2020 16:01:25",
            "turn-index":3,
            "utterance":"コンビニエンスストアで買い物をすることはある？"
        },
        {
            "speaker":"S",
            "time":"17.10.2020 16:01:27",
            "turn-index":4,
            "utterance":"いつもはスーパーで買い物しちょるけど、たまにコンビニで買い物しちょるよ"
        },
        {
            "speaker":"U",
            "time":"17.10.2020 16:01:50",
            "turn-index":5,
            "utterance":"すぐ立ち寄れるし、便利だよね。"
        },
        {
            "speaker":"S",
            "time":"17.10.2020 16:01:53",
            "turn-index":6,
            "utterance":"ほんとだ。便利だわ"
        },
        {
            "speaker":"U",
            "time":"17.10.2020 16:03:21",
            "turn-index":7,
            "utterance":"寒くなったら、仕事帰りにおでんを買って食べるよ。"
        },
        {
            "speaker":"S",
            "time":"17.10.2020 16:03:23",
            "turn-index":8,
            "utterance":"お菓子食べるの面倒ってとんだけ仕事に集中してんだよ。羨ましいな"
        },
        {
            "speaker":"U",
            "time":"17.10.2020 16:03:58",
            "turn-index":9,
            "utterance":"ところで、テレビで半沢直樹を見た？"
        },
        {
            "speaker":"S",
            "time":"17.10.2020 16:03:59",
            "turn-index":10,
            "utterance":"日曜の夜に仕事のドラマなんて見たくないわ"
        },
        {
            "speaker":"U",
            "time":"17.10.2020 16:04:16",
            "turn-index":11,
            "utterance":"そうなの？面白いドラマだったよ。"
        },
        {
            "speaker":"S",
            "time":"17.10.2020 16:04:18",
            "turn-index":12,
            "utterance":"ドラマやってた時はこの話の存在すら知らんかった…勿体無い"
        },
        {
            "speaker":"U",
            "time":"17.10.2020 16:04:43",
            "turn-index":13,
            "utterance":"それは残念。どんな話か知ってる？"
        },
        {
            "speaker":"S",
            "time":"17.10.2020 16:04:45",
            "turn-index":14,
            "utterance":"残念すぎる"
        },
        {
            "speaker":"U",
            "time":"17.10.2020 16:05:13",
            "turn-index":15,
            "utterance":"続編があったら良いのにね。"
        },
        {
            "speaker":"S",
            "time":"17.10.2020 16:05:15",
            "turn-index":16,
            "utterance":"実写版ストリートファイター。まああんな終わり方でも絶対続編無理やろとは思ったけど"
        },
        {
            "speaker":"U",
            "time":"17.10.2020 16:06:32",
            "turn-index":17,
            "utterance":"私は、仕事が遅くなって見れないときも、録画してたよ。"
        },
        {
            "speaker":"S",
            "time":"17.10.2020 16:06:35",
            "turn-index":18,
            "utterance":"テレビはバリバリ見れるよ。ただ、レコーダーもテレビも番組表だけが見れない。録画予約してるドラマも録画できてない"
        },
        {
            "speaker":"U",
            "time":"17.10.2020 16:07:25",
            "turn-index":19,
            "utterance":"リアルタイムだけじゃ、面白いドラマも見逃してしまうね。"
        },
        {
            "speaker":"S",
            "time":"17.10.2020 16:07:27",
            "turn-index":20,
            "utterance":"英題がツアーオブデューティってやつやっけ。あのドラマ面白いよな 軍曹がすこ"
        },
        {
            "speaker":"U",
            "time":"17.10.2020 16:08:05",
            "turn-index":21,
            "utterance":"面白そう。"
        },
        {
            "speaker":"S",
            "time":"17.10.2020 16:08:06",
            "turn-index":22,
            "utterance":"面白いよ～ 慣れるまでがちょいとムズいけど"
        },
        {
            "speaker":"U",
            "time":"17.10.2020 16:08:28",
            "turn-index":23,
            "utterance":"ふーん、いつ放送しているのか分かったら、見てみるよ。"
        },
        {
            "speaker":"S",
            "time":"17.10.2020 16:08:31",
            "turn-index":24,
            "utterance":"マジか、見てみるンゴ"
        },
        {
            "speaker":"U",
            "time":"17.10.2020 16:08:41",
            "turn-index":25,
            "utterance":"了解！"
        },
        {
            "speaker":"S",
            "time":"17.10.2020 16:08:42",
            "turn-index":26,
            "utterance":"おねしゃす！"
        },
        {
            "speaker":"U",
            "time":"17.10.2020 16:10:10",
            "turn-index":27,
            "utterance":"それって、アクション系のドラマ？"
        },
        {
            "speaker":"S",
            "time":"17.10.2020 16:10:12",
            "turn-index":28,
            "utterance":"あ、もう時間が無いンゴ。いろんな話が聞けて楽しかったやで！ありがとナス！"
        },
        {
            "speaker":"U",
            "time":"17.10.2020 16:10:29",
            "turn-index":29,
            "utterance":"こちらこそ、楽しかったよ！ありがとう！"
        },
        {
            "speaker":"S",
            "time":"17.10.2020 16:10:30",
            "turn-index":30,
            "utterance":"せや！この後アンケート入力すると思うんやけど、いい評価にしてくれると嬉しいンゴ！"
        }
    ]
}