{
    "dialogue-id":"NJT_23",
    "group-id":"",
    "speaker-id":"NoneJupiter",
    "turns":[
        {
            "speaker":"S",
            "time":"17.10.2020 12:26:41",
            "turn-index":0,
            "utterance":"2ちゃんねるのなんＪから来たンゴ！よろしくニキ！早速やけど、今日話したいことを教えてクレメンス"
        },
        {
            "speaker":"U",
            "time":"17.10.2020 12:27:14",
            "turn-index":1,
            "utterance":"好きな動物ってなに"
        },
        {
            "speaker":"S",
            "time":"17.10.2020 12:27:15",
            "turn-index":2,
            "utterance":"動物が好きならケニアとかの保護区で生の動物見てみたらどうや？"
        },
        {
            "speaker":"U",
            "time":"17.10.2020 12:27:48",
            "turn-index":3,
            "utterance":"うん、アフリカは動物大国だね。"
        },
        {
            "speaker":"S",
            "time":"17.10.2020 12:27:50",
            "turn-index":4,
            "utterance":"アフリカの動物の股関節でエキサイト？"
        },
        {
            "speaker":"U",
            "time":"17.10.2020 12:28:18",
            "turn-index":5,
            "utterance":"動物って見てるだけで癒されるって思わない？"
        },
        {
            "speaker":"S",
            "time":"17.10.2020 12:28:21",
            "turn-index":6,
            "utterance":"動物飼える金がない"
        },
        {
            "speaker":"U",
            "time":"17.10.2020 12:29:08",
            "turn-index":7,
            "utterance":"ペットを飼うのは大変だね、いろいろと"
        },
        {
            "speaker":"S",
            "time":"17.10.2020 12:29:10",
            "turn-index":8,
            "utterance":"ペットは飼えないで、アパートやからな"
        },
        {
            "speaker":"U",
            "time":"17.10.2020 12:29:26",
            "turn-index":9,
            "utterance":"うちは猫一匹飼ってる"
        },
        {
            "speaker":"S",
            "time":"17.10.2020 12:29:28",
            "turn-index":10,
            "utterance":"猫飼いたいんだけどペット禁止だから無理なんだ。いつか飼おうと思ってるけど"
        },
        {
            "speaker":"U",
            "time":"17.10.2020 12:29:55",
            "turn-index":11,
            "utterance":"ペットがいると、それだけでなごむよ"
        },
        {
            "speaker":"S",
            "time":"17.10.2020 12:29:57",
            "turn-index":12,
            "utterance":"ワイはそれで可愛けりゃ。ペットとして最高やと思う"
        },
        {
            "speaker":"U",
            "time":"17.10.2020 12:30:32",
            "turn-index":13,
            "utterance":"うちの猫すごく可愛い、大の字で寝るし"
        },
        {
            "speaker":"S",
            "time":"17.10.2020 12:30:34",
            "turn-index":14,
            "utterance":"たまに犬とか猫とかいるよな！テンソンあがるわ！"
        },
        {
            "speaker":"U",
            "time":"17.10.2020 12:31:03",
            "turn-index":15,
            "utterance":"遊んでくれモードになるときあるし"
        },
        {
            "speaker":"S",
            "time":"17.10.2020 12:31:05",
            "turn-index":16,
            "utterance":"オートモードにしてますしてます"
        },
        {
            "speaker":"U",
            "time":"17.10.2020 12:31:40",
            "turn-index":17,
            "utterance":"甘えられるともうたまりません"
        },
        {
            "speaker":"S",
            "time":"17.10.2020 12:31:42",
            "turn-index":18,
            "utterance":"甘えられる最後の時代やしええやん"
        },
        {
            "speaker":"U",
            "time":"17.10.2020 12:32:24",
            "turn-index":19,
            "utterance":"ところで、恐竜って好き？"
        },
        {
            "speaker":"S",
            "time":"17.10.2020 12:32:26",
            "turn-index":20,
            "utterance":"ワイ恐竜好きやったけど周りが全く興味なかったせいで博識披露できなかったわ"
        },
        {
            "speaker":"U",
            "time":"17.10.2020 12:32:59",
            "turn-index":21,
            "utterance":"子供の頃ジュラシックパーク見てはまった"
        },
        {
            "speaker":"S",
            "time":"17.10.2020 12:33:02",
            "turn-index":22,
            "utterance":"メイドのは子供の時とちゃうね。多分3,4年くらい前"
        },
        {
            "speaker":"U",
            "time":"17.10.2020 12:33:37",
            "turn-index":23,
            "utterance":"ジュラシックパークは健全だから"
        },
        {
            "speaker":"S",
            "time":"17.10.2020 12:33:39",
            "turn-index":24,
            "utterance":"ジュラシックワールドは昨年映画館で3Dで観たな"
        },
        {
            "speaker":"U",
            "time":"17.10.2020 12:34:02",
            "turn-index":25,
            "utterance":"やっぱり映画館の広い画面で見るのがサイコー"
        },
        {
            "speaker":"S",
            "time":"17.10.2020 12:34:04",
            "turn-index":26,
            "utterance":"プーさん映画館でみたけどクッソ良かったで。ボロボロ泣いた"
        },
        {
            "speaker":"U",
            "time":"17.10.2020 12:34:32",
            "turn-index":27,
            "utterance":"クリストファーロビンがよかった"
        },
        {
            "speaker":"S",
            "time":"17.10.2020 12:34:34",
            "turn-index":28,
            "utterance":"あ、もう時間が無いンゴ。いろんな話が聞けて楽しかったやで！ありがとナス！"
        },
        {
            "speaker":"U",
            "time":"17.10.2020 12:34:56",
            "turn-index":29,
            "utterance":"こっちこそ、楽しかった、またね"
        },
        {
            "speaker":"S",
            "time":"17.10.2020 12:34:58",
            "turn-index":30,
            "utterance":"せや！この後アンケート入力すると思うんやけど、いい評価にしてくれると嬉しいンゴ！"
        }
    ]
}