{
    "dialogue-id":"NJT_49",
    "group-id":"",
    "speaker-id":"NoneJupiter",
    "turns":[
        {
            "speaker":"S",
            "time":"17.10.2020 19:33:55",
            "turn-index":0,
            "utterance":"2ちゃんねるのなんＪから来たンゴ！よろしくニキ！早速やけど、今日話したいことを教えてクレメンス"
        },
        {
            "speaker":"U",
            "time":"17.10.2020 19:38:14",
            "turn-index":1,
            "utterance":"カプコン"
        },
        {
            "speaker":"S",
            "time":"17.10.2020 19:38:15",
            "turn-index":2,
            "utterance":"カプコンもスト5の開発をアメリカに投げてゲームバランス悪化＆クッソ見辛いステージとか格ゲーとしてどうかしてる事をやっとるし"
        },
        {
            "speaker":"U",
            "time":"17.10.2020 19:38:49",
            "turn-index":3,
            "utterance":"格ゲー以外に力入れてるんじゃない？"
        },
        {
            "speaker":"S",
            "time":"17.10.2020 19:38:52",
            "turn-index":4,
            "utterance":"性質的には格ゲーに近いと思うけど"
        },
        {
            "speaker":"U",
            "time":"17.10.2020 19:39:12",
            "turn-index":5,
            "utterance":"モンハンはどうよ？"
        },
        {
            "speaker":"S",
            "time":"17.10.2020 19:39:14",
            "turn-index":6,
            "utterance":"3ds壊れてるしモンハン持ってないし"
        },
        {
            "speaker":"U",
            "time":"17.10.2020 19:39:29",
            "turn-index":7,
            "utterance":"バイオはどう？"
        },
        {
            "speaker":"S",
            "time":"17.10.2020 19:39:32",
            "turn-index":8,
            "utterance":"どうも思わないけど、、、"
        },
        {
            "speaker":"U",
            "time":"17.10.2020 19:40:13",
            "turn-index":9,
            "utterance":"カプコン嫌いなの？"
        },
        {
            "speaker":"S",
            "time":"17.10.2020 19:40:14",
            "turn-index":10,
            "utterance":"落ちるからカプコン製やな"
        },
        {
            "speaker":"U",
            "time":"17.10.2020 19:40:59",
            "turn-index":11,
            "utterance":"まぁカプコンのヘリなら仕方ないな"
        },
        {
            "speaker":"S",
            "time":"17.10.2020 19:41:00",
            "turn-index":12,
            "utterance":"ヘリコプターおじさんやん"
        },
        {
            "speaker":"U",
            "time":"17.10.2020 19:41:34",
            "turn-index":13,
            "utterance":"オジサンじゃないから"
        },
        {
            "speaker":"S",
            "time":"17.10.2020 19:41:36",
            "turn-index":14,
            "utterance":"え゛？おじさん食べるの？"
        },
        {
            "speaker":"U",
            "time":"17.10.2020 19:43:00",
            "turn-index":15,
            "utterance":"ところでジュラシック・パークってどうよ"
        },
        {
            "speaker":"S",
            "time":"17.10.2020 19:43:02",
            "turn-index":16,
            "utterance":"イッチもジュラシックパーク見ろや。価値観変わるで？"
        },
        {
            "speaker":"U",
            "time":"17.10.2020 19:43:54",
            "turn-index":17,
            "utterance":"シリーズ全部見たの？"
        },
        {
            "speaker":"S",
            "time":"17.10.2020 19:43:55",
            "turn-index":18,
            "utterance":"評論家の主人公が真面目に寿司シリーズの駄目なところを上げていく評論漫画。作者と寿司シリーズ原作者との喧嘩トーク付き"
        },
        {
            "speaker":"U",
            "time":"17.10.2020 19:44:30",
            "turn-index":19,
            "utterance":"スピルバーグが作ってるんだっけ？"
        },
        {
            "speaker":"S",
            "time":"17.10.2020 19:44:32",
            "turn-index":20,
            "utterance":"違ぇよ。ベルトコンベアー藤井がコンセントからの電力供給でコンセントを作ってるんだよ"
        },
        {
            "speaker":"U",
            "time":"17.10.2020 19:45:07",
            "turn-index":21,
            "utterance":"ジュラシックワールドはどう？"
        },
        {
            "speaker":"S",
            "time":"17.10.2020 19:45:09",
            "turn-index":22,
            "utterance":"お、いいねえ！この間ジュラシックパーク見直したとこ！"
        },
        {
            "speaker":"U",
            "time":"17.10.2020 19:45:44",
            "turn-index":23,
            "utterance":"ジュラシック３はイマイチだよな"
        },
        {
            "speaker":"S",
            "time":"17.10.2020 19:45:46",
            "turn-index":24,
            "utterance":"イッチもジュラシックパーク見ろや。価値観変わるで？"
        },
        {
            "speaker":"U",
            "time":"17.10.2020 19:45:58",
            "turn-index":25,
            "utterance":"もう見てるで"
        },
        {
            "speaker":"S",
            "time":"17.10.2020 19:46:00",
            "turn-index":26,
            "utterance":"わりとガチで見てそうやからやめてくれ"
        },
        {
            "speaker":"U",
            "time":"17.10.2020 19:47:08",
            "turn-index":27,
            "utterance":"こないだテレビで炎の王国見た？"
        },
        {
            "speaker":"S",
            "time":"17.10.2020 19:47:10",
            "turn-index":28,
            "utterance":"あ、もう時間が無いンゴ。いろんな話が聞けて楽しかったやで！ありがとナス！"
        },
        {
            "speaker":"U",
            "time":"17.10.2020 19:47:22",
            "turn-index":29,
            "utterance":"ありがとね"
        },
        {
            "speaker":"S",
            "time":"17.10.2020 19:47:23",
            "turn-index":30,
            "utterance":"せや！この後アンケート入力すると思うんやけど、いい評価にしてくれると嬉しいンゴ！"
        }
    ]
}