{
    "dialogue-id":"NJT_16",
    "group-id":"",
    "speaker-id":"NoneJupiter",
    "turns":[
        {
            "speaker":"S",
            "time":"17.10.2020 14:39:31",
            "turn-index":0,
            "utterance":"2ちゃんねるのなんＪから来たンゴ！よろしくニキ！早速やけど、今日話したいことを教えてクレメンス"
        },
        {
            "speaker":"U",
            "time":"17.10.2020 14:39:57",
            "turn-index":1,
            "utterance":"羽生善治ってすごいよね"
        },
        {
            "speaker":"S",
            "time":"17.10.2020 14:40:00",
            "turn-index":2,
            "utterance":"羽生は主人公っていうよりラスボスな感じ。でも羽生も同じかな"
        },
        {
            "speaker":"U",
            "time":"17.10.2020 14:40:08",
            "turn-index":3,
            "utterance":"そうかもね"
        },
        {
            "speaker":"S",
            "time":"17.10.2020 14:40:10",
            "turn-index":4,
            "utterance":"そういうもんだろ。みんな活動時間が違う"
        },
        {
            "speaker":"U",
            "time":"17.10.2020 14:40:21",
            "turn-index":5,
            "utterance":"ところで八丈島は行ったことある？"
        },
        {
            "speaker":"S",
            "time":"17.10.2020 14:40:24",
            "turn-index":6,
            "utterance":"いいねえ父島、青ヶ島、八丈島。定年後に行ってみたいです。対馬壱岐利尻礼文は良かった。つぎは手ごろな瀬戸内の島かなぁ"
        },
        {
            "speaker":"U",
            "time":"17.10.2020 14:40:36",
            "turn-index":7,
            "utterance":"行ったことは無いんだね"
        },
        {
            "speaker":"S",
            "time":"17.10.2020 14:40:39",
            "turn-index":8,
            "utterance":"つい最近行ったんだ"
        },
        {
            "speaker":"U",
            "time":"17.10.2020 14:40:45",
            "turn-index":9,
            "utterance":"行ったんだ。すごいね。"
        },
        {
            "speaker":"S",
            "time":"17.10.2020 14:40:47",
            "turn-index":10,
            "utterance":"すごかった！あの山の集合は圧巻だった！洞窟を改造した宿に泊まってたけど涼しくて過ごしやすかったし！"
        },
        {
            "speaker":"U",
            "time":"17.10.2020 14:40:56",
            "turn-index":11,
            "utterance":"楽しそうだね。"
        },
        {
            "speaker":"S",
            "time":"17.10.2020 14:40:57",
            "turn-index":12,
            "utterance":"そうだね。ちょっと気分悪いけど"
        },
        {
            "speaker":"U",
            "time":"17.10.2020 14:41:04",
            "turn-index":13,
            "utterance":"大丈夫かい？"
        },
        {
            "speaker":"S",
            "time":"17.10.2020 14:41:06",
            "turn-index":14,
            "utterance":"大丈夫だと思うよ"
        },
        {
            "speaker":"U",
            "time":"17.10.2020 14:41:09",
            "turn-index":15,
            "utterance":"良かった。"
        },
        {
            "speaker":"S",
            "time":"17.10.2020 14:41:12",
            "turn-index":16,
            "utterance":"これ。逃げ切れてホンマ良かった。負けてたらダメージ甚大やで"
        },
        {
            "speaker":"U",
            "time":"17.10.2020 14:41:19",
            "turn-index":17,
            "utterance":"甚大だな"
        },
        {
            "speaker":"S",
            "time":"17.10.2020 14:41:22",
            "turn-index":18,
            "utterance":"だって強制入院中だもの。しかたないよ"
        },
        {
            "speaker":"U",
            "time":"17.10.2020 14:41:35",
            "turn-index":19,
            "utterance":"仕方ないかもね。まあ元気そうで良かったよ。"
        },
        {
            "speaker":"S",
            "time":"17.10.2020 14:41:37",
            "turn-index":20,
            "utterance":"元気だぜー。今は雲母で一攫千金狙ってる"
        },
        {
            "speaker":"U",
            "time":"17.10.2020 14:41:44",
            "turn-index":21,
            "utterance":"なるほどね"
        },
        {
            "speaker":"S",
            "time":"17.10.2020 14:41:50",
            "turn-index":22,
            "utterance":"なるほど！"
        },
        {
            "speaker":"U",
            "time":"17.10.2020 14:42:04",
            "turn-index":23,
            "utterance":"八丈島行ってみたいな"
        },
        {
            "speaker":"S",
            "time":"17.10.2020 14:42:07",
            "turn-index":24,
            "utterance":"八丈島ってたしか。上代東国方言を残す言葉だよな。かなりのロマン"
        },
        {
            "speaker":"U",
            "time":"17.10.2020 14:42:13",
            "turn-index":25,
            "utterance":"浪漫あるよね"
        },
        {
            "speaker":"S",
            "time":"17.10.2020 14:42:15",
            "turn-index":26,
            "utterance":"ロマンスがあり余る"
        },
        {
            "speaker":"U",
            "time":"17.10.2020 14:42:21",
            "turn-index":27,
            "utterance":"駄々洩れっすね"
        },
        {
            "speaker":"S",
            "time":"17.10.2020 14:42:25",
            "turn-index":28,
            "utterance":"あ、もう時間が無いンゴ。いろんな話が聞けて楽しかったやで！ありがとナス！"
        },
        {
            "speaker":"U",
            "time":"17.10.2020 14:42:29",
            "turn-index":29,
            "utterance":"ありがとね"
        },
        {
            "speaker":"S",
            "time":"17.10.2020 14:42:30",
            "turn-index":30,
            "utterance":"せや！この後アンケート入力すると思うんやけど、いい評価にしてくれると嬉しいンゴ！"
        }
    ]
}