{
    "dialogue-id":"NJT_35",
    "group-id":"",
    "speaker-id":"NoneJupiter",
    "turns":[
        {
            "speaker":"S",
            "time":"17.10.2020 17:23:43",
            "turn-index":0,
            "utterance":"2ちゃんねるのなんＪから来たンゴ！よろしくニキ！早速やけど、今日話したいことを教えてクレメンス"
        },
        {
            "speaker":"U",
            "time":"17.10.2020 17:26:07",
            "turn-index":1,
            "utterance":"イチローは、いつ日本球界に帰ってくるのかな？"
        },
        {
            "speaker":"S",
            "time":"17.10.2020 17:26:09",
            "turn-index":2,
            "utterance":"イチローらしい成績だな"
        },
        {
            "speaker":"U",
            "time":"17.10.2020 17:26:30",
            "turn-index":3,
            "utterance":"イチローは今引退してるから、成績ありませんよ。"
        },
        {
            "speaker":"S",
            "time":"17.10.2020 17:26:32",
            "turn-index":4,
            "utterance":"イチローは交流あったっけ？ダウンタウンの方と絡みそう"
        },
        {
            "speaker":"U",
            "time":"17.10.2020 17:26:51",
            "turn-index":5,
            "utterance":"浜ちゃんとテレビで絡んでたことありましたね。"
        },
        {
            "speaker":"S",
            "time":"17.10.2020 17:26:54",
            "turn-index":6,
            "utterance":"LINE交換して喋ったくらい"
        },
        {
            "speaker":"U",
            "time":"17.10.2020 17:27:15",
            "turn-index":7,
            "utterance":"浜ちゃんとイチローがLINE交換してるの？"
        },
        {
            "speaker":"S",
            "time":"17.10.2020 17:27:16",
            "turn-index":8,
            "utterance":"せやで？なんか有名なアイドルとLINE交換して通話ぐるも作ってたわ"
        },
        {
            "speaker":"U",
            "time":"17.10.2020 17:27:34",
            "turn-index":9,
            "utterance":"イチローが、アイドルともLINE交換してるの？"
        },
        {
            "speaker":"S",
            "time":"17.10.2020 17:27:36",
            "turn-index":10,
            "utterance":"リアル恋とか一言に書いてるで、LINE交換もしてる、それ以外はしらん"
        },
        {
            "speaker":"U",
            "time":"17.10.2020 17:28:47",
            "turn-index":11,
            "utterance":"そうなんだ。ところで、Eスポーツには興味ある？"
        },
        {
            "speaker":"S",
            "time":"17.10.2020 17:28:50",
            "turn-index":12,
            "utterance":"逆やない?eスポーツって名前にしたから否定派がスポーツちゃうって噛みついてきとる感じやと思うけど"
        },
        {
            "speaker":"U",
            "time":"17.10.2020 17:29:30",
            "turn-index":13,
            "utterance":"私も、Eスポーツはスポーツじゃないと思う。"
        },
        {
            "speaker":"S",
            "time":"17.10.2020 17:29:32",
            "turn-index":14,
            "utterance":"eスポーツのプレイヤーを操作するゲームとかこれもうわからんな"
        },
        {
            "speaker":"U",
            "time":"17.10.2020 17:29:52",
            "turn-index":15,
            "utterance":"そういうゲームができたら面白そうですね。"
        },
        {
            "speaker":"S",
            "time":"17.10.2020 17:29:54",
            "turn-index":16,
            "utterance":"面白いで。慣れたら単純だけど、最後の方はマジで理不尽になるという昔のゲーム"
        },
        {
            "speaker":"U",
            "time":"17.10.2020 17:30:13",
            "turn-index":17,
            "utterance":"え？そういうゲームが、もう発売されてるの？"
        },
        {
            "speaker":"S",
            "time":"17.10.2020 17:30:15",
            "turn-index":18,
            "utterance":"とっくに販売してる"
        },
        {
            "speaker":"U",
            "time":"17.10.2020 17:30:31",
            "turn-index":19,
            "utterance":"そうなんだ。全然知らなかったよ。"
        },
        {
            "speaker":"S",
            "time":"17.10.2020 17:30:33",
            "turn-index":20,
            "utterance":"俺は知ってたよ。家庭板では結構有名"
        },
        {
            "speaker":"U",
            "time":"17.10.2020 17:31:09",
            "turn-index":21,
            "utterance":"家庭板で、なぜEスポーツが話題になってるの？"
        },
        {
            "speaker":"S",
            "time":"17.10.2020 17:31:12",
            "turn-index":22,
            "utterance":"eスポーツはオリンピック種目にすべき論→レスバはeスポーツ→レスバもオリンピック正式種目に採用すべき！って論法やで"
        },
        {
            "speaker":"U",
            "time":"17.10.2020 17:31:51",
            "turn-index":23,
            "utterance":"Eスポーツがオリンピックの種目にふさわしいかで話題になってたんだね。"
        },
        {
            "speaker":"S",
            "time":"17.10.2020 17:31:54",
            "turn-index":24,
            "utterance":"それね、なんで将棋がオリンピックにならないのか…。"
        },
        {
            "speaker":"U",
            "time":"17.10.2020 17:32:23",
            "turn-index":25,
            "utterance":"将棋が種目になるなら、その前にチェスが種目として採用されそう。"
        },
        {
            "speaker":"S",
            "time":"17.10.2020 17:32:26",
            "turn-index":26,
            "utterance":"それね、なんで将棋がオリンピックにならないのか…。"
        },
        {
            "speaker":"U",
            "time":"17.10.2020 17:32:54",
            "turn-index":27,
            "utterance":"将棋は、世界的に普及しているわけじゃないから、無理じゃないかな。"
        },
        {
            "speaker":"S",
            "time":"17.10.2020 17:32:55",
            "turn-index":28,
            "utterance":"あ、もう時間が無いンゴ。いろんな話が聞けて楽しかったやで！ありがとナス！"
        },
        {
            "speaker":"U",
            "time":"17.10.2020 17:33:27",
            "turn-index":29,
            "utterance":"ありがとうございました。"
        },
        {
            "speaker":"S",
            "time":"17.10.2020 17:33:29",
            "turn-index":30,
            "utterance":"せや！この後アンケート入力すると思うんやけど、いい評価にしてくれると嬉しいンゴ！"
        }
    ]
}