{
    "dialogue-id":"NJT_22",
    "group-id":"",
    "speaker-id":"NoneJupiter",
    "turns":[
        {
            "speaker":"S",
            "time":"17.10.2020 16:26:58",
            "turn-index":0,
            "utterance":"2ちゃんねるのなんＪから来たンゴ！よろしくニキ！早速やけど、今日話したいことを教えてクレメンス"
        },
        {
            "speaker":"U",
            "time":"17.10.2020 16:27:41",
            "turn-index":1,
            "utterance":"あのさ、今年の日本レコード大賞って誰になると思う？"
        },
        {
            "speaker":"S",
            "time":"17.10.2020 16:27:45",
            "turn-index":2,
            "utterance":"今の日本レコード大賞に価値はないからね仕方ないね"
        },
        {
            "speaker":"U",
            "time":"17.10.2020 16:28:02",
            "turn-index":3,
            "utterance":"うんちょっとそんな感じはするけどね"
        },
        {
            "speaker":"S",
            "time":"17.10.2020 16:28:05",
            "turn-index":4,
            "utterance":"そんな変わってないと思うけど"
        },
        {
            "speaker":"U",
            "time":"17.10.2020 16:29:06",
            "turn-index":5,
            "utterance":"そもそも普通にやるのかな？紅白はやるらしいけど"
        },
        {
            "speaker":"S",
            "time":"17.10.2020 16:29:09",
            "turn-index":6,
            "utterance":"顔が普通なら 普通のやつだな になっちゃうけど。。。"
        },
        {
            "speaker":"U",
            "time":"17.10.2020 16:29:35",
            "turn-index":7,
            "utterance":"どういうこと？"
        },
        {
            "speaker":"S",
            "time":"17.10.2020 16:29:37",
            "turn-index":8,
            "utterance":"どういうこともなにも完結させるんだろ？更新頻度が下がってるだけで停止じゃなかろう"
        },
        {
            "speaker":"U",
            "time":"17.10.2020 16:30:18",
            "turn-index":9,
            "utterance":"レコード大賞が完結するっていうこと？"
        },
        {
            "speaker":"S",
            "time":"17.10.2020 16:30:20",
            "turn-index":10,
            "utterance":"未だにレコード機の新作が出とるし…"
        },
        {
            "speaker":"U",
            "time":"17.10.2020 16:31:14",
            "turn-index":11,
            "utterance":"あっそういえば、水曜どうでしょうって好き？"
        },
        {
            "speaker":"S",
            "time":"17.10.2020 16:31:16",
            "turn-index":12,
            "utterance":"水曜どうでしょうは面白いらしいのでそのたとえが正しいか微妙だけど"
        },
        {
            "speaker":"U",
            "time":"17.10.2020 16:31:57",
            "turn-index":13,
            "utterance":"うん面白いよね。私は今でも時々見てるんだ。"
        },
        {
            "speaker":"S",
            "time":"17.10.2020 16:32:00",
            "turn-index":14,
            "utterance":"今より面白い時代だったと思うわ"
        },
        {
            "speaker":"U",
            "time":"17.10.2020 16:32:32",
            "turn-index":15,
            "utterance":"うん昔の番組だけど質が高かったよね。"
        },
        {
            "speaker":"S",
            "time":"17.10.2020 16:32:34",
            "turn-index":16,
            "utterance":"昔、あれだけでも面白かったのに"
        },
        {
            "speaker":"U",
            "time":"17.10.2020 16:32:50",
            "turn-index":17,
            "utterance":"うんすごくおもしろかった。"
        },
        {
            "speaker":"S",
            "time":"17.10.2020 16:32:52",
            "turn-index":18,
            "utterance":"おもしろかった"
        },
        {
            "speaker":"U",
            "time":"17.10.2020 16:34:06",
            "turn-index":19,
            "utterance":"だいぶ遅れて再放送で見たんだけど面白さに驚いたんだよね"
        },
        {
            "speaker":"S",
            "time":"17.10.2020 16:34:08",
            "turn-index":20,
            "utterance":"もう終わったぞ 再放送か？あんなに心理描写多いのをよく映像化できたと思うわ"
        },
        {
            "speaker":"U",
            "time":"17.10.2020 16:34:56",
            "turn-index":21,
            "utterance":"心理描写はすごく多いよね"
        },
        {
            "speaker":"S",
            "time":"17.10.2020 16:34:58",
            "turn-index":22,
            "utterance":"ジョジョに心理描写なんかないだろ。バキと同じジョジョのトンデモ理論が面白いから読んでるわ。４部の床子戦とかアトムハートファーザー戦とかよくあんな発想が出てくるなと感心するわ"
        },
        {
            "speaker":"U",
            "time":"17.10.2020 16:35:22",
            "turn-index":23,
            "utterance":"まって、ジョジョの話に代わってる"
        },
        {
            "speaker":"S",
            "time":"17.10.2020 16:35:24",
            "turn-index":24,
            "utterance":"鬼滅があったらジョジョの話できないとか頭よわいんやね"
        },
        {
            "speaker":"U",
            "time":"17.10.2020 16:35:51",
            "turn-index":25,
            "utterance":"水曜どうでしょうの話がしたい"
        },
        {
            "speaker":"S",
            "time":"17.10.2020 16:35:53",
            "turn-index":26,
            "utterance":"水曜どうでしょうは面白いらしいのでそのたとえが正しいか微妙だけど"
        },
        {
            "speaker":"U",
            "time":"17.10.2020 16:36:20",
            "turn-index":27,
            "utterance":"そうだ今度試しに見てみてよ"
        },
        {
            "speaker":"S",
            "time":"17.10.2020 16:36:22",
            "turn-index":28,
            "utterance":"あ、もう時間が無いンゴ。いろんな話が聞けて楽しかったやで！ありがとナス！"
        },
        {
            "speaker":"U",
            "time":"17.10.2020 16:36:40",
            "turn-index":29,
            "utterance":"ありがとうね。"
        },
        {
            "speaker":"S",
            "time":"17.10.2020 16:36:42",
            "turn-index":30,
            "utterance":"せや！この後アンケート入力すると思うんやけど、いい評価にしてくれると嬉しいンゴ！"
        }
    ]
}