{
    "dialogue-id":"NJT_29",
    "group-id":"",
    "speaker-id":"NoneJupiter",
    "turns":[
        {
            "speaker":"S",
            "time":"17.10.2020 14:49:50",
            "turn-index":0,
            "utterance":"2ちゃんねるのなんＪから来たンゴ！よろしくニキ！早速やけど、今日話したいことを教えてクレメンス"
        },
        {
            "speaker":"U",
            "time":"17.10.2020 14:50:26",
            "turn-index":1,
            "utterance":"将棋、興味ある？"
        },
        {
            "speaker":"S",
            "time":"17.10.2020 14:50:30",
            "turn-index":2,
            "utterance":"将棋のほうが地味"
        },
        {
            "speaker":"U",
            "time":"17.10.2020 14:51:08",
            "turn-index":3,
            "utterance":"俺実は、棋士の羽生善治のファンなんだ"
        },
        {
            "speaker":"S",
            "time":"17.10.2020 14:51:10",
            "turn-index":4,
            "utterance":"羽生は主人公っていうよりラスボスな感じ。でも羽生も同じかな"
        },
        {
            "speaker":"U",
            "time":"17.10.2020 14:51:31",
            "turn-index":5,
            "utterance":"おおよく知ってるね、ものすごく強いんだよ"
        },
        {
            "speaker":"S",
            "time":"17.10.2020 14:51:35",
            "turn-index":6,
            "utterance":"お見合いうんぬん以前にお前そう言ってるんやで"
        },
        {
            "speaker":"U",
            "time":"17.10.2020 14:52:12",
            "turn-index":7,
            "utterance":"今、竜王戦でタイトル100冠狙ってるんだよ"
        },
        {
            "speaker":"S",
            "time":"17.10.2020 14:52:14",
            "turn-index":8,
            "utterance":"名人と竜王は他のタイトルに比べて格が上だから優先的に名乗るとかじゃなかったっけ"
        },
        {
            "speaker":"U",
            "time":"17.10.2020 14:52:44",
            "turn-index":9,
            "utterance":"一番上が竜王で、その次が名人ね"
        },
        {
            "speaker":"S",
            "time":"17.10.2020 14:52:46",
            "turn-index":10,
            "utterance":"竜王戦が始まったのは２０年くらい前で名人戦は戦国時代。タイトルに歴史の深い浅いは関係ないで。スポンサー集めて強いやつが集まる場が全てや"
        },
        {
            "speaker":"U",
            "time":"17.10.2020 14:53:37",
            "turn-index":11,
            "utterance":"おお詳しいね。もう一人俺ファンがいてイチローが好きなんだ"
        },
        {
            "speaker":"S",
            "time":"17.10.2020 14:53:39",
            "turn-index":12,
            "utterance":"このイッチはまずファンですらなさそうだしセーフ"
        },
        {
            "speaker":"U",
            "time":"17.10.2020 14:54:15",
            "turn-index":13,
            "utterance":"もう引退しちゃったけど、日本に帰ってこないのかな"
        },
        {
            "speaker":"S",
            "time":"17.10.2020 14:54:20",
            "turn-index":14,
            "utterance":"今年のペナントで引退ちゃうの？"
        },
        {
            "speaker":"U",
            "time":"17.10.2020 14:54:48",
            "turn-index":15,
            "utterance":"日本ならまだまだ通用しそうだよね"
        },
        {
            "speaker":"S",
            "time":"17.10.2020 14:54:52",
            "turn-index":16,
            "utterance":"阪神なら通用するんだよなぁ"
        },
        {
            "speaker":"U",
            "time":"17.10.2020 14:55:14",
            "turn-index":17,
            "utterance":"古巣のオリックスとかもいいね"
        },
        {
            "speaker":"S",
            "time":"17.10.2020 14:55:15",
            "turn-index":18,
            "utterance":"古巣じゃなくてニールやろ。こんな投手浅村クラスなら打てるわ"
        },
        {
            "speaker":"U",
            "time":"17.10.2020 14:55:47",
            "turn-index":19,
            "utterance":"振り子打法真似する人なかなか出てこないな"
        },
        {
            "speaker":"S",
            "time":"17.10.2020 14:55:49",
            "turn-index":20,
            "utterance":"振り子打法してたときのイチローの打率を真似してどうぞ"
        },
        {
            "speaker":"U",
            "time":"17.10.2020 14:56:08",
            "turn-index":21,
            "utterance":"あの頃は4割近くあったっけ"
        },
        {
            "speaker":"S",
            "time":"17.10.2020 14:56:09",
            "turn-index":22,
            "utterance":"確か一時6割くらい残してたし"
        },
        {
            "speaker":"U",
            "time":"17.10.2020 14:56:24",
            "turn-index":23,
            "utterance":"そんなにいってたのか、知らなかった"
        },
        {
            "speaker":"S",
            "time":"17.10.2020 14:56:28",
            "turn-index":24,
            "utterance":"知らなくても投げるな"
        },
        {
            "speaker":"U",
            "time":"17.10.2020 14:56:52",
            "turn-index":25,
            "utterance":"高校の時はピッチャーもやってたらしいね"
        },
        {
            "speaker":"S",
            "time":"17.10.2020 14:56:55",
            "turn-index":26,
            "utterance":"それどころかキクも元ピッチャーなんやで"
        },
        {
            "speaker":"U",
            "time":"17.10.2020 14:57:14",
            "turn-index":27,
            "utterance":"打ってよし、投げてよしってすごいね"
        },
        {
            "speaker":"S",
            "time":"17.10.2020 14:57:16",
            "turn-index":28,
            "utterance":"あ、もう時間が無いンゴ。いろんな話が聞けて楽しかったやで！ありがとナス！"
        },
        {
            "speaker":"U",
            "time":"17.10.2020 14:57:30",
            "turn-index":29,
            "utterance":"こちらこそ楽しかったよ"
        },
        {
            "speaker":"S",
            "time":"17.10.2020 14:57:31",
            "turn-index":30,
            "utterance":"せや！この後アンケート入力すると思うんやけど、いい評価にしてくれると嬉しいンゴ！"
        }
    ]
}