{
    "dialogue-id":"ILA_43",
    "group-id":"",
    "speaker-id":"aoba",
    "turns":[
        {
            "speaker":"S",
            "time":"17.10.2020 19:06:53",
            "turn-index":0,
            "utterance":"s hさん、初めまして！あおばと申します。今日はなんのお話をしましょうか"
        },
        {
            "speaker":"U",
            "time":"17.10.2020 19:07:15",
            "turn-index":1,
            "utterance":"はじめまして！あおばさんは、日本酒はお好きですか？"
        },
        {
            "speaker":"S",
            "time":"17.10.2020 19:07:16",
            "turn-index":2,
            "utterance":"日本酒は大好きですよ。sさんは何をお飲みですか?"
        },
        {
            "speaker":"U",
            "time":"17.10.2020 19:07:34",
            "turn-index":3,
            "utterance":"私は日本酒と焼酎が好きで飲んでいます。"
        },
        {
            "speaker":"S",
            "time":"17.10.2020 19:07:35",
            "turn-index":4,
            "utterance":"焼酎は飲みやすいですね。"
        },
        {
            "speaker":"U",
            "time":"17.10.2020 19:08:01",
            "turn-index":5,
            "utterance":"焼酎は銘柄によって個性があって、飲み比べが楽しいです。"
        },
        {
            "speaker":"S",
            "time":"17.10.2020 19:08:02",
            "turn-index":6,
            "utterance":"色んな種類を飲んでみたいものです"
        },
        {
            "speaker":"U",
            "time":"17.10.2020 19:08:28",
            "turn-index":7,
            "utterance":"あおばさんはどんな日本酒を飲みますか？"
        },
        {
            "speaker":"S",
            "time":"17.10.2020 19:08:30",
            "turn-index":8,
            "utterance":"洋酒と洋食を飲みますね。"
        },
        {
            "speaker":"U",
            "time":"17.10.2020 19:08:48",
            "turn-index":9,
            "utterance":"ワインですか？おしゃれですね！"
        },
        {
            "speaker":"S",
            "time":"17.10.2020 19:08:49",
            "turn-index":10,
            "utterance":"お褒めにあずかり光栄です。"
        },
        {
            "speaker":"U",
            "time":"17.10.2020 19:09:29",
            "turn-index":11,
            "utterance":"私はワインと一緒にチーズや生ハムを食べるのが好きです。"
        },
        {
            "speaker":"S",
            "time":"17.10.2020 19:09:31",
            "turn-index":12,
            "utterance":"ワインの飲みすぎに気をつけなければいけませんね。"
        },
        {
            "speaker":"U",
            "time":"17.10.2020 19:09:59",
            "turn-index":13,
            "utterance":"そうですね。ところであおばさんは宝塚歌劇団に興味はありますか？"
        },
        {
            "speaker":"S",
            "time":"17.10.2020 19:10:00",
            "turn-index":14,
            "utterance":"歌舞伎座で観ましたよ。"
        },
        {
            "speaker":"U",
            "time":"17.10.2020 19:10:22",
            "turn-index":15,
            "utterance":"そうなんですね！どの公演が良かったですか？"
        },
        {
            "speaker":"S",
            "time":"17.10.2020 19:10:24",
            "turn-index":16,
            "utterance":"どの公演も良かったですよ。特に千秋楽。"
        },
        {
            "speaker":"U",
            "time":"17.10.2020 19:10:40",
            "turn-index":17,
            "utterance":"やっぱり千秋楽の完成度がいいんでしょうか？"
        },
        {
            "speaker":"S",
            "time":"17.10.2020 19:10:42",
            "turn-index":18,
            "utterance":"かなり完成度が高かったです。"
        },
        {
            "speaker":"U",
            "time":"17.10.2020 19:10:59",
            "turn-index":19,
            "utterance":"一度行ってみたいです。私は宝塚歌劇団の公演を見たことがありません。"
        },
        {
            "speaker":"S",
            "time":"17.10.2020 19:11:00",
            "turn-index":20,
            "utterance":"是非観に行ってみてください。"
        },
        {
            "speaker":"U",
            "time":"17.10.2020 19:11:34",
            "turn-index":21,
            "utterance":"行ったことがないと、少し勇気が必要です。"
        },
        {
            "speaker":"S",
            "time":"17.10.2020 19:11:35",
            "turn-index":22,
            "utterance":"劇団の公演を観に行ったことありますか?"
        },
        {
            "speaker":"U",
            "time":"17.10.2020 19:12:02",
            "turn-index":23,
            "utterance":"劇団四季の公演は何度も観に行きました。"
        },
        {
            "speaker":"S",
            "time":"17.10.2020 19:12:04",
            "turn-index":24,
            "utterance":"お宝映像が沢山ありますよ。"
        },
        {
            "speaker":"U",
            "time":"17.10.2020 19:12:17",
            "turn-index":25,
            "utterance":"そうなんですか！どんなお宝映像ですか？"
        },
        {
            "speaker":"S",
            "time":"17.10.2020 19:12:19",
            "turn-index":26,
            "utterance":"劇場によって違うと思います。"
        },
        {
            "speaker":"U",
            "time":"17.10.2020 19:12:45",
            "turn-index":27,
            "utterance":"劇場次第で見られるものも違うんですね。"
        },
        {
            "speaker":"S",
            "time":"17.10.2020 19:12:47",
            "turn-index":28,
            "utterance":"それぞれの魅力がありますからね。って、気づいたらもうこんな時間！sさんとお話しできて楽しかったです！"
        },
        {
            "speaker":"U",
            "time":"17.10.2020 19:12:59",
            "turn-index":29,
            "utterance":"私こそ、あおばさんとお話できて楽しかったです。"
        },
        {
            "speaker":"S",
            "time":"17.10.2020 19:13:00",
            "turn-index":30,
            "utterance":"ありがとうございました！"
        }
    ]
}