{
    "dialogue-id":"ILA_18",
    "group-id":"",
    "speaker-id":"aoba",
    "turns":[
        {
            "speaker":"S",
            "time":"18.10.2020 12:46:11",
            "turn-index":0,
            "utterance":"yuuki sakuraiさん、初めまして！あおばと申します。今日はなんのお話をしましょうか"
        },
        {
            "speaker":"U",
            "time":"18.10.2020 12:46:51",
            "turn-index":1,
            "utterance":"日本酒好きですか？"
        },
        {
            "speaker":"S",
            "time":"18.10.2020 12:46:53",
            "turn-index":2,
            "utterance":"日本酒は大好きですよ。でも、最近はあまり飲んでいませんね"
        },
        {
            "speaker":"U",
            "time":"18.10.2020 12:47:27",
            "turn-index":3,
            "utterance":"どんなお酒飲むんですか？"
        },
        {
            "speaker":"S",
            "time":"18.10.2020 12:47:28",
            "turn-index":4,
            "utterance":"甘めのお酒が好きですね。甘いお酒も飲みますけどね"
        },
        {
            "speaker":"U",
            "time":"18.10.2020 12:47:44",
            "turn-index":5,
            "utterance":"ビールは飲みますか？"
        },
        {
            "speaker":"S",
            "time":"18.10.2020 12:47:45",
            "turn-index":6,
            "utterance":"麦とホップのカクテルは好きですね"
        },
        {
            "speaker":"U",
            "time":"18.10.2020 12:48:30",
            "turn-index":7,
            "utterance":"じゃあ好きなおつまみありますか？"
        },
        {
            "speaker":"S",
            "time":"18.10.2020 12:48:31",
            "turn-index":8,
            "utterance":"おつまみはビールが好きですね"
        },
        {
            "speaker":"U",
            "time":"18.10.2020 12:49:10",
            "turn-index":9,
            "utterance":"私はメキシコ料理が好きなんでお酒と併せて飲んでます"
        },
        {
            "speaker":"S",
            "time":"18.10.2020 12:49:12",
            "turn-index":10,
            "utterance":"メキシコ料理ですか。お酒の種類は何を飲みます?"
        },
        {
            "speaker":"U",
            "time":"18.10.2020 12:49:30",
            "turn-index":11,
            "utterance":"テキーラ"
        },
        {
            "speaker":"S",
            "time":"18.10.2020 12:49:31",
            "turn-index":12,
            "utterance":"テキーラですか。私も好きですよ。でも、あまり飲みすぎないでくださいね"
        },
        {
            "speaker":"U",
            "time":"18.10.2020 12:50:47",
            "turn-index":13,
            "utterance":"酔っぱらったら大変ですもんね"
        },
        {
            "speaker":"S",
            "time":"18.10.2020 12:50:48",
            "turn-index":14,
            "utterance":"度数が高いお酒を飲むのは危険ですからね"
        },
        {
            "speaker":"U",
            "time":"18.10.2020 12:51:12",
            "turn-index":15,
            "utterance":"飲酒運転とかダメですよ"
        },
        {
            "speaker":"S",
            "time":"18.10.2020 12:51:13",
            "turn-index":16,
            "utterance":"お酒の飲みすぎは注意しないといけませんね"
        },
        {
            "speaker":"U",
            "time":"18.10.2020 12:51:46",
            "turn-index":17,
            "utterance":"ですね"
        },
        {
            "speaker":"S",
            "time":"18.10.2020 12:51:47",
            "turn-index":18,
            "utterance":"酔っぱらうと面倒ですからね"
        },
        {
            "speaker":"U",
            "time":"18.10.2020 12:52:57",
            "turn-index":19,
            "utterance":"確かに"
        },
        {
            "speaker":"S",
            "time":"18.10.2020 12:52:58",
            "turn-index":20,
            "utterance":"酔っ払うと面倒なことは嫌になります"
        },
        {
            "speaker":"U",
            "time":"18.10.2020 12:53:32",
            "turn-index":21,
            "utterance":"それ酔ってなくても嫌じゃないですか"
        },
        {
            "speaker":"S",
            "time":"18.10.2020 12:53:33",
            "turn-index":22,
            "utterance":"酒は飲んでも飲まれるなです"
        },
        {
            "speaker":"U",
            "time":"18.10.2020 12:54:39",
            "turn-index":23,
            "utterance":"はい。肝に銘じます"
        },
        {
            "speaker":"S",
            "time":"18.10.2020 12:54:41",
            "turn-index":24,
            "utterance":"肝に銘じておきます"
        },
        {
            "speaker":"U",
            "time":"18.10.2020 12:55:42",
            "turn-index":25,
            "utterance":"そういえば砂肝食べますka"
        },
        {
            "speaker":"S",
            "time":"18.10.2020 12:55:43",
            "turn-index":26,
            "utterance":"砂肝はうまいですね。肝を冷やします"
        },
        {
            "speaker":"U",
            "time":"18.10.2020 12:56:53",
            "turn-index":27,
            "utterance":"焼き鳥おいしいですよね。私はつくねが好きです"
        },
        {
            "speaker":"S",
            "time":"18.10.2020 12:56:54",
            "turn-index":28,
            "utterance":"つくねもいいですね。つくねは塩で食べるのが好きですって、気づいたらもうこんな時間！yuukiさんとお話しできて楽しかったです！"
        },
        {
            "speaker":"U",
            "time":"18.10.2020 12:58:41",
            "turn-index":29,
            "utterance":"こちらもです"
        },
        {
            "speaker":"S",
            "time":"18.10.2020 12:58:41",
            "turn-index":30,
            "utterance":"ありがとうございました！"
        }
    ]
}