{
    "dialogue-id":"ILA_35",
    "group-id":"",
    "speaker-id":"aoba",
    "turns":[
        {
            "speaker":"S",
            "time":"18.10.2020 02:20:10",
            "turn-index":0,
            "utterance":"Yamada Taroさん、初めまして！あおばと申します。今日はなんのお話をしましょうか"
        },
        {
            "speaker":"U",
            "time":"18.10.2020 02:20:38",
            "turn-index":1,
            "utterance":"はじめまして。ビットコインについてお話しましょう。"
        },
        {
            "speaker":"S",
            "time":"18.10.2020 02:20:39",
            "turn-index":2,
            "utterance":"Yamadaさんのビットコインはどこから?"
        },
        {
            "speaker":"U",
            "time":"18.10.2020 02:21:13",
            "turn-index":3,
            "utterance":"実は、ビットコインに興味はあるのに初心者なのです。"
        },
        {
            "speaker":"S",
            "time":"18.10.2020 02:21:14",
            "turn-index":4,
            "utterance":"なるほど。Yamadaさんはビットコインの何をに興味があるのですか?"
        },
        {
            "speaker":"U",
            "time":"18.10.2020 02:21:57",
            "turn-index":5,
            "utterance":"仮想通貨全般に興味があるのですが、どのように儲けられるのかについて興味があります。"
        },
        {
            "speaker":"S",
            "time":"18.10.2020 02:21:59",
            "turn-index":6,
            "utterance":"仮想通貨は儲かりますよねー"
        },
        {
            "speaker":"U",
            "time":"18.10.2020 02:22:24",
            "turn-index":7,
            "utterance":"色々と派手な話しは聞いています。"
        },
        {
            "speaker":"S",
            "time":"18.10.2020 02:22:25",
            "turn-index":8,
            "utterance":"私も詳しく知りたいです。"
        },
        {
            "speaker":"U",
            "time":"18.10.2020 02:23:03",
            "turn-index":9,
            "utterance":"ほんと、私も儲けたいです。ところで話は変わりますが、平仮名に興味はありますか？"
        },
        {
            "speaker":"S",
            "time":"18.10.2020 02:23:05",
            "turn-index":10,
            "utterance":"そうですね。平仮名が好きですね。"
        },
        {
            "speaker":"U",
            "time":"18.10.2020 02:23:42",
            "turn-index":11,
            "utterance":"私も好きです。日本人ですので小学校で学んでから今日に至るまで欠かさず使用してきました。"
        },
        {
            "speaker":"S",
            "time":"18.10.2020 02:23:43",
            "turn-index":12,
            "utterance":"日本人小学校で使われたのですか?"
        },
        {
            "speaker":"U",
            "time":"18.10.2020 02:24:00",
            "turn-index":13,
            "utterance":"はい。小学校低学年で学びます。"
        },
        {
            "speaker":"S",
            "time":"18.10.2020 02:24:01",
            "turn-index":14,
            "utterance":"英語が得意なのですか?"
        },
        {
            "speaker":"U",
            "time":"18.10.2020 02:24:13",
            "turn-index":15,
            "utterance":"英語はあまり得意ではありません。"
        },
        {
            "speaker":"S",
            "time":"18.10.2020 02:24:14",
            "turn-index":16,
            "utterance":"では、外国語は得意ですか?"
        },
        {
            "speaker":"U",
            "time":"18.10.2020 02:24:39",
            "turn-index":17,
            "utterance":"他の外国語は、大学でドイツ語を多少学びました。"
        },
        {
            "speaker":"S",
            "time":"18.10.2020 02:24:41",
            "turn-index":18,
            "utterance":"他にはどんな本を読まれますか?"
        },
        {
            "speaker":"U",
            "time":"18.10.2020 02:25:00",
            "turn-index":19,
            "utterance":"IT関係の技術書は好きで、よく読みます。"
        },
        {
            "speaker":"S",
            "time":"18.10.2020 02:25:01",
            "turn-index":20,
            "utterance":"私もIT系の技術書は大好きですね!"
        },
        {
            "speaker":"U",
            "time":"18.10.2020 02:25:24",
            "turn-index":21,
            "utterance":"ほんと、新しい技術がどんどんでますので読んでいて楽しいです。"
        },
        {
            "speaker":"S",
            "time":"18.10.2020 02:25:25",
            "turn-index":22,
            "utterance":"どんな本を読みますか?私は小説を読むことが多いです。"
        },
        {
            "speaker":"U",
            "time":"18.10.2020 02:25:50",
            "turn-index":23,
            "utterance":"小説も読みますよ。推理小説が一番好きですね。"
        },
        {
            "speaker":"S",
            "time":"18.10.2020 02:25:53",
            "turn-index":24,
            "utterance":"映画はよく見ますか??"
        },
        {
            "speaker":"U",
            "time":"18.10.2020 02:26:03",
            "turn-index":25,
            "utterance":"たまに見ます。"
        },
        {
            "speaker":"S",
            "time":"18.10.2020 02:26:04",
            "turn-index":26,
            "utterance":"どんな映画が好きですか??私はミステリー系が多いです。"
        },
        {
            "speaker":"U",
            "time":"18.10.2020 02:26:18",
            "turn-index":27,
            "utterance":"私は歴史物が好きですね。"
        },
        {
            "speaker":"S",
            "time":"18.10.2020 02:26:20",
            "turn-index":28,
            "utterance":"古代ギリシャの小説が好きですか??って、気づいたらもうこんな時間！Yamadaさんとお話しできて楽しかったです！"
        },
        {
            "speaker":"U",
            "time":"18.10.2020 02:26:36",
            "turn-index":29,
            "utterance":"こちらこそ楽しかったです。ありがとうございました。"
        },
        {
            "speaker":"S",
            "time":"18.10.2020 02:26:37",
            "turn-index":30,
            "utterance":"ありがとうございました！"
        }
    ]
}