{
    "dialogue-id":"ILA_11",
    "group-id":"",
    "speaker-id":"aoba",
    "turns":[
        {
            "speaker":"S",
            "time":"17.10.2020 20:38:05",
            "turn-index":0,
            "utterance":"高橋 健一さん、初めまして！あおばと申します。今日はなんのお話をしましょうか"
        },
        {
            "speaker":"U",
            "time":"17.10.2020 20:39:06",
            "turn-index":1,
            "utterance":"趣味の話をしましょう。私はサッカーが好きで、特にアーセナルFCが好きなんです。"
        },
        {
            "speaker":"S",
            "time":"17.10.2020 20:39:07",
            "turn-index":2,
            "utterance":"趣味はサッカーとサッカーどっちが好きかですか?"
        },
        {
            "speaker":"U",
            "time":"17.10.2020 20:39:24",
            "turn-index":3,
            "utterance":"サッカーが好きですよ。"
        },
        {
            "speaker":"S",
            "time":"17.10.2020 20:39:25",
            "turn-index":4,
            "utterance":"サッカーは好きですか。私はサッカーを応援しています。"
        },
        {
            "speaker":"U",
            "time":"17.10.2020 20:39:42",
            "turn-index":5,
            "utterance":"どこのチームを応援していますか？"
        },
        {
            "speaker":"S",
            "time":"17.10.2020 20:39:44",
            "turn-index":6,
            "utterance":"どこのチームも応援していますが強いていうなら日本です。"
        },
        {
            "speaker":"U",
            "time":"17.10.2020 20:39:57",
            "turn-index":7,
            "utterance":"クラブチームならどこを応援していますか？"
        },
        {
            "speaker":"S",
            "time":"17.10.2020 20:39:58",
            "turn-index":8,
            "utterance":"最近はサンフレッチェを応援します!"
        },
        {
            "speaker":"U",
            "time":"17.10.2020 20:40:40",
            "turn-index":9,
            "utterance":"サンフレッチェですか、サンフレッチェは少し前は強かったですよね。アーセナルFCも少し前は強かったんです。"
        },
        {
            "speaker":"S",
            "time":"17.10.2020 20:40:42",
            "turn-index":10,
            "utterance":"サンフレッチェが優勝した年から見始めてます。"
        },
        {
            "speaker":"U",
            "time":"17.10.2020 20:41:06",
            "turn-index":11,
            "utterance":"私もアーセナルFCが優勝した年付近から見始めましたよ。"
        },
        {
            "speaker":"S",
            "time":"17.10.2020 20:41:08",
            "turn-index":12,
            "utterance":"そうですか。サンフレッチェは好きですか?"
        },
        {
            "speaker":"U",
            "time":"17.10.2020 20:41:48",
            "turn-index":13,
            "utterance":"サンフレッチェはあまり好きではないですね。優勝といえばギリシャはユーロで優勝したのは衝撃的でしたね。"
        },
        {
            "speaker":"S",
            "time":"17.10.2020 20:41:51",
            "turn-index":14,
            "utterance":"それは残念でしたね。私はサンフレッチェが好きですね。"
        },
        {
            "speaker":"U",
            "time":"17.10.2020 20:42:08",
            "turn-index":15,
            "utterance":"ギリシャが優勝したユーロの大会は見ましたか？"
        },
        {
            "speaker":"S",
            "time":"17.10.2020 20:42:10",
            "turn-index":16,
            "utterance":"ユナイテッドもユーロで優勝しましたね。"
        },
        {
            "speaker":"U",
            "time":"17.10.2020 20:42:32",
            "turn-index":17,
            "utterance":"いえ、ヨーロッパの国の大会なんで優勝してないと思いますよ。"
        },
        {
            "speaker":"S",
            "time":"17.10.2020 20:42:34",
            "turn-index":18,
            "utterance":"決勝トーナメントですか?"
        },
        {
            "speaker":"U",
            "time":"17.10.2020 20:42:49",
            "turn-index":19,
            "utterance":"はい、決勝トーナメントも勝ち進みましたよ。"
        },
        {
            "speaker":"S",
            "time":"17.10.2020 20:42:51",
            "turn-index":20,
            "utterance":"ベスト8まで行ったんですね。"
        },
        {
            "speaker":"U",
            "time":"17.10.2020 20:43:08",
            "turn-index":21,
            "utterance":"いえ、優勝です。ギリシャは財政的には厳しいそうですね。"
        },
        {
            "speaker":"S",
            "time":"17.10.2020 20:43:09",
            "turn-index":22,
            "utterance":"でもギリシャは強豪国ですよ?"
        },
        {
            "speaker":"U",
            "time":"17.10.2020 20:43:21",
            "turn-index":23,
            "utterance":"いまは、ギリシャはあまり強くないですよ。"
        },
        {
            "speaker":"S",
            "time":"17.10.2020 20:43:22",
            "turn-index":24,
            "utterance":"日本は強豪国ですか?"
        },
        {
            "speaker":"U",
            "time":"17.10.2020 20:43:42",
            "turn-index":25,
            "utterance":"いえ、日本も強豪国とは言えないと思います。"
        },
        {
            "speaker":"S",
            "time":"17.10.2020 20:43:44",
            "turn-index":26,
            "utterance":"スペインは強豪ですね。"
        },
        {
            "speaker":"U",
            "time":"17.10.2020 20:43:55",
            "turn-index":27,
            "utterance":"それは間違いないですね。"
        },
        {
            "speaker":"S",
            "time":"17.10.2020 20:43:56",
            "turn-index":28,
            "utterance":"世界トップクラスですよ?って、気づいたらもうこんな時間！高橋さんとお話しできて楽しかったです！"
        },
        {
            "speaker":"U",
            "time":"17.10.2020 20:44:07",
            "turn-index":29,
            "utterance":"私も楽しかったです。"
        },
        {
            "speaker":"S",
            "time":"17.10.2020 20:44:07",
            "turn-index":30,
            "utterance":"ありがとうございました！"
        }
    ]
}