{
    "dialogue-id":"ILA_01",
    "group-id":"",
    "speaker-id":"aoba",
    "turns":[
        {
            "speaker":"S",
            "time":"17.10.2020 21:08:46",
            "turn-index":0,
            "utterance":"nao inaさん、初めまして！あおばと申します。今日はなんのお話をしましょうか"
        },
        {
            "speaker":"U",
            "time":"17.10.2020 21:09:12",
            "turn-index":1,
            "utterance":"好きなドラマはありますか？"
        },
        {
            "speaker":"S",
            "time":"17.10.2020 21:09:13",
            "turn-index":2,
            "utterance":"主演の俳優さんが亡くなられた作品を観てます。"
        },
        {
            "speaker":"U",
            "time":"17.10.2020 21:09:52",
            "turn-index":3,
            "utterance":"なるほど。私は、最近時効警察にはまっています。見たことあありますか？"
        },
        {
            "speaker":"S",
            "time":"17.10.2020 21:09:54",
            "turn-index":4,
            "utterance":"時効警察は観たことないですね。どんな作品を観ますか"
        },
        {
            "speaker":"U",
            "time":"17.10.2020 21:12:56",
            "turn-index":5,
            "utterance":"時効警察以外では、逃げ恥とかガッキーのドラマが好きです。見たことありますか？"
        },
        {
            "speaker":"S",
            "time":"17.10.2020 21:12:57",
            "turn-index":6,
            "utterance":"ガッキーのドラマは観たことありませんね"
        },
        {
            "speaker":"U",
            "time":"17.10.2020 21:13:42",
            "turn-index":7,
            "utterance":"では、芦田愛菜さんのドラマは見たことありますか？"
        },
        {
            "speaker":"S",
            "time":"17.10.2020 21:13:43",
            "turn-index":8,
            "utterance":"観てないです。どんなドラマですか?"
        },
        {
            "speaker":"U",
            "time":"17.10.2020 21:14:41",
            "turn-index":9,
            "utterance":"マルモのおきてとか面白いですよ。踊りがかわいいです"
        },
        {
            "speaker":"S",
            "time":"17.10.2020 21:14:42",
            "turn-index":10,
            "utterance":"録画はしてあるので、観ます"
        },
        {
            "speaker":"U",
            "time":"17.10.2020 21:15:56",
            "turn-index":11,
            "utterance":"ぜひ見てください。とても面白いです。その他で芦田愛菜さんのドラマでおすすめなのは、マザーです。子役でも演技がすごいですよ"
        },
        {
            "speaker":"S",
            "time":"17.10.2020 21:15:57",
            "turn-index":12,
            "utterance":"役者さんが豪華なんですね"
        },
        {
            "speaker":"U",
            "time":"17.10.2020 21:16:46",
            "turn-index":13,
            "utterance":"松雪泰子さんの演技も素晴らしかったです。どんなドラマが好きですか？"
        },
        {
            "speaker":"S",
            "time":"17.10.2020 21:16:47",
            "turn-index":14,
            "utterance":"松雪泰子さんが演じている俳優さんの演技が好きです"
        },
        {
            "speaker":"U",
            "time":"17.10.2020 21:17:55",
            "turn-index":15,
            "utterance":"松雪泰子さんはきれいな俳優さんですよね。ほかに好きな俳優さんはいますか？"
        },
        {
            "speaker":"S",
            "time":"17.10.2020 21:17:56",
            "turn-index":16,
            "utterance":"三木眞一郎さんとかが好きです"
        },
        {
            "speaker":"U",
            "time":"17.10.2020 21:19:20",
            "turn-index":17,
            "utterance":"声優さんですね。背が180センチもある方でイケメンですよ。"
        },
        {
            "speaker":"S",
            "time":"17.10.2020 21:19:21",
            "turn-index":18,
            "utterance":"180もあれば十分だと思います"
        },
        {
            "speaker":"U",
            "time":"17.10.2020 21:19:50",
            "turn-index":19,
            "utterance":"私は１６６センチしかないので、背が小さいことがコンプレックスでした。"
        },
        {
            "speaker":"S",
            "time":"17.10.2020 21:19:51",
            "turn-index":20,
            "utterance":"コンプレックスを抱えている方が魅力的に見える場合もあります"
        },
        {
            "speaker":"U",
            "time":"17.10.2020 21:20:16",
            "turn-index":21,
            "utterance":"素晴らしい。いま感動しました。あなたは最高な人です。"
        },
        {
            "speaker":"S",
            "time":"17.10.2020 21:20:17",
            "turn-index":22,
            "utterance":"そんなに褒められると照れちゃいます"
        },
        {
            "speaker":"U",
            "time":"17.10.2020 21:21:00",
            "turn-index":23,
            "utterance":"人の痛みが分かるステキな人なんですね多分。一度お会いしたいです。"
        },
        {
            "speaker":"S",
            "time":"17.10.2020 21:21:01",
            "turn-index":24,
            "utterance":"お目にかかれるといいですね"
        },
        {
            "speaker":"U",
            "time":"17.10.2020 21:21:13",
            "turn-index":25,
            "utterance":"来週ご飯でも行きませんか？"
        },
        {
            "speaker":"S",
            "time":"17.10.2020 21:21:15",
            "turn-index":26,
            "utterance":"来週ですか、ちょっとまだ予定が分からないので分かり次第また連絡しますね"
        },
        {
            "speaker":"U",
            "time":"17.10.2020 21:21:44",
            "turn-index":27,
            "utterance":"社交辞令じゃなく、絶対に連絡くださいね。"
        },
        {
            "speaker":"S",
            "time":"17.10.2020 21:21:45",
            "turn-index":28,
            "utterance":"来週の予定が分かり次第連絡しますって、気づいたらもうこんな時間！naoさんとお話しできて楽しかったです！"
        },
        {
            "speaker":"U",
            "time":"17.10.2020 21:22:12",
            "turn-index":29,
            "utterance":"こちらこそ。楽しかったです。"
        },
        {
            "speaker":"S",
            "time":"17.10.2020 21:22:12",
            "turn-index":30,
            "utterance":"ありがとうございました！"
        }
    ]
}