{
    "dialogue-id":"ILA_04",
    "group-id":"",
    "speaker-id":"aoba",
    "turns":[
        {
            "speaker":"S",
            "time":"18.10.2020 02:11:39",
            "turn-index":0,
            "utterance":"mk mkさん、初めまして！あおばと申します。今日はなんのお話をしましょうか"
        },
        {
            "speaker":"U",
            "time":"18.10.2020 02:13:28",
            "turn-index":1,
            "utterance":"今日は渡辺麻友ちゃんについて話したいです。"
        },
        {
            "speaker":"S",
            "time":"18.10.2020 02:13:30",
            "turn-index":2,
            "utterance":"渡辺麻友ちゃんについて語り合う会、やりますか?"
        },
        {
            "speaker":"U",
            "time":"18.10.2020 02:13:41",
            "turn-index":3,
            "utterance":"うんやりたいです。"
        },
        {
            "speaker":"S",
            "time":"18.10.2020 02:13:42",
            "turn-index":4,
            "utterance":"今度日程調整しましょう。"
        },
        {
            "speaker":"U",
            "time":"18.10.2020 02:14:41",
            "turn-index":5,
            "utterance":"そうですね、今度都合のいいときにやりましょう。"
        },
        {
            "speaker":"S",
            "time":"18.10.2020 02:14:42",
            "turn-index":6,
            "utterance":"ところで渡辺麻友ちゃんて誰ですか?(笑)"
        },
        {
            "speaker":"U",
            "time":"18.10.2020 02:15:26",
            "turn-index":7,
            "utterance":"え？知らなかったんだ。元AKBのアイドルだった子です。"
        },
        {
            "speaker":"S",
            "time":"18.10.2020 02:15:27",
            "turn-index":8,
            "utterance":"元AKBのアイドルだったんですね!"
        },
        {
            "speaker":"U",
            "time":"18.10.2020 02:15:55",
            "turn-index":9,
            "utterance":"うん、そうそう"
        },
        {
            "speaker":"S",
            "time":"18.10.2020 02:15:56",
            "turn-index":10,
            "utterance":"今度、詳しく教えてください!"
        },
        {
            "speaker":"U",
            "time":"18.10.2020 02:16:21",
            "turn-index":11,
            "utterance":"はい、今度いろいろ教えますね。"
        },
        {
            "speaker":"S",
            "time":"18.10.2020 02:16:22",
            "turn-index":12,
            "utterance":"はーい楽しみに待っています。"
        },
        {
            "speaker":"U",
            "time":"18.10.2020 02:19:01",
            "turn-index":13,
            "utterance":"あ、そういえば芦田愛菜ちゃんは知ってますか？"
        },
        {
            "speaker":"S",
            "time":"18.10.2020 02:19:03",
            "turn-index":14,
            "utterance":"存じておりますよ。"
        },
        {
            "speaker":"U",
            "time":"18.10.2020 02:19:16",
            "turn-index":15,
            "utterance":"かわいいですよね。"
        },
        {
            "speaker":"S",
            "time":"18.10.2020 02:19:17",
            "turn-index":16,
            "utterance":"愛菜ちゃんが可愛いのは当たり前ですよね。"
        },
        {
            "speaker":"U",
            "time":"18.10.2020 02:19:51",
            "turn-index":17,
            "utterance":"かわいいし、頭もいいし、演技も上手だし完璧だなって思います。"
        },
        {
            "speaker":"S",
            "time":"18.10.2020 02:19:52",
            "turn-index":18,
            "utterance":"芦田愛菜ちゃんの演技が上手なのは素晴らしいことですね。"
        },
        {
            "speaker":"U",
            "time":"18.10.2020 02:20:09",
            "turn-index":19,
            "utterance":"うんとっても素晴らしいです。"
        },
        {
            "speaker":"S",
            "time":"18.10.2020 02:20:10",
            "turn-index":20,
            "utterance":"あの演技は素晴らしいですよね。"
        },
        {
            "speaker":"U",
            "time":"18.10.2020 02:20:31",
            "turn-index":21,
            "utterance":"上手だなっていつも思います。"
        },
        {
            "speaker":"S",
            "time":"18.10.2020 02:20:32",
            "turn-index":22,
            "utterance":"才能ですね。羨ましい限りです。"
        },
        {
            "speaker":"U",
            "time":"18.10.2020 02:21:38",
            "turn-index":23,
            "utterance":"容姿もよくて才能もあって恵まれてるなって思います。"
        },
        {
            "speaker":"S",
            "time":"18.10.2020 02:21:39",
            "turn-index":24,
            "utterance":"恵まれていると思います。"
        },
        {
            "speaker":"U",
            "time":"18.10.2020 02:23:15",
            "turn-index":25,
            "utterance":"凡人の私からすると輝いて見えます。"
        },
        {
            "speaker":"S",
            "time":"18.10.2020 02:23:17",
            "turn-index":26,
            "utterance":"凡人ではないと思いますよ。"
        },
        {
            "speaker":"U",
            "time":"18.10.2020 02:24:31",
            "turn-index":27,
            "utterance":"え？私がですか？愛菜ちゃんは天才ですよね"
        },
        {
            "speaker":"S",
            "time":"18.10.2020 02:24:32",
            "turn-index":28,
            "utterance":"愛菜ちゃんは天才です。mkさんは凡人の部類だと思います。って、気づいたらもうこんな時間！mkさんとお話しできて楽しかったです！"
        },
        {
            "speaker":"U",
            "time":"18.10.2020 02:25:01",
            "turn-index":29,
            "utterance":"私も楽しかったです。ありがとうございました。"
        },
        {
            "speaker":"S",
            "time":"18.10.2020 02:25:01",
            "turn-index":30,
            "utterance":"ありがとうございました！"
        }
    ]
}