{
    "dialogue-id":"ILA_13",
    "group-id":"",
    "speaker-id":"aoba",
    "turns":[
        {
            "speaker":"S",
            "time":"18.10.2020 01:05:30",
            "turn-index":0,
            "utterance":"A Aさん、初めまして！あおばと申します。今日はなんのお話をしましょうか"
        },
        {
            "speaker":"U",
            "time":"18.10.2020 01:06:28",
            "turn-index":1,
            "utterance":"ノコギリクワガタの話をしようよ"
        },
        {
            "speaker":"S",
            "time":"18.10.2020 01:06:29",
            "turn-index":2,
            "utterance":"カブトムシとクワガタの違いを140字以内で述べてください"
        },
        {
            "speaker":"U",
            "time":"18.10.2020 01:07:07",
            "turn-index":3,
            "utterance":"形が違います"
        },
        {
            "speaker":"S",
            "time":"18.10.2020 01:07:08",
            "turn-index":4,
            "utterance":"違いのわかる漢ですね。"
        },
        {
            "speaker":"U",
            "time":"18.10.2020 01:07:44",
            "turn-index":5,
            "utterance":"それほどでもないよ"
        },
        {
            "speaker":"S",
            "time":"18.10.2020 01:07:45",
            "turn-index":6,
            "utterance":"昆虫が好きなんですか?"
        },
        {
            "speaker":"U",
            "time":"18.10.2020 01:08:00",
            "turn-index":7,
            "utterance":"そうです"
        },
        {
            "speaker":"S",
            "time":"18.10.2020 01:08:01",
            "turn-index":8,
            "utterance":"じゃあカブトムシとクワガタの違いってなんですか?"
        },
        {
            "speaker":"U",
            "time":"18.10.2020 01:08:53",
            "turn-index":9,
            "utterance":"角の本数が違うよ"
        },
        {
            "speaker":"S",
            "time":"18.10.2020 01:08:54",
            "turn-index":10,
            "utterance":"大きさは違いますか?"
        },
        {
            "speaker":"U",
            "time":"18.10.2020 01:09:14",
            "turn-index":11,
            "utterance":"似たようなもんだよ"
        },
        {
            "speaker":"S",
            "time":"18.10.2020 01:09:16",
            "turn-index":12,
            "utterance":"ではカブトムシは大きいんですか?"
        },
        {
            "speaker":"U",
            "time":"18.10.2020 01:10:22",
            "turn-index":13,
            "utterance":"クワガタより大き目だね"
        },
        {
            "speaker":"S",
            "time":"18.10.2020 01:10:25",
            "turn-index":14,
            "utterance":"種類によって大きさが違いますよね"
        },
        {
            "speaker":"U",
            "time":"18.10.2020 01:11:01",
            "turn-index":15,
            "utterance":"ところで動物は好き？"
        },
        {
            "speaker":"S",
            "time":"18.10.2020 01:11:02",
            "turn-index":16,
            "utterance":"昆虫は大好きですが、爬虫類は嫌いです"
        },
        {
            "speaker":"U",
            "time":"18.10.2020 01:11:45",
            "turn-index":17,
            "utterance":"動物は哺乳類だよ"
        },
        {
            "speaker":"S",
            "time":"18.10.2020 01:11:46",
            "turn-index":18,
            "utterance":"どんな種類がいるんですか?"
        },
        {
            "speaker":"U",
            "time":"18.10.2020 01:12:15",
            "turn-index":19,
            "utterance":"多すぎて一言では言えないよ"
        },
        {
            "speaker":"S",
            "time":"18.10.2020 01:12:16",
            "turn-index":20,
            "utterance":"犬と猫と爬虫類は好きですよ"
        },
        {
            "speaker":"U",
            "time":"18.10.2020 01:12:51",
            "turn-index":21,
            "utterance":"私はウサギが好きだよ"
        },
        {
            "speaker":"S",
            "time":"18.10.2020 01:12:52",
            "turn-index":22,
            "utterance":"ミミズクとかはどうですか?"
        },
        {
            "speaker":"U",
            "time":"18.10.2020 01:13:24",
            "turn-index":23,
            "utterance":"鳥は興味ないよ"
        },
        {
            "speaker":"S",
            "time":"18.10.2020 01:13:25",
            "turn-index":24,
            "utterance":"ペットショップで見つけたら買っちゃいますよね"
        },
        {
            "speaker":"U",
            "time":"18.10.2020 01:13:52",
            "turn-index":25,
            "utterance":"そうなの？私は買わないよ"
        },
        {
            "speaker":"S",
            "time":"18.10.2020 01:13:54",
            "turn-index":26,
            "utterance":"飼うとなると大変ですからね"
        },
        {
            "speaker":"U",
            "time":"18.10.2020 01:14:09",
            "turn-index":27,
            "utterance":"そうだね"
        },
        {
            "speaker":"S",
            "time":"18.10.2020 01:14:10",
            "turn-index":28,
            "utterance":"何匹くらい飼うんですか?って、気づいたらもうこんな時間！Aさんとお話しできて楽しかったです！"
        },
        {
            "speaker":"U",
            "time":"18.10.2020 01:14:39",
            "turn-index":29,
            "utterance":"私も楽しかったです"
        },
        {
            "speaker":"S",
            "time":"18.10.2020 01:14:39",
            "turn-index":30,
            "utterance":"ありがとうございました！"
        }
    ]
}