{
    "dialogue-id":"ILA_27",
    "group-id":"",
    "speaker-id":"aoba",
    "turns":[
        {
            "speaker":"S",
            "time":"18.10.2020 06:35:55",
            "turn-index":0,
            "utterance":"koji kikkawaさん、初めまして！あおばと申します。今日はなんのお話をしましょうか"
        },
        {
            "speaker":"U",
            "time":"18.10.2020 06:36:35",
            "turn-index":1,
            "utterance":"そろそろ年末です。日本レコード大賞の発表が楽しみですね"
        },
        {
            "speaker":"S",
            "time":"18.10.2020 06:36:36",
            "turn-index":2,
            "utterance":"カウントダウンライブが待ち遠しいですねー"
        },
        {
            "speaker":"U",
            "time":"18.10.2020 06:36:51",
            "turn-index":3,
            "utterance":"今年は誰が受賞するのかな"
        },
        {
            "speaker":"S",
            "time":"18.10.2020 06:36:52",
            "turn-index":4,
            "utterance":"ClariSが受賞するんじゃないかなーと思います"
        },
        {
            "speaker":"U",
            "time":"18.10.2020 06:37:03",
            "turn-index":5,
            "utterance":"詳しいですね"
        },
        {
            "speaker":"S",
            "time":"18.10.2020 06:37:04",
            "turn-index":6,
            "utterance":"音楽の専門分野ですから"
        },
        {
            "speaker":"U",
            "time":"18.10.2020 06:37:16",
            "turn-index":7,
            "utterance":"他に候補はいますか"
        },
        {
            "speaker":"S",
            "time":"18.10.2020 06:37:17",
            "turn-index":8,
            "utterance":"うーん、いないですね。"
        },
        {
            "speaker":"U",
            "time":"18.10.2020 06:38:04",
            "turn-index":9,
            "utterance":"じゃああなたの言うとおりで決まりですね"
        },
        {
            "speaker":"S",
            "time":"18.10.2020 06:38:06",
            "turn-index":10,
            "utterance":"そういうわけでもないですよ。"
        },
        {
            "speaker":"U",
            "time":"18.10.2020 06:38:17",
            "turn-index":11,
            "utterance":"そうですか"
        },
        {
            "speaker":"S",
            "time":"18.10.2020 06:38:18",
            "turn-index":12,
            "utterance":"どんなジャンルが受賞するかはわかりませんけどね。"
        },
        {
            "speaker":"U",
            "time":"18.10.2020 06:38:51",
            "turn-index":13,
            "utterance":"年末といえば、将棋の羽生善治さんが前人未到の記録に挑戦します"
        },
        {
            "speaker":"S",
            "time":"18.10.2020 06:38:52",
            "turn-index":14,
            "utterance":"将棋の羽生善治さんはどんなジャンルを受賞されるのですか?"
        },
        {
            "speaker":"U",
            "time":"18.10.2020 06:39:20",
            "turn-index":15,
            "utterance":"タイトルを通算で１００期獲得するのだとか"
        },
        {
            "speaker":"S",
            "time":"18.10.2020 06:39:22",
            "turn-index":16,
            "utterance":"どんなジャンルを受賞するのですか。"
        },
        {
            "speaker":"U",
            "time":"18.10.2020 06:39:45",
            "turn-index":17,
            "utterance":"今回挑戦するのは竜王だったと思います"
        },
        {
            "speaker":"S",
            "time":"18.10.2020 06:39:47",
            "turn-index":18,
            "utterance":"挑戦するのは羽生善治さんですね。"
        },
        {
            "speaker":"U",
            "time":"18.10.2020 06:40:01",
            "turn-index":19,
            "utterance":"相手は誰だったかな、忘れました"
        },
        {
            "speaker":"S",
            "time":"18.10.2020 06:40:02",
            "turn-index":20,
            "utterance":"誰ですか?教えていただけますか?"
        },
        {
            "speaker":"U",
            "time":"18.10.2020 06:40:14",
            "turn-index":21,
            "utterance":"メガネかけた人です"
        },
        {
            "speaker":"S",
            "time":"18.10.2020 06:40:15",
            "turn-index":22,
            "utterance":"ああ、あの人ですか。"
        },
        {
            "speaker":"U",
            "time":"18.10.2020 06:40:36",
            "turn-index":23,
            "utterance":"たぶん今は竜王しか持っていないと思います"
        },
        {
            "speaker":"S",
            "time":"18.10.2020 06:40:37",
            "turn-index":24,
            "utterance":"他には誰がいるんですか?"
        },
        {
            "speaker":"U",
            "time":"18.10.2020 06:40:49",
            "turn-index":25,
            "utterance":"いえ、それが決勝です"
        },
        {
            "speaker":"S",
            "time":"18.10.2020 06:40:50",
            "turn-index":26,
            "utterance":"羽生善治さんは決勝でどのような戦いを行うのですか"
        },
        {
            "speaker":"U",
            "time":"18.10.2020 06:41:08",
            "turn-index":27,
            "utterance":"どうでしょう、厳しい戦いになるでしょうね"
        },
        {
            "speaker":"S",
            "time":"18.10.2020 06:41:09",
            "turn-index":28,
            "utterance":"やっぱり厳しい戦いなんですね。って、気づいたらもうこんな時間！kojiさんとお話しできて楽しかったです！"
        },
        {
            "speaker":"U",
            "time":"18.10.2020 06:41:22",
            "turn-index":29,
            "utterance":"はい。ありがとうございました"
        },
        {
            "speaker":"S",
            "time":"18.10.2020 06:41:23",
            "turn-index":30,
            "utterance":"ありがとうございました！"
        }
    ]
}