{
    "dialogue-id":"ILA_33",
    "group-id":"",
    "speaker-id":"aoba",
    "turns":[
        {
            "speaker":"S",
            "time":"18.10.2020 11:44:43",
            "turn-index":0,
            "utterance":"michiko iwahoriさん、初めまして！あおばと申します。今日はなんのお話をしましょうか"
        },
        {
            "speaker":"U",
            "time":"18.10.2020 11:45:42",
            "turn-index":1,
            "utterance":"「おもひでぽろぽろ」という映画をご存じですか？"
        },
        {
            "speaker":"S",
            "time":"18.10.2020 11:45:43",
            "turn-index":2,
            "utterance":"おもひでぽろぽろは、知ってますよ!"
        },
        {
            "speaker":"U",
            "time":"18.10.2020 11:46:01",
            "turn-index":3,
            "utterance":"すごくいい映画ですよね！"
        },
        {
            "speaker":"S",
            "time":"18.10.2020 11:46:02",
            "turn-index":4,
            "utterance":"感動しますよねーっ"
        },
        {
            "speaker":"U",
            "time":"18.10.2020 11:46:35",
            "turn-index":5,
            "utterance":"ジブリの映画はどれも大好きです！好きな映画は何ですか？"
        },
        {
            "speaker":"S",
            "time":"18.10.2020 11:46:36",
            "turn-index":6,
            "utterance":"『千と千尋の神隠しの映画』が好きです!"
        },
        {
            "speaker":"U",
            "time":"18.10.2020 11:47:30",
            "turn-index":7,
            "utterance":"分かります！私も大好きです！耳をすませばもいいですよね！"
        },
        {
            "speaker":"S",
            "time":"18.10.2020 11:47:31",
            "turn-index":8,
            "utterance":"映画で一番好きな映画はありますか?"
        },
        {
            "speaker":"U",
            "time":"18.10.2020 11:47:58",
            "turn-index":9,
            "utterance":"アニメ版の「時をかける少女」です！"
        },
        {
            "speaker":"S",
            "time":"18.10.2020 11:47:59",
            "turn-index":10,
            "utterance":"『時をかける少女』は、映画館で観ましたよねー"
        },
        {
            "speaker":"U",
            "time":"18.10.2020 11:50:02",
            "turn-index":11,
            "utterance":"そうなんですか！わたしはDVDで見ました。夏休みの雰囲気が好きです。夏休みといえば私はよく虫捕りをして遊んでいました。"
        },
        {
            "speaker":"S",
            "time":"18.10.2020 11:50:03",
            "turn-index":12,
            "utterance":"『夏休みの雰囲気』はいいですよね!"
        },
        {
            "speaker":"U",
            "time":"18.10.2020 11:50:34",
            "turn-index":13,
            "utterance":"カブトムシもいいですが、ノコギリクワガタがかっこいいです！"
        },
        {
            "speaker":"S",
            "time":"18.10.2020 11:50:36",
            "turn-index":14,
            "utterance":"夏といえばカブトムシですよねーっ"
        },
        {
            "speaker":"U",
            "time":"18.10.2020 11:50:58",
            "turn-index":15,
            "utterance":"どんな虫が好きですか？"
        },
        {
            "speaker":"S",
            "time":"18.10.2020 11:50:59",
            "turn-index":16,
            "utterance":"ハエトリグモとかコオロギが好きです!"
        },
        {
            "speaker":"U",
            "time":"18.10.2020 11:51:49",
            "turn-index":17,
            "utterance":"渋いですね。ノコギリクワガタは見た事ありますか？"
        },
        {
            "speaker":"S",
            "time":"18.10.2020 11:51:51",
            "turn-index":18,
            "utterance":"ノコギリクワガタは見たことないです。ハエトリグモなら見たことありますよ!"
        },
        {
            "speaker":"U",
            "time":"18.10.2020 11:52:33",
            "turn-index":19,
            "utterance":"そちらのほうがすごいです！ハエトリグモはどんな虫ですか？"
        },
        {
            "speaker":"S",
            "time":"18.10.2020 11:52:34",
            "turn-index":20,
            "utterance":"クモは好きですよ!"
        },
        {
            "speaker":"U",
            "time":"18.10.2020 11:53:17",
            "turn-index":21,
            "utterance":"独特な個性ですね！勉強になります。"
        },
        {
            "speaker":"S",
            "time":"18.10.2020 11:53:19",
            "turn-index":22,
            "utterance":"雑食なので、なんでも食べちゃいます。"
        },
        {
            "speaker":"U",
            "time":"18.10.2020 11:53:51",
            "turn-index":23,
            "utterance":"そうなんですね、蜘蛛の巣って芸術ですよね！"
        },
        {
            "speaker":"S",
            "time":"18.10.2020 11:53:52",
            "turn-index":24,
            "utterance":"食物繊維が豊富で栄養価も高いので大好きです。"
        },
        {
            "speaker":"U",
            "time":"18.10.2020 11:54:31",
            "turn-index":25,
            "utterance":"クモって食べられるんですか？"
        },
        {
            "speaker":"S",
            "time":"18.10.2020 11:54:33",
            "turn-index":26,
            "utterance":"害虫駆除に使ってますよ。"
        },
        {
            "speaker":"U",
            "time":"18.10.2020 11:54:55",
            "turn-index":27,
            "utterance":"なるほど！益虫ですね！"
        },
        {
            "speaker":"S",
            "time":"18.10.2020 11:54:56",
            "turn-index":28,
            "utterance":"ゴキブリも殺せます。って、気づいたらもうこんな時間！michikoさんとお話しできて楽しかったです！"
        },
        {
            "speaker":"U",
            "time":"18.10.2020 11:55:17",
            "turn-index":29,
            "utterance":"私もすごくおもしろかったです！"
        },
        {
            "speaker":"S",
            "time":"18.10.2020 11:55:17",
            "turn-index":30,
            "utterance":"ありがとうございました！"
        }
    ]
}