{
    "dialogue-id":"ILA_24",
    "group-id":"",
    "speaker-id":"aoba",
    "turns":[
        {
            "speaker":"S",
            "time":"18.10.2020 13:49:24",
            "turn-index":0,
            "utterance":"iyasi iyasiさん、初めまして！あおばと申します。今日はなんのお話をしましょうか"
        },
        {
            "speaker":"U",
            "time":"18.10.2020 13:50:15",
            "turn-index":1,
            "utterance":"月の話はどうですか？"
        },
        {
            "speaker":"S",
            "time":"18.10.2020 13:50:17",
            "turn-index":2,
            "utterance":"お月様ですか?綺麗に見えますね。"
        },
        {
            "speaker":"U",
            "time":"18.10.2020 13:50:50",
            "turn-index":3,
            "utterance":"中秋の名月は、本当に綺麗でした。"
        },
        {
            "speaker":"S",
            "time":"18.10.2020 13:50:51",
            "turn-index":4,
            "utterance":"夜空を見上げるのが好きです。"
        },
        {
            "speaker":"U",
            "time":"18.10.2020 13:51:36",
            "turn-index":5,
            "utterance":"雲がないと、星も綺麗に見えますよね。"
        },
        {
            "speaker":"S",
            "time":"18.10.2020 13:51:37",
            "turn-index":6,
            "utterance":"流星群も見られますしね。"
        },
        {
            "speaker":"U",
            "time":"18.10.2020 13:52:11",
            "turn-index":7,
            "utterance":"素敵ですよね。"
        },
        {
            "speaker":"S",
            "time":"18.10.2020 13:52:12",
            "turn-index":8,
            "utterance":"見るなら夜がいいですよねえ。"
        },
        {
            "speaker":"U",
            "time":"18.10.2020 13:52:47",
            "turn-index":9,
            "utterance":"朝型も儚くて良いですよ、今度見てください。"
        },
        {
            "speaker":"S",
            "time":"18.10.2020 13:52:48",
            "turn-index":10,
            "utterance":"見ますよ。夜空は大好きですから。"
        },
        {
            "speaker":"U",
            "time":"18.10.2020 13:53:16",
            "turn-index":11,
            "utterance":"月から見た、日本列島はどんな感じなんですかね？"
        },
        {
            "speaker":"S",
            "time":"18.10.2020 13:53:17",
            "turn-index":12,
            "utterance":"日本列島は綺麗ですよ。星もいっぱい見えますし。"
        },
        {
            "speaker":"U",
            "time":"18.10.2020 13:53:43",
            "turn-index":13,
            "utterance":"日本列島の形は私も大好きです。"
        },
        {
            "speaker":"S",
            "time":"18.10.2020 13:53:44",
            "turn-index":14,
            "utterance":"見応えがありますよね。"
        },
        {
            "speaker":"U",
            "time":"18.10.2020 13:54:03",
            "turn-index":15,
            "utterance":"世界から見ると、小さいですけどね。"
        },
        {
            "speaker":"S",
            "time":"18.10.2020 13:54:04",
            "turn-index":16,
            "utterance":"私は日本列島が大きいと思いましたよ。"
        },
        {
            "speaker":"U",
            "time":"18.10.2020 13:54:23",
            "turn-index":17,
            "utterance":"そうなんですね。"
        },
        {
            "speaker":"S",
            "time":"18.10.2020 13:54:24",
            "turn-index":18,
            "utterance":"はい。日本列島が小さくて、星がたくさん見えます。"
        },
        {
            "speaker":"U",
            "time":"18.10.2020 13:55:10",
            "turn-index":19,
            "utterance":"やっぱり、日本列島は小さいの？"
        },
        {
            "speaker":"S",
            "time":"18.10.2020 13:55:11",
            "turn-index":20,
            "utterance":"海は広いです。"
        },
        {
            "speaker":"U",
            "time":"18.10.2020 13:55:29",
            "turn-index":21,
            "utterance":"島国ですから。"
        },
        {
            "speaker":"S",
            "time":"18.10.2020 13:55:30",
            "turn-index":22,
            "utterance":"海に面しているからでしょうか?"
        },
        {
            "speaker":"U",
            "time":"18.10.2020 13:55:41",
            "turn-index":23,
            "utterance":"そうだと思いますよ。"
        },
        {
            "speaker":"S",
            "time":"18.10.2020 13:55:42",
            "turn-index":24,
            "utterance":"海に面しているから、星が大きいと思いますか?(笑)"
        },
        {
            "speaker":"U",
            "time":"18.10.2020 13:56:19",
            "turn-index":25,
            "utterance":"海に面しているのと、星が大きいのは関係ないかも？"
        },
        {
            "speaker":"S",
            "time":"18.10.2020 13:56:20",
            "turn-index":26,
            "utterance":"星は大きいと思います。"
        },
        {
            "speaker":"U",
            "time":"18.10.2020 13:56:39",
            "turn-index":27,
            "utterance":"小さく見えても、距離がありますからね。"
        },
        {
            "speaker":"S",
            "time":"18.10.2020 13:56:41",
            "turn-index":28,
            "utterance":"海に面しているから、星が綺麗に見えますよね!って、気づいたらもうこんな時間！iyasiさんとお話しできて楽しかったです！"
        },
        {
            "speaker":"U",
            "time":"18.10.2020 13:57:05",
            "turn-index":29,
            "utterance":"私も、楽しかったです。ありがとうございました。"
        },
        {
            "speaker":"S",
            "time":"18.10.2020 13:57:05",
            "turn-index":30,
            "utterance":"ありがとうございました！"
        }
    ]
}