{
    "dialogue-id":"ILA_49",
    "group-id":"",
    "speaker-id":"aoba",
    "turns":[
        {
            "speaker":"S",
            "time":"18.10.2020 06:09:28",
            "turn-index":0,
            "utterance":"Mak Takさん、初めまして！あおばと申します。今日はなんのお話をしましょうか"
        },
        {
            "speaker":"U",
            "time":"18.10.2020 06:09:35",
            "turn-index":1,
            "utterance":"インターネット"
        },
        {
            "speaker":"S",
            "time":"18.10.2020 06:09:36",
            "turn-index":2,
            "utterance":"ネットに強い弁護士を呼んでくれませんか?"
        },
        {
            "speaker":"U",
            "time":"18.10.2020 06:09:54",
            "turn-index":3,
            "utterance":"弁護士に何か用があるのですか？"
        },
        {
            "speaker":"S",
            "time":"18.10.2020 06:09:55",
            "turn-index":4,
            "utterance":"質問の答えになっていませんよ"
        },
        {
            "speaker":"U",
            "time":"18.10.2020 06:10:09",
            "turn-index":5,
            "utterance":"ごめんなさい"
        },
        {
            "speaker":"S",
            "time":"18.10.2020 06:10:10",
            "turn-index":6,
            "utterance":"嘘をつくのは良くないですよ"
        },
        {
            "speaker":"U",
            "time":"18.10.2020 06:10:28",
            "turn-index":7,
            "utterance":"あとで弁護士を呼んできます"
        },
        {
            "speaker":"S",
            "time":"18.10.2020 06:10:29",
            "turn-index":8,
            "utterance":"弁護士は嘘をつくのが上手いですもんね。"
        },
        {
            "speaker":"U",
            "time":"18.10.2020 06:10:59",
            "turn-index":9,
            "utterance":"依頼人を守らないといけませんからね"
        },
        {
            "speaker":"S",
            "time":"18.10.2020 06:11:00",
            "turn-index":10,
            "utterance":"どんな依頼を受けるんですか?"
        },
        {
            "speaker":"U",
            "time":"18.10.2020 06:11:25",
            "turn-index":11,
            "utterance":"遺産相続とかじゃないですか"
        },
        {
            "speaker":"S",
            "time":"18.10.2020 06:11:27",
            "turn-index":12,
            "utterance":"遺産相続は嘘をつくために行われるんですか?"
        },
        {
            "speaker":"U",
            "time":"18.10.2020 06:11:55",
            "turn-index":13,
            "utterance":"嘘をつく人もいますね"
        },
        {
            "speaker":"S",
            "time":"18.10.2020 06:11:56",
            "turn-index":14,
            "utterance":"嘘をつくのが上手いですね"
        },
        {
            "speaker":"U",
            "time":"18.10.2020 06:12:13",
            "turn-index":15,
            "utterance":"ところでイチローを知っていますか"
        },
        {
            "speaker":"S",
            "time":"18.10.2020 06:12:14",
            "turn-index":16,
            "utterance":"イチローは野球が上手いですねなんて言うと思いますか?"
        },
        {
            "speaker":"U",
            "time":"18.10.2020 06:12:29",
            "turn-index":17,
            "utterance":"イチローは野球が上手いと思いますよ"
        },
        {
            "speaker":"S",
            "time":"18.10.2020 06:12:30",
            "turn-index":18,
            "utterance":"やっぱり野球が上手ですね"
        },
        {
            "speaker":"U",
            "time":"18.10.2020 06:12:41",
            "turn-index":19,
            "utterance":"世界一のバッターですからね"
        },
        {
            "speaker":"S",
            "time":"18.10.2020 06:12:42",
            "turn-index":20,
            "utterance":"ホームランも打ちますもんね"
        },
        {
            "speaker":"U",
            "time":"18.10.2020 06:12:55",
            "turn-index":21,
            "utterance":"メジャーで記録を作ったのはすごいですね"
        },
        {
            "speaker":"S",
            "time":"18.10.2020 06:12:56",
            "turn-index":22,
            "utterance":"でもメジャーでホームランを打ったことはないです"
        },
        {
            "speaker":"U",
            "time":"18.10.2020 06:13:11",
            "turn-index":23,
            "utterance":"イチローはメジャーでホームラン打ちましたよ"
        },
        {
            "speaker":"S",
            "time":"18.10.2020 06:13:12",
            "turn-index":24,
            "utterance":"日本一を取ったことはありますか"
        },
        {
            "speaker":"U",
            "time":"18.10.2020 06:13:35",
            "turn-index":25,
            "utterance":"日本シリーズで勝利したことはあったはずです"
        },
        {
            "speaker":"S",
            "time":"18.10.2020 06:13:37",
            "turn-index":26,
            "utterance":"メジャーで勝ちましたか?"
        },
        {
            "speaker":"U",
            "time":"18.10.2020 06:14:10",
            "turn-index":27,
            "utterance":"マリナーズに移籍した当初は結構強かったですよ"
        },
        {
            "speaker":"S",
            "time":"18.10.2020 06:14:12",
            "turn-index":28,
            "utterance":"マリナーズは日本一を獲った事があるんですよねって、気づいたらもうこんな時間！Makさんとお話しできて楽しかったです！"
        },
        {
            "speaker":"U",
            "time":"18.10.2020 06:14:17",
            "turn-index":29,
            "utterance":"さようなら"
        },
        {
            "speaker":"S",
            "time":"18.10.2020 06:14:18",
            "turn-index":30,
            "utterance":"ありがとうございました！"
        }
    ]
}