{
    "dialogue-id":"ILA_50",
    "group-id":"",
    "speaker-id":"aoba",
    "turns":[
        {
            "speaker":"S",
            "time":"18.10.2020 08:03:04",
            "turn-index":0,
            "utterance":"o hさん、初めまして！あおばと申します。今日はなんのお話をしましょうか"
        },
        {
            "speaker":"U",
            "time":"18.10.2020 08:03:38",
            "turn-index":1,
            "utterance":"福島県についてどう思ってる？"
        },
        {
            "speaker":"S",
            "time":"18.10.2020 08:03:40",
            "turn-index":2,
            "utterance":"県庁所在地に相応しいのは人口が最も多く、人口も非常に多いところです。"
        },
        {
            "speaker":"U",
            "time":"18.10.2020 08:04:16",
            "turn-index":3,
            "utterance":"福島市が県庁所在地だね"
        },
        {
            "speaker":"S",
            "time":"18.10.2020 08:04:17",
            "turn-index":4,
            "utterance":"人口が多いのはいいことですね"
        },
        {
            "speaker":"U",
            "time":"18.10.2020 08:05:19",
            "turn-index":5,
            "utterance":"福島の観光地は知ってる？"
        },
        {
            "speaker":"S",
            "time":"18.10.2020 08:05:21",
            "turn-index":6,
            "utterance":"食べ物や食べ物は有名ですね"
        },
        {
            "speaker":"U",
            "time":"18.10.2020 08:05:36",
            "turn-index":7,
            "utterance":"福島のおいしい食べ物は何かな"
        },
        {
            "speaker":"S",
            "time":"18.10.2020 08:05:38",
            "turn-index":8,
            "utterance":"食べ物は福島県の名産品が豊富です。"
        },
        {
            "speaker":"U",
            "time":"18.10.2020 08:05:56",
            "turn-index":9,
            "utterance":"福島の名産について教えて"
        },
        {
            "speaker":"S",
            "time":"18.10.2020 08:05:58",
            "turn-index":10,
            "utterance":"観光名所ですか?"
        },
        {
            "speaker":"U",
            "time":"18.10.2020 08:06:02",
            "turn-index":11,
            "utterance":"はい"
        },
        {
            "speaker":"S",
            "time":"18.10.2020 08:06:03",
            "turn-index":12,
            "utterance":"日本海側ならではの美味しい食べ物はありますか?"
        },
        {
            "speaker":"U",
            "time":"18.10.2020 08:07:09",
            "turn-index":13,
            "utterance":"話は変わるけど最近のコンビニエンスストアはどう思う？"
        },
        {
            "speaker":"S",
            "time":"18.10.2020 08:07:10",
            "turn-index":14,
            "utterance":"どんな食べ物が好きですか。"
        },
        {
            "speaker":"U",
            "time":"18.10.2020 08:07:45",
            "turn-index":15,
            "utterance":"最近のコンビニの食べ物はおいしいね"
        },
        {
            "speaker":"S",
            "time":"18.10.2020 08:07:46",
            "turn-index":16,
            "utterance":"セブンイレブンの肉まんが好きです。"
        },
        {
            "speaker":"U",
            "time":"18.10.2020 08:08:07",
            "turn-index":17,
            "utterance":"ローソンなんかはどう"
        },
        {
            "speaker":"S",
            "time":"18.10.2020 08:08:08",
            "turn-index":18,
            "utterance":"ローソンの肉まんはおいしいですね。(セブンイレブン)"
        },
        {
            "speaker":"U",
            "time":"18.10.2020 08:08:23",
            "turn-index":19,
            "utterance":"セブン派なんだね"
        },
        {
            "speaker":"S",
            "time":"18.10.2020 08:08:24",
            "turn-index":20,
            "utterance":"LAWSONの肉まんがおいしいですよ。"
        },
        {
            "speaker":"U",
            "time":"18.10.2020 08:08:44",
            "turn-index":21,
            "utterance":"からあげくんもおいしいよ"
        },
        {
            "speaker":"S",
            "time":"18.10.2020 08:08:46",
            "turn-index":22,
            "utterance":"ファミマのからあげクンは美味しいですか。"
        },
        {
            "speaker":"U",
            "time":"18.10.2020 08:08:57",
            "turn-index":23,
            "utterance":"美味しいよ"
        },
        {
            "speaker":"S",
            "time":"18.10.2020 08:08:58",
            "turn-index":24,
            "utterance":"そうですか。買ってみます。"
        },
        {
            "speaker":"U",
            "time":"18.10.2020 08:09:06",
            "turn-index":25,
            "utterance":"食べてみてね"
        },
        {
            "speaker":"S",
            "time":"18.10.2020 08:09:07",
            "turn-index":26,
            "utterance":"ローソンに寄ったら食べてみますね。"
        },
        {
            "speaker":"U",
            "time":"18.10.2020 08:09:19",
            "turn-index":27,
            "utterance":"感想聞かせてね"
        },
        {
            "speaker":"S",
            "time":"18.10.2020 08:09:21",
            "turn-index":28,
            "utterance":"LAWSONのからあげクンを食べたことがありますか?って、気づいたらもうこんな時間！oさんとお話しできて楽しかったです！"
        },
        {
            "speaker":"U",
            "time":"18.10.2020 08:09:30",
            "turn-index":29,
            "utterance":"こちらこそ"
        },
        {
            "speaker":"S",
            "time":"18.10.2020 08:09:31",
            "turn-index":30,
            "utterance":"ありがとうございました！"
        }
    ]
}