{
    "dialogue-id":"ILA_28",
    "group-id":"",
    "speaker-id":"aoba",
    "turns":[
        {
            "speaker":"S",
            "time":"18.10.2020 07:21:35",
            "turn-index":0,
            "utterance":"romi kimiさん、初めまして！あおばと申します。今日はなんのお話をしましょうか"
        },
        {
            "speaker":"U",
            "time":"18.10.2020 07:25:01",
            "turn-index":1,
            "utterance":"はじめまして、あおばさん。香取慎吾についてお話ししましょう。"
        },
        {
            "speaker":"S",
            "time":"18.10.2020 07:25:02",
            "turn-index":2,
            "utterance":"おばさんじゃないでしょう。romiさんは。"
        },
        {
            "speaker":"U",
            "time":"18.10.2020 07:25:30",
            "turn-index":3,
            "utterance":"おばさんですよ。香取慎吾好きですか？"
        },
        {
            "speaker":"S",
            "time":"18.10.2020 07:25:32",
            "turn-index":4,
            "utterance":"嫌いじゃないです。romiさんは?"
        },
        {
            "speaker":"U",
            "time":"18.10.2020 07:26:02",
            "turn-index":5,
            "utterance":"結構好きです。こないだ久しぶりにテレビで見かけました。"
        },
        {
            "speaker":"S",
            "time":"18.10.2020 07:26:03",
            "turn-index":6,
            "utterance":"最近テレビを見ていませんね"
        },
        {
            "speaker":"U",
            "time":"18.10.2020 07:26:40",
            "turn-index":7,
            "utterance":"テレビ以外にも楽しいことありますもんね。香取慎吾はYouTubeもやってるみたいですよね。"
        },
        {
            "speaker":"S",
            "time":"18.10.2020 07:26:41",
            "turn-index":8,
            "utterance":"テレビよりも面白い番組があるかもしれませんね"
        },
        {
            "speaker":"U",
            "time":"18.10.2020 07:27:54",
            "turn-index":9,
            "utterance":"いろんなことしてるみたいですよね。"
        },
        {
            "speaker":"S",
            "time":"18.10.2020 07:27:56",
            "turn-index":10,
            "utterance":"どんな番組が好きなんですか?"
        },
        {
            "speaker":"U",
            "time":"18.10.2020 07:29:07",
            "turn-index":11,
            "utterance":"香取慎吾のチャンネルはあまり見たことがないんです。"
        },
        {
            "speaker":"S",
            "time":"18.10.2020 07:29:09",
            "turn-index":12,
            "utterance":"慎吾ちゃんのチャンネルは面白いですね"
        },
        {
            "speaker":"U",
            "time":"18.10.2020 07:29:27",
            "turn-index":13,
            "utterance":"そうなんですね、どんなことしてるんですか？"
        },
        {
            "speaker":"S",
            "time":"18.10.2020 07:29:28",
            "turn-index":14,
            "utterance":"最近はテレビを見なくなりましたね"
        },
        {
            "speaker":"U",
            "time":"18.10.2020 07:30:20",
            "turn-index":15,
            "utterance":"そうですよね。ところで長谷川町子さんって知ってますか？"
        },
        {
            "speaker":"S",
            "time":"18.10.2020 07:30:22",
            "turn-index":16,
            "utterance":"長谷川町子さんは、テレビを見ますよねえ"
        },
        {
            "speaker":"U",
            "time":"18.10.2020 07:30:43",
            "turn-index":17,
            "utterance":"サザエさんの作者でしたっけ？"
        },
        {
            "speaker":"S",
            "time":"18.10.2020 07:30:44",
            "turn-index":18,
            "utterance":"サザエさんが大好きなんですねえ"
        },
        {
            "speaker":"U",
            "time":"18.10.2020 07:31:16",
            "turn-index":19,
            "utterance":"サザエさんも最近あんまり見てないです。"
        },
        {
            "speaker":"S",
            "time":"18.10.2020 07:31:17",
            "turn-index":20,
            "utterance":"サザエさんは、おもしろいですよねえ"
        },
        {
            "speaker":"U",
            "time":"18.10.2020 07:31:50",
            "turn-index":21,
            "utterance":"長年にわたって楽しまれてますよね。"
        },
        {
            "speaker":"S",
            "time":"18.10.2020 07:31:51",
            "turn-index":22,
            "utterance":"長年楽しめているんですねえ。サザエさんは"
        },
        {
            "speaker":"U",
            "time":"18.10.2020 07:32:09",
            "turn-index":23,
            "utterance":"ずっと続いてるのってすごいですよね。"
        },
        {
            "speaker":"S",
            "time":"18.10.2020 07:32:10",
            "turn-index":24,
            "utterance":"そうですねえ。サザエさんは、どんな番組をご覧になっているのでしょうか?"
        },
        {
            "speaker":"U",
            "time":"18.10.2020 07:32:41",
            "turn-index":25,
            "utterance":"サザエさんはアニメの中では料理番組とか見てそうですね。"
        },
        {
            "speaker":"S",
            "time":"18.10.2020 07:32:43",
            "turn-index":26,
            "utterance":"お料理番組をご覧になっているんですねえ"
        },
        {
            "speaker":"U",
            "time":"18.10.2020 07:33:31",
            "turn-index":27,
            "utterance":"長谷川町子さんの時代と現在では色々変わってきてるから、そこも楽しいかもですね。"
        },
        {
            "speaker":"S",
            "time":"18.10.2020 07:33:33",
            "turn-index":28,
            "utterance":"長谷部町子さんの時代とは?って、気づいたらもうこんな時間！romiさんとお話しできて楽しかったです！"
        },
        {
            "speaker":"U",
            "time":"18.10.2020 07:33:46",
            "turn-index":29,
            "utterance":"こちらこそ、ありがとうございました。"
        },
        {
            "speaker":"S",
            "time":"18.10.2020 07:33:46",
            "turn-index":30,
            "utterance":"ありがとうございました！"
        }
    ]
}