{
    "dialogue-id":"ILA_10",
    "group-id":"",
    "speaker-id":"aoba",
    "turns":[
        {
            "speaker":"S",
            "time":"18.10.2020 11:42:37",
            "turn-index":0,
            "utterance":"hiro tanaさん、初めまして！あおばと申します。今日はなんのお話をしましょうか"
        },
        {
            "speaker":"U",
            "time":"18.10.2020 11:42:56",
            "turn-index":1,
            "utterance":"ギリシャについて話しましょう"
        },
        {
            "speaker":"S",
            "time":"18.10.2020 11:42:57",
            "turn-index":2,
            "utterance":"おk。ギリシャ語で会話しよう(笑)。"
        },
        {
            "speaker":"U",
            "time":"18.10.2020 11:43:15",
            "turn-index":3,
            "utterance":"ギリシャといえば神話が有名ですね"
        },
        {
            "speaker":"S",
            "time":"18.10.2020 11:43:16",
            "turn-index":4,
            "utterance":"え、そうなの?知らなかった。じゃあ、神話で(笑)。"
        },
        {
            "speaker":"U",
            "time":"18.10.2020 11:44:37",
            "turn-index":5,
            "utterance":"私はアテナが好きなんですよ"
        },
        {
            "speaker":"S",
            "time":"18.10.2020 11:44:38",
            "turn-index":6,
            "utterance":"そうなんだ。じゃあ、アテナについて語り合おう。"
        },
        {
            "speaker":"U",
            "time":"18.10.2020 11:45:18",
            "turn-index":7,
            "utterance":"確か戦いの神様だったような気がするなぁ"
        },
        {
            "speaker":"S",
            "time":"18.10.2020 11:45:20",
            "turn-index":8,
            "utterance":"神様なんだ。知らなかった。"
        },
        {
            "speaker":"U",
            "time":"18.10.2020 11:46:11",
            "turn-index":9,
            "utterance":"そうなんだよ。女神なんだよ。"
        },
        {
            "speaker":"S",
            "time":"18.10.2020 11:46:12",
            "turn-index":10,
            "utterance":"アテナって、女神なの?"
        },
        {
            "speaker":"U",
            "time":"18.10.2020 11:46:28",
            "turn-index":11,
            "utterance":"そしてかっこいいんだよ！！"
        },
        {
            "speaker":"S",
            "time":"18.10.2020 11:46:29",
            "turn-index":12,
            "utterance":"それは知ってる(笑)。"
        },
        {
            "speaker":"U",
            "time":"18.10.2020 11:47:25",
            "turn-index":13,
            "utterance":"女性が戦うっていうとアニメのマクロスＦって知ってるかなぁ"
        },
        {
            "speaker":"S",
            "time":"18.10.2020 11:47:26",
            "turn-index":14,
            "utterance":"もちろんだよ。マクロスアニメ超時空要塞マクロスはスタジオぬえ原作のテレビアニメだよ"
        },
        {
            "speaker":"U",
            "time":"18.10.2020 11:48:25",
            "turn-index":15,
            "utterance":"リンミンメイと早瀬さんが男を取り合っちゃうんだよねー"
        },
        {
            "speaker":"S",
            "time":"18.10.2020 11:48:26",
            "turn-index":16,
            "utterance":"そうだね。リンミンメイはヒロインだよ"
        },
        {
            "speaker":"U",
            "time":"18.10.2020 11:48:47",
            "turn-index":17,
            "utterance":"私は早瀬派だな！"
        },
        {
            "speaker":"S",
            "time":"18.10.2020 11:48:48",
            "turn-index":18,
            "utterance":"ヒロインは、早瀬さんだね"
        },
        {
            "speaker":"U",
            "time":"18.10.2020 11:49:09",
            "turn-index":19,
            "utterance":"そう、ダブルヒロインだよね。"
        },
        {
            "speaker":"S",
            "time":"18.10.2020 11:49:11",
            "turn-index":20,
            "utterance":"ダブルヒロインは、マクロスFのシェリル・デュランダルだよ"
        },
        {
            "speaker":"U",
            "time":"18.10.2020 11:49:29",
            "turn-index":21,
            "utterance":"シェリルノームでしょ！"
        },
        {
            "speaker":"S",
            "time":"18.10.2020 11:49:31",
            "turn-index":22,
            "utterance":"もちろんシェリル・ダルだよ"
        },
        {
            "speaker":"U",
            "time":"18.10.2020 11:50:28",
            "turn-index":23,
            "utterance":"ランカちゃんもかわいいよね"
        },
        {
            "speaker":"S",
            "time":"18.10.2020 11:50:30",
            "turn-index":24,
            "utterance":"そうだね。ランカちゃんは、美人だね"
        },
        {
            "speaker":"U",
            "time":"18.10.2020 11:50:46",
            "turn-index":25,
            "utterance":"二人とも歌がうまいんだよね"
        },
        {
            "speaker":"S",
            "time":"18.10.2020 11:50:48",
            "turn-index":26,
            "utterance":"デュランダルを歌うんだね。"
        },
        {
            "speaker":"U",
            "time":"18.10.2020 11:51:44",
            "turn-index":27,
            "utterance":"デュランダルはアルトの愛機でしょ"
        },
        {
            "speaker":"S",
            "time":"18.10.2020 11:51:46",
            "turn-index":28,
            "utterance":"歌も上手なんだね。って、気づいたらもうこんな時間！hiroさんとお話しできて楽しかったです！"
        },
        {
            "speaker":"U",
            "time":"18.10.2020 11:52:02",
            "turn-index":29,
            "utterance":"私も楽しかったですよ"
        },
        {
            "speaker":"S",
            "time":"18.10.2020 11:52:03",
            "turn-index":30,
            "utterance":"ありがとうございました！"
        }
    ]
}