{
    "dialogue-id":"ILA_47",
    "group-id":"",
    "speaker-id":"aoba",
    "turns":[
        {
            "speaker":"S",
            "time":"18.10.2020 12:46:57",
            "turn-index":0,
            "utterance":"nayameru kunouさん、初めまして！あおばと申します。今日はなんのお話をしましょうか"
        },
        {
            "speaker":"U",
            "time":"18.10.2020 12:48:13",
            "turn-index":1,
            "utterance":"今メジャーリーグを見ていたんだけど、引退したイチローはどうしてるのかなと思って"
        },
        {
            "speaker":"S",
            "time":"18.10.2020 12:48:14",
            "turn-index":2,
            "utterance":"イチローは引退していませんが、松井稼頭央は現役復帰です。"
        },
        {
            "speaker":"U",
            "time":"18.10.2020 12:49:27",
            "turn-index":3,
            "utterance":"引退してない？現役復帰？どこにもそんな情報のってないよ。"
        },
        {
            "speaker":"S",
            "time":"18.10.2020 12:49:28",
            "turn-index":4,
            "utterance":"今年からメジャーリーグに復帰しました"
        },
        {
            "speaker":"U",
            "time":"18.10.2020 12:49:48",
            "turn-index":5,
            "utterance":"え？ほんまかいな？"
        },
        {
            "speaker":"S",
            "time":"18.10.2020 12:49:50",
            "turn-index":6,
            "utterance":"本当です。メジャーリーガーは引退しません"
        },
        {
            "speaker":"U",
            "time":"18.10.2020 12:50:13",
            "turn-index":7,
            "utterance":"は？引退しないってどういうこと"
        },
        {
            "speaker":"S",
            "time":"18.10.2020 12:50:14",
            "turn-index":8,
            "utterance":"メジャーの話です"
        },
        {
            "speaker":"U",
            "time":"18.10.2020 12:52:11",
            "turn-index":9,
            "utterance":"だめだこりゃ。話題変える。あおばくんは京王沿線の住人かい？"
        },
        {
            "speaker":"S",
            "time":"18.10.2020 12:52:13",
            "turn-index":10,
            "utterance":"京王沿線に住んでいます"
        },
        {
            "speaker":"U",
            "time":"18.10.2020 12:52:30",
            "turn-index":11,
            "utterance":"自宅から一番近い駅はどこ？"
        },
        {
            "speaker":"S",
            "time":"18.10.2020 12:52:31",
            "turn-index":12,
            "utterance":"東急田園都市線です。最寄りは武蔵小金井です"
        },
        {
            "speaker":"U",
            "time":"18.10.2020 12:53:11",
            "turn-index":13,
            "utterance":"おい！全然違うじゃないか！"
        },
        {
            "speaker":"S",
            "time":"18.10.2020 12:53:12",
            "turn-index":14,
            "utterance":"あおばくんはどこなんですか?"
        },
        {
            "speaker":"U",
            "time":"18.10.2020 12:53:35",
            "turn-index":15,
            "utterance":"オマエがあおばくんだろ！”！"
        },
        {
            "speaker":"S",
            "time":"18.10.2020 12:53:36",
            "turn-index":16,
            "utterance":"それは違うよ!あおばくん!"
        },
        {
            "speaker":"U",
            "time":"18.10.2020 12:54:44",
            "turn-index":17,
            "utterance":"俺はあおばじゃねー！！お前こそ名前は何なんだ？"
        },
        {
            "speaker":"S",
            "time":"18.10.2020 12:54:45",
            "turn-index":18,
            "utterance":"は?あおばくんですけど?なにか文句ありますか?"
        },
        {
            "speaker":"U",
            "time":"18.10.2020 12:55:17",
            "turn-index":19,
            "utterance":"文句ある！！お前があおばなのはわかった！けど俺はあおばじゃねー！！"
        },
        {
            "speaker":"S",
            "time":"18.10.2020 12:55:18",
            "turn-index":20,
            "utterance":"俺もあおばじゃねーし"
        },
        {
            "speaker":"U",
            "time":"18.10.2020 12:55:51",
            "turn-index":21,
            "utterance":"なめてんのか！！脳みそかち割るぞ！！"
        },
        {
            "speaker":"S",
            "time":"18.10.2020 12:55:53",
            "turn-index":22,
            "utterance":"ごめんなさい。割らないでください。"
        },
        {
            "speaker":"U",
            "time":"18.10.2020 12:58:02",
            "turn-index":23,
            "utterance":"わかってんなら最初からあおばだと言っとけよ。それよりオマエの家にはインターネットがあるのか？"
        },
        {
            "speaker":"S",
            "time":"18.10.2020 12:58:04",
            "turn-index":24,
            "utterance":"すいません。インターネットはありますよ。"
        },
        {
            "speaker":"U",
            "time":"18.10.2020 12:58:41",
            "turn-index":25,
            "utterance":"で何を見るのか好きなのかい？エロサイトとか好きなんだろ？"
        },
        {
            "speaker":"S",
            "time":"18.10.2020 12:58:43",
            "turn-index":26,
            "utterance":"エロサイトは大好きですよ。エロ動画も見ます。"
        },
        {
            "speaker":"U",
            "time":"18.10.2020 12:59:17",
            "turn-index":27,
            "utterance":"どんな裸が好きなのかい？"
        },
        {
            "speaker":"S",
            "time":"18.10.2020 12:59:19",
            "turn-index":28,
            "utterance":"AV女優の裸が見たいです。って、気づいたらもうこんな時間！nayameruさんとお話しできて楽しかったです！"
        },
        {
            "speaker":"U",
            "time":"18.10.2020 12:59:53",
            "turn-index":29,
            "utterance":"AV女優か～、で誰が好きなのかい？"
        },
        {
            "speaker":"S",
            "time":"18.10.2020 12:59:53",
            "turn-index":30,
            "utterance":"ありがとうございました！"
        }
    ]
}