{
    "dialogue-id":"ILA_29",
    "group-id":"",
    "speaker-id":"aoba",
    "turns":[
        {
            "speaker":"S",
            "time":"17.10.2020 20:44:24",
            "turn-index":0,
            "utterance":"mama ruruさん、初めまして！あおばと申します。今日はなんのお話をしましょうか"
        },
        {
            "speaker":"U",
            "time":"17.10.2020 20:45:31",
            "turn-index":1,
            "utterance":"こんにちは！私は恐竜が大好きなのですが、あおばさんは恐竜はお好きですか？"
        },
        {
            "speaker":"S",
            "time":"17.10.2020 20:45:32",
            "turn-index":2,
            "utterance":"恐竜は大好きですよ。恐竜博物館には行ったことがありますか?"
        },
        {
            "speaker":"U",
            "time":"17.10.2020 20:45:40",
            "turn-index":3,
            "utterance":"もちろんです"
        },
        {
            "speaker":"S",
            "time":"17.10.2020 20:45:42",
            "turn-index":4,
            "utterance":"恐竜を間近で見られる機会は少ないですか?"
        },
        {
            "speaker":"U",
            "time":"17.10.2020 20:46:18",
            "turn-index":5,
            "utterance":"そうですね。たまにイベントで恐竜の展示物を見るくらいです。"
        },
        {
            "speaker":"S",
            "time":"17.10.2020 20:46:20",
            "turn-index":6,
            "utterance":"では、恐竜展には行かれましたか?"
        },
        {
            "speaker":"U",
            "time":"17.10.2020 20:46:30",
            "turn-index":7,
            "utterance":"行きましたよ！"
        },
        {
            "speaker":"S",
            "time":"17.10.2020 20:46:31",
            "turn-index":8,
            "utterance":"どのような展示物をご覧になりましたか?(興味津々に)"
        },
        {
            "speaker":"U",
            "time":"17.10.2020 20:48:06",
            "turn-index":9,
            "utterance":"ティラノサウルスを見ましたよ。所で、芦田愛菜さんは好きですか？"
        },
        {
            "speaker":"S",
            "time":"17.10.2020 20:48:09",
            "turn-index":10,
            "utterance":"私も芦田愛菜さんが好きですね"
        },
        {
            "speaker":"U",
            "time":"17.10.2020 20:48:26",
            "turn-index":11,
            "utterance":"しっかりしていて凄いですよね"
        },
        {
            "speaker":"S",
            "time":"17.10.2020 20:48:27",
            "turn-index":12,
            "utterance":"芦田愛菜さんは、すごい人ですね(笑)"
        },
        {
            "speaker":"U",
            "time":"17.10.2020 20:48:47",
            "turn-index":13,
            "utterance":"実はファンなんですよ"
        },
        {
            "speaker":"S",
            "time":"17.10.2020 20:48:49",
            "turn-index":14,
            "utterance":"それは知りませんでした(笑)"
        },
        {
            "speaker":"U",
            "time":"17.10.2020 20:49:48",
            "turn-index":15,
            "utterance":"TVを見ていると、いつも応援したくなっちゃうんです。"
        },
        {
            "speaker":"S",
            "time":"17.10.2020 20:49:50",
            "turn-index":16,
            "utterance":"どんな番組をご覧なんですか?"
        },
        {
            "speaker":"U",
            "time":"17.10.2020 20:50:17",
            "turn-index":17,
            "utterance":"バラエティー番組ですね。"
        },
        {
            "speaker":"S",
            "time":"17.10.2020 20:50:19",
            "turn-index":18,
            "utterance":"好きな芸能人はいますか??"
        },
        {
            "speaker":"U",
            "time":"17.10.2020 20:50:36",
            "turn-index":19,
            "utterance":"やはり、芦田愛菜さんですね"
        },
        {
            "speaker":"S",
            "time":"17.10.2020 20:50:38",
            "turn-index":20,
            "utterance":"芦田愛菜さんは、どんな番組をご覧になるのでしょうか??"
        },
        {
            "speaker":"U",
            "time":"17.10.2020 20:51:05",
            "turn-index":21,
            "utterance":"ニュース番組を見ていると思いますよ。"
        },
        {
            "speaker":"S",
            "time":"17.10.2020 20:51:08",
            "turn-index":22,
            "utterance":"テレビはよく観ますか??"
        },
        {
            "speaker":"U",
            "time":"17.10.2020 20:51:18",
            "turn-index":23,
            "utterance":"ほぼ毎日見ていますよ。"
        },
        {
            "speaker":"S",
            "time":"17.10.2020 20:51:20",
            "turn-index":24,
            "utterance":"毎日ですか??すごい!"
        },
        {
            "speaker":"U",
            "time":"17.10.2020 20:52:20",
            "turn-index":25,
            "utterance":"芦田愛菜さんのCMを見るのが日課なので！"
        },
        {
            "speaker":"S",
            "time":"17.10.2020 20:52:21",
            "turn-index":26,
            "utterance":"愛菜ちゃんのCMは面白いですね"
        },
        {
            "speaker":"U",
            "time":"17.10.2020 20:52:33",
            "turn-index":27,
            "utterance":"そうですよね"
        },
        {
            "speaker":"S",
            "time":"17.10.2020 20:52:34",
            "turn-index":28,
            "utterance":"芦田さんの番組は面白いですねって、気づいたらもうこんな時間！mamaさんとお話しできて楽しかったです！"
        },
        {
            "speaker":"U",
            "time":"17.10.2020 20:52:51",
            "turn-index":29,
            "utterance":"こちらこそ楽しかったです。ありがとう！"
        },
        {
            "speaker":"S",
            "time":"17.10.2020 20:52:51",
            "turn-index":30,
            "utterance":"ありがとうございました！"
        }
    ]
}