{
    "dialogue-id":"ILA_14",
    "group-id":"",
    "speaker-id":"aoba",
    "turns":[
        {
            "speaker":"S",
            "time":"17.10.2020 21:03:44",
            "turn-index":0,
            "utterance":"Y Sさん、初めまして！あおばと申します。今日はなんのお話をしましょうか"
        },
        {
            "speaker":"U",
            "time":"17.10.2020 21:05:50",
            "turn-index":1,
            "utterance":"こんにちは。最近運動のためにタンパク質を摂ろうとしているんですが、プロテインとか飲んだことありますか？"
        },
        {
            "speaker":"S",
            "time":"17.10.2020 21:05:51",
            "turn-index":2,
            "utterance":"こんにちは。プロテインは飲んだことないですね。どんな効果がありますか?"
        },
        {
            "speaker":"U",
            "time":"17.10.2020 21:06:32",
            "turn-index":3,
            "utterance":"良質なタンパク質を効率よく摂れるので運動の効果がより良くなるようです。"
        },
        {
            "speaker":"S",
            "time":"17.10.2020 21:06:33",
            "turn-index":4,
            "utterance":"タンパク質ですか。どんなのがいいですか?"
        },
        {
            "speaker":"U",
            "time":"17.10.2020 21:07:43",
            "turn-index":5,
            "utterance":"タンパク質にも種類があって。大きくわけると動物性と植物性とかですかね。それぞれ働きが違うみたいです。"
        },
        {
            "speaker":"S",
            "time":"17.10.2020 21:07:44",
            "turn-index":6,
            "utterance":"植物性タンパク質は、ビタミンCが豊富ですね"
        },
        {
            "speaker":"U",
            "time":"17.10.2020 21:07:57",
            "turn-index":7,
            "utterance":"そうなんですか？それは知らなかったです。私もまだ勉強中で。"
        },
        {
            "speaker":"S",
            "time":"17.10.2020 21:08:00",
            "turn-index":8,
            "utterance":"バナナと果物が良いですね"
        },
        {
            "speaker":"U",
            "time":"17.10.2020 21:08:42",
            "turn-index":9,
            "utterance":"確かに！果物は良いですね！私は塩を摂りすぎなのでバナナを食べたほうがいいのかなと思っています。"
        },
        {
            "speaker":"S",
            "time":"17.10.2020 21:08:43",
            "turn-index":10,
            "utterance":"私も果物は大好きですよ。"
        },
        {
            "speaker":"U",
            "time":"17.10.2020 21:09:36",
            "turn-index":11,
            "utterance":"おいしいですよね。塩分摂りすぎにはバナナが良いそうですよ。"
        },
        {
            "speaker":"S",
            "time":"17.10.2020 21:09:37",
            "turn-index":12,
            "utterance":"甘酸っぱくて美味しいですよね!"
        },
        {
            "speaker":"U",
            "time":"17.10.2020 21:09:56",
            "turn-index":13,
            "utterance":"確かに。甘いのと塩っけが多いのだとどちらが好きですか？"
        },
        {
            "speaker":"S",
            "time":"17.10.2020 21:09:57",
            "turn-index":14,
            "utterance":"どっちも好きですが、塩っぱいのが好きですね。"
        },
        {
            "speaker":"U",
            "time":"17.10.2020 21:10:31",
            "turn-index":15,
            "utterance":"私もです。甘いものも好きですがどうしても塩っぱい系を多く摂取してしまいます。"
        },
        {
            "speaker":"S",
            "time":"17.10.2020 21:10:32",
            "turn-index":16,
            "utterance":"分かります!私も塩っぱいのが好きです!"
        },
        {
            "speaker":"U",
            "time":"17.10.2020 21:10:46",
            "turn-index":17,
            "utterance":"塩はミネラルですからね。体には必要ですよね。"
        },
        {
            "speaker":"S",
            "time":"17.10.2020 21:10:49",
            "turn-index":18,
            "utterance":"そうですね!ミネラルが豊富な果物って少ないですよね"
        },
        {
            "speaker":"U",
            "time":"17.10.2020 21:12:54",
            "turn-index":19,
            "utterance":"どうなんでしょう。果物であまり聞いたことがないです。塩っていろんな種類があってこだわってる人とかもいますよね。"
        },
        {
            "speaker":"S",
            "time":"17.10.2020 21:12:56",
            "turn-index":20,
            "utterance":"私は果物全般好きです!"
        },
        {
            "speaker":"U",
            "time":"17.10.2020 21:13:47",
            "turn-index":21,
            "utterance":"私も好きです。そういえば塩の専門店に行ったことがあるんですけど、ソフトクリームにも塩をかけて食べたりしておいしかったですよ。"
        },
        {
            "speaker":"S",
            "time":"17.10.2020 21:13:48",
            "turn-index":22,
            "utterance":"ソフトクリームに塩は初耳です。アイスにも塩をかけて食べるのですか?"
        },
        {
            "speaker":"U",
            "time":"17.10.2020 21:15:00",
            "turn-index":23,
            "utterance":"ココア塩とかいろんな味の塩があって結構おいしかったです。アイスでも十分合うと思います。"
        },
        {
            "speaker":"S",
            "time":"17.10.2020 21:15:02",
            "turn-index":24,
            "utterance":"美味しそうですね。今度食べてみます。ありがとうございます。"
        },
        {
            "speaker":"U",
            "time":"17.10.2020 21:15:09",
            "turn-index":25,
            "utterance":"ぜひ試してみてください。"
        },
        {
            "speaker":"S",
            "time":"17.10.2020 21:15:10",
            "turn-index":26,
            "utterance":"どんな味か想像がつきませんが、今度食べてみますね。"
        },
        {
            "speaker":"U",
            "time":"17.10.2020 21:15:29",
            "turn-index":27,
            "utterance":"はい、ほかにも料理に使えそうないろんな味の塩が売っていて楽しかったです。"
        },
        {
            "speaker":"S",
            "time":"17.10.2020 21:15:31",
            "turn-index":28,
            "utterance":"お料理の幅が広がりますよねーって、気づいたらもうこんな時間！Yさんとお話しできて楽しかったです！"
        },
        {
            "speaker":"U",
            "time":"17.10.2020 21:15:40",
            "turn-index":29,
            "utterance":"こちらこそ楽しかったです。ありがとうございます。"
        },
        {
            "speaker":"S",
            "time":"17.10.2020 21:15:41",
            "turn-index":30,
            "utterance":"ありがとうございました！"
        }
    ]
}