{
    "dialogue-id":"ILA_25",
    "group-id":"",
    "speaker-id":"aoba",
    "turns":[
        {
            "speaker":"S",
            "time":"17.10.2020 17:55:47",
            "turn-index":0,
            "utterance":"Billy Potさん、初めまして！あおばと申します。今日はなんのお話をしましょうか"
        },
        {
            "speaker":"U",
            "time":"17.10.2020 17:57:26",
            "turn-index":1,
            "utterance":"山登りって好きですか？私は毎年山の日の前後に友達同士で山登りすることにしてるんですよ"
        },
        {
            "speaker":"S",
            "time":"17.10.2020 17:57:27",
            "turn-index":2,
            "utterance":"山で遭難しないように気をつけて下さいね。"
        },
        {
            "speaker":"U",
            "time":"17.10.2020 17:57:44",
            "turn-index":3,
            "utterance":"そうですね、遭難は怖いですよね。"
        },
        {
            "speaker":"S",
            "time":"17.10.2020 17:57:45",
            "turn-index":4,
            "utterance":"自然の脅威は恐ろしいですものね。"
        },
        {
            "speaker":"U",
            "time":"17.10.2020 17:58:31",
            "turn-index":5,
            "utterance":"山に慣れてる人でも山の天気は分からないっていいますよね。今年はコロナ禍で毎年恒例の山登りができませんでした"
        },
        {
            "speaker":"S",
            "time":"17.10.2020 17:58:34",
            "turn-index":6,
            "utterance":"毎年恒例の山登りですか。それはまた大変でしたねえ。"
        },
        {
            "speaker":"U",
            "time":"17.10.2020 17:59:19",
            "turn-index":7,
            "utterance":"毎年恒例なので、できなかったのはほんとに残念でした"
        },
        {
            "speaker":"S",
            "time":"17.10.2020 17:59:21",
            "turn-index":8,
            "utterance":"毎年恒例の山登りができないなんて可哀想に...。"
        },
        {
            "speaker":"U",
            "time":"17.10.2020 18:00:15",
            "turn-index":9,
            "utterance":"そうですよね、かわりに山登りの仲間同士でバーチャル山登りしましたよ"
        },
        {
            "speaker":"S",
            "time":"17.10.2020 18:00:17",
            "turn-index":10,
            "utterance":"山登りは楽しいですね"
        },
        {
            "speaker":"U",
            "time":"17.10.2020 18:01:01",
            "turn-index":11,
            "utterance":"楽しいですね。体を動かしながらいろいろなこと考えられますからね"
        },
        {
            "speaker":"S",
            "time":"17.10.2020 18:01:02",
            "turn-index":12,
            "utterance":"運動不足解消にもなりますし。"
        },
        {
            "speaker":"U",
            "time":"17.10.2020 18:01:11",
            "turn-index":13,
            "utterance":"そうそう。それもあります"
        },
        {
            "speaker":"S",
            "time":"17.10.2020 18:01:13",
            "turn-index":14,
            "utterance":"体を動かすのは大事ですね。"
        },
        {
            "speaker":"U",
            "time":"17.10.2020 18:01:44",
            "turn-index":15,
            "utterance":"こんな時勢なので、体力をつけて免疫力を落とさないようにしないと。"
        },
        {
            "speaker":"S",
            "time":"17.10.2020 18:01:46",
            "turn-index":16,
            "utterance":"免疫力をつけるには、どんな運動をすればいいのでしょうか?"
        },
        {
            "speaker":"U",
            "time":"17.10.2020 18:02:16",
            "turn-index":17,
            "utterance":"毎日の日課としてストレッチや軽い筋トレ、ウォーキングなんかがいいんじゃないですか。"
        },
        {
            "speaker":"S",
            "time":"17.10.2020 18:02:18",
            "turn-index":18,
            "utterance":"ウォーキングは毎日やっています。継続は力なりとはよく言ったものです"
        },
        {
            "speaker":"U",
            "time":"17.10.2020 18:03:17",
            "turn-index":19,
            "utterance":"続けることに意味があるんですよね。ところであおばさんの好きなコンビニエンスストアｯﾃ"
        },
        {
            "speaker":"S",
            "time":"17.10.2020 18:03:18",
            "turn-index":20,
            "utterance":"コンビニエンスストアーは、いい運動になりますから、いいですね。"
        },
        {
            "speaker":"U",
            "time":"17.10.2020 18:03:57",
            "turn-index":21,
            "utterance":"運動になりますか？まあ自宅からコンビニエンスストアまで往復すれば運動にはなるかも。"
        },
        {
            "speaker":"S",
            "time":"17.10.2020 18:03:58",
            "turn-index":22,
            "utterance":"通勤に使っています。"
        },
        {
            "speaker":"U",
            "time":"17.10.2020 18:04:29",
            "turn-index":23,
            "utterance":"通勤途中にコンビニで買い物ですか？"
        },
        {
            "speaker":"S",
            "time":"17.10.2020 18:04:31",
            "turn-index":24,
            "utterance":"コンビニエンスストアで買い物をしますねえ"
        },
        {
            "speaker":"U",
            "time":"17.10.2020 18:04:54",
            "turn-index":25,
            "utterance":"どんなもの買いますか？私はガムとかアイスが多いかな。"
        },
        {
            "speaker":"S",
            "time":"17.10.2020 18:04:56",
            "turn-index":26,
            "utterance":"セブンイレブンでアイスを買いますねえ"
        },
        {
            "speaker":"U",
            "time":"17.10.2020 18:05:18",
            "turn-index":27,
            "utterance":"アイスはコンビニの定番ですね。あとおにぎりとかパンとかも。"
        },
        {
            "speaker":"S",
            "time":"17.10.2020 18:05:20",
            "turn-index":28,
            "utterance":"セブンイレブンのパンが美味しいですねって、気づいたらもうこんな時間！Billyさんとお話しできて楽しかったです！"
        },
        {
            "speaker":"U",
            "time":"17.10.2020 18:06:24",
            "turn-index":29,
            "utterance":"こちらこそ、山登りからコンビニまで、沢山話せてよかったです。"
        },
        {
            "speaker":"S",
            "time":"17.10.2020 18:06:24",
            "turn-index":30,
            "utterance":"ありがとうございました！"
        }
    ]
}