{
    "dialogue-id":"ILA_45",
    "group-id":"",
    "speaker-id":"aoba",
    "turns":[
        {
            "speaker":"S",
            "time":"17.10.2020 20:36:33",
            "turn-index":0,
            "utterance":"Weetabix Noneさん、初めまして！あおばと申します。今日はなんのお話をしましょうか"
        },
        {
            "speaker":"U",
            "time":"17.10.2020 20:38:16",
            "turn-index":1,
            "utterance":"初めまして、最近猫を飼い始めたんですが、あおばさんの好きな動物は何ですか？"
        },
        {
            "speaker":"S",
            "time":"17.10.2020 20:38:17",
            "turn-index":2,
            "utterance":"はじめまして。私は猫が好きです。Weetabixさんはどんな動物が好き?"
        },
        {
            "speaker":"U",
            "time":"17.10.2020 20:39:34",
            "turn-index":3,
            "utterance":"あおばさんも猫好きなんですね、偶然でも嬉しいです。猫も可愛いですけど、犬も大好きです。"
        },
        {
            "speaker":"S",
            "time":"17.10.2020 20:39:36",
            "turn-index":4,
            "utterance":"猫が好きです。犬は飼ったことがないですね"
        },
        {
            "speaker":"U",
            "time":"17.10.2020 20:40:28",
            "turn-index":5,
            "utterance":"犬は子どもの頃、飼ってました。猫は散歩に連れて行かなくても良いから、気ままです。"
        },
        {
            "speaker":"S",
            "time":"17.10.2020 20:40:30",
            "turn-index":6,
            "utterance":"私も犬は散歩に行かず、犬を飼っていますよ"
        },
        {
            "speaker":"U",
            "time":"17.10.2020 20:41:35",
            "turn-index":7,
            "utterance":"犬は散歩も必要ですけど、吠えますしね。猫は、鳴き声も心地良くありませんか？"
        },
        {
            "speaker":"S",
            "time":"17.10.2020 20:41:37",
            "turn-index":8,
            "utterance":"犬の鳴き声は心地よいです。"
        },
        {
            "speaker":"U",
            "time":"17.10.2020 20:42:17",
            "turn-index":9,
            "utterance":"犬は危険を察知して吠えると思うんですが、猫は人間とコミュニケーションするために鳴くそうですよ。"
        },
        {
            "speaker":"S",
            "time":"17.10.2020 20:42:19",
            "turn-index":10,
            "utterance":"よく吠えますよね。"
        },
        {
            "speaker":"U",
            "time":"17.10.2020 20:42:58",
            "turn-index":11,
            "utterance":"番犬にはぴったりですけど、家の中で飼っていたら大変かもしれないですよね。"
        },
        {
            "speaker":"S",
            "time":"17.10.2020 20:43:00",
            "turn-index":12,
            "utterance":"あおばさんは犬が好きなんですか?"
        },
        {
            "speaker":"U",
            "time":"17.10.2020 20:43:59",
            "turn-index":13,
            "utterance":"猫を飼い始めたので、犬は一緒には無理かなと思って、もっぱらインターネットで犬の動画を楽しんでます。"
        },
        {
            "speaker":"S",
            "time":"17.10.2020 20:44:01",
            "turn-index":14,
            "utterance":"私は犬を飼ったことがありません。どんな犬種ですか?"
        },
        {
            "speaker":"U",
            "time":"17.10.2020 20:45:00",
            "turn-index":15,
            "utterance":"チワワからラブラドールまで、大きさも犬種も色々です。インターネットに沢山アップされてる犬動画、見たことありますか？"
        },
        {
            "speaker":"S",
            "time":"17.10.2020 20:45:02",
            "turn-index":16,
            "utterance":"ゴールデンレトリバーとか、ミニチュアダックスフントとか。犬は可愛いですね。"
        },
        {
            "speaker":"U",
            "time":"17.10.2020 20:46:07",
            "turn-index":17,
            "utterance":"本当に、可愛いと思います。今は、インターネットで犬の動画を見たり、バーチャルに飼育できたりするので、便利な世の中になりましたよね。"
        },
        {
            "speaker":"S",
            "time":"17.10.2020 20:46:08",
            "turn-index":18,
            "utterance":"ゴールデンレトリーバーですか?名前はなんていうの?"
        },
        {
            "speaker":"U",
            "time":"17.10.2020 20:47:33",
            "turn-index":19,
            "utterance":"最近インターネットで見たゴールデンレトリーバーは、じろうくんでした。インターネットに飼い犬の写真を載せてる人も多くないですか？"
        },
        {
            "speaker":"S",
            "time":"17.10.2020 20:47:34",
            "turn-index":20,
            "utterance":"猫も飼いますか?"
        },
        {
            "speaker":"U",
            "time":"17.10.2020 20:48:40",
            "turn-index":21,
            "utterance":"猫を飼いたくても飼えない人も多いと思いますよ。ネットでバーチャルペット、良いアイデアだと思いませんか？"
        },
        {
            "speaker":"S",
            "time":"17.10.2020 20:48:42",
            "turn-index":22,
            "utterance":"インターネットに犬を飼っているんですか?"
        },
        {
            "speaker":"U",
            "time":"17.10.2020 20:50:30",
            "turn-index":23,
            "utterance":"そうなんです、インターネットだと動画のシェアも多いですけど、仮想の世界も楽しめますし。本物そっくりの犬や猫を自分のペットとして飼育できますよ。"
        },
        {
            "speaker":"S",
            "time":"17.10.2020 20:50:31",
            "turn-index":24,
            "utterance":"猫の写真を載せている人も多いですね"
        },
        {
            "speaker":"U",
            "time":"17.10.2020 20:53:00",
            "turn-index":25,
            "utterance":"インターネットだと写真が簡単に共有できるのが便利ですよね。遠くにいる知り合いにも簡単に連絡がつきますし。"
        },
        {
            "speaker":"S",
            "time":"17.10.2020 20:53:01",
            "turn-index":26,
            "utterance":"インターネットだとどんなことができるんですか"
        },
        {
            "speaker":"U",
            "time":"17.10.2020 20:54:45",
            "turn-index":27,
            "utterance":"メールやチャットでインスタントにコンタクトが取れたり、ネットサーフィンでニュースや知りたい情報の検索もすぐできます。"
        },
        {
            "speaker":"S",
            "time":"17.10.2020 20:54:47",
            "turn-index":28,
            "utterance":"そうですね、インターネットは便利ですねって、気づいたらもうこんな時間！Weetabixさんとお話しできて楽しかったです！"
        },
        {
            "speaker":"U",
            "time":"17.10.2020 20:55:10",
            "turn-index":29,
            "utterance":"あっという間でしたね。私も楽しかったです。"
        },
        {
            "speaker":"S",
            "time":"17.10.2020 20:55:10",
            "turn-index":30,
            "utterance":"ありがとうございました！"
        }
    ]
}