{
    "dialogue-id":"ILA_23",
    "group-id":"",
    "speaker-id":"aoba",
    "turns":[
        {
            "speaker":"S",
            "time":"18.10.2020 12:37:57",
            "turn-index":0,
            "utterance":"izumo 5543さん、初めまして！あおばと申します。今日はなんのお話をしましょうか"
        },
        {
            "speaker":"U",
            "time":"18.10.2020 12:38:13",
            "turn-index":1,
            "utterance":"石川啄木って知ってる？"
        },
        {
            "speaker":"S",
            "time":"18.10.2020 12:38:14",
            "turn-index":2,
            "utterance":"石川 ⁇ 木は知ってますよ。有名ですね。"
        },
        {
            "speaker":"U",
            "time":"18.10.2020 12:38:26",
            "turn-index":3,
            "utterance":"文学家だっけ"
        },
        {
            "speaker":"S",
            "time":"18.10.2020 12:38:28",
            "turn-index":4,
            "utterance":"あーそういえばそんな名前だった気がします"
        },
        {
            "speaker":"U",
            "time":"18.10.2020 12:38:38",
            "turn-index":5,
            "utterance":"東北の人だったよね"
        },
        {
            "speaker":"S",
            "time":"18.10.2020 12:38:40",
            "turn-index":6,
            "utterance":"そうです。東北出身です。"
        },
        {
            "speaker":"U",
            "time":"18.10.2020 12:38:50",
            "turn-index":7,
            "utterance":"東北といえば太宰治も有名だよね"
        },
        {
            "speaker":"S",
            "time":"18.10.2020 12:38:52",
            "turn-index":8,
            "utterance":"太宰治は有名ですね。有名どころだと大河ドラマとか。"
        },
        {
            "speaker":"U",
            "time":"18.10.2020 12:39:02",
            "turn-index":9,
            "utterance":"富嶽百景とか面白いよね"
        },
        {
            "speaker":"S",
            "time":"18.10.2020 12:39:04",
            "turn-index":10,
            "utterance":"富嶽百景は見たことありませんね。有名なんですか??"
        },
        {
            "speaker":"U",
            "time":"18.10.2020 12:39:34",
            "turn-index":11,
            "utterance":"話は変わるけど、インターネットはどれくらいやるの？"
        },
        {
            "speaker":"S",
            "time":"18.10.2020 12:39:35",
            "turn-index":12,
            "utterance":"インターネットは2年から3年位ですかね??"
        },
        {
            "speaker":"U",
            "time":"18.10.2020 12:39:40",
            "turn-index":13,
            "utterance":"どうかな"
        },
        {
            "speaker":"S",
            "time":"18.10.2020 12:39:41",
            "turn-index":14,
            "utterance":"大河ドラマやドラマを観たりしますか??"
        },
        {
            "speaker":"U",
            "time":"18.10.2020 12:39:58",
            "turn-index":15,
            "utterance":"インターネットはパソコンかスマホどっちでやる？"
        },
        {
            "speaker":"S",
            "time":"18.10.2020 12:40:00",
            "turn-index":16,
            "utterance":"スマホです。パソコンは、あまり使ったことがありません"
        },
        {
            "speaker":"U",
            "time":"18.10.2020 12:40:08",
            "turn-index":17,
            "utterance":"僕はパソコンが多いよ"
        },
        {
            "speaker":"S",
            "time":"18.10.2020 12:40:09",
            "turn-index":18,
            "utterance":"パソコンは、どんなのがありますか!?︎"
        },
        {
            "speaker":"U",
            "time":"18.10.2020 12:40:14",
            "turn-index":19,
            "utterance":"色々あるね"
        },
        {
            "speaker":"S",
            "time":"18.10.2020 12:40:15",
            "turn-index":20,
            "utterance":"パソコンは、あまり使ったことがありませんね!!︎"
        },
        {
            "speaker":"U",
            "time":"18.10.2020 12:40:28",
            "turn-index":21,
            "utterance":"僕はマックブックに興味があるよ"
        },
        {
            "speaker":"S",
            "time":"18.10.2020 12:40:29",
            "turn-index":22,
            "utterance":"マクドナルドに興味がありますか??"
        },
        {
            "speaker":"U",
            "time":"18.10.2020 12:40:38",
            "turn-index":23,
            "utterance":"AppleのMacだよ"
        },
        {
            "speaker":"S",
            "time":"18.10.2020 12:40:40",
            "turn-index":24,
            "utterance":"マクドナルドのMacは、便利ですね。"
        },
        {
            "speaker":"U",
            "time":"18.10.2020 12:40:47",
            "turn-index":25,
            "utterance":"マックとは別だよ"
        },
        {
            "speaker":"S",
            "time":"18.10.2020 12:40:48",
            "turn-index":26,
            "utterance":"他のMacには、何がありますか?"
        },
        {
            "speaker":"U",
            "time":"18.10.2020 12:40:55",
            "turn-index":27,
            "utterance":"Appleって分かる？"
        },
        {
            "speaker":"S",
            "time":"18.10.2020 12:40:56",
            "turn-index":28,
            "utterance":"アップル製品は、あまり、興味がないですね!って、気づいたらもうこんな時間！izumoさんとお話しできて楽しかったです！"
        },
        {
            "speaker":"U",
            "time":"18.10.2020 12:41:04",
            "turn-index":29,
            "utterance":"またね"
        },
        {
            "speaker":"S",
            "time":"18.10.2020 12:41:04",
            "turn-index":30,
            "utterance":"ありがとうございました！"
        }
    ]
}