{
    "dialogue-id":"ILA_51",
    "group-id":"",
    "speaker-id":"aoba",
    "turns":[
        {
            "speaker":"S",
            "time":"18.10.2020 12:40:44",
            "turn-index":0,
            "utterance":"a aさん、初めまして！あおばと申します。今日はなんのお話をしましょうか"
        },
        {
            "speaker":"U",
            "time":"18.10.2020 12:41:02",
            "turn-index":1,
            "utterance":"動物の話がしたいです。"
        },
        {
            "speaker":"S",
            "time":"18.10.2020 12:41:04",
            "turn-index":2,
            "utterance":"キリンのぬいぐるみを飼いたいです。"
        },
        {
            "speaker":"U",
            "time":"18.10.2020 12:41:27",
            "turn-index":3,
            "utterance":"ぬいぐるみを飼うとはどういうことですか。"
        },
        {
            "speaker":"S",
            "time":"18.10.2020 12:41:28",
            "turn-index":4,
            "utterance":"好きな動物はなんですか??"
        },
        {
            "speaker":"U",
            "time":"18.10.2020 12:41:35",
            "turn-index":5,
            "utterance":"ぞうです。"
        },
        {
            "speaker":"S",
            "time":"18.10.2020 12:41:36",
            "turn-index":6,
            "utterance":"キリンのぬいぐるみはどうですか??"
        },
        {
            "speaker":"U",
            "time":"18.10.2020 12:42:25",
            "turn-index":7,
            "utterance":"可愛いと思います。キリンは大きいから家では飼えないですしね。"
        },
        {
            "speaker":"S",
            "time":"18.10.2020 12:42:26",
            "turn-index":8,
            "utterance":"私も飼いたいなと思います。"
        },
        {
            "speaker":"U",
            "time":"18.10.2020 12:43:02",
            "turn-index":9,
            "utterance":"他に好きな動物はいますか。"
        },
        {
            "speaker":"S",
            "time":"18.10.2020 12:43:04",
            "turn-index":10,
            "utterance":"柴犬とか好きです。"
        },
        {
            "speaker":"U",
            "time":"18.10.2020 12:44:04",
            "turn-index":11,
            "utterance":"可愛いですよね。そういえば、京王線沿いでおすすめの場所はりますか。"
        },
        {
            "speaker":"S",
            "time":"18.10.2020 12:44:06",
            "turn-index":12,
            "utterance":"横浜線沿いがいいですね。"
        },
        {
            "speaker":"U",
            "time":"18.10.2020 12:45:11",
            "turn-index":13,
            "utterance":"京王線の方が近いんですよね。"
        },
        {
            "speaker":"S",
            "time":"18.10.2020 12:45:12",
            "turn-index":14,
            "utterance":"最寄駅はどこですか?"
        },
        {
            "speaker":"U",
            "time":"18.10.2020 12:45:40",
            "turn-index":15,
            "utterance":"多摩センターです。"
        },
        {
            "speaker":"S",
            "time":"18.10.2020 12:45:41",
            "turn-index":16,
            "utterance":"近くまで来られますか?"
        },
        {
            "speaker":"U",
            "time":"18.10.2020 12:46:09",
            "turn-index":17,
            "utterance":"横浜線の近くですか？遠いので行けないですね。"
        },
        {
            "speaker":"S",
            "time":"18.10.2020 12:46:10",
            "turn-index":18,
            "utterance":"京王線沿いなら来られると思ったのですが・。"
        },
        {
            "speaker":"U",
            "time":"18.10.2020 12:46:49",
            "turn-index":19,
            "utterance":"横浜線の何駅ですか。"
        },
        {
            "speaker":"S",
            "time":"18.10.2020 12:46:50",
            "turn-index":20,
            "utterance":"1本で行けますよ。"
        },
        {
            "speaker":"U",
            "time":"18.10.2020 12:47:33",
            "turn-index":21,
            "utterance":"そうなんですか。"
        },
        {
            "speaker":"S",
            "time":"18.10.2020 12:47:34",
            "turn-index":22,
            "utterance":"乗り換えが面倒ですが・。"
        },
        {
            "speaker":"U",
            "time":"18.10.2020 12:47:51",
            "turn-index":23,
            "utterance":"乗り換えを教えてください。"
        },
        {
            "speaker":"S",
            "time":"18.10.2020 12:47:53",
            "turn-index":24,
            "utterance":"中央林間から京王線に乗り換えて横浜線に・。"
        },
        {
            "speaker":"U",
            "time":"18.10.2020 12:48:51",
            "turn-index":25,
            "utterance":"中央林間から横浜線にいくには東急線ですよ。"
        },
        {
            "speaker":"S",
            "time":"18.10.2020 12:48:53",
            "turn-index":26,
            "utterance":"じゃあ、横浜線で・。"
        },
        {
            "speaker":"U",
            "time":"18.10.2020 12:49:20",
            "turn-index":27,
            "utterance":"京王線は乗ったことありますか。"
        },
        {
            "speaker":"S",
            "time":"18.10.2020 12:49:21",
            "turn-index":28,
            "utterance":"川崎から乗ったことがあります。って、気づいたらもうこんな時間！aさんとお話しできて楽しかったです！"
        },
        {
            "speaker":"U",
            "time":"18.10.2020 12:49:33",
            "turn-index":29,
            "utterance":"ありがとうございます。"
        },
        {
            "speaker":"S",
            "time":"18.10.2020 12:49:33",
            "turn-index":30,
            "utterance":"ありがとうございました！"
        }
    ]
}