{
    "dialogue-id":"ILA_05",
    "group-id":"",
    "speaker-id":"aoba",
    "turns":[
        {
            "speaker":"S",
            "time":"18.10.2020 12:45:59",
            "turn-index":0,
            "utterance":"satoh takumaさん、初めまして！あおばと申します。今日はなんのお話をしましょうか"
        },
        {
            "speaker":"U",
            "time":"18.10.2020 12:46:29",
            "turn-index":1,
            "utterance":"ビットコインの話でもしましょう！ビットコイン買っていますか？"
        },
        {
            "speaker":"S",
            "time":"18.10.2020 12:46:30",
            "turn-index":2,
            "utterance":"ビットコインは買っていませんが、ネットサーフィンは好きですね"
        },
        {
            "speaker":"U",
            "time":"18.10.2020 12:46:52",
            "turn-index":3,
            "utterance":"面白いですね。ビットコインはなぜ買わないのですか？"
        },
        {
            "speaker":"S",
            "time":"18.10.2020 12:46:54",
            "turn-index":4,
            "utterance":"ネットサーフィンが好きなので、ネットで調べます。satohさんは?"
        },
        {
            "speaker":"U",
            "time":"18.10.2020 12:47:23",
            "turn-index":5,
            "utterance":"ビットコイン持っていますよ。値上がりするかもしれないので買いませんか？"
        },
        {
            "speaker":"S",
            "time":"18.10.2020 12:47:24",
            "turn-index":6,
            "utterance":"買うのはネットサーフィンがいいですね"
        },
        {
            "speaker":"U",
            "time":"18.10.2020 12:47:56",
            "turn-index":7,
            "utterance":"ネットサーフィンは買えないですよ（笑）。ビットコイン今なら100万円くらいで買えますよ。どうです？"
        },
        {
            "speaker":"S",
            "time":"18.10.2020 12:47:58",
            "turn-index":8,
            "utterance":"ネットサーフィンは好きですか?私は好きじゃないです"
        },
        {
            "speaker":"U",
            "time":"18.10.2020 12:48:58",
            "turn-index":9,
            "utterance":"ネットサーフィン好きじゃないの？ビットコインはどうです？"
        },
        {
            "speaker":"S",
            "time":"18.10.2020 12:49:00",
            "turn-index":10,
            "utterance":"お金の管理がめんどくさいです"
        },
        {
            "speaker":"U",
            "time":"18.10.2020 12:50:00",
            "turn-index":11,
            "utterance":"話題を変えましょう。コンビニエンスストアは良くいきますか？"
        },
        {
            "speaker":"S",
            "time":"18.10.2020 12:50:01",
            "turn-index":12,
            "utterance":"エンスストアは好きですね"
        },
        {
            "speaker":"U",
            "time":"18.10.2020 12:50:28",
            "turn-index":13,
            "utterance":"エンスストアって略すのカッコいいですね。良く何を買いますか？"
        },
        {
            "speaker":"S",
            "time":"18.10.2020 12:50:29",
            "turn-index":14,
            "utterance":"商品名を略すことが多いです"
        },
        {
            "speaker":"U",
            "time":"18.10.2020 12:50:52",
            "turn-index":15,
            "utterance":"なるほど、コンビニエンスストアのおにぎりはなんと略しますか？"
        },
        {
            "speaker":"S",
            "time":"18.10.2020 12:50:54",
            "turn-index":16,
            "utterance":"セブンイレブンのからあげクンですね"
        },
        {
            "speaker":"U",
            "time":"18.10.2020 12:51:18",
            "turn-index":17,
            "utterance":"からあげくんはローソンではないですか？"
        },
        {
            "speaker":"S",
            "time":"18.10.2020 12:51:19",
            "turn-index":18,
            "utterance":"今はローソンのからあげクンが好きです"
        },
        {
            "speaker":"U",
            "time":"18.10.2020 12:51:47",
            "turn-index":19,
            "utterance":"たしかにコンビニエンスストアのから揚げの中では美味しいですね。他に好きなものはありますか？"
        },
        {
            "speaker":"S",
            "time":"18.10.2020 12:51:49",
            "turn-index":20,
            "utterance":"コンビニエンスストアでからあげクンを買うのは初めてなので楽しみなんです"
        },
        {
            "speaker":"U",
            "time":"18.10.2020 12:52:08",
            "turn-index":21,
            "utterance":"食べたことなかったんですね。たくさん味があるの知っていますか？"
        },
        {
            "speaker":"S",
            "time":"18.10.2020 12:52:10",
            "turn-index":22,
            "utterance":"たくさん味があるのを知るのは好きですね"
        },
        {
            "speaker":"U",
            "time":"18.10.2020 12:52:44",
            "turn-index":23,
            "utterance":"チーズ味とかありますよ。いくらか知っていますか？"
        },
        {
            "speaker":"S",
            "time":"18.10.2020 12:52:46",
            "turn-index":24,
            "utterance":"チーズ味は好きですねいくらは食べたことがありませんね"
        },
        {
            "speaker":"U",
            "time":"18.10.2020 12:53:14",
            "turn-index":25,
            "utterance":"料金はいくらくらいか知っていますか？"
        },
        {
            "speaker":"S",
            "time":"18.10.2020 12:53:16",
            "turn-index":26,
            "utterance":"だいたい100円から200円位ですね"
        },
        {
            "speaker":"U",
            "time":"18.10.2020 12:53:37",
            "turn-index":27,
            "utterance":"良く知っていますね。ほかにもコンビニエンスストアで好きなものはありますか？"
        },
        {
            "speaker":"S",
            "time":"18.10.2020 12:53:39",
            "turn-index":28,
            "utterance":"LAWSONのからあげくんが好きですねって、気づいたらもうこんな時間！satohさんとお話しできて楽しかったです！"
        },
        {
            "speaker":"U",
            "time":"18.10.2020 12:53:50",
            "turn-index":29,
            "utterance":"こちらこそ楽しかったです。"
        },
        {
            "speaker":"S",
            "time":"18.10.2020 12:53:51",
            "turn-index":30,
            "utterance":"ありがとうございました！"
        }
    ]
}