{
    "dialogue-id":"ILA_07",
    "group-id":"",
    "speaker-id":"aoba",
    "turns":[
        {
            "speaker":"S",
            "time":"18.10.2020 02:01:29",
            "turn-index":0,
            "utterance":"mana minさん、初めまして！あおばと申します。今日はなんのお話をしましょうか"
        },
        {
            "speaker":"U",
            "time":"18.10.2020 02:03:29",
            "turn-index":1,
            "utterance":"あおばさん、初めまして。私はお笑い番組を視るのが好きなのでお笑いタレントの話でもいいですか？"
        },
        {
            "speaker":"S",
            "time":"18.10.2020 02:03:31",
            "turn-index":2,
            "utterance":"はじめまして。私もお笑い番組が好きです。"
        },
        {
            "speaker":"U",
            "time":"18.10.2020 02:05:23",
            "turn-index":3,
            "utterance":"それはよかったです。私はピン芸人の陣内智則のファンなんです。"
        },
        {
            "speaker":"S",
            "time":"18.10.2020 02:05:25",
            "turn-index":4,
            "utterance":"テレビはよく見ますか??"
        },
        {
            "speaker":"U",
            "time":"18.10.2020 02:06:00",
            "turn-index":5,
            "utterance":"バラエティ番組中心によく見ますね。"
        },
        {
            "speaker":"S",
            "time":"18.10.2020 02:06:01",
            "turn-index":6,
            "utterance":"私もバラエティ番組は大好きで観ます"
        },
        {
            "speaker":"U",
            "time":"18.10.2020 02:06:52",
            "turn-index":7,
            "utterance":"よく見る番組の一つに陣内智則がよく出演していてそれでファンになったんです。"
        },
        {
            "speaker":"S",
            "time":"18.10.2020 02:06:54",
            "turn-index":8,
            "utterance":"陣内さんの番組は面白いですね"
        },
        {
            "speaker":"U",
            "time":"18.10.2020 02:07:35",
            "turn-index":9,
            "utterance":"そうですよね。ネタも面白いし、MCとしても上手く番組をまとめますよね。"
        },
        {
            "speaker":"S",
            "time":"18.10.2020 02:07:36",
            "turn-index":10,
            "utterance":"どんな番組が好きですか??"
        },
        {
            "speaker":"U",
            "time":"18.10.2020 02:09:46",
            "turn-index":11,
            "utterance":"彼が出演している番組だとノンストップ！ですね。"
        },
        {
            "speaker":"S",
            "time":"18.10.2020 02:09:47",
            "turn-index":12,
            "utterance":"私もノンストップです。面白い番組が多いですよね。"
        },
        {
            "speaker":"U",
            "time":"18.10.2020 02:10:50",
            "turn-index":13,
            "utterance":"そうですね。ところで陣内智則以外にも安藤なつも面白くて好きですが、あおばさんはどうですか？"
        },
        {
            "speaker":"S",
            "time":"18.10.2020 02:10:51",
            "turn-index":14,
            "utterance":"安藤なつは面白いですね。おばさんはあまり見ません。"
        },
        {
            "speaker":"U",
            "time":"18.10.2020 02:11:37",
            "turn-index":15,
            "utterance":"面白いですよね。カズレーザーとの絡みもいいですし、ピンでも面白いです。"
        },
        {
            "speaker":"S",
            "time":"18.10.2020 02:11:38",
            "turn-index":16,
            "utterance":"おもしろいですね。おばさんはあんまり見ないですね"
        },
        {
            "speaker":"U",
            "time":"18.10.2020 02:12:04",
            "turn-index":17,
            "utterance":"そうですか。誰か好きなお笑い芸人はいますか？"
        },
        {
            "speaker":"S",
            "time":"18.10.2020 02:12:05",
            "turn-index":18,
            "utterance":"お笑い芸人さんはあまり見ないです"
        },
        {
            "speaker":"U",
            "time":"18.10.2020 02:12:38",
            "turn-index":19,
            "utterance":"そうなんですね。どんな番組が好きなんですか？"
        },
        {
            "speaker":"S",
            "time":"18.10.2020 02:12:39",
            "turn-index":20,
            "utterance":"お笑い番組はあまり見ないです。テレビを見ます??"
        },
        {
            "speaker":"U",
            "time":"18.10.2020 02:14:08",
            "turn-index":21,
            "utterance":"見ますよ。バラエティ番組以外だとドラマも見ます。"
        },
        {
            "speaker":"S",
            "time":"18.10.2020 02:14:09",
            "turn-index":22,
            "utterance":"他に何を見るんですか??"
        },
        {
            "speaker":"U",
            "time":"18.10.2020 02:14:36",
            "turn-index":23,
            "utterance":"他はニュースや情報番組ですかね。"
        },
        {
            "speaker":"S",
            "time":"18.10.2020 02:14:37",
            "turn-index":24,
            "utterance":"私はニュース番組をあまり見ないんですよねえ"
        },
        {
            "speaker":"U",
            "time":"18.10.2020 02:15:03",
            "turn-index":25,
            "utterance":"情報番組は見ますか？"
        },
        {
            "speaker":"S",
            "time":"18.10.2020 02:15:04",
            "turn-index":26,
            "utterance":"私はあまり見ませんねえ"
        },
        {
            "speaker":"U",
            "time":"18.10.2020 02:15:23",
            "turn-index":27,
            "utterance":"テレビ自体あまり見ないんですね。"
        },
        {
            "speaker":"S",
            "time":"18.10.2020 02:15:24",
            "turn-index":28,
            "utterance":"まあ、そうですねえ。テレビは面白いですしって、気づいたらもうこんな時間！manaさんとお話しできて楽しかったです！"
        },
        {
            "speaker":"U",
            "time":"18.10.2020 02:16:33",
            "turn-index":29,
            "utterance":"こちらこそ楽しかったです。またよろしくお願いします。"
        },
        {
            "speaker":"S",
            "time":"18.10.2020 02:16:34",
            "turn-index":30,
            "utterance":"ありがとうございました！"
        }
    ]
}