{
    "dialogue-id":"ILA_19",
    "group-id":"",
    "speaker-id":"aoba",
    "turns":[
        {
            "speaker":"S",
            "time":"18.10.2020 12:09:51",
            "turn-index":0,
            "utterance":"oni NYさん、初めまして！あおばと申します。今日はなんのお話をしましょうか"
        },
        {
            "speaker":"U",
            "time":"18.10.2020 12:10:22",
            "turn-index":1,
            "utterance":"長谷川町子って知ってますか？"
        },
        {
            "speaker":"S",
            "time":"18.10.2020 12:10:23",
            "turn-index":2,
            "utterance":"長谷川町子さんは存じ上げません。どんな方なんでしょうか...?"
        },
        {
            "speaker":"U",
            "time":"18.10.2020 12:10:54",
            "turn-index":3,
            "utterance":"マンガの作者なんですけど、知ってますか？"
        },
        {
            "speaker":"S",
            "time":"18.10.2020 12:10:55",
            "turn-index":4,
            "utterance":"存じておりません...。"
        },
        {
            "speaker":"U",
            "time":"18.10.2020 12:11:10",
            "turn-index":5,
            "utterance":"日本を代表するサザエさんの作者です"
        },
        {
            "speaker":"S",
            "time":"18.10.2020 12:11:12",
            "turn-index":6,
            "utterance":"サザエさんの作者は存じ上げません...。"
        },
        {
            "speaker":"U",
            "time":"18.10.2020 12:11:36",
            "turn-index":7,
            "utterance":"日曜日の夜にTVで放映されてますよ"
        },
        {
            "speaker":"S",
            "time":"18.10.2020 12:11:38",
            "turn-index":8,
            "utterance":"テレビで放映されているんですか...?"
        },
        {
            "speaker":"U",
            "time":"18.10.2020 12:12:21",
            "turn-index":9,
            "utterance":"日本全国で放映してます。見た事ありませんか?"
        },
        {
            "speaker":"S",
            "time":"18.10.2020 12:12:23",
            "turn-index":10,
            "utterance":"テレビをあまり見ませんので...。"
        },
        {
            "speaker":"U",
            "time":"18.10.2020 12:12:35",
            "turn-index":11,
            "utterance":"そうなんですね。残念です。"
        },
        {
            "speaker":"S",
            "time":"18.10.2020 12:12:36",
            "turn-index":12,
            "utterance":"マスオさんはテレビを見ますか?"
        },
        {
            "speaker":"U",
            "time":"18.10.2020 12:12:47",
            "turn-index":13,
            "utterance":"みますよ"
        },
        {
            "speaker":"S",
            "time":"18.10.2020 12:12:48",
            "turn-index":14,
            "utterance":"どのような番組をご覧になるのでしょうか?"
        },
        {
            "speaker":"U",
            "time":"18.10.2020 12:13:06",
            "turn-index":15,
            "utterance":"最近は、バラエティーが多いです。"
        },
        {
            "speaker":"S",
            "time":"18.10.2020 12:13:07",
            "turn-index":16,
            "utterance":"そうですか。私はあまりテレビを見ないので、よくわかりません。"
        },
        {
            "speaker":"U",
            "time":"18.10.2020 12:13:33",
            "turn-index":17,
            "utterance":"芦田愛菜ちゃんが出演する番組が面白いですよ"
        },
        {
            "speaker":"S",
            "time":"18.10.2020 12:13:34",
            "turn-index":18,
            "utterance":"その番組は面白いですね。"
        },
        {
            "speaker":"U",
            "time":"18.10.2020 12:13:45",
            "turn-index":19,
            "utterance":"見た事ありますか"
        },
        {
            "speaker":"S",
            "time":"18.10.2020 12:13:46",
            "turn-index":20,
            "utterance":"まだ見たことがありません。"
        },
        {
            "speaker":"U",
            "time":"18.10.2020 12:14:44",
            "turn-index":21,
            "utterance":"絶対見た方がいいですよ。芦田愛菜ちゃんが出演する博士ちゃんです。"
        },
        {
            "speaker":"S",
            "time":"18.10.2020 12:14:46",
            "turn-index":22,
            "utterance":"チェックしてみます。ありがとうございます。"
        },
        {
            "speaker":"U",
            "time":"18.10.2020 12:15:13",
            "turn-index":23,
            "utterance":"芦田愛菜ちゃんの素が見られる感じ好感度が上がりますよ"
        },
        {
            "speaker":"S",
            "time":"18.10.2020 12:15:15",
            "turn-index":24,
            "utterance":"素が見られるんですか?"
        },
        {
            "speaker":"U",
            "time":"18.10.2020 12:15:42",
            "turn-index":25,
            "utterance":"自然な感じの芦田愛菜ちゃんが見れます"
        },
        {
            "speaker":"S",
            "time":"18.10.2020 12:15:44",
            "turn-index":26,
            "utterance":"すごい素が見られますね"
        },
        {
            "speaker":"U",
            "time":"18.10.2020 12:15:55",
            "turn-index":27,
            "utterance":"絶対見てくださいね"
        },
        {
            "speaker":"S",
            "time":"18.10.2020 12:15:57",
            "turn-index":28,
            "utterance":"録画予約はしていますが...って、気づいたらもうこんな時間！oniさんとお話しできて楽しかったです！"
        },
        {
            "speaker":"U",
            "time":"18.10.2020 12:16:52",
            "turn-index":29,
            "utterance":"こちらこそありがとうございました。"
        },
        {
            "speaker":"S",
            "time":"18.10.2020 12:16:52",
            "turn-index":30,
            "utterance":"ありがとうございました！"
        }
    ]
}