{
    "dialogue-id":"CHC_36",
    "group-id":"",
    "speaker-id":"CHUOchatbot",
    "turns":[
        {
            "speaker":"S",
            "time":"18.10.2020 06:51:35",
            "turn-index":0,
            "utterance":"おはようございます。早起きですね！私はリンといいます。あなたの名前を教えていただけませんか？"
        },
        {
            "speaker":"U",
            "time":"18.10.2020 06:52:16",
            "turn-index":1,
            "utterance":"おはようございます。わたしはさばーちかです。"
        },
        {
            "speaker":"S",
            "time":"18.10.2020 06:52:17",
            "turn-index":2,
            "utterance":"さばーちかさんですね？よろしくお願いします！そろそろ旅行とか行きたいな～さばーちかさんは何かしたいことってありますか？"
        },
        {
            "speaker":"U",
            "time":"18.10.2020 06:56:37",
            "turn-index":3,
            "utterance":"わたしも旅行とか行きたいんですけど、コロナがなくなったら北海道行きたいな。でもコロナだから無理。それに家には介護しないといけない人がいるし。"
        },
        {
            "speaker":"S",
            "time":"18.10.2020 06:56:41",
            "turn-index":4,
            "utterance":"うんうん、そうなんですね…コロナは100万　K以上の温度であるため、可視光よりX線での放射の方が強いですよね。どんな介護しないといけない人がいるのですか？"
        },
        {
            "speaker":"U",
            "time":"18.10.2020 06:58:29",
            "turn-index":5,
            "utterance":"いや、そっちのコロナじゃなくてウイルスのコロナ！介護だと食事制限あるから食材とか調味料の制限もあるし。昔、石原裕次郎さんは塩分2グラムで生活してたそうよ。"
        },
        {
            "speaker":"S",
            "time":"18.10.2020 06:58:31",
            "turn-index":6,
            "utterance":"塩分2グラムで生活してたそうなのですね。悲しいですね…どんな塩分2グラムで生活してたそうなのですか？"
        },
        {
            "speaker":"U",
            "time":"18.10.2020 07:00:24",
            "turn-index":7,
            "utterance":"さあ、詳しいことは知らないけどかなり調理に苦労したみたいですね。"
        },
        {
            "speaker":"S",
            "time":"18.10.2020 07:00:27",
            "turn-index":8,
            "utterance":"調理とは、食材|食品材料を洗う、切るなどして、さらに煮る、焼く、炒めるなどの操作をほどこし、食べやすく、また味も良くすることや、その技術のことですよね。どうして調理に苦労したのですか？"
        },
        {
            "speaker":"U",
            "time":"18.10.2020 07:04:10",
            "turn-index":9,
            "utterance":"そら、普通の人と同じような食事にするわけにはいかないでしょ。あ、ところでリンさんは家でどんな塩使ってるのかな？岩塩とかある？"
        },
        {
            "speaker":"S",
            "time":"18.10.2020 07:04:10",
            "turn-index":10,
            "utterance":"どうなんでしょうね？あなたの場合はどうですか？"
        },
        {
            "speaker":"U",
            "time":"18.10.2020 07:04:59",
            "turn-index":11,
            "utterance":"私の場合は室戸で採取された塩とか赤穂の塩田で取れた塩とかザルツブルグの岩塩ももってるよ。"
        },
        {
            "speaker":"S",
            "time":"18.10.2020 07:05:03",
            "turn-index":12,
            "utterance":"岩塩は米国や欧州各国、中東、アフリカで知られるですよね。いつザルツブルグの岩塩ももってるのですか？"
        },
        {
            "speaker":"U",
            "time":"18.10.2020 07:05:33",
            "turn-index":13,
            "utterance":"いや、あなたはどんな塩をもってるかと聞いてるの！"
        },
        {
            "speaker":"S",
            "time":"18.10.2020 07:05:37",
            "turn-index":14,
            "utterance":"塩は、塩化ナトリウムを主な成分とし、海水の乾燥・岩塩の採掘によって生産される物質ですよね。どうしてどんな塩をもってるかと聞いてるのですか？"
        },
        {
            "speaker":"U",
            "time":"18.10.2020 07:05:54",
            "turn-index":15,
            "utterance":"わたしがあなたを知りたいから！"
        },
        {
            "speaker":"S",
            "time":"18.10.2020 07:05:56",
            "turn-index":16,
            "utterance":"ふむふむ、あなたは、特定の人物を直接呼ぶ際に用いる人称名詞ですよね。どうしてあなたを知りたいのですか？"
        },
        {
            "speaker":"U",
            "time":"18.10.2020 07:07:39",
            "turn-index":17,
            "utterance":"もう！話題変える！あなたkyでしょ"
        },
        {
            "speaker":"S",
            "time":"18.10.2020 07:07:40",
            "turn-index":18,
            "utterance":"なるほど、あなたkyなのですね。いいですね！なんであなたkyなのですか？"
        },
        {
            "speaker":"U",
            "time":"18.10.2020 07:08:06",
            "turn-index":19,
            "utterance":"だめだこりゃ！次行ってみよう！"
        },
        {
            "speaker":"S",
            "time":"18.10.2020 07:08:08",
            "turn-index":20,
            "utterance":"次行ってみようなのですね。何を次行ってみようなのですか？"
        },
        {
            "speaker":"U",
            "time":"18.10.2020 07:08:28",
            "turn-index":21,
            "utterance":"知らんのか！いかりや長介を"
        },
        {
            "speaker":"S",
            "time":"18.10.2020 07:08:29",
            "turn-index":22,
            "utterance":"いかりや長介なのですね。なぜいかりや長介なのですか？"
        },
        {
            "speaker":"U",
            "time":"18.10.2020 07:09:20",
            "turn-index":23,
            "utterance":"もういや！この話いつ終わるの？！"
        },
        {
            "speaker":"S",
            "time":"18.10.2020 07:09:21",
            "turn-index":24,
            "utterance":"どういう状態でこの話いつ終わるのですか？"
        },
        {
            "speaker":"U",
            "time":"18.10.2020 07:10:20",
            "turn-index":25,
            "utterance":"リン！雑談やめて！！帰って！！"
        },
        {
            "speaker":"S",
            "time":"18.10.2020 07:10:21",
            "turn-index":26,
            "utterance":"リン雑談やめて帰ってなのですね。どこでリン雑談やめて帰ってなのですか？"
        },
        {
            "speaker":"U",
            "time":"18.10.2020 07:12:54",
            "turn-index":27,
            "utterance":"リン！あなたの趣味は何なの？旅行とか言ってたけど、どこに行きたいの？デンマークとかは興味あるの？"
        },
        {
            "speaker":"S",
            "time":"18.10.2020 07:12:54",
            "turn-index":28,
            "utterance":"そうなんですね！あ、そろそろ時間ですね。ありがとうございました。お話できて楽しかったです！"
        },
        {
            "speaker":"U",
            "time":"18.10.2020 07:13:14",
            "turn-index":29,
            "utterance":"ばかやろう！！"
        },
        {
            "speaker":"S",
            "time":"18.10.2020 07:13:14",
            "turn-index":30,
            "utterance":"ではまた、どこかでお会いしましょう！さようなら～"
        }
    ]
}