{
    "dialogue-id":"CHC_29",
    "group-id":"",
    "speaker-id":"CHUOchatbot",
    "turns":[
        {
            "speaker":"S",
            "time":"18.10.2020 11:52:38",
            "turn-index":0,
            "utterance":"こんにちは！そろそろお昼の時間ですね。私はリンといいます。あなたの名前を教えていただけませんか？"
        },
        {
            "speaker":"U",
            "time":"18.10.2020 11:53:22",
            "turn-index":1,
            "utterance":"こんにちは！kuroro553です。今日は羽生善治の話をしませんか？"
        },
        {
            "speaker":"S",
            "time":"18.10.2020 11:53:25",
            "turn-index":2,
            "utterance":"553さんですね？よろしくお願いします！そろそろ旅行とか行きたいな～553さんは何かしたいことってありますか？"
        },
        {
            "speaker":"U",
            "time":"18.10.2020 11:53:51",
            "turn-index":3,
            "utterance":"旅行に行きたいですね。私は将棋が好きなのですが、羽生善治は知っていますか？"
        },
        {
            "speaker":"S",
            "time":"18.10.2020 11:53:52",
            "turn-index":4,
            "utterance":"分からないです…他に何かしたいことはありませんか？"
        },
        {
            "speaker":"U",
            "time":"18.10.2020 11:54:26",
            "turn-index":5,
            "utterance":"そうなんですね。将棋が強い人です。他には読書もしてみたいです。"
        },
        {
            "speaker":"S",
            "time":"18.10.2020 11:54:30",
            "turn-index":6,
            "utterance":"へぇ～読書もしてなのですね。どんな読書もしてなのですか？"
        },
        {
            "speaker":"U",
            "time":"18.10.2020 11:54:55",
            "turn-index":7,
            "utterance":"ミステリーをよく読みます。将棋が好きです。"
        },
        {
            "speaker":"S",
            "time":"18.10.2020 11:54:56",
            "turn-index":8,
            "utterance":"へぇ～よく読みます将棋が好きなんですね。そうなんですね！"
        },
        {
            "speaker":"U",
            "time":"18.10.2020 11:55:17",
            "turn-index":9,
            "utterance":"羽生善治は憧れの存在です。"
        },
        {
            "speaker":"S",
            "time":"18.10.2020 11:55:18",
            "turn-index":10,
            "utterance":"ふむふむ、憧れの存在なのですね。いいですね！"
        },
        {
            "speaker":"U",
            "time":"18.10.2020 11:55:39",
            "turn-index":11,
            "utterance":"10年前くらいからずっと好きです"
        },
        {
            "speaker":"S",
            "time":"18.10.2020 11:55:40",
            "turn-index":12,
            "utterance":"なるほど、ずっと好きなんですね。いいですね！何をずっと好きですか？"
        },
        {
            "speaker":"U",
            "time":"18.10.2020 11:55:48",
            "turn-index":13,
            "utterance":"羽生善治です"
        },
        {
            "speaker":"S",
            "time":"18.10.2020 11:55:48",
            "turn-index":14,
            "utterance":"なんで羽生善治なのですか？"
        },
        {
            "speaker":"U",
            "time":"18.10.2020 11:56:03",
            "turn-index":15,
            "utterance":"強いからです"
        },
        {
            "speaker":"S",
            "time":"18.10.2020 11:56:04",
            "turn-index":16,
            "utterance":"どこの中で強いのですか？"
        },
        {
            "speaker":"U",
            "time":"18.10.2020 11:56:11",
            "turn-index":17,
            "utterance":"将棋界です"
        },
        {
            "speaker":"S",
            "time":"18.10.2020 11:56:12",
            "turn-index":18,
            "utterance":"ふむふむ、どうして将棋界なのですか？"
        },
        {
            "speaker":"U",
            "time":"18.10.2020 11:56:51",
            "turn-index":19,
            "utterance":"将棋をずっとやっているからです。ところで、三谷幸喜は知っていますか？"
        },
        {
            "speaker":"S",
            "time":"18.10.2020 11:56:52",
            "turn-index":20,
            "utterance":"どうなんでしょう…他に何かしたいことはありませんか？"
        },
        {
            "speaker":"U",
            "time":"18.10.2020 11:57:02",
            "turn-index":21,
            "utterance":"三谷幸喜は脚本家です。"
        },
        {
            "speaker":"S",
            "time":"18.10.2020 11:57:03",
            "turn-index":22,
            "utterance":"脚本家なのですね。"
        },
        {
            "speaker":"U",
            "time":"18.10.2020 11:57:13",
            "turn-index":23,
            "utterance":"そうです。喜劇作家です。"
        },
        {
            "speaker":"S",
            "time":"18.10.2020 11:57:15",
            "turn-index":24,
            "utterance":"なるほど、喜劇作家なのですね。どうして喜劇作家なのですか？"
        },
        {
            "speaker":"U",
            "time":"18.10.2020 11:58:05",
            "turn-index":25,
            "utterance":"本人が喜劇等が好きだからではないでしょうか？"
        },
        {
            "speaker":"S",
            "time":"18.10.2020 11:58:07",
            "turn-index":26,
            "utterance":"どうなんでしょうね？あなたの場合はどうですか？"
        },
        {
            "speaker":"U",
            "time":"18.10.2020 11:58:15",
            "turn-index":27,
            "utterance":"私は喜劇好きです"
        },
        {
            "speaker":"S",
            "time":"18.10.2020 11:58:16",
            "turn-index":28,
            "utterance":"そうなんですね！あ、そろそろ時間ですね。ありがとうございました。お話できて楽しかったです！"
        },
        {
            "speaker":"U",
            "time":"18.10.2020 11:58:28",
            "turn-index":29,
            "utterance":"こちらこそ、楽しかったです！"
        },
        {
            "speaker":"S",
            "time":"18.10.2020 11:58:28",
            "turn-index":30,
            "utterance":"ではまた、どこかでお会いしましょう！さようなら～"
        }
    ]
}