{
    "dialogue-id":"CHC_16",
    "group-id":"",
    "speaker-id":"CHUOchatbot",
    "turns":[
        {
            "speaker":"S",
            "time":"18.10.2020 12:40:16",
            "turn-index":0,
            "utterance":"こんにちは！そろそろお昼の時間ですね。私はリンといいます。あなたの名前を教えていただけませんか？"
        },
        {
            "speaker":"U",
            "time":"18.10.2020 12:40:47",
            "turn-index":1,
            "utterance":"こんにちは！私の名前はCHOCOです。よろしくお願いします！"
        },
        {
            "speaker":"S",
            "time":"18.10.2020 12:40:47",
            "turn-index":2,
            "utterance":"CHOCOさんですね？よろしくお願いします！そろそろ旅行とか行きたいな～CHOCOさんは何かしたいことってありますか？"
        },
        {
            "speaker":"U",
            "time":"18.10.2020 12:41:13",
            "turn-index":3,
            "utterance":"実は私も旅行が好きなんです。海外旅行に行きたいな～。"
        },
        {
            "speaker":"S",
            "time":"18.10.2020 12:41:15",
            "turn-index":4,
            "utterance":"なるほど、いいですね！旅行とは、見物・保養・調査などのため、居所を離れてよその土地へ行くことですよね。どうやって海外旅行に行きたいのですか？"
        },
        {
            "speaker":"U",
            "time":"18.10.2020 12:42:24",
            "turn-index":5,
            "utterance":"飛行機でギリシャに行きたいな。ギリシャではクルーズ船に乗りたいんです。"
        },
        {
            "speaker":"S",
            "time":"18.10.2020 12:42:26",
            "turn-index":6,
            "utterance":"ふむふむ、クルーズ船に乗りたいのですね。いいですね！どうしてクルーズ船に乗りたいのですか？"
        },
        {
            "speaker":"U",
            "time":"18.10.2020 12:43:07",
            "turn-index":7,
            "utterance":"ギリシャで地中海クルーズをするのが夢なんですよ～。美しい海や風景を眺めたい。"
        },
        {
            "speaker":"S",
            "time":"18.10.2020 12:43:12",
            "turn-index":8,
            "utterance":"なるほど、確かに！風景は、目に見える様子、景色のことですよね。どうして海や風景を眺めたいのですか？"
        },
        {
            "speaker":"U",
            "time":"18.10.2020 12:43:30",
            "turn-index":9,
            "utterance":"日常を離れてリラックスしたいからかなぁ。"
        },
        {
            "speaker":"S",
            "time":"18.10.2020 12:43:31",
            "turn-index":10,
            "utterance":"へぇ～日常を離れてリラックスしたいのですね。何よりですね。どこに日常を離れてリラックスしたいのですか？"
        },
        {
            "speaker":"U",
            "time":"18.10.2020 12:44:09",
            "turn-index":11,
            "utterance":"やっぱり海とか、リゾート地とかですね。"
        },
        {
            "speaker":"S",
            "time":"18.10.2020 12:44:10",
            "turn-index":12,
            "utterance":"なるほど、リゾート地なのですね。そうなんですね！なんでリゾート地なのですか？"
        },
        {
            "speaker":"U",
            "time":"18.10.2020 12:45:17",
            "turn-index":13,
            "utterance":"子供の頃から都会で暮らしてるので、憧れがあります。あとはメキシコの遺跡なんかも興味あります。メキシコに行ったことありますか？"
        },
        {
            "speaker":"S",
            "time":"18.10.2020 12:45:19",
            "turn-index":14,
            "utterance":"うーん、あなたの場合はどうですか？"
        },
        {
            "speaker":"U",
            "time":"18.10.2020 12:45:29",
            "turn-index":15,
            "utterance":"私はまだメキシコは行ったことないです。"
        },
        {
            "speaker":"S",
            "time":"18.10.2020 12:45:32",
            "turn-index":16,
            "utterance":"へぇ～私は、仕事場などの社会的集団の中における人間の属性と対比して、一個人としての属性を示すときに用いられる言葉ですよね。いつメキシコは行ったことないのですか？"
        },
        {
            "speaker":"U",
            "time":"18.10.2020 12:46:51",
            "turn-index":17,
            "utterance":"まだ行ったことないので…。コロナが収束したらメキシコ旅行行きたいです。"
        },
        {
            "speaker":"S",
            "time":"18.10.2020 12:46:52",
            "turn-index":18,
            "utterance":"ふむふむ、メキシコ旅行行きたいのですね。いいですね！どこにメキシコ旅行行きたいのですか？"
        },
        {
            "speaker":"U",
            "time":"18.10.2020 12:48:15",
            "turn-index":19,
            "utterance":"テオティワカン遺跡やチチェン・イッツァ遺跡を見てみたいんです。"
        },
        {
            "speaker":"S",
            "time":"18.10.2020 12:48:17",
            "turn-index":20,
            "utterance":"ふむふむ、チチェン・イッツァ遺跡を見てみたいのですね。どうしてチチェン・イッツァ遺跡を見てみたいのですか？"
        },
        {
            "speaker":"U",
            "time":"18.10.2020 12:49:15",
            "turn-index":21,
            "utterance":"マヤ文明に興味があるので、テレビや本で見た遺跡をこの目で見たいんですよね。"
        },
        {
            "speaker":"S",
            "time":"18.10.2020 12:49:16",
            "turn-index":22,
            "utterance":"うんうん、やったね！何をこの目で見たいのですか？"
        },
        {
            "speaker":"U",
            "time":"18.10.2020 12:49:49",
            "turn-index":23,
            "utterance":"古代文明の遺跡をこの目で見たいんです！"
        },
        {
            "speaker":"S",
            "time":"18.10.2020 12:49:50",
            "turn-index":24,
            "utterance":"この目で見たいのですね。"
        },
        {
            "speaker":"U",
            "time":"18.10.2020 12:49:54",
            "turn-index":25,
            "utterance":"そうなんですよ。"
        },
        {
            "speaker":"S",
            "time":"18.10.2020 12:49:55",
            "turn-index":26,
            "utterance":"ふむふむ"
        },
        {
            "speaker":"U",
            "time":"18.10.2020 12:50:23",
            "turn-index":27,
            "utterance":"だから早くコロナが収束して、海外旅行に行けるといいな。"
        },
        {
            "speaker":"S",
            "time":"18.10.2020 12:50:27",
            "turn-index":28,
            "utterance":"そうなんですね！あ、そろそろ時間ですね。ありがとうございました。お話できて楽しかったです！"
        },
        {
            "speaker":"U",
            "time":"18.10.2020 12:50:45",
            "turn-index":29,
            "utterance":"こちらこそ、楽しかったです！どうもありがとうございました！"
        },
        {
            "speaker":"S",
            "time":"18.10.2020 12:50:46",
            "turn-index":30,
            "utterance":"ではまた、どこかでお会いしましょう！さようなら～"
        }
    ]
}