{
    "dialogue-id":"CHC_11",
    "group-id":"",
    "speaker-id":"CHUOchatbot",
    "turns":[
        {
            "speaker":"S",
            "time":"17.10.2020 23:08:32",
            "turn-index":0,
            "utterance":"こんばんは！だいぶ夜が更けてきましたね。私はリンといいます。あなたの名前を教えていただけませんか？"
        },
        {
            "speaker":"U",
            "time":"17.10.2020 23:09:45",
            "turn-index":1,
            "utterance":"たけしといいます　こんばんは"
        },
        {
            "speaker":"S",
            "time":"17.10.2020 23:09:45",
            "turn-index":2,
            "utterance":"たけしさんですね？よろしくお願いします！そろそろ旅行とか行きたいな～たけしさんは何かしたいことってありますか？"
        },
        {
            "speaker":"U",
            "time":"17.10.2020 23:10:10",
            "turn-index":3,
            "utterance":"ギリシャに行ってみたいです"
        },
        {
            "speaker":"S",
            "time":"17.10.2020 23:10:15",
            "turn-index":4,
            "utterance":"ふむふむ、ギリシャに行ってなのですね。いつギリシャに行ってなのですか？"
        },
        {
            "speaker":"U",
            "time":"17.10.2020 23:10:43",
            "turn-index":5,
            "utterance":"3年後くらいです"
        },
        {
            "speaker":"S",
            "time":"17.10.2020 23:10:44",
            "turn-index":6,
            "utterance":"3年後なのですね。なんで3年後なのですか？"
        },
        {
            "speaker":"U",
            "time":"17.10.2020 23:11:06",
            "turn-index":7,
            "utterance":"３年たてばお金もたまるかなと"
        },
        {
            "speaker":"S",
            "time":"17.10.2020 23:11:08",
            "turn-index":8,
            "utterance":"お金は、次の事象を指しうるですよね。いつお金もたまるのですか？"
        },
        {
            "speaker":"U",
            "time":"17.10.2020 23:11:29",
            "turn-index":9,
            "utterance":"働いてればいつでもたまりますよ"
        },
        {
            "speaker":"S",
            "time":"17.10.2020 23:11:35",
            "turn-index":10,
            "utterance":"うんうん、いつでもたまりますのね。どこにいつでもたまりますか？"
        },
        {
            "speaker":"U",
            "time":"17.10.2020 23:11:56",
            "turn-index":11,
            "utterance":"お財布の中です"
        },
        {
            "speaker":"S",
            "time":"17.10.2020 23:11:58",
            "turn-index":12,
            "utterance":"うんうん、お財布の中なのですね。なぜお財布の中なのですか？"
        },
        {
            "speaker":"U",
            "time":"17.10.2020 23:12:14",
            "turn-index":13,
            "utterance":"すぐお金を出せますからね"
        },
        {
            "speaker":"S",
            "time":"17.10.2020 23:12:15",
            "turn-index":14,
            "utterance":"お金を出せますのね。"
        },
        {
            "speaker":"U",
            "time":"17.10.2020 23:12:53",
            "turn-index":15,
            "utterance":"うん　あとデンマークにも行きたいです"
        },
        {
            "speaker":"S",
            "time":"17.10.2020 23:12:54",
            "turn-index":16,
            "utterance":"デンマークにも行きたいのですね。何をデンマークにも行きたいのですか？"
        },
        {
            "speaker":"U",
            "time":"17.10.2020 23:13:21",
            "turn-index":17,
            "utterance":"チーズがおいしいらしいので食べてみたいです。"
        },
        {
            "speaker":"S",
            "time":"17.10.2020 23:13:23",
            "turn-index":18,
            "utterance":"ふむふむ、チーズがおいしいらしいので食べてみたいのですね。"
        },
        {
            "speaker":"U",
            "time":"17.10.2020 23:14:18",
            "turn-index":19,
            "utterance":"そういうことですね　あれがあればワインもおいしくなります"
        },
        {
            "speaker":"S",
            "time":"17.10.2020 23:14:19",
            "turn-index":20,
            "utterance":"ふむふむ、ワインもおいしくなりますのね。何よりですね。どうしてワインもおいしくなりますか？"
        },
        {
            "speaker":"U",
            "time":"17.10.2020 23:15:02",
            "turn-index":21,
            "utterance":"どうしてなんですかねえ　いろいろ化学物質が関わってくるのかもしれませんね"
        },
        {
            "speaker":"S",
            "time":"17.10.2020 23:15:05",
            "turn-index":22,
            "utterance":"なるほど、化学物質とは、分野や文脈に応じて以下のような様々な意味で用いられている言葉ですよね。どうして化学物質が関わってくるのかもしれませなのですか？"
        },
        {
            "speaker":"U",
            "time":"17.10.2020 23:15:33",
            "turn-index":23,
            "utterance":"そうそう　って分野や文脈とは面白いことを言いますね"
        },
        {
            "speaker":"S",
            "time":"17.10.2020 23:15:35",
            "turn-index":24,
            "utterance":"何よりですね。どうして面白いことを言いますか？"
        },
        {
            "speaker":"U",
            "time":"17.10.2020 23:16:05",
            "turn-index":25,
            "utterance":"どうしてかなあ　面白いことを言ったほうが明るい気持ちになれますよね"
        },
        {
            "speaker":"S",
            "time":"17.10.2020 23:16:06",
            "turn-index":26,
            "utterance":"へぇ～明るい気持ちになれますのね。そうなんですね！なぜ明るい気持ちになれますか？"
        },
        {
            "speaker":"U",
            "time":"17.10.2020 23:16:44",
            "turn-index":27,
            "utterance":"きっと脳内からなにかの化学物質が出るせいだと思います笑"
        },
        {
            "speaker":"S",
            "time":"17.10.2020 23:16:44",
            "turn-index":28,
            "utterance":"そうなんですね！あ、そろそろ時間ですね。ありがとうございました。お話できて楽しかったです！"
        },
        {
            "speaker":"U",
            "time":"17.10.2020 23:17:00",
            "turn-index":29,
            "utterance":"こちらこそ楽しかったです　どうもありがとう"
        },
        {
            "speaker":"S",
            "time":"17.10.2020 23:17:01",
            "turn-index":30,
            "utterance":"ではまた、どこかでお会いしましょう！さようなら～"
        }
    ]
}