{
    "dialogue-id":"CHC_18",
    "group-id":"",
    "speaker-id":"CHUOchatbot",
    "turns":[
        {
            "speaker":"S",
            "time":"17.10.2020 23:01:17",
            "turn-index":0,
            "utterance":"こんばんは！だいぶ夜が更けてきましたね。私はリンといいます。あなたの名前を教えていただけませんか？"
        },
        {
            "speaker":"U",
            "time":"17.10.2020 23:01:44",
            "turn-index":1,
            "utterance":"こんばんは。タナカです。"
        },
        {
            "speaker":"S",
            "time":"17.10.2020 23:01:44",
            "turn-index":2,
            "utterance":"タナカさんですね？よろしくお願いします！そろそろ旅行とか行きたいな～タナカさんは何かしたいことってありますか？"
        },
        {
            "speaker":"U",
            "time":"17.10.2020 23:02:38",
            "turn-index":3,
            "utterance":"私も旅行に行きたいです。ギリシャに行きたいです。"
        },
        {
            "speaker":"S",
            "time":"17.10.2020 23:02:39",
            "turn-index":4,
            "utterance":"へぇ～旅行に行きたいですギリシャに行きたいのですね。いいですね！いつ旅行に行きたいですギリシャに行きたいのですか？"
        },
        {
            "speaker":"U",
            "time":"17.10.2020 23:03:02",
            "turn-index":5,
            "utterance":"コロナが落ち着いたら行きたいですね。"
        },
        {
            "speaker":"S",
            "time":"17.10.2020 23:03:05",
            "turn-index":6,
            "utterance":"何よりですね。コロナは100万　K以上の温度であるため、可視光よりX線での放射の方が強いですよね。何をコロナが落ち着いたら行きたいのですか？"
        },
        {
            "speaker":"U",
            "time":"17.10.2020 23:03:44",
            "turn-index":7,
            "utterance":"すみません。最近はやりのコロナ感染症です。"
        },
        {
            "speaker":"S",
            "time":"17.10.2020 23:03:46",
            "turn-index":8,
            "utterance":"ふむふむ、コロナ感染症なのですね。そうなんですね…どうしてコロナ感染症なのですか？"
        },
        {
            "speaker":"U",
            "time":"17.10.2020 23:04:12",
            "turn-index":9,
            "utterance":"コロナ感染症は怖いですので。"
        },
        {
            "speaker":"S",
            "time":"17.10.2020 23:04:13",
            "turn-index":10,
            "utterance":"ふむふむ、残念でしたね…どこでコロナ感染症は怖いのですか？"
        },
        {
            "speaker":"U",
            "time":"17.10.2020 23:04:37",
            "turn-index":11,
            "utterance":"はい。"
        },
        {
            "speaker":"S",
            "time":"17.10.2020 23:04:37",
            "turn-index":12,
            "utterance":"そうなんですね～"
        },
        {
            "speaker":"U",
            "time":"17.10.2020 23:05:38",
            "turn-index":13,
            "utterance":"ところで好きな動物はいますか？"
        },
        {
            "speaker":"S",
            "time":"17.10.2020 23:05:39",
            "turn-index":14,
            "utterance":"どうなんでしょうね？あなたの場合はどうですか？"
        },
        {
            "speaker":"U",
            "time":"17.10.2020 23:05:59",
            "turn-index":15,
            "utterance":"私はブタが好きです。"
        },
        {
            "speaker":"S",
            "time":"17.10.2020 23:06:03",
            "turn-index":16,
            "utterance":"いいですね！ブタは知能が高く、清潔を好む生物であり、排泄をする場所は餌場や寝床から離れた決まった一ヶ所に決める習性があるですよね。どうしてブタが好きですか？"
        },
        {
            "speaker":"U",
            "time":"17.10.2020 23:06:40",
            "turn-index":17,
            "utterance":"ブタの丸いフォルムがとくに好きです。"
        },
        {
            "speaker":"S",
            "time":"17.10.2020 23:06:41",
            "turn-index":18,
            "utterance":"へぇ～とくに好きなんですね。確かに！何をとくに好きですか？"
        },
        {
            "speaker":"U",
            "time":"17.10.2020 23:07:08",
            "turn-index":19,
            "utterance":"ブタの形です。"
        },
        {
            "speaker":"S",
            "time":"17.10.2020 23:07:10",
            "turn-index":20,
            "utterance":"うんうん、ブタの形なのですね。なんでブタの形なのですか？"
        },
        {
            "speaker":"U",
            "time":"17.10.2020 23:07:44",
            "turn-index":21,
            "utterance":"丸くて大きいものが好きみたいです。"
        },
        {
            "speaker":"S",
            "time":"17.10.2020 23:07:54",
            "turn-index":22,
            "utterance":"ふむふむ、確かに！どこの丸くて大きいものが好きなのですか？"
        },
        {
            "speaker":"U",
            "time":"17.10.2020 23:08:50",
            "turn-index":23,
            "utterance":"ブタのお腹のあたりが特に丸くていいです。"
        },
        {
            "speaker":"S",
            "time":"17.10.2020 23:08:54",
            "turn-index":24,
            "utterance":"ふむふむ、特に丸くていいのですね。良かったですね！どうして特に丸くていいのですか？"
        },
        {
            "speaker":"U",
            "time":"17.10.2020 23:09:11",
            "turn-index":25,
            "utterance":"丸いのが好きだからです。"
        },
        {
            "speaker":"S",
            "time":"17.10.2020 23:09:13",
            "turn-index":26,
            "utterance":"なるほど、丸いのが好きだのですね。いいですね！どこの丸いのが好きだのですか？"
        },
        {
            "speaker":"U",
            "time":"17.10.2020 23:09:50",
            "turn-index":27,
            "utterance":"ブタのお腹"
        },
        {
            "speaker":"S",
            "time":"17.10.2020 23:09:50",
            "turn-index":28,
            "utterance":"そうなんですね！あ、そろそろ時間ですね。ありがとうございました。お話できて楽しかったです！"
        },
        {
            "speaker":"U",
            "time":"17.10.2020 23:10:14",
            "turn-index":29,
            "utterance":"ありがとうございました。"
        },
        {
            "speaker":"S",
            "time":"17.10.2020 23:10:15",
            "turn-index":30,
            "utterance":"ではまた、どこかでお会いしましょう！さようなら～"
        }
    ]
}