{
    "dialogue-id":"CHC_23",
    "group-id":"",
    "speaker-id":"CHUOchatbot",
    "turns":[
        {
            "speaker":"S",
            "time":"17.10.2020 20:00:56",
            "turn-index":0,
            "utterance":"こんばんは！だいぶ夜が更けてきましたね。私はリンといいます。あなたの名前を教えていただけませんか？"
        },
        {
            "speaker":"U",
            "time":"17.10.2020 20:01:55",
            "turn-index":1,
            "utterance":"私の名前はビリーです。私、スヌーピーファンなんですが、リンさんはスヌーピーお好きですか？"
        },
        {
            "speaker":"S",
            "time":"17.10.2020 20:01:56",
            "turn-index":2,
            "utterance":"リンさんですね？よろしくお願いします！そろそろ旅行とか行きたいな～リンさんは何かしたいことってありますか？"
        },
        {
            "speaker":"U",
            "time":"17.10.2020 20:02:25",
            "turn-index":3,
            "utterance":"したいことですか、スヌーピーグッズをもっと集めることかな"
        },
        {
            "speaker":"S",
            "time":"17.10.2020 20:02:27",
            "turn-index":4,
            "utterance":"うんうん、もっと集めることなのですね。どんなもっと集めることなのですか？"
        },
        {
            "speaker":"U",
            "time":"17.10.2020 20:02:51",
            "turn-index":5,
            "utterance":"ぬいぐるみとか、文房具とか、いろいろですね。"
        },
        {
            "speaker":"S",
            "time":"17.10.2020 20:02:52",
            "turn-index":6,
            "utterance":"ぬいぐるみとか文房具とかいろいろなんですね。どこでぬいぐるみとか文房具とかいろいろですか？"
        },
        {
            "speaker":"U",
            "time":"17.10.2020 20:04:11",
            "turn-index":7,
            "utterance":"スヌーピーの公式ストアとかですね。とにかく可愛いし、見てるだけで幸せな気分になれます。"
        },
        {
            "speaker":"S",
            "time":"17.10.2020 20:04:12",
            "turn-index":8,
            "utterance":"ふむふむ、見てるだけで幸せな気分になれますのね。やったね！なんで見てるだけで幸せな気分になれますか？"
        },
        {
            "speaker":"U",
            "time":"17.10.2020 20:04:52",
            "turn-index":9,
            "utterance":"キャラが全員個性的だからですかね。今はまってるのはエコバッグです。"
        },
        {
            "speaker":"S",
            "time":"17.10.2020 20:04:54",
            "turn-index":10,
            "utterance":"エコバッグなのですね。何よりですね。"
        },
        {
            "speaker":"U",
            "time":"17.10.2020 20:05:21",
            "turn-index":11,
            "utterance":"エコバッグは持ってないと今はどこに行っても困りますよね。エコバッグ持ってますか？"
        },
        {
            "speaker":"S",
            "time":"17.10.2020 20:05:21",
            "turn-index":12,
            "utterance":"うーん、あなたの場合はどうですか？"
        },
        {
            "speaker":"U",
            "time":"17.10.2020 20:06:05",
            "turn-index":13,
            "utterance":"私ですか、エコバッグたくさん持ってますよ。コンビニ用、スーパー用、お出かけ用と、用途に応じて持ってます。"
        },
        {
            "speaker":"S",
            "time":"17.10.2020 20:06:06",
            "turn-index":14,
            "utterance":"うんうん、良かったですね！どこでコンビニ用スーパー用お出かけ用と用途に応じて持ってますか？"
        },
        {
            "speaker":"U",
            "time":"17.10.2020 20:07:06",
            "turn-index":15,
            "utterance":"持ってますよ。スヌーピーのエコバッグ、オススメです。ちょっと高いけど、でも可愛いし、便利ですよ。"
        },
        {
            "speaker":"S",
            "time":"17.10.2020 20:07:09",
            "turn-index":16,
            "utterance":"高いけどでも可愛いし便利なんですね。良かったですね！"
        },
        {
            "speaker":"U",
            "time":"17.10.2020 20:08:22",
            "turn-index":17,
            "utterance":"そうですね。リンさんは好きなキャラってありますか"
        },
        {
            "speaker":"S",
            "time":"17.10.2020 20:08:24",
            "turn-index":18,
            "utterance":"なるほど、好きなキャラってありますのね。やったね！"
        },
        {
            "speaker":"U",
            "time":"17.10.2020 20:09:37",
            "turn-index":19,
            "utterance":"ところで私、来年の春以降にギリシャに旅行する予定なんですよ。リンさんは旅行好きですか。"
        },
        {
            "speaker":"S",
            "time":"17.10.2020 20:09:38",
            "turn-index":20,
            "utterance":"旅行好きなんですね。そうなんですね！なんで旅行好きですか？"
        },
        {
            "speaker":"U",
            "time":"17.10.2020 20:11:23",
            "turn-index":21,
            "utterance":"いろいろな文化に触れると新しい発見があって、それが楽しいですね。とくに好きなのはギリシャとか、トルコとかですね。"
        },
        {
            "speaker":"S",
            "time":"17.10.2020 20:11:33",
            "turn-index":22,
            "utterance":"うんうん、ギリシャとかトルコなのですね。そうなんですね！どんなギリシャとかトルコなのですか？"
        },
        {
            "speaker":"U",
            "time":"17.10.2020 20:13:16",
            "turn-index":23,
            "utterance":"伝統文化が独特で興味深いですね。食べ物も美味しいし、可愛いおみやげもいっぱい買えて、とにかく楽しいですね。"
        },
        {
            "speaker":"S",
            "time":"17.10.2020 20:13:21",
            "turn-index":24,
            "utterance":"とにかく楽しいのですね。"
        },
        {
            "speaker":"U",
            "time":"17.10.2020 20:13:57",
            "turn-index":25,
            "utterance":"そうですね。旅行に行くために働いているようなものです。リンさんはどうですか？"
        },
        {
            "speaker":"S",
            "time":"17.10.2020 20:13:58",
            "turn-index":26,
            "utterance":"分からないです…他に何かしたいことはありませんか？"
        },
        {
            "speaker":"U",
            "time":"17.10.2020 20:14:27",
            "turn-index":27,
            "utterance":"うーん、そうですね、海外旅行が多いので、今度は国内もいろいろ回ってみたいですね。"
        },
        {
            "speaker":"S",
            "time":"17.10.2020 20:14:27",
            "turn-index":28,
            "utterance":"そうなんですね！あ、そろそろ時間ですね。ありがとうございました。お話できて楽しかったです！"
        },
        {
            "speaker":"U",
            "time":"17.10.2020 20:14:44",
            "turn-index":29,
            "utterance":"こちらこそ、いろいろ話せて楽しかったです。"
        },
        {
            "speaker":"S",
            "time":"17.10.2020 20:14:45",
            "turn-index":30,
            "utterance":"ではまた、どこかでお会いしましょう！さようなら～"
        }
    ]
}