{
    "dialogue-id":"CHC_21",
    "group-id":"",
    "speaker-id":"CHUOchatbot",
    "turns":[
        {
            "speaker":"S",
            "time":"18.10.2020 11:47:26",
            "turn-index":0,
            "utterance":"こんにちは！そろそろお昼の時間ですね。私はリンといいます。あなたの名前を教えていただけませんか？"
        },
        {
            "speaker":"U",
            "time":"18.10.2020 11:47:45",
            "turn-index":1,
            "utterance":"ビットコインについて話したいんだけど"
        },
        {
            "speaker":"S",
            "time":"18.10.2020 11:47:45",
            "turn-index":2,
            "utterance":"けどさんですね？よろしくお願いします！そろそろ旅行とか行きたいな～けどさんは何かしたいことってありますか？"
        },
        {
            "speaker":"U",
            "time":"18.10.2020 11:48:07",
            "turn-index":3,
            "utterance":"ビットコインを買おうかなって思って"
        },
        {
            "speaker":"S",
            "time":"18.10.2020 11:48:09",
            "turn-index":4,
            "utterance":"良かったですね！ビットコインは、公共トランザクションログを利用しているオープンソース通信プロトコル|プロトコルに基づくPeer　to　Peer型の決済網および暗号資産ですよね。どんななって思ってなのですか？"
        },
        {
            "speaker":"U",
            "time":"18.10.2020 11:48:45",
            "turn-index":5,
            "utterance":"仮想通貨もブーム過ぎた感あるけど少し勉強したいんだよね"
        },
        {
            "speaker":"S",
            "time":"18.10.2020 11:48:48",
            "turn-index":6,
            "utterance":"ふむふむ、少し勉強したいのですね。やったね！"
        },
        {
            "speaker":"U",
            "time":"18.10.2020 11:49:07",
            "turn-index":7,
            "utterance":"でも普通に株式投資した方がいいんだろうか"
        },
        {
            "speaker":"S",
            "time":"18.10.2020 11:49:08",
            "turn-index":8,
            "utterance":"なるほど、株式投資した方がいいのですね。確かに！どうして株式投資した方がいいのですか？"
        },
        {
            "speaker":"U",
            "time":"18.10.2020 11:49:45",
            "turn-index":9,
            "utterance":"今は日経が上がってるし、配当金収入も期待できるからね"
        },
        {
            "speaker":"S",
            "time":"18.10.2020 11:49:47",
            "turn-index":10,
            "utterance":"うんうん、どうして配当金収入も期待できるのですか？"
        },
        {
            "speaker":"U",
            "time":"18.10.2020 11:50:03",
            "turn-index":11,
            "utterance":"株買ったら配当金がもらえるから"
        },
        {
            "speaker":"S",
            "time":"18.10.2020 11:50:04",
            "turn-index":12,
            "utterance":"うんうん、配当金がもらえるのですね。確かに！なんで配当金がもらえるのですか？"
        },
        {
            "speaker":"U",
            "time":"18.10.2020 11:50:50",
            "turn-index":13,
            "utterance":"話は変わるけど、福島県行ったことある？"
        },
        {
            "speaker":"S",
            "time":"18.10.2020 11:50:51",
            "turn-index":14,
            "utterance":"うーん、あなたの場合はどうですか？"
        },
        {
            "speaker":"U",
            "time":"18.10.2020 11:51:02",
            "turn-index":15,
            "utterance":"何回かあるよ"
        },
        {
            "speaker":"S",
            "time":"18.10.2020 11:51:03",
            "turn-index":16,
            "utterance":"何回かあるのですね。どこで何回かあるのですか？"
        },
        {
            "speaker":"U",
            "time":"18.10.2020 11:51:24",
            "turn-index":17,
            "utterance":"郡山とか会津若松に行ったことがある"
        },
        {
            "speaker":"S",
            "time":"18.10.2020 11:51:25",
            "turn-index":18,
            "utterance":"へぇ～郡山とか会津若松に行ったことがあるのですね。何を郡山とか会津若松に行ったことがあるのですか？"
        },
        {
            "speaker":"U",
            "time":"18.10.2020 11:51:41",
            "turn-index":19,
            "utterance":"電車で行ったよ、特に只見線は良かったね"
        },
        {
            "speaker":"S",
            "time":"18.10.2020 11:51:44",
            "turn-index":20,
            "utterance":"ふむふむ、いいですね！只見線は、福島県会津若松市の会津若松駅から新潟県魚沼市の小出駅までを結ぶ東日本旅客鉄道の鉄道路線ですよね。どうして只見線は良かったのですか？"
        },
        {
            "speaker":"U",
            "time":"18.10.2020 11:52:13",
            "turn-index":21,
            "utterance":"只見線はローカル感が良かったよ、まるで北海道みたいな秘境感だったね"
        },
        {
            "speaker":"S",
            "time":"18.10.2020 11:52:14",
            "turn-index":22,
            "utterance":"へぇ～秘境感なのですね。何よりですね。どうして秘境感なのですか？"
        },
        {
            "speaker":"U",
            "time":"18.10.2020 11:52:38",
            "turn-index":23,
            "utterance":"人家が少ないところを走ってるからね、その分本数は少ないけど"
        },
        {
            "speaker":"S",
            "time":"18.10.2020 11:52:40",
            "turn-index":24,
            "utterance":"本数は少ないのですね。どうして本数は少ないのですか？"
        },
        {
            "speaker":"U",
            "time":"18.10.2020 11:52:59",
            "turn-index":25,
            "utterance":"福島県と新潟県の県境を走ってて、人が少ないから"
        },
        {
            "speaker":"S",
            "time":"18.10.2020 11:53:00",
            "turn-index":26,
            "utterance":"うんうん、いつ人が少ないのですか？"
        },
        {
            "speaker":"U",
            "time":"18.10.2020 11:53:12",
            "turn-index":27,
            "utterance":"最近はずっと少ないんじゃないか"
        },
        {
            "speaker":"S",
            "time":"18.10.2020 11:53:13",
            "turn-index":28,
            "utterance":"そうなんですね！あ、そろそろ時間ですね。ありがとうございました。お話できて楽しかったです！"
        },
        {
            "speaker":"U",
            "time":"18.10.2020 11:53:24",
            "turn-index":29,
            "utterance":"じゃあまたー"
        },
        {
            "speaker":"S",
            "time":"18.10.2020 11:53:26",
            "turn-index":30,
            "utterance":"ではまた、どこかでお会いしましょう！さようなら～"
        }
    ]
}