{
    "dialogue-id":"CHC_31",
    "group-id":"",
    "speaker-id":"CHUOchatbot",
    "turns":[
        {
            "speaker":"S",
            "time":"18.10.2020 07:43:58",
            "turn-index":0,
            "utterance":"おはようございます。早起きですね！私はリンといいます。あなたの名前を教えていただけませんか？"
        },
        {
            "speaker":"U",
            "time":"18.10.2020 07:44:31",
            "turn-index":1,
            "utterance":"こんにちは！ルルと言います。よろしくね！"
        },
        {
            "speaker":"S",
            "time":"18.10.2020 07:44:32",
            "turn-index":2,
            "utterance":"ルルさんですね？よろしくお願いします！そろそろ旅行とか行きたいな～ルルさんは何かしたいことってありますか？"
        },
        {
            "speaker":"U",
            "time":"18.10.2020 07:45:58",
            "turn-index":3,
            "utterance":"私は映画、おもひでぽろぽろに登場するような田舎に行ってみたいです。"
        },
        {
            "speaker":"S",
            "time":"18.10.2020 07:45:59",
            "turn-index":4,
            "utterance":"へぇ～ぽろぽろに登場するような田舎に行ってなのですね。どうやってぽろぽろに登場するような田舎に行ってなのですか？"
        },
        {
            "speaker":"U",
            "time":"18.10.2020 07:46:59",
            "turn-index":5,
            "utterance":"景色がとても美しくて、農家体験みたいな事をやってみたいからです。"
        },
        {
            "speaker":"S",
            "time":"18.10.2020 07:47:02",
            "turn-index":6,
            "utterance":"うんうん、いいですね！事は、言と同語源の象形文字で、事とも読むですよね。どうやって農家体験みたいな事をやってみたいのですか？"
        },
        {
            "speaker":"U",
            "time":"18.10.2020 07:48:15",
            "turn-index":7,
            "utterance":"子供の時に、芋ほり体験をしたことがたのしかったからですよ。"
        },
        {
            "speaker":"S",
            "time":"18.10.2020 07:48:17",
            "turn-index":8,
            "utterance":"どんな芋ほり体験をしたことがたのしかったのですか？"
        },
        {
            "speaker":"U",
            "time":"18.10.2020 07:50:11",
            "turn-index":9,
            "utterance":"土の中のお芋を発見するのがとても楽しかったです！大きさが色々あって、宝探しみたいでした。ちなみに平成時代は楽しかったですね！"
        },
        {
            "speaker":"S",
            "time":"18.10.2020 07:50:16",
            "turn-index":10,
            "utterance":"ふむふむ、平成時代は楽しかったのですね。何よりですね。どこの平成時代は楽しかったのですか？"
        },
        {
            "speaker":"U",
            "time":"18.10.2020 07:50:33",
            "turn-index":11,
            "utterance":"学生時代が一番楽しかったですね！"
        },
        {
            "speaker":"S",
            "time":"18.10.2020 07:50:35",
            "turn-index":12,
            "utterance":"ふむふむ、一番楽しかったのですね。確かに！いつ一番楽しかったのですか？"
        },
        {
            "speaker":"U",
            "time":"18.10.2020 07:51:05",
            "turn-index":13,
            "utterance":"平成１０年ぐらいが一番楽しかったです。"
        },
        {
            "speaker":"S",
            "time":"18.10.2020 07:51:06",
            "turn-index":14,
            "utterance":"なるほど、一番楽しかったのですね。何よりですね。"
        },
        {
            "speaker":"U",
            "time":"18.10.2020 07:51:24",
            "turn-index":15,
            "utterance":"友達と沢山遊んだりして、青春でしたね"
        },
        {
            "speaker":"S",
            "time":"18.10.2020 07:51:25",
            "turn-index":16,
            "utterance":"うんうん、良かったですね！"
        },
        {
            "speaker":"U",
            "time":"18.10.2020 07:51:43",
            "turn-index":17,
            "utterance":"平成は、とても平和な時代だったと思います。"
        },
        {
            "speaker":"S",
            "time":"18.10.2020 07:51:45",
            "turn-index":18,
            "utterance":"ふむふむ、とても平和な時代だったと思いますのね。良かったですね！どんなとても平和な時代だったと思いますか？"
        },
        {
            "speaker":"U",
            "time":"18.10.2020 07:53:32",
            "turn-index":19,
            "utterance":"インターネットが大活躍した時代だと思います！自宅での生活が便利になったのが良かったと思っています。"
        },
        {
            "speaker":"S",
            "time":"18.10.2020 07:53:36",
            "turn-index":20,
            "utterance":"ふむふむ、大活躍した時代だと思います自宅での生活が便利になったのが良かったと思っていますのね。良かったですね！どうして大活躍した時代だと思います自宅での生活が便利になったのが良かったと思っていますか？"
        },
        {
            "speaker":"U",
            "time":"18.10.2020 07:55:21",
            "turn-index":21,
            "utterance":"平成になってから、自宅でショッピングが簡単にできるようになったり、メールで連絡を簡単に取り合えるようになったのが便利だと感じます。"
        },
        {
            "speaker":"S",
            "time":"18.10.2020 07:55:24",
            "turn-index":22,
            "utterance":"ふむふむ、どんな簡単に取り合えるようになったのが便利だと感じますか？"
        },
        {
            "speaker":"U",
            "time":"18.10.2020 07:57:13",
            "turn-index":23,
            "utterance":"携帯電話で簡単にメールを送信できるようになったことですね。平成の時代は、便利なものが増えたと感じました。"
        },
        {
            "speaker":"S",
            "time":"18.10.2020 07:57:17",
            "turn-index":24,
            "utterance":"何よりですね。どんな便利なものが増えたと感じましたか？"
        },
        {
            "speaker":"U",
            "time":"18.10.2020 07:57:38",
            "turn-index":25,
            "utterance":"最近ですと、スマホですね"
        },
        {
            "speaker":"S",
            "time":"18.10.2020 07:57:39",
            "turn-index":26,
            "utterance":"なるほど、最近ですとスマホなのですね。"
        },
        {
            "speaker":"U",
            "time":"18.10.2020 07:58:05",
            "turn-index":27,
            "utterance":"スマホは便利すぎて、手放せません！"
        },
        {
            "speaker":"S",
            "time":"18.10.2020 07:58:06",
            "turn-index":28,
            "utterance":"そうなんですね！あ、そろそろ時間ですね。ありがとうございました。お話できて楽しかったです！"
        },
        {
            "speaker":"U",
            "time":"18.10.2020 07:58:25",
            "turn-index":29,
            "utterance":"こちらこそありがとうございました！楽しかったです！"
        },
        {
            "speaker":"S",
            "time":"18.10.2020 07:58:25",
            "turn-index":30,
            "utterance":"ではまた、どこかでお会いしましょう！さようなら～"
        }
    ]
}