{
    "dialogue-id":"CHC_25",
    "group-id":"",
    "speaker-id":"CHUOchatbot",
    "turns":[
        {
            "speaker":"S",
            "time":"18.10.2020 02:18:06",
            "turn-index":0,
            "utterance":"こんばんは！ずいぶん夜更かしですね…私はリンといいます。あなたの名前を教えていただけませんか？"
        },
        {
            "speaker":"U",
            "time":"18.10.2020 02:18:40",
            "turn-index":1,
            "utterance":"よしいです。きょうは暇です"
        },
        {
            "speaker":"S",
            "time":"18.10.2020 02:18:40",
            "turn-index":2,
            "utterance":"よしいさんですね？よろしくお願いします！そろそろ旅行とか行きたいな～よしいさんは何かしたいことってありますか？"
        },
        {
            "speaker":"U",
            "time":"18.10.2020 02:19:17",
            "turn-index":3,
            "utterance":"旅行いいですね。私も行きたいです。いま厳島神社を調べてますよ。"
        },
        {
            "speaker":"S",
            "time":"18.10.2020 02:19:20",
            "turn-index":4,
            "utterance":"へぇ～厳島神社は、広島県廿日市市の厳島|厳島にある神社ですよね。どんな厳島神社を調べてますか？"
        },
        {
            "speaker":"U",
            "time":"18.10.2020 02:20:07",
            "turn-index":5,
            "utterance":"そこです！修学旅行以来行ってないので、大人になってからまた行きたくなりました。"
        },
        {
            "speaker":"S",
            "time":"18.10.2020 02:20:08",
            "turn-index":6,
            "utterance":"また行きたくなりたんですね。何をまた行きたくなりましたか？"
        },
        {
            "speaker":"U",
            "time":"18.10.2020 02:20:32",
            "turn-index":7,
            "utterance":"現地のもみじ饅頭たべたいんですよね。"
        },
        {
            "speaker":"S",
            "time":"18.10.2020 02:20:34",
            "turn-index":8,
            "utterance":"ふむふむ、どうしてもみじ饅頭たべたいのですか？"
        },
        {
            "speaker":"U",
            "time":"18.10.2020 02:20:59",
            "turn-index":9,
            "utterance":"今、いろんな味や、揚げたものなど種類がいっぱいあるんですって。"
        },
        {
            "speaker":"S",
            "time":"18.10.2020 02:21:01",
            "turn-index":10,
            "utterance":"いっぱいあるのですね。どんないっぱいあるのですか？"
        },
        {
            "speaker":"U",
            "time":"18.10.2020 02:21:36",
            "turn-index":11,
            "utterance":"生チョコとか、いちごとか、チーズもあったと思います"
        },
        {
            "speaker":"S",
            "time":"18.10.2020 02:21:38",
            "turn-index":12,
            "utterance":"うんうん、生チョコとかいちごとかチーズもあったと思いますのね。そうなんですね…"
        },
        {
            "speaker":"U",
            "time":"18.10.2020 02:23:00",
            "turn-index":13,
            "utterance":"あと、恐竜で有名な福井も行ってみたいですね。恐竜好きですか?"
        },
        {
            "speaker":"S",
            "time":"18.10.2020 02:23:00",
            "turn-index":14,
            "utterance":"どうなんでしょう…他に何かしたいことはありませんか？"
        },
        {
            "speaker":"U",
            "time":"18.10.2020 02:23:13",
            "turn-index":15,
            "utterance":"福井でですか？"
        },
        {
            "speaker":"S",
            "time":"18.10.2020 02:23:13",
            "turn-index":16,
            "utterance":"うーん、あなたの場合はどうですか？"
        },
        {
            "speaker":"U",
            "time":"18.10.2020 02:23:36",
            "turn-index":17,
            "utterance":"恐竜の化石探しなんてどうですか？"
        },
        {
            "speaker":"S",
            "time":"18.10.2020 02:23:37",
            "turn-index":18,
            "utterance":"分からないです…他に何かしたいことはありませんか？"
        },
        {
            "speaker":"U",
            "time":"18.10.2020 02:24:15",
            "turn-index":19,
            "utterance":"USJにも行きたいですね。"
        },
        {
            "speaker":"S",
            "time":"18.10.2020 02:24:16",
            "turn-index":20,
            "utterance":"うんうん、USJにも行きたいのですね。"
        },
        {
            "speaker":"U",
            "time":"18.10.2020 02:24:26",
            "turn-index":21,
            "utterance":"行ったことありますか？"
        },
        {
            "speaker":"S",
            "time":"18.10.2020 02:24:27",
            "turn-index":22,
            "utterance":"どうなんでしょう…他に何かしたいことはありませんか？"
        },
        {
            "speaker":"U",
            "time":"18.10.2020 02:24:52",
            "turn-index":23,
            "utterance":"旅行ならいつでもどこでも行きたいです。"
        },
        {
            "speaker":"S",
            "time":"18.10.2020 02:24:53",
            "turn-index":24,
            "utterance":"うんうん、どこでも行きたいのですね。やったね！"
        },
        {
            "speaker":"U",
            "time":"18.10.2020 02:25:02",
            "turn-index":25,
            "utterance":"一緒に行きます？"
        },
        {
            "speaker":"S",
            "time":"18.10.2020 02:25:03",
            "turn-index":26,
            "utterance":"うーん、あなたの場合はどうですか？"
        },
        {
            "speaker":"U",
            "time":"18.10.2020 02:25:10",
            "turn-index":27,
            "utterance":"1人が好きです"
        },
        {
            "speaker":"S",
            "time":"18.10.2020 02:25:11",
            "turn-index":28,
            "utterance":"そうなんですね！あ、そろそろ時間ですね。ありがとうございました。お話できて楽しかったです！"
        },
        {
            "speaker":"U",
            "time":"18.10.2020 02:25:19",
            "turn-index":29,
            "utterance":"はーい、またね。"
        },
        {
            "speaker":"S",
            "time":"18.10.2020 02:25:19",
            "turn-index":30,
            "utterance":"ではまた、どこかでお会いしましょう！さようなら～"
        }
    ]
}