{
    "dialogue-id":"CHC_35",
    "group-id":"",
    "speaker-id":"CHUOchatbot",
    "turns":[
        {
            "speaker":"S",
            "time":"18.10.2020 13:26:14",
            "turn-index":0,
            "utterance":"こんにちは！お昼食べたら眠くなってきました…私はリンといいます。あなたの名前を教えていただけませんか？"
        },
        {
            "speaker":"U",
            "time":"18.10.2020 13:26:35",
            "turn-index":1,
            "utterance":"しゅうです"
        },
        {
            "speaker":"S",
            "time":"18.10.2020 13:26:35",
            "turn-index":2,
            "utterance":"しゅうさんですね？よろしくお願いします！そろそろ旅行とか行きたいな～しゅうさんは何かしたいことってありますか？"
        },
        {
            "speaker":"U",
            "time":"18.10.2020 13:26:52",
            "turn-index":3,
            "utterance":"ギリシャに行きたいですね"
        },
        {
            "speaker":"S",
            "time":"18.10.2020 13:26:53",
            "turn-index":4,
            "utterance":"ギリシャに行きたいのですね。いつギリシャに行きたいのですか？"
        },
        {
            "speaker":"U",
            "time":"18.10.2020 13:27:15",
            "turn-index":5,
            "utterance":"来年にいきたいですね"
        },
        {
            "speaker":"S",
            "time":"18.10.2020 13:27:16",
            "turn-index":6,
            "utterance":"来年にいきたいのですね。どうして来年にいきたいのですか？"
        },
        {
            "speaker":"U",
            "time":"18.10.2020 13:27:29",
            "turn-index":7,
            "utterance":"今はコロナで大変だから"
        },
        {
            "speaker":"S",
            "time":"18.10.2020 13:27:31",
            "turn-index":8,
            "utterance":"コロナで大変だのですね。そうなんですね…なぜコロナで大変だのですか？"
        },
        {
            "speaker":"U",
            "time":"18.10.2020 13:27:44",
            "turn-index":9,
            "utterance":"コロナってしってますか"
        },
        {
            "speaker":"S",
            "time":"18.10.2020 13:27:45",
            "turn-index":10,
            "utterance":"へぇ～どうしてコロナってしってますか？"
        },
        {
            "speaker":"U",
            "time":"18.10.2020 13:28:07",
            "turn-index":11,
            "utterance":"こちらが聞いているのですが"
        },
        {
            "speaker":"S",
            "time":"18.10.2020 13:28:08",
            "turn-index":12,
            "utterance":"ふむふむ、こちらが聞いているのですね。誰をこちらが聞いているのですか？"
        },
        {
            "speaker":"U",
            "time":"18.10.2020 13:28:33",
            "turn-index":13,
            "utterance":"私がリンさんに聞いているのです"
        },
        {
            "speaker":"S",
            "time":"18.10.2020 13:28:34",
            "turn-index":14,
            "utterance":"リンさんに聞いているのですね。誰をリンさんに聞いているのですか？"
        },
        {
            "speaker":"U",
            "time":"18.10.2020 13:29:01",
            "turn-index":15,
            "utterance":"デンマークにも行ってみたい"
        },
        {
            "speaker":"S",
            "time":"18.10.2020 13:29:02",
            "turn-index":16,
            "utterance":"へぇ～何をデンマークにも行ってみたいのですか？"
        },
        {
            "speaker":"U",
            "time":"18.10.2020 13:29:21",
            "turn-index":17,
            "utterance":"人魚を観たいので"
        },
        {
            "speaker":"S",
            "time":"18.10.2020 13:29:22",
            "turn-index":18,
            "utterance":"へぇ～人魚を観たいのですね。なぜ人魚を観たいのですか？"
        },
        {
            "speaker":"U",
            "time":"18.10.2020 13:29:31",
            "turn-index":19,
            "utterance":"可愛いじゃないですか"
        },
        {
            "speaker":"S",
            "time":"18.10.2020 13:29:32",
            "turn-index":20,
            "utterance":"なるほど、可愛いじゃないのですね。大変そうですね…何を可愛いじゃないのですか？"
        },
        {
            "speaker":"U",
            "time":"18.10.2020 13:29:43",
            "turn-index":21,
            "utterance":"可愛いのです"
        },
        {
            "speaker":"S",
            "time":"18.10.2020 13:29:44",
            "turn-index":22,
            "utterance":"なるほど、良かったですね！誰が可愛いのですか？"
        },
        {
            "speaker":"U",
            "time":"18.10.2020 13:29:55",
            "turn-index":23,
            "utterance":"人魚です"
        },
        {
            "speaker":"S",
            "time":"18.10.2020 13:29:56",
            "turn-index":24,
            "utterance":"なるほど、人魚なのですね。なぜ人魚なのですか？"
        },
        {
            "speaker":"U",
            "time":"18.10.2020 13:30:09",
            "turn-index":25,
            "utterance":"同じこと聞いてくるね"
        },
        {
            "speaker":"S",
            "time":"18.10.2020 13:30:10",
            "turn-index":26,
            "utterance":"うんうん、誰を同じこと聞いてくるのですか？"
        },
        {
            "speaker":"U",
            "time":"18.10.2020 13:30:17",
            "turn-index":27,
            "utterance":"リンさんですよ"
        },
        {
            "speaker":"S",
            "time":"18.10.2020 13:30:18",
            "turn-index":28,
            "utterance":"そうなんですね！あ、そろそろ時間ですね。ありがとうございました。お話できて楽しかったです！"
        },
        {
            "speaker":"U",
            "time":"18.10.2020 13:30:24",
            "turn-index":29,
            "utterance":"こちらこそ"
        },
        {
            "speaker":"S",
            "time":"18.10.2020 13:30:25",
            "turn-index":30,
            "utterance":"ではまた、どこかでお会いしましょう！さようなら～"
        }
    ]
}