{
    "dialogue-id":"CHC_26",
    "group-id":"",
    "speaker-id":"CHUOchatbot",
    "turns":[
        {
            "speaker":"S",
            "time":"18.10.2020 11:53:58",
            "turn-index":0,
            "utterance":"こんにちは！そろそろお昼の時間ですね。私はリンといいます。あなたの名前を教えていただけませんか？"
        },
        {
            "speaker":"U",
            "time":"18.10.2020 11:54:32",
            "turn-index":1,
            "utterance":"こんにちは！私はYです。"
        },
        {
            "speaker":"S",
            "time":"18.10.2020 11:54:33",
            "turn-index":2,
            "utterance":"Yさんですね？よろしくお願いします！そろそろ旅行とか行きたいな～Yさんは何かしたいことってありますか？"
        },
        {
            "speaker":"U",
            "time":"18.10.2020 11:55:22",
            "turn-index":3,
            "utterance":"よろしくお願いします。私も旅行は好きです。食欲の秋ですね。リンさんはコンビニエンスストアはよく利用しますか？"
        },
        {
            "speaker":"S",
            "time":"18.10.2020 11:55:24",
            "turn-index":4,
            "utterance":"うーん、あなたの場合はどうですか？"
        },
        {
            "speaker":"U",
            "time":"18.10.2020 11:55:53",
            "turn-index":5,
            "utterance":"私はたまに利用しますよ。コンビニエンスストアの新作スイーツとかお菓子を試すのが好きです。"
        },
        {
            "speaker":"S",
            "time":"18.10.2020 11:55:57",
            "turn-index":6,
            "utterance":"へぇ～良かったですね！どんな新作スイーツとかお菓子を試すのが好きですか？"
        },
        {
            "speaker":"U",
            "time":"18.10.2020 11:56:32",
            "turn-index":7,
            "utterance":"そうですね、夏はアイスをよく試します。コンビニエンスストアによって限定のものが出てたりするので。"
        },
        {
            "speaker":"S",
            "time":"18.10.2020 11:56:34",
            "turn-index":8,
            "utterance":"なるほど、限定のものが出てたりするのですね。"
        },
        {
            "speaker":"U",
            "time":"18.10.2020 11:57:10",
            "turn-index":9,
            "utterance":"はい、最近のコンビニエンスストアはかなりおいしいものも多いのでおすすめですよ。"
        },
        {
            "speaker":"S",
            "time":"18.10.2020 11:57:13",
            "turn-index":10,
            "utterance":"ふむふむ、かなりおいしいものも多いのでおすすめなのですね。良かったですね！"
        },
        {
            "speaker":"U",
            "time":"18.10.2020 11:57:54",
            "turn-index":11,
            "utterance":"はい、ところで私はインターネットで買い物するのも好きなのですがリンさんはどうですか？"
        },
        {
            "speaker":"S",
            "time":"18.10.2020 11:57:54",
            "turn-index":12,
            "utterance":"どうなんでしょうね？あなたの場合はどうですか？"
        },
        {
            "speaker":"U",
            "time":"18.10.2020 11:58:36",
            "turn-index":13,
            "utterance":"インターネットショップが便利すぎて本当に何でも買い物しますよ。"
        },
        {
            "speaker":"S",
            "time":"18.10.2020 11:58:38",
            "turn-index":14,
            "utterance":"うんうん、何でも買い物しますのね。やったね！どうして何でも買い物しますか？"
        },
        {
            "speaker":"U",
            "time":"18.10.2020 11:59:21",
            "turn-index":15,
            "utterance":"日用品から洋服、コスメ、お菓子などまとめて買ったりする場合はインターネットで買った方が安かったりするので。"
        },
        {
            "speaker":"S",
            "time":"18.10.2020 11:59:22",
            "turn-index":16,
            "utterance":"インターネットで買った方が安かったりするのですね。どうしてインターネットで買った方が安かったりするのですか？"
        },
        {
            "speaker":"U",
            "time":"18.10.2020 12:00:00",
            "turn-index":17,
            "utterance":"多分海外などの安いものを仕入れられるからじゃないでしょうか。本当にインターネットの普及で便利な世の中になりました。"
        },
        {
            "speaker":"S",
            "time":"18.10.2020 12:00:02",
            "turn-index":18,
            "utterance":"ふむふむ、確かに！いつインターネットの普及で便利な世の中になりましたか？"
        },
        {
            "speaker":"U",
            "time":"18.10.2020 12:01:10",
            "turn-index":19,
            "utterance":"私が高校生くらいの時にだんだんとインターネットが普及しだしましたが、普通にインターネットで買い物したりするようになったのはここ15年くらいでしょうかね。"
        },
        {
            "speaker":"S",
            "time":"18.10.2020 12:01:14",
            "turn-index":20,
            "utterance":"うんうん、いいですね！私は、仕事場などの社会的集団の中における人間の属性と対比して、一個人としての属性を示すときに用いられる言葉ですよね。なんでここ15年なのですか？"
        },
        {
            "speaker":"U",
            "time":"18.10.2020 12:02:02",
            "turn-index":21,
            "utterance":"なぜでしょうかね。私も難しいことはよくわかりませんがインターネット利用者が徐々に増えてきたので急速に発展したのではないでしょうか。"
        },
        {
            "speaker":"S",
            "time":"18.10.2020 12:02:07",
            "turn-index":22,
            "utterance":"ふむふむ、そうなんですね…どこの急速に発展したのではないのですか？"
        },
        {
            "speaker":"U",
            "time":"18.10.2020 12:03:08",
            "turn-index":23,
            "utterance":"確かに世界的に急速に発展しましたね。そのおかげで海外からのインターネットショッピングも簡単になってうれしいです。"
        },
        {
            "speaker":"S",
            "time":"18.10.2020 12:03:10",
            "turn-index":24,
            "utterance":"へぇ～インターネットショッピングも簡単になってうれしいのですね。何よりですね。"
        },
        {
            "speaker":"U",
            "time":"18.10.2020 12:03:26",
            "turn-index":25,
            "utterance":"はい。おかげで毎日のように何か荷物が届くと家族に怒られます。"
        },
        {
            "speaker":"S",
            "time":"18.10.2020 12:03:30",
            "turn-index":26,
            "utterance":"へぇ～家族とは、婚姻によって結びつけられている夫婦、およびその夫婦と血縁関係のある人々で、ひとつのまとまりを形成した集団のことですよね。どこの家族に怒られますか？"
        },
        {
            "speaker":"U",
            "time":"18.10.2020 12:04:12",
            "turn-index":27,
            "utterance":"私は両親と暮らしているので母親によくまたインターネットで何か買ったの？とあきれられますね。"
        },
        {
            "speaker":"S",
            "time":"18.10.2020 12:04:12",
            "turn-index":28,
            "utterance":"そうなんですね！あ、そろそろ時間ですね。ありがとうございました。お話できて楽しかったです！"
        },
        {
            "speaker":"U",
            "time":"18.10.2020 12:04:28",
            "turn-index":29,
            "utterance":"はい、こちらこそありがとうございました！"
        },
        {
            "speaker":"S",
            "time":"18.10.2020 12:04:29",
            "turn-index":30,
            "utterance":"ではまた、どこかでお会いしましょう！さようなら～"
        }
    ]
}