{
    "dialogue-id":"CHC_02",
    "group-id":"",
    "speaker-id":"CHUOchatbot",
    "turns":[
        {
            "speaker":"S",
            "time":"18.10.2020 07:43:27",
            "turn-index":0,
            "utterance":"おはようございます。早起きですね！私はリンといいます。あなたの名前を教えていただけませんか？"
        },
        {
            "speaker":"U",
            "time":"18.10.2020 07:43:41",
            "turn-index":1,
            "utterance":"おはようございます。私はeといいます"
        },
        {
            "speaker":"S",
            "time":"18.10.2020 07:43:42",
            "turn-index":2,
            "utterance":"eさんですね？よろしくお願いします！そろそろ旅行とか行きたいな～eさんは何かしたいことってありますか？"
        },
        {
            "speaker":"U",
            "time":"18.10.2020 07:44:38",
            "turn-index":3,
            "utterance":"そうですね、八丈島に行きたいなと思ってたところなんですよ"
        },
        {
            "speaker":"S",
            "time":"18.10.2020 07:44:39",
            "turn-index":4,
            "utterance":"そうですね八丈島に行きたいなと思ってたところなのですね。どんなそうですね八丈島に行きたいなと思ってたところなのですか？"
        },
        {
            "speaker":"U",
            "time":"18.10.2020 07:45:09",
            "turn-index":5,
            "utterance":"はい。八丈島には行かれたことありますか？"
        },
        {
            "speaker":"S",
            "time":"18.10.2020 07:45:09",
            "turn-index":6,
            "utterance":"うーん、あなたの場合はどうですか？"
        },
        {
            "speaker":"U",
            "time":"18.10.2020 07:45:19",
            "turn-index":7,
            "utterance":"私は一度も行ったことないんです"
        },
        {
            "speaker":"S",
            "time":"18.10.2020 07:45:24",
            "turn-index":8,
            "utterance":"へぇ～一度も行ったことないのですね。"
        },
        {
            "speaker":"U",
            "time":"18.10.2020 07:45:32",
            "turn-index":9,
            "utterance":"はい。だからいつか行ってみたくて。"
        },
        {
            "speaker":"S",
            "time":"18.10.2020 07:45:33",
            "turn-index":10,
            "utterance":"いつか行ってみたくてなのですね。"
        },
        {
            "speaker":"U",
            "time":"18.10.2020 07:46:35",
            "turn-index":11,
            "utterance":"はい。ところで月には興味ありますか？"
        },
        {
            "speaker":"S",
            "time":"18.10.2020 07:46:35",
            "turn-index":12,
            "utterance":"どうなんでしょう…他に何かしたいことはありませんか？"
        },
        {
            "speaker":"U",
            "time":"18.10.2020 07:46:49",
            "turn-index":13,
            "utterance":"月に行ってみたいんですよ。"
        },
        {
            "speaker":"S",
            "time":"18.10.2020 07:46:52",
            "turn-index":14,
            "utterance":"へぇ～月は、地球の唯一の衛星ですよね。どこの月に行ってみたいのですか？"
        },
        {
            "speaker":"U",
            "time":"18.10.2020 07:47:03",
            "turn-index":15,
            "utterance":"どこの？月は一つしかないですよね"
        },
        {
            "speaker":"S",
            "time":"18.10.2020 07:47:06",
            "turn-index":16,
            "utterance":"へぇ～月は、地球の唯一の衛星ですよね。どこに一つしかないのですか？"
        },
        {
            "speaker":"U",
            "time":"18.10.2020 07:47:15",
            "turn-index":17,
            "utterance":"宇宙に一つしかないですよね。"
        },
        {
            "speaker":"S",
            "time":"18.10.2020 07:47:16",
            "turn-index":18,
            "utterance":"ふむふむ、いつ一つしかないのですか？"
        },
        {
            "speaker":"U",
            "time":"18.10.2020 07:47:34",
            "turn-index":19,
            "utterance":"いつまでも一つしかないですよ。これからも唯一無二だと思いますよ"
        },
        {
            "speaker":"S",
            "time":"18.10.2020 07:47:37",
            "turn-index":20,
            "utterance":"うんうん、ないですよこれからも唯一無二だと思いますのね。いつないですよこれからも唯一無二だと思いますか？"
        },
        {
            "speaker":"U",
            "time":"18.10.2020 07:47:50",
            "turn-index":21,
            "utterance":"そう思います。だからこそ惹かれるんですよね"
        },
        {
            "speaker":"S",
            "time":"18.10.2020 07:47:51",
            "turn-index":22,
            "utterance":"そう思いますだからこそ惹かれるのですね。どこをそう思いますだからこそ惹かれるのですか？"
        },
        {
            "speaker":"U",
            "time":"18.10.2020 07:48:32",
            "turn-index":23,
            "utterance":"一つしかないものだからこそ、月に魅力を感じてます"
        },
        {
            "speaker":"S",
            "time":"18.10.2020 07:48:34",
            "turn-index":24,
            "utterance":"なるほど、魅力を感じてますのね。良かったですね！"
        },
        {
            "speaker":"U",
            "time":"18.10.2020 07:48:48",
            "turn-index":25,
            "utterance":"はい。良かったと思います"
        },
        {
            "speaker":"S",
            "time":"18.10.2020 07:48:50",
            "turn-index":26,
            "utterance":"はい良かったと思いますのね。そうなんですね！いつはい良かったと思いますか？"
        },
        {
            "speaker":"U",
            "time":"18.10.2020 07:49:00",
            "turn-index":27,
            "utterance":"今思いましたよ"
        },
        {
            "speaker":"S",
            "time":"18.10.2020 07:49:01",
            "turn-index":28,
            "utterance":"そうなんですね！あ、そろそろ時間ですね。ありがとうございました。お話できて楽しかったです！"
        },
        {
            "speaker":"U",
            "time":"18.10.2020 07:49:06",
            "turn-index":29,
            "utterance":"ありがとうございました"
        },
        {
            "speaker":"S",
            "time":"18.10.2020 07:49:06",
            "turn-index":30,
            "utterance":"ではまた、どこかでお会いしましょう！さようなら～"
        }
    ]
}