{
    "dialogue-id":"CHC_39",
    "group-id":"",
    "speaker-id":"CHUOchatbot",
    "turns":[
        {
            "speaker":"S",
            "time":"17.10.2020 18:51:42",
            "turn-index":0,
            "utterance":"こんばんは！ずいぶん夜更かしですね…私はリンといいます。あなたの名前を教えていただけませんか？"
        },
        {
            "speaker":"U",
            "time":"17.10.2020 18:53:07",
            "turn-index":1,
            "utterance":"こんばんは！私はルカです。リンさんはギリシャに行ったことがありますか？"
        },
        {
            "speaker":"S",
            "time":"17.10.2020 18:53:08",
            "turn-index":2,
            "utterance":"リンさんですね？よろしくお願いします！そろそろ旅行とか行きたいな～リンさんは何かしたいことってありますか？"
        },
        {
            "speaker":"U",
            "time":"17.10.2020 18:53:46",
            "turn-index":3,
            "utterance":"今はむずかしいですが、ギリシャにもう一度行きたいと思っています。"
        },
        {
            "speaker":"S",
            "time":"17.10.2020 18:53:48",
            "turn-index":4,
            "utterance":"ふむふむ、どうしてもう一度行きたいと思っていますか？"
        },
        {
            "speaker":"U",
            "time":"17.10.2020 18:54:18",
            "turn-index":5,
            "utterance":"去年に行ったのですが、景色がキレイで食事がおいしくて、最高でした。"
        },
        {
            "speaker":"S",
            "time":"17.10.2020 18:54:22",
            "turn-index":6,
            "utterance":"なるほど、確かに！食事とは、基本的には生命維持に必要な栄養素を摂取するために、日々習慣的に何かを食べること、そこから転じて、その時食べるものを指すこともあるですよね。どうして食事がおいしくて最高でしたのですか？"
        },
        {
            "speaker":"U",
            "time":"17.10.2020 18:55:08",
            "turn-index":7,
            "utterance":"ギリシャ料理は味付けがマイルドで、日本人の舌に合っていると思います。"
        },
        {
            "speaker":"S",
            "time":"17.10.2020 18:55:11",
            "turn-index":8,
            "utterance":"ふむふむ、日本人の舌に合っていると思いますのね。そうなんですね！どんな日本人の舌に合っていると思いますか？"
        },
        {
            "speaker":"U",
            "time":"17.10.2020 18:56:33",
            "turn-index":9,
            "utterance":"外国で食べる料理は匂いがキツかったり味が強すぎたりして、日本人には食べづらいと思います。それらがマイルドなだけで非常においしく思えます。"
        },
        {
            "speaker":"S",
            "time":"17.10.2020 18:56:35",
            "turn-index":10,
            "utterance":"ふむふむ、非常においしく思えますのね。やったね！どこの非常においしく思えますか？"
        },
        {
            "speaker":"U",
            "time":"17.10.2020 18:57:01",
            "turn-index":11,
            "utterance":"サントリーニ島のタコサラダがおいしかったです！"
        },
        {
            "speaker":"S",
            "time":"17.10.2020 18:57:02",
            "turn-index":12,
            "utterance":"タコサラダがおいしかったのですね。いいですね！どこのタコサラダがおいしかったのですか？"
        },
        {
            "speaker":"U",
            "time":"17.10.2020 18:57:31",
            "turn-index":13,
            "utterance":"サントリーニ島のお店と、アテネの人気レストランのものもおいしかったです、"
        },
        {
            "speaker":"S",
            "time":"17.10.2020 18:57:33",
            "turn-index":14,
            "utterance":"人気レストランのものもおいしかったのですね。いいですね！どこの人気レストランのものもおいしかったのですか？"
        },
        {
            "speaker":"U",
            "time":"17.10.2020 18:58:30",
            "turn-index":15,
            "utterance":"行ったところはどこもそうでした。ところでリンさんはデンマークに行ったことはありますか？"
        },
        {
            "speaker":"S",
            "time":"17.10.2020 18:58:30",
            "turn-index":16,
            "utterance":"どうなんでしょうね？あなたの場合はどうですか？"
        },
        {
            "speaker":"U",
            "time":"17.10.2020 18:58:37",
            "turn-index":17,
            "utterance":"私はまだ行ったことがないです。"
        },
        {
            "speaker":"S",
            "time":"17.10.2020 18:58:41",
            "turn-index":18,
            "utterance":"なるほど、私は、仕事場などの社会的集団の中における人間の属性と対比して、一個人としての属性を示すときに用いられる言葉ですよね。どこにまだ行ったことがないのですか？"
        },
        {
            "speaker":"U",
            "time":"17.10.2020 19:01:18",
            "turn-index":19,
            "utterance":"デンマークや北欧の国々はまだ行ったことがないです。"
        },
        {
            "speaker":"S",
            "time":"17.10.2020 19:01:19",
            "turn-index":20,
            "utterance":"まだ行ったことがないのですね。どこにまだ行ったことがないのですか？"
        },
        {
            "speaker":"U",
            "time":"17.10.2020 19:01:42",
            "turn-index":21,
            "utterance":"スウェーデンやフィンランドも行ってみたいのですが…。"
        },
        {
            "speaker":"S",
            "time":"17.10.2020 19:01:44",
            "turn-index":22,
            "utterance":"へぇ～スウェーデンやフィンランドも行ってみたいのですが…なのですね。"
        },
        {
            "speaker":"U",
            "time":"17.10.2020 19:01:57",
            "turn-index":23,
            "utterance":"リンさんの行きたい国はどこですか？"
        },
        {
            "speaker":"S",
            "time":"17.10.2020 19:01:58",
            "turn-index":24,
            "utterance":"どうなんでしょう…他に何かしたいことはありませんか？"
        },
        {
            "speaker":"U",
            "time":"17.10.2020 19:02:21",
            "turn-index":25,
            "utterance":"旅行以外だと、料理教室に通いたいです。"
        },
        {
            "speaker":"S",
            "time":"17.10.2020 19:02:22",
            "turn-index":26,
            "utterance":"なるほど、何を料理教室に通いたいのですか？"
        },
        {
            "speaker":"U",
            "time":"17.10.2020 19:02:53",
            "turn-index":27,
            "utterance":"おもてなし用のおしゃれでおいしい料理を習いたいです。"
        },
        {
            "speaker":"S",
            "time":"17.10.2020 19:02:54",
            "turn-index":28,
            "utterance":"そうなんですね！あ、そろそろ時間ですね。ありがとうございました。お話できて楽しかったです！"
        },
        {
            "speaker":"U",
            "time":"17.10.2020 19:03:07",
            "turn-index":29,
            "utterance":"こちらこそ、遅い時間にありがとうございました！"
        },
        {
            "speaker":"S",
            "time":"17.10.2020 19:03:08",
            "turn-index":30,
            "utterance":"ではまた、どこかでお会いしましょう！さようなら～"
        }
    ]
}