{
    "dialogue-id":"CHC_27",
    "group-id":"",
    "speaker-id":"CHUOchatbot",
    "turns":[
        {
            "speaker":"S",
            "time":"18.10.2020 11:58:10",
            "turn-index":0,
            "utterance":"こんにちは！そろそろお昼の時間ですね。私はリンといいます。あなたの名前を教えていただけませんか？"
        },
        {
            "speaker":"U",
            "time":"18.10.2020 11:58:15",
            "turn-index":1,
            "utterance":"田中太郎です"
        },
        {
            "speaker":"S",
            "time":"18.10.2020 11:58:15",
            "turn-index":2,
            "utterance":"太郎さんですね？よろしくお願いします！そろそろ旅行とか行きたいな～太郎さんは何かしたいことってありますか？"
        },
        {
            "speaker":"U",
            "time":"18.10.2020 11:58:23",
            "turn-index":3,
            "utterance":"闇金ウシジマくんを読みたいですね"
        },
        {
            "speaker":"S",
            "time":"18.10.2020 11:58:25",
            "turn-index":4,
            "utterance":"なるほど、闇金ウシジマくんを読みたいのですね。いいですね！"
        },
        {
            "speaker":"U",
            "time":"18.10.2020 11:58:31",
            "turn-index":5,
            "utterance":"えぇ人気作ですから"
        },
        {
            "speaker":"S",
            "time":"18.10.2020 11:58:32",
            "turn-index":6,
            "utterance":"なるほど、人気作なのですね。いいですね！なぜ人気作なのですか？"
        },
        {
            "speaker":"U",
            "time":"18.10.2020 11:58:41",
            "turn-index":7,
            "utterance":"人の闇を書いているからです"
        },
        {
            "speaker":"S",
            "time":"18.10.2020 11:58:42",
            "turn-index":8,
            "utterance":"うんうん、人の闇を書いているのですね。何を人の闇を書いているのですか？"
        },
        {
            "speaker":"U",
            "time":"18.10.2020 11:58:51",
            "turn-index":9,
            "utterance":"一般人のですねぇ"
        },
        {
            "speaker":"S",
            "time":"18.10.2020 11:58:52",
            "turn-index":10,
            "utterance":"一般人なのですね。なぜ一般人なのですか？"
        },
        {
            "speaker":"U",
            "time":"18.10.2020 11:59:18",
            "turn-index":11,
            "utterance":"話は変わりますが、フッ素について話しましょう"
        },
        {
            "speaker":"S",
            "time":"18.10.2020 11:59:19",
            "turn-index":12,
            "utterance":"なるほど、フッ素について話しましょうなのですね。なぜフッ素について話しましょうなのですか？"
        },
        {
            "speaker":"U",
            "time":"18.10.2020 11:59:31",
            "turn-index":13,
            "utterance":"最近歯の調子が悪くて"
        },
        {
            "speaker":"S",
            "time":"18.10.2020 11:59:32",
            "turn-index":14,
            "utterance":"うんうん、歯の調子が悪くてなのですね。どこの歯の調子が悪くてなのですか？"
        },
        {
            "speaker":"U",
            "time":"18.10.2020 11:59:45",
            "turn-index":15,
            "utterance":"犬歯の横あたりですね"
        },
        {
            "speaker":"S",
            "time":"18.10.2020 11:59:46",
            "turn-index":16,
            "utterance":"犬歯の横あたりなのですね。なんで犬歯の横あたりなのですか？"
        },
        {
            "speaker":"U",
            "time":"18.10.2020 12:00:02",
            "turn-index":17,
            "utterance":"色々食べるからかすが溜まりやすいんだと思います"
        },
        {
            "speaker":"S",
            "time":"18.10.2020 12:00:04",
            "turn-index":18,
            "utterance":"うんうん、かすが溜まりやすいんだと思いますのね。どうしてかすが溜まりやすいんだと思いますか？"
        },
        {
            "speaker":"U",
            "time":"18.10.2020 12:00:14",
            "turn-index":19,
            "utterance":"かみちぎりますしね"
        },
        {
            "speaker":"S",
            "time":"18.10.2020 12:00:15",
            "turn-index":20,
            "utterance":"ふむふむ、かみちぎりますのね。誰がかみちぎりますか？"
        },
        {
            "speaker":"U",
            "time":"18.10.2020 12:00:19",
            "turn-index":21,
            "utterance":"私です"
        },
        {
            "speaker":"S",
            "time":"18.10.2020 12:00:20",
            "turn-index":22,
            "utterance":"うんうん、私なのですね。"
        },
        {
            "speaker":"U",
            "time":"18.10.2020 12:00:26",
            "turn-index":23,
            "utterance":"えぇ食いしん坊なので"
        },
        {
            "speaker":"S",
            "time":"18.10.2020 12:00:27",
            "turn-index":24,
            "utterance":"へぇ～どうしてえぇ食いしん坊なのですか？"
        },
        {
            "speaker":"U",
            "time":"18.10.2020 12:00:38",
            "turn-index":25,
            "utterance":"おいしいものを食べるのが趣味だからです"
        },
        {
            "speaker":"S",
            "time":"18.10.2020 12:00:41",
            "turn-index":26,
            "utterance":"おいしいものを食べるのが趣味なのですね。どんなおいしいものを食べるのが趣味なのですか？"
        },
        {
            "speaker":"U",
            "time":"18.10.2020 12:00:55",
            "turn-index":27,
            "utterance":"そうですねぇ、主にお菓子です"
        },
        {
            "speaker":"S",
            "time":"18.10.2020 12:00:56",
            "turn-index":28,
            "utterance":"そうなんですね！あ、そろそろ時間ですね。ありがとうございました。お話できて楽しかったです！"
        },
        {
            "speaker":"U",
            "time":"18.10.2020 12:01:02",
            "turn-index":29,
            "utterance":"こちらこそ"
        },
        {
            "speaker":"S",
            "time":"18.10.2020 12:01:02",
            "turn-index":30,
            "utterance":"ではまた、どこかでお会いしましょう！さようなら～"
        }
    ]
}