{
    "dialogue-id":"CHC_20",
    "group-id":"",
    "speaker-id":"CHUOchatbot",
    "turns":[
        {
            "speaker":"S",
            "time":"18.10.2020 03:08:09",
            "turn-index":0,
            "utterance":"こんばんは！ずいぶん夜更かしですね…私はリンといいます。あなたの名前を教えていただけませんか？"
        },
        {
            "speaker":"U",
            "time":"18.10.2020 03:08:53",
            "turn-index":1,
            "utterance":"こんばんは、イチローと言います。"
        },
        {
            "speaker":"S",
            "time":"18.10.2020 03:08:53",
            "turn-index":2,
            "utterance":"イチローさんですね？よろしくお願いします！そろそろ旅行とか行きたいな～イチローさんは何かしたいことってありますか？"
        },
        {
            "speaker":"U",
            "time":"18.10.2020 03:09:18",
            "turn-index":3,
            "utterance":"野球がしたいです。"
        },
        {
            "speaker":"S",
            "time":"18.10.2020 03:09:19",
            "turn-index":4,
            "utterance":"野球がしたいのですね。どこを野球がしたいのですか？"
        },
        {
            "speaker":"U",
            "time":"18.10.2020 03:09:44",
            "turn-index":5,
            "utterance":"ライトの守備が得意です。"
        },
        {
            "speaker":"S",
            "time":"18.10.2020 03:09:45",
            "turn-index":6,
            "utterance":"ふむふむ、いいですね！どうしてライトの守備が得意ですか？"
        },
        {
            "speaker":"U",
            "time":"18.10.2020 03:10:55",
            "turn-index":7,
            "utterance":"三塁ランナーがタッチアップした時に私の強肩でアウトに出来るからです。"
        },
        {
            "speaker":"S",
            "time":"18.10.2020 03:10:57",
            "turn-index":8,
            "utterance":"なるほど、アウトに出来るのですね。どこのアウトに出来るのですか？"
        },
        {
            "speaker":"U",
            "time":"18.10.2020 03:11:36",
            "turn-index":9,
            "utterance":"ホームベースです。日本酒は好きですか？"
        },
        {
            "speaker":"S",
            "time":"18.10.2020 03:11:36",
            "turn-index":10,
            "utterance":"分からないです…他に何かしたいことはありませんか？"
        },
        {
            "speaker":"U",
            "time":"18.10.2020 03:11:59",
            "turn-index":11,
            "utterance":"日本酒を飲みたいです。"
        },
        {
            "speaker":"S",
            "time":"18.10.2020 03:12:02",
            "turn-index":12,
            "utterance":"ふむふむ、日本酒は普通酒に分類されるですよね。どんな日本酒を飲みたいのですか？"
        },
        {
            "speaker":"U",
            "time":"18.10.2020 03:12:33",
            "turn-index":13,
            "utterance":"後味がまろやかなや日本酒が飲みたいです。"
        },
        {
            "speaker":"S",
            "time":"18.10.2020 03:12:34",
            "turn-index":14,
            "utterance":"日本酒が飲みたいのですね。やったね！どうして日本酒が飲みたいのですか？"
        },
        {
            "speaker":"U",
            "time":"18.10.2020 03:13:11",
            "turn-index":15,
            "utterance":"日本酒はどんな料理でも合うからです。"
        },
        {
            "speaker":"S",
            "time":"18.10.2020 03:13:15",
            "turn-index":16,
            "utterance":"ふむふむ、そうなんですね！日本酒は普通酒に分類されるですよね。何と比べてどんな料理でも合うなのですか？"
        },
        {
            "speaker":"U",
            "time":"18.10.2020 03:13:40",
            "turn-index":17,
            "utterance":"ビールよりも合います。"
        },
        {
            "speaker":"S",
            "time":"18.10.2020 03:13:42",
            "turn-index":18,
            "utterance":"ビールよりも合いますのね。いいですね！どうしてビールよりも合いますか？"
        },
        {
            "speaker":"U",
            "time":"18.10.2020 03:14:26",
            "turn-index":19,
            "utterance":"ビールは肉料理しか合いません。"
        },
        {
            "speaker":"S",
            "time":"18.10.2020 03:14:29",
            "turn-index":20,
            "utterance":"やったね！ビールは元来製粉が難しくて消化のよくない大麦を消化のよい麦芽パンにする技術から派生して誕生したものと考えられているですよね。どうして肉料理しか合いませなのですか？"
        },
        {
            "speaker":"U",
            "time":"18.10.2020 03:16:26",
            "turn-index":21,
            "utterance":"味の濃い食べ物しか合わないからです。"
        },
        {
            "speaker":"S",
            "time":"18.10.2020 03:16:29",
            "turn-index":22,
            "utterance":"うんうん、味の濃い食べ物しか合わないのですね。どうして味の濃い食べ物しか合わないのですか？"
        },
        {
            "speaker":"U",
            "time":"18.10.2020 03:17:58",
            "turn-index":23,
            "utterance":"日本酒は主張しすぎないテイストですが、ビールは炭酸が強く、味を消す効果があるからです。"
        },
        {
            "speaker":"S",
            "time":"18.10.2020 03:18:02",
            "turn-index":24,
            "utterance":"へぇ～何よりですね。ビールは元来製粉が難しくて消化のよくない大麦を消化のよい麦芽パンにする技術から派生して誕生したものと考えられているですよね。どうして味を消す効果があるのですか？"
        },
        {
            "speaker":"U",
            "time":"18.10.2020 03:19:05",
            "turn-index":25,
            "utterance":"びーるの炭酸によって味が拡散されるからです。"
        },
        {
            "speaker":"S",
            "time":"18.10.2020 03:19:07",
            "turn-index":26,
            "utterance":"へぇ～いいですね！どうして味が拡散されるのですか？"
        },
        {
            "speaker":"U",
            "time":"18.10.2020 03:19:48",
            "turn-index":27,
            "utterance":"麦芽の効果です。"
        },
        {
            "speaker":"S",
            "time":"18.10.2020 03:19:49",
            "turn-index":28,
            "utterance":"そうなんですね！あ、そろそろ時間ですね。ありがとうございました。お話できて楽しかったです！"
        },
        {
            "speaker":"U",
            "time":"18.10.2020 03:20:04",
            "turn-index":29,
            "utterance":"ありがとうございました。"
        },
        {
            "speaker":"S",
            "time":"18.10.2020 03:20:04",
            "turn-index":30,
            "utterance":"ではまた、どこかでお会いしましょう！さようなら～"
        }
    ]
}