{
    "dialogue-id":"CHC_04",
    "group-id":"",
    "speaker-id":"CHUOchatbot",
    "turns":[
        {
            "speaker":"S",
            "time":"18.10.2020 15:11:08",
            "turn-index":0,
            "utterance":"こんにちは！だんだん日が短くなってきましたね。私はリンといいます。あなたの名前を教えていただけませんか？"
        },
        {
            "speaker":"U",
            "time":"18.10.2020 15:12:20",
            "turn-index":1,
            "utterance":"oですよろしくね。Ｅスポーツって知ってる？"
        },
        {
            "speaker":"S",
            "time":"18.10.2020 15:12:20",
            "turn-index":2,
            "utterance":"スポーツさんですね？よろしくお願いします！そろそろ旅行とか行きたいな～スポーツさんは何かしたいことってありますか？"
        },
        {
            "speaker":"U",
            "time":"18.10.2020 15:12:49",
            "turn-index":3,
            "utterance":"Eスポーツがしたいかな"
        },
        {
            "speaker":"S",
            "time":"18.10.2020 15:12:50",
            "turn-index":4,
            "utterance":"Eスポーツがしたいのですね。何にEスポーツがしたいのですか？"
        },
        {
            "speaker":"U",
            "time":"18.10.2020 15:14:00",
            "turn-index":5,
            "utterance":"Ｅスポーツについて知ってることを教えて"
        },
        {
            "speaker":"S",
            "time":"18.10.2020 15:14:01",
            "turn-index":6,
            "utterance":"なぜ知ってることを教えてなのですか？"
        },
        {
            "speaker":"U",
            "time":"18.10.2020 15:14:40",
            "turn-index":7,
            "utterance":"リンさんがどのくらい知ってるか気になったんだよ"
        },
        {
            "speaker":"S",
            "time":"18.10.2020 15:14:41",
            "turn-index":8,
            "utterance":"なるほど、気になったのですね。大変そうですね…"
        },
        {
            "speaker":"U",
            "time":"18.10.2020 15:15:40",
            "turn-index":9,
            "utterance":"普段ゲームをしますか？"
        },
        {
            "speaker":"S",
            "time":"18.10.2020 15:15:41",
            "turn-index":10,
            "utterance":"どうなんでしょうね？あなたの場合はどうですか？"
        },
        {
            "speaker":"U",
            "time":"18.10.2020 15:16:12",
            "turn-index":11,
            "utterance":"私は時々しますよ。例えばカプコンのゲームとかをします"
        },
        {
            "speaker":"S",
            "time":"18.10.2020 15:16:13",
            "turn-index":12,
            "utterance":"へぇ～カプコンのゲームとかをしますのね。"
        },
        {
            "speaker":"U",
            "time":"18.10.2020 15:16:33",
            "turn-index":13,
            "utterance":"カプコンって知ってますか"
        },
        {
            "speaker":"S",
            "time":"18.10.2020 15:16:34",
            "turn-index":14,
            "utterance":"うんうん、カプコンって知ってますのね。"
        },
        {
            "speaker":"U",
            "time":"18.10.2020 15:16:46",
            "turn-index":15,
            "utterance":"カプコンは有名だよ"
        },
        {
            "speaker":"S",
            "time":"18.10.2020 15:16:47",
            "turn-index":16,
            "utterance":"ふむふむ、カプコンは有名だのですね。"
        },
        {
            "speaker":"U",
            "time":"18.10.2020 15:17:12",
            "turn-index":17,
            "utterance":"あまりこういうこと知らないんだね"
        },
        {
            "speaker":"S",
            "time":"18.10.2020 15:17:13",
            "turn-index":18,
            "utterance":"なるほど、何をこういうこと知らないのですか？"
        },
        {
            "speaker":"U",
            "time":"18.10.2020 15:17:55",
            "turn-index":19,
            "utterance":"カプコンのゲームは楽しいよ"
        },
        {
            "speaker":"S",
            "time":"18.10.2020 15:17:58",
            "turn-index":20,
            "utterance":"ゲームは、勝負、または勝敗を決めることですよね。どこのカプコンのゲームは楽しいのですか？"
        },
        {
            "speaker":"U",
            "time":"18.10.2020 15:18:25",
            "turn-index":21,
            "utterance":"カプコンは日本の会社だよ"
        },
        {
            "speaker":"S",
            "time":"18.10.2020 15:18:27",
            "turn-index":22,
            "utterance":"ふむふむ、日本の会社なのですね。"
        },
        {
            "speaker":"U",
            "time":"18.10.2020 15:18:31",
            "turn-index":23,
            "utterance":"そうだよ"
        },
        {
            "speaker":"S",
            "time":"18.10.2020 15:18:32",
            "turn-index":24,
            "utterance":"ふむふむ"
        },
        {
            "speaker":"U",
            "time":"18.10.2020 15:18:45",
            "turn-index":25,
            "utterance":"いいゲームを作ってるんだよ"
        },
        {
            "speaker":"S",
            "time":"18.10.2020 15:18:46",
            "turn-index":26,
            "utterance":"へぇ～いいゲームを作ってるのですね。いいですね！どこでいいゲームを作ってるのですか？"
        },
        {
            "speaker":"U",
            "time":"18.10.2020 15:19:06",
            "turn-index":27,
            "utterance":"どこだろうね"
        },
        {
            "speaker":"S",
            "time":"18.10.2020 15:19:06",
            "turn-index":28,
            "utterance":"そうなんですね！あ、そろそろ時間ですね。ありがとうございました。お話できて楽しかったです！"
        },
        {
            "speaker":"U",
            "time":"18.10.2020 15:19:16",
            "turn-index":29,
            "utterance":"ありがとうございました。"
        },
        {
            "speaker":"S",
            "time":"18.10.2020 15:19:16",
            "turn-index":30,
            "utterance":"ではまた、どこかでお会いしましょう！さようなら～"
        }
    ]
}