{
    "dialogue-id":"CHC_41",
    "group-id":"",
    "speaker-id":"CHUOchatbot",
    "turns":[
        {
            "speaker":"S",
            "time":"17.10.2020 23:07:24",
            "turn-index":0,
            "utterance":"こんばんは！だいぶ夜が更けてきましたね。私はリンといいます。あなたの名前を教えていただけませんか？"
        },
        {
            "speaker":"U",
            "time":"17.10.2020 23:08:11",
            "turn-index":1,
            "utterance":"わたしはアイといいます。"
        },
        {
            "speaker":"S",
            "time":"17.10.2020 23:08:12",
            "turn-index":2,
            "utterance":"アイさんですね？よろしくお願いします！そろそろ旅行とか行きたいな～アイさんは何かしたいことってありますか？"
        },
        {
            "speaker":"U",
            "time":"17.10.2020 23:08:48",
            "turn-index":3,
            "utterance":"動物を飼いたいなって思っています。"
        },
        {
            "speaker":"S",
            "time":"17.10.2020 23:08:53",
            "turn-index":4,
            "utterance":"ふむふむ、動物は、哺乳類、爬虫類、鳥類、両生類、魚類といった脊椎動物はもちろん、貝類、昆虫、サナダムシ、海綿動物|カイメンなど、幅広い種類の生物を含んだ系統群ですよね。どうして動物を飼いたいなって思っていますか？"
        },
        {
            "speaker":"U",
            "time":"17.10.2020 23:09:59",
            "turn-index":5,
            "utterance":"家に一人でいると寂しいので動物を飼いたいって思います。"
        },
        {
            "speaker":"S",
            "time":"17.10.2020 23:10:02",
            "turn-index":6,
            "utterance":"なるほど、大変そうですね…動物は、哺乳類、爬虫類、鳥類、両生類、魚類といった脊椎動物はもちろん、貝類、昆虫、サナダムシ、海綿動物|カイメンなど、幅広い種類の生物を含んだ系統群ですよね。どんな動物を飼いたいって思いますか？"
        },
        {
            "speaker":"U",
            "time":"17.10.2020 23:10:30",
            "turn-index":7,
            "utterance":"えっと猫とかウサギとかがいいかな"
        },
        {
            "speaker":"S",
            "time":"17.10.2020 23:10:31",
            "turn-index":8,
            "utterance":"なるほど、えっと猫とかウサギとかがいいのですね。何をえっと猫とかウサギとかがいいのですか？"
        },
        {
            "speaker":"U",
            "time":"17.10.2020 23:10:52",
            "turn-index":9,
            "utterance":"小さいサイズでかわいいからです。"
        },
        {
            "speaker":"S",
            "time":"17.10.2020 23:10:53",
            "turn-index":10,
            "utterance":"ふむふむ、小さいサイズでかわいいのですね。何を小さいサイズでかわいいのですか？"
        },
        {
            "speaker":"U",
            "time":"17.10.2020 23:11:47",
            "turn-index":11,
            "utterance":"ところでリンさんの好きなコンビニエンスストアを教えてください。"
        },
        {
            "speaker":"S",
            "time":"17.10.2020 23:11:55",
            "turn-index":12,
            "utterance":"ふむふむ、確かに！コンビニエンスストアは、年中無休で長時間の営業を行い、小規模な店舗において主に食品、日用雑貨類など多数の品種を扱う小売|小売店ですよね。どんなコンビニエンスストアを教えてくださいのですか？"
        },
        {
            "speaker":"U",
            "time":"17.10.2020 23:12:33",
            "turn-index":13,
            "utterance":"セブンイレブンは好きですか？"
        },
        {
            "speaker":"S",
            "time":"17.10.2020 23:12:34",
            "turn-index":14,
            "utterance":"どうなんでしょうね？あなたの場合はどうですか？"
        },
        {
            "speaker":"U",
            "time":"17.10.2020 23:12:59",
            "turn-index":15,
            "utterance":"わたしは、コンビニエンスストアのなかでは、セブンイレブンが好きです。"
        },
        {
            "speaker":"S",
            "time":"17.10.2020 23:13:00",
            "turn-index":16,
            "utterance":"ふむふむ、セブンイレブンが好きなんですね。いいですね！何をセブンイレブンが好きですか？"
        },
        {
            "speaker":"U",
            "time":"17.10.2020 23:13:30",
            "turn-index":17,
            "utterance":"お弁当がおいしいところが好きです。"
        },
        {
            "speaker":"S",
            "time":"17.10.2020 23:13:33",
            "turn-index":18,
            "utterance":"ふむふむ、お弁当がおいしいところが好きなんですね。"
        },
        {
            "speaker":"U",
            "time":"17.10.2020 23:13:55",
            "turn-index":19,
            "utterance":"そうです。あと菓子パンもおいしいです。"
        },
        {
            "speaker":"S",
            "time":"17.10.2020 23:13:57",
            "turn-index":20,
            "utterance":"菓子パンもおいしいのですね。何よりですね。どこに菓子パンもおいしいのですか？"
        },
        {
            "speaker":"U",
            "time":"17.10.2020 23:14:31",
            "turn-index":21,
            "utterance":"味が高級な感じがします。"
        },
        {
            "speaker":"S",
            "time":"17.10.2020 23:14:35",
            "turn-index":22,
            "utterance":"なるほど、味が高級な感じがしますのね。確かに！何のために味が高級な感じがしますか？"
        },
        {
            "speaker":"U",
            "time":"17.10.2020 23:15:03",
            "turn-index":23,
            "utterance":"なんだろう、難しいな。材料が良いのかな？"
        },
        {
            "speaker":"S",
            "time":"17.10.2020 23:15:05",
            "turn-index":24,
            "utterance":"どうなんでしょうね？あなたの場合はどうですか？"
        },
        {
            "speaker":"U",
            "time":"17.10.2020 23:15:44",
            "turn-index":25,
            "utterance":"うん材料がいいんだと思います。"
        },
        {
            "speaker":"S",
            "time":"17.10.2020 23:15:46",
            "turn-index":26,
            "utterance":"なるほど、材料がいいんだと思いますのね。そうなんですね！どんな材料がいいんだと思いますか？"
        },
        {
            "speaker":"U",
            "time":"17.10.2020 23:16:16",
            "turn-index":27,
            "utterance":"小麦粉とかたまごとか牛乳とかかな？"
        },
        {
            "speaker":"S",
            "time":"17.10.2020 23:16:17",
            "turn-index":28,
            "utterance":"そうなんですね！あ、そろそろ時間ですね。ありがとうございました。お話できて楽しかったです！"
        },
        {
            "speaker":"U",
            "time":"17.10.2020 23:16:28",
            "turn-index":29,
            "utterance":"ありがとうございました。"
        },
        {
            "speaker":"S",
            "time":"17.10.2020 23:16:29",
            "turn-index":30,
            "utterance":"ではまた、どこかでお会いしましょう！さようなら～"
        }
    ]
}