{
    "dialogue-id":"CHC_34",
    "group-id":"",
    "speaker-id":"CHUOchatbot",
    "turns":[
        {
            "speaker":"S",
            "time":"18.10.2020 11:50:38",
            "turn-index":0,
            "utterance":"こんにちは！そろそろお昼の時間ですね。私はリンといいます。あなたの名前を教えていただけませんか？"
        },
        {
            "speaker":"U",
            "time":"18.10.2020 11:51:14",
            "turn-index":1,
            "utterance":"こんにちは、リンさん。私はONといいます。"
        },
        {
            "speaker":"S",
            "time":"18.10.2020 11:51:14",
            "turn-index":2,
            "utterance":"ONさんですね？よろしくお願いします！そろそろ旅行とか行きたいな～ONさんは何かしたいことってありますか？"
        },
        {
            "speaker":"U",
            "time":"18.10.2020 11:52:12",
            "turn-index":3,
            "utterance":"私はビットコインを買おうか迷っています。買った方がいいですかね？"
        },
        {
            "speaker":"S",
            "time":"18.10.2020 11:52:12",
            "turn-index":4,
            "utterance":"どうなんでしょう…他に何かしたいことはありませんか？"
        },
        {
            "speaker":"U",
            "time":"18.10.2020 11:52:40",
            "turn-index":5,
            "utterance":"他にはないですね・・・。リンさんはビットコインは詳しくないんですか？"
        },
        {
            "speaker":"S",
            "time":"18.10.2020 11:52:41",
            "turn-index":6,
            "utterance":"どうなんでしょう…他に何かしたいことはありませんか？"
        },
        {
            "speaker":"U",
            "time":"18.10.2020 11:53:19",
            "turn-index":7,
            "utterance":"ビットコインを買って資産を増やしたいと思っています。"
        },
        {
            "speaker":"S",
            "time":"18.10.2020 11:53:24",
            "turn-index":8,
            "utterance":"そうなんですね！どんな資産を増やしたいと思っていますか？"
        },
        {
            "speaker":"U",
            "time":"18.10.2020 11:54:04",
            "turn-index":9,
            "utterance":"ビットコインで沢山資産を増やしたいですね。"
        },
        {
            "speaker":"S",
            "time":"18.10.2020 11:54:07",
            "turn-index":10,
            "utterance":"へぇ～いいですね！資産とは、会計学用語であり、財務会計および簿記における勘定科目の区分の一つですよね。いつ資産を増やしたいのですか？"
        },
        {
            "speaker":"U",
            "time":"18.10.2020 11:54:38",
            "turn-index":11,
            "utterance":"会計学に詳しいんですね。そうだなあ、１年後くらいですかね。"
        },
        {
            "speaker":"S",
            "time":"18.10.2020 11:54:39",
            "turn-index":12,
            "utterance":"そうなんですね～"
        },
        {
            "speaker":"U",
            "time":"18.10.2020 11:56:09",
            "turn-index":13,
            "utterance":"ところで、最近またマクロスFを観返そうかと思ってるんですよ。"
        },
        {
            "speaker":"S",
            "time":"18.10.2020 11:56:11",
            "turn-index":14,
            "utterance":"なるほど、マクロスFを観返そうかと思ってるのですね。どうしてマクロスFを観返そうかと思ってるのですか？"
        },
        {
            "speaker":"U",
            "time":"18.10.2020 11:56:52",
            "turn-index":15,
            "utterance":"放送当時も観たんですが、面白かったのでまた観たいなあと思ったからですね。"
        },
        {
            "speaker":"S",
            "time":"18.10.2020 11:56:54",
            "turn-index":16,
            "utterance":"へぇ～面白かったのでまた観たいなあと思ったのですね。良かったですね！"
        },
        {
            "speaker":"U",
            "time":"18.10.2020 11:57:13",
            "turn-index":17,
            "utterance":"そうですね。リンさんはマクロスF知ってますか？"
        },
        {
            "speaker":"S",
            "time":"18.10.2020 11:57:13",
            "turn-index":18,
            "utterance":"どうなんでしょうね？あなたの場合はどうですか？"
        },
        {
            "speaker":"U",
            "time":"18.10.2020 11:57:41",
            "turn-index":19,
            "utterance":"結構知ってると思います。歌が印象的なアニメだったので。"
        },
        {
            "speaker":"S",
            "time":"18.10.2020 11:57:43",
            "turn-index":20,
            "utterance":"へぇ～印象的なアニメなのですね。いいですね！どんな印象的なアニメなのですか？"
        },
        {
            "speaker":"U",
            "time":"18.10.2020 11:58:34",
            "turn-index":21,
            "utterance":"ヒロインが２人いて、どちらもいい歌を歌っていたから印象に残っているのかな。"
        },
        {
            "speaker":"S",
            "time":"18.10.2020 11:58:36",
            "turn-index":22,
            "utterance":"ふむふむ、印象に残っているのですね。そうなんですね！どうして印象に残っているのですか？"
        },
        {
            "speaker":"U",
            "time":"18.10.2020 11:59:15",
            "turn-index":23,
            "utterance":"学生時代に観たアニメってこともあるのかも。"
        },
        {
            "speaker":"S",
            "time":"18.10.2020 11:59:16",
            "turn-index":24,
            "utterance":"うんうん、こともあるのですね。どうしてこともあるのですか？"
        },
        {
            "speaker":"U",
            "time":"18.10.2020 12:00:05",
            "turn-index":25,
            "utterance":"若い時に観たアニメだから印象に残っているのかもしれないですね。リンさんもマクロスF観てみたらどうですか？"
        },
        {
            "speaker":"S",
            "time":"18.10.2020 12:00:06",
            "turn-index":26,
            "utterance":"分からないです…他に何かしたいことはありませんか？"
        },
        {
            "speaker":"U",
            "time":"18.10.2020 12:00:53",
            "turn-index":27,
            "utterance":"マクロスFについてもっと語りたいなあ。"
        },
        {
            "speaker":"S",
            "time":"18.10.2020 12:00:53",
            "turn-index":28,
            "utterance":"そうなんですね！あ、そろそろ時間ですね。ありがとうございました。お話できて楽しかったです！"
        },
        {
            "speaker":"U",
            "time":"18.10.2020 12:01:06",
            "turn-index":29,
            "utterance":"ありがとう。"
        },
        {
            "speaker":"S",
            "time":"18.10.2020 12:01:07",
            "turn-index":30,
            "utterance":"ではまた、どこかでお会いしましょう！さようなら～"
        }
    ]
}