{
    "dialogue-id":"CHC_43",
    "group-id":"",
    "speaker-id":"CHUOchatbot",
    "turns":[
        {
            "speaker":"S",
            "time":"18.10.2020 13:08:23",
            "turn-index":0,
            "utterance":"こんにちは！お昼食べたら眠くなってきました…私はリンといいます。あなたの名前を教えていただけませんか？"
        },
        {
            "speaker":"U",
            "time":"18.10.2020 13:09:06",
            "turn-index":1,
            "utterance":"こんにちは！私は、まさ、と申します。よろしくお願いします。"
        },
        {
            "speaker":"S",
            "time":"18.10.2020 13:09:06",
            "turn-index":2,
            "utterance":"ますさんですね？よろしくお願いします！そろそろ旅行とか行きたいな～ますさんは何かしたいことってありますか？"
        },
        {
            "speaker":"U",
            "time":"18.10.2020 13:10:36",
            "turn-index":3,
            "utterance":"ますじゃなくて、まさと申します。したいことは、動物と触れ合って、癒されたいですね。"
        },
        {
            "speaker":"S",
            "time":"18.10.2020 13:10:37",
            "turn-index":4,
            "utterance":"ふむふむ、何よりですね。どこの動物と触れ合って癒されたいのですか？"
        },
        {
            "speaker":"U",
            "time":"18.10.2020 13:11:09",
            "turn-index":5,
            "utterance":"猫カフェに行って、猫と触れ合ってみたいですね。"
        },
        {
            "speaker":"S",
            "time":"18.10.2020 13:11:11",
            "turn-index":6,
            "utterance":"うんうん、猫と触れ合ってなのですね。"
        },
        {
            "speaker":"U",
            "time":"18.10.2020 13:11:41",
            "turn-index":7,
            "utterance":"猫カフェには、様々な猫が何匹もいますので、猫好きにとってはたまりません。"
        },
        {
            "speaker":"S",
            "time":"18.10.2020 13:11:44",
            "turn-index":8,
            "utterance":"うんうん、いいですね！どこの猫好きにとってはたまりませなのですか？"
        },
        {
            "speaker":"U",
            "time":"18.10.2020 13:12:11",
            "turn-index":9,
            "utterance":"どこということはないですが、猫好きなら誰でもって感じですね。"
        },
        {
            "speaker":"S",
            "time":"18.10.2020 13:12:13",
            "turn-index":10,
            "utterance":"うんうん、誰でもって感じなのですね。どうして誰でもって感じなのですか？"
        },
        {
            "speaker":"U",
            "time":"18.10.2020 13:12:30",
            "turn-index":11,
            "utterance":"猫好きなら、誰でも猫が好きですから。"
        },
        {
            "speaker":"S",
            "time":"18.10.2020 13:12:32",
            "turn-index":12,
            "utterance":"猫が好きなんですね。良かったですね！どこの猫が好きですか？"
        },
        {
            "speaker":"U",
            "time":"18.10.2020 13:13:57",
            "turn-index":13,
            "utterance":"日本の猫が好きですね。ところで、リンさんは、マンモスはお好きですか？"
        },
        {
            "speaker":"S",
            "time":"18.10.2020 13:13:57",
            "turn-index":14,
            "utterance":"どうなんでしょうね？あなたの場合はどうですか？"
        },
        {
            "speaker":"U",
            "time":"18.10.2020 13:14:34",
            "turn-index":15,
            "utterance":"マンモスは、絶滅してしまいましたが、実際は象のように、のんびりとした性格でかわいいと思うので、好きですよ。"
        },
        {
            "speaker":"S",
            "time":"18.10.2020 13:14:38",
            "turn-index":16,
            "utterance":"のんびりとした性格でかわいいと思うので好きなんですね。何をのんびりとした性格でかわいいと思うので好きですか？"
        },
        {
            "speaker":"U",
            "time":"18.10.2020 13:15:04",
            "turn-index":17,
            "utterance":"マンモスを、です。"
        },
        {
            "speaker":"S",
            "time":"18.10.2020 13:15:05",
            "turn-index":18,
            "utterance":"うんうん、マンモスなのですね。なんでマンモスなのですか？"
        },
        {
            "speaker":"U",
            "time":"18.10.2020 13:15:36",
            "turn-index":19,
            "utterance":"実際に骨格の標本を見たことがあって、大きさに圧倒されたことがあったからです。"
        },
        {
            "speaker":"S",
            "time":"18.10.2020 13:15:38",
            "turn-index":20,
            "utterance":"大きさに圧倒されたことがあったのですね。"
        },
        {
            "speaker":"U",
            "time":"18.10.2020 13:17:24",
            "turn-index":21,
            "utterance":"そうなんですよ。マンモスの展示があるところがったら、リンさんも、ぜひ行ってみて下さい。"
        },
        {
            "speaker":"S",
            "time":"18.10.2020 13:17:25",
            "turn-index":22,
            "utterance":"へぇ～ぜひ行ってみて下さいのですね。何をぜひ行ってみて下さいのですか？"
        },
        {
            "speaker":"U",
            "time":"18.10.2020 13:18:10",
            "turn-index":23,
            "utterance":"マンモス展に、リンさんもぜひ行ってみて下さいということです。"
        },
        {
            "speaker":"S",
            "time":"18.10.2020 13:18:11",
            "turn-index":24,
            "utterance":"なるほど、ぜひ行ってみて下さいということなのですね。なぜぜひ行ってみて下さいということなのですか？"
        },
        {
            "speaker":"U",
            "time":"18.10.2020 13:18:29",
            "turn-index":25,
            "utterance":"マンモスは迫力がありますので、見て損はないと思うからです。"
        },
        {
            "speaker":"S",
            "time":"18.10.2020 13:18:33",
            "turn-index":26,
            "utterance":"損はないと思うなのですね。どんな損はないと思うなのですか？"
        },
        {
            "speaker":"U",
            "time":"18.10.2020 13:18:51",
            "turn-index":27,
            "utterance":"時間的な損ということになりますかね。"
        },
        {
            "speaker":"S",
            "time":"18.10.2020 13:18:51",
            "turn-index":28,
            "utterance":"そうなんですね！あ、そろそろ時間ですね。ありがとうございました。お話できて楽しかったです！"
        },
        {
            "speaker":"U",
            "time":"18.10.2020 13:18:56",
            "turn-index":29,
            "utterance":"ありがとうございました。"
        },
        {
            "speaker":"S",
            "time":"18.10.2020 13:18:57",
            "turn-index":30,
            "utterance":"ではまた、どこかでお会いしましょう！さようなら～"
        }
    ]
}