{
    "dialogue-id":"CHC_07",
    "group-id":"",
    "speaker-id":"CHUOchatbot",
    "turns":[
        {
            "speaker":"S",
            "time":"18.10.2020 11:54:30",
            "turn-index":0,
            "utterance":"こんにちは！そろそろお昼の時間ですね。私はリンといいます。あなたの名前を教えていただけませんか？"
        },
        {
            "speaker":"U",
            "time":"18.10.2020 11:54:49",
            "turn-index":1,
            "utterance":"私はヒロです。よろしく"
        },
        {
            "speaker":"S",
            "time":"18.10.2020 11:54:50",
            "turn-index":2,
            "utterance":"ヒロさんですね？よろしくお願いします！そろそろ旅行とか行きたいな～ヒロさんは何かしたいことってありますか？"
        },
        {
            "speaker":"U",
            "time":"18.10.2020 11:55:17",
            "turn-index":3,
            "utterance":"すごく遠いけど、木星に行ってみたいなぁ"
        },
        {
            "speaker":"S",
            "time":"18.10.2020 11:55:21",
            "turn-index":4,
            "utterance":"なるほど、木星は太陽系にある惑星の1つで、内側から5番目の公転軌道を周回している第5惑星ですよね。どこの木星に行ってみたいのですか？"
        },
        {
            "speaker":"U",
            "time":"18.10.2020 11:55:59",
            "turn-index":5,
            "utterance":"木星の目の中ってどうなっているのだろう？"
        },
        {
            "speaker":"S",
            "time":"18.10.2020 11:56:00",
            "turn-index":6,
            "utterance":"どうなんでしょうね？あなたの場合はどうですか？"
        },
        {
            "speaker":"U",
            "time":"18.10.2020 11:56:17",
            "turn-index":7,
            "utterance":"いつか行けたらいいのになぁ"
        },
        {
            "speaker":"S",
            "time":"18.10.2020 11:56:20",
            "turn-index":8,
            "utterance":"うんうん、いつか行けたらいいのですね。いいですね！何をいつか行けたらいいのですか？"
        },
        {
            "speaker":"U",
            "time":"18.10.2020 11:56:54",
            "turn-index":9,
            "utterance":"列車とか通ってないのかなぁ"
        },
        {
            "speaker":"S",
            "time":"18.10.2020 11:56:55",
            "turn-index":10,
            "utterance":"列車とか通ってないのですね。"
        },
        {
            "speaker":"U",
            "time":"18.10.2020 11:57:13",
            "turn-index":11,
            "utterance":"銀河鉄道とかできないかなぁ"
        },
        {
            "speaker":"S",
            "time":"18.10.2020 11:57:14",
            "turn-index":12,
            "utterance":"なるほど、銀河鉄道とかできないのですね。"
        },
        {
            "speaker":"U",
            "time":"18.10.2020 11:57:35",
            "turn-index":13,
            "utterance":"できたらメーテルと一緒に行ってみたいなぁ"
        },
        {
            "speaker":"S",
            "time":"18.10.2020 11:57:36",
            "turn-index":14,
            "utterance":"うんうん、確かに！"
        },
        {
            "speaker":"U",
            "time":"18.10.2020 11:57:51",
            "turn-index":15,
            "utterance":"メーテルは美人さんだもんねぇ"
        },
        {
            "speaker":"S",
            "time":"18.10.2020 11:57:52",
            "turn-index":16,
            "utterance":"良かったですね！"
        },
        {
            "speaker":"U",
            "time":"18.10.2020 11:58:05",
            "turn-index":17,
            "utterance":"だけどちょっとミステリアス"
        },
        {
            "speaker":"S",
            "time":"18.10.2020 11:58:06",
            "turn-index":18,
            "utterance":"なるほど、ちょっとミステリアスなのですね。何をちょっとミステリアスなのですか？"
        },
        {
            "speaker":"U",
            "time":"18.10.2020 11:58:25",
            "turn-index":19,
            "utterance":"メーテルって永遠のあこがれですねぇ"
        },
        {
            "speaker":"S",
            "time":"18.10.2020 11:58:26",
            "turn-index":20,
            "utterance":"うんうん、永遠のあこがれなのですね。確かに！なんで永遠のあこがれなのですか？"
        },
        {
            "speaker":"U",
            "time":"18.10.2020 11:59:01",
            "turn-index":21,
            "utterance":"あんな人がそばにいてくれたらいいのになぁ"
        },
        {
            "speaker":"S",
            "time":"18.10.2020 11:59:02",
            "turn-index":22,
            "utterance":"ふむふむ、いいですね！"
        },
        {
            "speaker":"U",
            "time":"18.10.2020 11:59:10",
            "turn-index":23,
            "utterance":"そう思います？"
        },
        {
            "speaker":"S",
            "time":"18.10.2020 11:59:12",
            "turn-index":24,
            "utterance":"うーん、あなたの場合はどうですか？"
        },
        {
            "speaker":"U",
            "time":"18.10.2020 11:59:25",
            "turn-index":25,
            "utterance":"いいですよねぇ"
        },
        {
            "speaker":"S",
            "time":"18.10.2020 11:59:26",
            "turn-index":26,
            "utterance":"どうしていいのですか？"
        },
        {
            "speaker":"U",
            "time":"18.10.2020 11:59:47",
            "turn-index":27,
            "utterance":"メーテルと木星にいつか行ってみたいなぁ"
        },
        {
            "speaker":"S",
            "time":"18.10.2020 11:59:47",
            "turn-index":28,
            "utterance":"そうなんですね！あ、そろそろ時間ですね。ありがとうございました。お話できて楽しかったです！"
        },
        {
            "speaker":"U",
            "time":"18.10.2020 11:59:58",
            "turn-index":29,
            "utterance":"ありがとうございました"
        },
        {
            "speaker":"S",
            "time":"18.10.2020 11:59:59",
            "turn-index":30,
            "utterance":"ではまた、どこかでお会いしましょう！さようなら～"
        }
    ]
}