{
    "dialogue-id":"CHC_33",
    "group-id":"",
    "speaker-id":"CHUOchatbot",
    "turns":[
        {
            "speaker":"S",
            "time":"17.10.2020 23:40:27",
            "turn-index":0,
            "utterance":"こんばんは！だいぶ夜が更けてきましたね。私はリンといいます。あなたの名前を教えていただけませんか？"
        },
        {
            "speaker":"U",
            "time":"17.10.2020 23:40:38",
            "turn-index":1,
            "utterance":"ABCといいます。"
        },
        {
            "speaker":"S",
            "time":"17.10.2020 23:40:38",
            "turn-index":2,
            "utterance":"ABCさんですね？よろしくお願いします！そろそろ旅行とか行きたいな～ABCさんは何かしたいことってありますか？"
        },
        {
            "speaker":"U",
            "time":"17.10.2020 23:40:59",
            "turn-index":3,
            "utterance":"レトロゲームをやりたいですね。カプコンのロックマンとか。"
        },
        {
            "speaker":"S",
            "time":"17.10.2020 23:41:01",
            "turn-index":4,
            "utterance":"ロックマンなのですね。どんなロックマンなのですか？"
        },
        {
            "speaker":"U",
            "time":"17.10.2020 23:42:07",
            "turn-index":5,
            "utterance":"ロックマン5とかですかね。他にもストツーとかカプコンが多いですけど。"
        },
        {
            "speaker":"S",
            "time":"17.10.2020 23:42:09",
            "turn-index":6,
            "utterance":"ストツーとかカプコンが多いのですね。どうしてストツーとかカプコンが多いのですか？"
        },
        {
            "speaker":"U",
            "time":"17.10.2020 23:44:45",
            "turn-index":7,
            "utterance":"家にカプコン製のゲームが多かったんですよね。"
        },
        {
            "speaker":"S",
            "time":"17.10.2020 23:44:48",
            "turn-index":8,
            "utterance":"なるほど、ゲームは、勝負、または勝敗を決めることですよね。どうしてカプコン製のゲームが多かったのですか？"
        },
        {
            "speaker":"U",
            "time":"17.10.2020 23:45:31",
            "turn-index":9,
            "utterance":"家族の誰かが買ってきたんですね。他のカプコンゲーといえばバイオハザードとか。"
        },
        {
            "speaker":"S",
            "time":"17.10.2020 23:45:34",
            "turn-index":10,
            "utterance":"カプコンゲーといえばバイオハザードなのですね。"
        },
        {
            "speaker":"U",
            "time":"17.10.2020 23:46:18",
            "turn-index":11,
            "utterance":"カプコンって今でも続いているシリーズが多くてずっと遊んでます。"
        },
        {
            "speaker":"S",
            "time":"17.10.2020 23:46:21",
            "turn-index":12,
            "utterance":"ずっと遊んでますのね。"
        },
        {
            "speaker":"U",
            "time":"17.10.2020 23:46:53",
            "turn-index":13,
            "utterance":"それにゲームはプレイだけでなくて音楽も良いじゃないですか？"
        },
        {
            "speaker":"S",
            "time":"17.10.2020 23:46:53",
            "turn-index":14,
            "utterance":"うーん、あなたの場合はどうですか？"
        },
        {
            "speaker":"U",
            "time":"17.10.2020 23:47:28",
            "turn-index":15,
            "utterance":"私はゲーム音楽は大好きで、すぎやまこういちさんの曲とか良いですね。"
        },
        {
            "speaker":"S",
            "time":"17.10.2020 23:47:30",
            "turn-index":16,
            "utterance":"いいですね！"
        },
        {
            "speaker":"U",
            "time":"17.10.2020 23:48:42",
            "turn-index":17,
            "utterance":"すぎやまこういちさんはドラクエシリーズの作曲しているので、特に好きな曲が多いです。"
        },
        {
            "speaker":"S",
            "time":"17.10.2020 23:48:45",
            "turn-index":18,
            "utterance":"ふむふむ、特に好きな曲が多いのですね。良かったですね！どこに特に好きな曲が多いのですか？"
        },
        {
            "speaker":"U",
            "time":"17.10.2020 23:50:23",
            "turn-index":19,
            "utterance":"すぎやまこういちさんの代表曲のこの道わが旅とか。"
        },
        {
            "speaker":"S",
            "time":"17.10.2020 23:50:24",
            "turn-index":20,
            "utterance":"なんでこの道わが旅なのですか？"
        },
        {
            "speaker":"U",
            "time":"17.10.2020 23:50:57",
            "turn-index":21,
            "utterance":"ゲームのクライマックスで流れてからでしょうね。"
        },
        {
            "speaker":"S",
            "time":"17.10.2020 23:50:58",
            "turn-index":22,
            "utterance":"ゲームのクライマックスで流れてなのですね。"
        },
        {
            "speaker":"U",
            "time":"17.10.2020 23:51:59",
            "turn-index":23,
            "utterance":"ゲームだけじゃなくてすぎやまこういちさんは亜麻色の髪の乙女とかも有名ですね。"
        },
        {
            "speaker":"S",
            "time":"17.10.2020 23:52:00",
            "turn-index":24,
            "utterance":"亜麻色の髪の乙女とかも有名なんですね。そうなんですね！"
        },
        {
            "speaker":"U",
            "time":"17.10.2020 23:52:27",
            "turn-index":25,
            "utterance":"すぎやまこういちさんの曲で好きな曲はありますか？"
        },
        {
            "speaker":"S",
            "time":"17.10.2020 23:52:27",
            "turn-index":26,
            "utterance":"どうなんでしょう…他に何かしたいことはありませんか？"
        },
        {
            "speaker":"U",
            "time":"17.10.2020 23:53:34",
            "turn-index":27,
            "utterance":"すぎやまこういちさんのベストアルバムとか欲しいです。"
        },
        {
            "speaker":"S",
            "time":"17.10.2020 23:53:34",
            "turn-index":28,
            "utterance":"そうなんですね！あ、そろそろ時間ですね。ありがとうございました。お話できて楽しかったです！"
        },
        {
            "speaker":"U",
            "time":"17.10.2020 23:53:50",
            "turn-index":29,
            "utterance":"いえ、こちらこそどうも。"
        },
        {
            "speaker":"S",
            "time":"17.10.2020 23:53:50",
            "turn-index":30,
            "utterance":"ではまた、どこかでお会いしましょう！さようなら～"
        }
    ]
}