{
    "dialogue-id":"CHC_45",
    "group-id":"",
    "speaker-id":"CHUOchatbot",
    "turns":[
        {
            "speaker":"S",
            "time":"18.10.2020 11:47:43",
            "turn-index":0,
            "utterance":"こんにちは！そろそろお昼の時間ですね。私はリンといいます。あなたの名前を教えていただけませんか？"
        },
        {
            "speaker":"U",
            "time":"18.10.2020 11:48:06",
            "turn-index":1,
            "utterance":"こんにちは、レナと言います。"
        },
        {
            "speaker":"S",
            "time":"18.10.2020 11:48:06",
            "turn-index":2,
            "utterance":"レナさんですね？よろしくお願いします！そろそろ旅行とか行きたいな～レナさんは何かしたいことってありますか？"
        },
        {
            "speaker":"U",
            "time":"18.10.2020 11:48:43",
            "turn-index":3,
            "utterance":"ふくらはぎのマッサージに行きたいです。脚に乳酸が溜まって痛くて。"
        },
        {
            "speaker":"S",
            "time":"18.10.2020 11:48:44",
            "turn-index":4,
            "utterance":"うんうん、大変そうですね…どこを乳酸が溜まって痛くてなのですか？"
        },
        {
            "speaker":"U",
            "time":"18.10.2020 11:49:10",
            "turn-index":5,
            "utterance":"乳酸が溜まりやすいのは膝の裏のリンパのあたりです"
        },
        {
            "speaker":"S",
            "time":"18.10.2020 11:49:11",
            "turn-index":6,
            "utterance":"うんうん、膝の裏のリンパのあたりなのですね。"
        },
        {
            "speaker":"U",
            "time":"18.10.2020 11:49:28",
            "turn-index":7,
            "utterance":"そこをきちんとマッサージすると血流が良くなります。"
        },
        {
            "speaker":"S",
            "time":"18.10.2020 11:49:29",
            "turn-index":8,
            "utterance":"なるほど、血流が良くなりますのね。良かったですね！何のために血流が良くなりますか？"
        },
        {
            "speaker":"U",
            "time":"18.10.2020 11:50:00",
            "turn-index":9,
            "utterance":"とにかく疲れをとるために血行をよくするのです。"
        },
        {
            "speaker":"S",
            "time":"18.10.2020 11:50:02",
            "turn-index":10,
            "utterance":"ふむふむ、血行をよくするのですね。何よりですね。"
        },
        {
            "speaker":"U",
            "time":"18.10.2020 11:50:23",
            "turn-index":11,
            "utterance":"かなり脚が痛いのでて定期的にマッサージに行かないと"
        },
        {
            "speaker":"S",
            "time":"18.10.2020 11:50:25",
            "turn-index":12,
            "utterance":"そうなんですね！脚は、動物の体を支える付属肢ですよね。何をて定期的にマッサージに行かないのですか？"
        },
        {
            "speaker":"U",
            "time":"18.10.2020 11:51:47",
            "turn-index":13,
            "utterance":"マッサージはお金がかかりますからね。"
        },
        {
            "speaker":"S",
            "time":"18.10.2020 11:51:51",
            "turn-index":14,
            "utterance":"へぇ～良かったですね！お金は、次の事象を指しうるですよね。どんなお金がかかりますか？"
        },
        {
            "speaker":"U",
            "time":"18.10.2020 11:52:30",
            "turn-index":15,
            "utterance":"人の手でマッサージするのでその代金ですかね、話は変わりますが、フッ素を塗りに歯医者にも行かないと。"
        },
        {
            "speaker":"S",
            "time":"18.10.2020 11:52:34",
            "turn-index":16,
            "utterance":"ふむふむ、話とは、単語の連続から成る、一連の情報ないしその情報伝達の様式・行動ですよね。どうやって歯医者にも行かないのですか？"
        },
        {
            "speaker":"U",
            "time":"18.10.2020 11:53:01",
            "turn-index":17,
            "utterance":"虫歯を防ぐために歯にフッ素を塗るのですよ。"
        },
        {
            "speaker":"S",
            "time":"18.10.2020 11:53:04",
            "turn-index":18,
            "utterance":"へぇ～フッ素は、原子番号9の元素ですよね。なぜフッ素を塗るのですか？"
        },
        {
            "speaker":"U",
            "time":"18.10.2020 11:53:32",
            "turn-index":19,
            "utterance":"詳しくは分かりませんが、フッ素を歯の表面に塗ると虫歯予防になるらしいです。"
        },
        {
            "speaker":"S",
            "time":"18.10.2020 11:53:34",
            "turn-index":20,
            "utterance":"フッ素は、原子番号9の元素ですよね。いつ虫歯予防になるのですか？"
        },
        {
            "speaker":"U",
            "time":"18.10.2020 11:53:49",
            "turn-index":21,
            "utterance":"おそらく寝ている間に虫歯菌が繁殖するのかと思います。"
        },
        {
            "speaker":"S",
            "time":"18.10.2020 11:53:52",
            "turn-index":22,
            "utterance":"なるほど、虫歯菌が繁殖するのかと思いますのね。そうなんですね…どうして虫歯菌が繁殖するのかと思いますか？"
        },
        {
            "speaker":"U",
            "time":"18.10.2020 11:54:08",
            "turn-index":23,
            "utterance":"就寝時は口腔内の殺菌ができないからじゃないでしょうか"
        },
        {
            "speaker":"S",
            "time":"18.10.2020 11:54:10",
            "turn-index":24,
            "utterance":"うんうん、口腔内の殺菌ができないからじゃないのですね。良かったですね！どうして口腔内の殺菌ができないからじゃないのですか？"
        },
        {
            "speaker":"U",
            "time":"18.10.2020 11:54:39",
            "turn-index":25,
            "utterance":"言い方が分かりにくかったですね、口腔内の殺菌が虫歯予防には大切なのです。"
        },
        {
            "speaker":"S",
            "time":"18.10.2020 11:54:44",
            "turn-index":26,
            "utterance":"確かに！殺菌とは、病原性や有害性を有する糸状菌、細菌などの微生物を死滅させる操作のことですよね。いつ虫歯予防には大切なのですか？"
        },
        {
            "speaker":"U",
            "time":"18.10.2020 11:55:05",
            "turn-index":27,
            "utterance":"特に寝る前はフッ素入りの歯磨き粉を使うのがいいらしいです。"
        },
        {
            "speaker":"S",
            "time":"18.10.2020 11:55:06",
            "turn-index":28,
            "utterance":"そうなんですね！あ、そろそろ時間ですね。ありがとうございました。お話できて楽しかったです！"
        },
        {
            "speaker":"U",
            "time":"18.10.2020 11:55:12",
            "turn-index":29,
            "utterance":"こちらこそありがとう。"
        },
        {
            "speaker":"S",
            "time":"18.10.2020 11:55:13",
            "turn-index":30,
            "utterance":"ではまた、どこかでお会いしましょう！さようなら～"
        }
    ]
}