{
    "dialogue-id":"CHC_06",
    "group-id":"",
    "speaker-id":"CHUOchatbot",
    "turns":[
        {
            "speaker":"S",
            "time":"18.10.2020 02:29:44",
            "turn-index":0,
            "utterance":"こんばんは！ずいぶん夜更かしですね…私はリンといいます。あなたの名前を教えていただけませんか？"
        },
        {
            "speaker":"U",
            "time":"18.10.2020 02:30:05",
            "turn-index":1,
            "utterance":"こんばんは。YAMADAと申します。"
        },
        {
            "speaker":"S",
            "time":"18.10.2020 02:30:05",
            "turn-index":2,
            "utterance":"YAMADAさんですね？よろしくお願いします！そろそろ旅行とか行きたいな～YAMADAさんは何かしたいことってありますか？"
        },
        {
            "speaker":"U",
            "time":"18.10.2020 02:30:38",
            "turn-index":3,
            "utterance":"旅行いいですね。ウイルスバスターの話をしませんか？"
        },
        {
            "speaker":"S",
            "time":"18.10.2020 02:30:39",
            "turn-index":4,
            "utterance":"どうなんでしょうね？あなたの場合はどうですか？"
        },
        {
            "speaker":"U",
            "time":"18.10.2020 02:30:57",
            "turn-index":5,
            "utterance":"以前は、トレンドマイクロのウイルスバスターを利用していました。"
        },
        {
            "speaker":"S",
            "time":"18.10.2020 02:31:00",
            "turn-index":6,
            "utterance":"ウイルスバスターとは、トレンドマイクロが開発するインターネットセキュリティスイートですよね。何のためにウイルスバスターを利用していましたか？"
        },
        {
            "speaker":"U",
            "time":"18.10.2020 02:32:08",
            "turn-index":7,
            "utterance":"当時IT関係の仕事をしていて、ウイルスバスターを色々なシステムで利用しており、自宅のPCでも導入しました。"
        },
        {
            "speaker":"S",
            "time":"18.10.2020 02:32:13",
            "turn-index":8,
            "utterance":"うんうん、ウイルスバスターとは、トレンドマイクロが開発するインターネットセキュリティスイートですよね。どこに自宅のPCでも導入しましたか？"
        },
        {
            "speaker":"U",
            "time":"18.10.2020 02:32:56",
            "turn-index":9,
            "utterance":"自宅や会社、客先などあらゆる所で使用していました。"
        },
        {
            "speaker":"S",
            "time":"18.10.2020 02:32:57",
            "turn-index":10,
            "utterance":"うんうん、あらゆる所で使用していたんですね。何のためにあらゆる所で使用していましたか？"
        },
        {
            "speaker":"U",
            "time":"18.10.2020 02:33:26",
            "turn-index":11,
            "utterance":"コンピューターウィルスから守るためですね。"
        },
        {
            "speaker":"S",
            "time":"18.10.2020 02:33:27",
            "turn-index":12,
            "utterance":"なるほど、コンピューターウィルスから守るためなのですね。"
        },
        {
            "speaker":"U",
            "time":"18.10.2020 02:33:51",
            "turn-index":13,
            "utterance":"そうです。ところで話は変わりますが、桑田佳祐はご存じですか？"
        },
        {
            "speaker":"S",
            "time":"18.10.2020 02:33:51",
            "turn-index":14,
            "utterance":"どうなんでしょう…他に何かしたいことはありませんか？"
        },
        {
            "speaker":"U",
            "time":"18.10.2020 02:34:08",
            "turn-index":15,
            "utterance":"サザンオールスターズはご存じですか？"
        },
        {
            "speaker":"S",
            "time":"18.10.2020 02:34:08",
            "turn-index":16,
            "utterance":"分からないです…他に何かしたいことはありませんか？"
        },
        {
            "speaker":"U",
            "time":"18.10.2020 02:35:03",
            "turn-index":17,
            "utterance":"昭和から平成初期にものすごく人気がありました。"
        },
        {
            "speaker":"S",
            "time":"18.10.2020 02:35:04",
            "turn-index":18,
            "utterance":"人気がありたんですね。やったね！何を人気がありましたか？"
        },
        {
            "speaker":"U",
            "time":"18.10.2020 02:35:35",
            "turn-index":19,
            "utterance":"勝手にシンドバッドなど数々のヒット曲を出していました。"
        },
        {
            "speaker":"S",
            "time":"18.10.2020 02:35:38",
            "turn-index":20,
            "utterance":"ヒット曲とは、ポピュラー音楽の分野においてレコードやCDの売上等のヒットチャートで、ある程度のヒットを記録した曲のことですよね。どんなヒット曲を出していましたか？"
        },
        {
            "speaker":"U",
            "time":"18.10.2020 02:36:43",
            "turn-index":21,
            "utterance":"いとしのエリーなんかはとても有名で名曲です。聞けばすぐわかります。"
        },
        {
            "speaker":"S",
            "time":"18.10.2020 02:36:44",
            "turn-index":22,
            "utterance":"ふむふむ、すぐわかりますのね。確かに！どこにすぐわかりますか？"
        },
        {
            "speaker":"U",
            "time":"18.10.2020 02:37:07",
            "turn-index":23,
            "utterance":"youtubeなんかでもすぐに見つけられると思います。"
        },
        {
            "speaker":"S",
            "time":"18.10.2020 02:37:08",
            "turn-index":24,
            "utterance":"すぐに見つけられると思いますのね。いつすぐに見つけられると思いますか？"
        },
        {
            "speaker":"U",
            "time":"18.10.2020 02:38:02",
            "turn-index":25,
            "utterance":"「サザンオールスターズ」や「桑田佳祐」名曲で検索すればすぐに見つかります。"
        },
        {
            "speaker":"S",
            "time":"18.10.2020 02:38:04",
            "turn-index":26,
            "utterance":"へぇ～良かったですね！どうしてすぐに見つかりますか？"
        },
        {
            "speaker":"U",
            "time":"18.10.2020 02:38:24",
            "turn-index":27,
            "utterance":"とても人気があるアーティストだからでしょうね。"
        },
        {
            "speaker":"S",
            "time":"18.10.2020 02:38:24",
            "turn-index":28,
            "utterance":"そうなんですね！あ、そろそろ時間ですね。ありがとうございました。お話できて楽しかったです！"
        },
        {
            "speaker":"U",
            "time":"18.10.2020 02:38:38",
            "turn-index":29,
            "utterance":"こちらこそありがとうございました。"
        },
        {
            "speaker":"S",
            "time":"18.10.2020 02:38:38",
            "turn-index":30,
            "utterance":"ではまた、どこかでお会いしましょう！さようなら～"
        }
    ]
}