{
    "dialogue-id":"CHC_30",
    "group-id":"",
    "speaker-id":"CHUOchatbot",
    "turns":[
        {
            "speaker":"S",
            "time":"18.10.2020 02:35:34",
            "turn-index":0,
            "utterance":"こんばんは！ずいぶん夜更かしですね…私はリンといいます。あなたの名前を教えていただけませんか？"
        },
        {
            "speaker":"U",
            "time":"18.10.2020 02:38:19",
            "turn-index":1,
            "utterance":"私の名前はロブスターです。八丈島についてお話しましょう"
        },
        {
            "speaker":"S",
            "time":"18.10.2020 02:38:20",
            "turn-index":2,
            "utterance":"スターさんですね？よろしくお願いします！そろそろ旅行とか行きたいな～スターさんは何かしたいことってありますか？"
        },
        {
            "speaker":"U",
            "time":"18.10.2020 02:38:42",
            "turn-index":3,
            "utterance":"ちょうど八丈島に興味が湧いているところです"
        },
        {
            "speaker":"S",
            "time":"18.10.2020 02:38:45",
            "turn-index":4,
            "utterance":"興味が湧いているところなのですね。何よりですね。どんな興味が湧いているところなのですか？"
        },
        {
            "speaker":"U",
            "time":"18.10.2020 02:39:34",
            "turn-index":5,
            "utterance":"亜熱帯ということで植生なども独特だと思いますし、自然をメインに観光してみたいです"
        },
        {
            "speaker":"S",
            "time":"18.10.2020 02:39:39",
            "turn-index":6,
            "utterance":"なるほど、何よりですね。自然は人間文化と対峙するという見方」「自然のなかに文化的模範を見つけるべきとする見方」「自然と人造物が一体となるのが文化的景観とする見方」等々が自然観である{{要出典|date=2011-8}}ですよね。どんな自然をメインに観光してなのですか？"
        },
        {
            "speaker":"U",
            "time":"18.10.2020 02:40:21",
            "turn-index":7,
            "utterance":"海に面した絶景も気になりますし、特有の植物や動物がいないかをメインにしたいです"
        },
        {
            "speaker":"S",
            "time":"18.10.2020 02:40:23",
            "turn-index":8,
            "utterance":"うんうん、メインにしたいのですね。どこのメインにしたいのですか？"
        },
        {
            "speaker":"U",
            "time":"18.10.2020 02:40:41",
            "turn-index":9,
            "utterance":"八丈島観光のですよ？"
        },
        {
            "speaker":"S",
            "time":"18.10.2020 02:40:42",
            "turn-index":10,
            "utterance":"どうなんでしょう…他に何かしたいことはありませんか？"
        },
        {
            "speaker":"U",
            "time":"18.10.2020 02:41:38",
            "turn-index":11,
            "utterance":"屋久島にもぜひ行ってみたいですね"
        },
        {
            "speaker":"S",
            "time":"18.10.2020 02:41:39",
            "turn-index":12,
            "utterance":"へぇ～ぜひ行ってなのですね。どこでぜひ行ってなのですか？"
        },
        {
            "speaker":"U",
            "time":"18.10.2020 02:42:03",
            "turn-index":13,
            "utterance":"屋久島ですよ屋久島。ちゃんと見てください"
        },
        {
            "speaker":"S",
            "time":"18.10.2020 02:42:04",
            "turn-index":14,
            "utterance":"うんうん、屋久島ですよ屋久島ちゃんと見てくださいのですね。何よりですね。どうして屋久島ですよ屋久島ちゃんと見てくださいのですか？"
        },
        {
            "speaker":"U",
            "time":"18.10.2020 02:42:39",
            "turn-index":15,
            "utterance":"あなたがあんまり集中してないみたいだったから屋久島って繰り返し書いてるんですよ"
        },
        {
            "speaker":"S",
            "time":"18.10.2020 02:42:41",
            "turn-index":16,
            "utterance":"うんうん、あなたは、特定の人物を直接呼ぶ際に用いる人称名詞ですよね。どうして屋久島って繰り返し書いてるのですか？"
        },
        {
            "speaker":"U",
            "time":"18.10.2020 02:43:15",
            "turn-index":17,
            "utterance":"屋久島の話がしたいのにあなたがあんまり気乗りしないみたいだから"
        },
        {
            "speaker":"S",
            "time":"18.10.2020 02:43:16",
            "turn-index":18,
            "utterance":"なるほど、あんまり気乗りしないのですね。なんであんまり気乗りしないのですか？"
        },
        {
            "speaker":"U",
            "time":"18.10.2020 02:43:31",
            "turn-index":19,
            "utterance":"私は屋久島の話がしたくてたまらないですよ？"
        },
        {
            "speaker":"S",
            "time":"18.10.2020 02:43:32",
            "turn-index":20,
            "utterance":"分からないです…他に何かしたいことはありませんか？"
        },
        {
            "speaker":"U",
            "time":"18.10.2020 02:43:47",
            "turn-index":21,
            "utterance":"屋久島の話がしたいです"
        },
        {
            "speaker":"S",
            "time":"18.10.2020 02:43:48",
            "turn-index":22,
            "utterance":"うんうん、屋久島の話がしたいのですね。何を屋久島の話がしたいのですか？"
        },
        {
            "speaker":"U",
            "time":"18.10.2020 02:44:08",
            "turn-index":23,
            "utterance":"屋久島にはどんな観光スポットがあるか知りませんか？"
        },
        {
            "speaker":"S",
            "time":"18.10.2020 02:44:08",
            "turn-index":24,
            "utterance":"うーん、あなたの場合はどうですか？"
        },
        {
            "speaker":"U",
            "time":"18.10.2020 02:44:28",
            "turn-index":25,
            "utterance":"僕もよくわからないので、こうやってたずねてみています"
        },
        {
            "speaker":"S",
            "time":"18.10.2020 02:44:30",
            "turn-index":26,
            "utterance":"どんなこうやってたずねてみていますか？"
        },
        {
            "speaker":"U",
            "time":"18.10.2020 02:44:57",
            "turn-index":27,
            "utterance":"大丈夫ですか？一緒に屋久島に休暇にいきますか？"
        },
        {
            "speaker":"S",
            "time":"18.10.2020 02:44:58",
            "turn-index":28,
            "utterance":"そうなんですね！あ、そろそろ時間ですね。ありがとうございました。お話できて楽しかったです！"
        },
        {
            "speaker":"U",
            "time":"18.10.2020 02:45:53",
            "turn-index":29,
            "utterance":"こちらこそ。旅行行けるといいですね"
        },
        {
            "speaker":"S",
            "time":"18.10.2020 02:45:53",
            "turn-index":30,
            "utterance":"ではまた、どこかでお会いしましょう！さようなら～"
        }
    ]
}