{
    "dialogue-id":"CHC_15",
    "group-id":"",
    "speaker-id":"CHUOchatbot",
    "turns":[
        {
            "speaker":"S",
            "time":"18.10.2020 12:46:51",
            "turn-index":0,
            "utterance":"こんにちは！そろそろお昼の時間ですね。私はリンといいます。あなたの名前を教えていただけませんか？"
        },
        {
            "speaker":"U",
            "time":"18.10.2020 12:48:36",
            "turn-index":1,
            "utterance":"こんにちは！私はリカといいます。スヌーピーが好きです。リンさんは好きですか？"
        },
        {
            "speaker":"S",
            "time":"18.10.2020 12:48:37",
            "turn-index":2,
            "utterance":"リンさんですね？よろしくお願いします！そろそろ旅行とか行きたいな～リンさんは何かしたいことってありますか？"
        },
        {
            "speaker":"U",
            "time":"18.10.2020 12:49:16",
            "turn-index":3,
            "utterance":"名前はリカですよ。スヌーピーのグッズを集めたいです！"
        },
        {
            "speaker":"S",
            "time":"18.10.2020 12:49:18",
            "turn-index":4,
            "utterance":"うんうん、リカですよスヌーピーのグッズを集めたいのですね。どうしてリカですよスヌーピーのグッズを集めたいのですか？"
        },
        {
            "speaker":"U",
            "time":"18.10.2020 12:50:08",
            "turn-index":5,
            "utterance":"スヌーピーは可愛いし、いい言葉とか言いますよね。"
        },
        {
            "speaker":"S",
            "time":"18.10.2020 12:50:11",
            "turn-index":6,
            "utterance":"ふむふむ、いい言葉とか言いますのね。確かに！どんないい言葉とか言いますか？"
        },
        {
            "speaker":"U",
            "time":"18.10.2020 12:51:32",
            "turn-index":7,
            "utterance":"哲学的な言葉が多くて、凄く勉強になりますよ～"
        },
        {
            "speaker":"S",
            "time":"18.10.2020 12:51:34",
            "turn-index":8,
            "utterance":"へぇ～勉強になりますのね。確かに！"
        },
        {
            "speaker":"U",
            "time":"18.10.2020 12:51:52",
            "turn-index":9,
            "utterance":"スヌーピーみたいな犬を飼いたいな。"
        },
        {
            "speaker":"S",
            "time":"18.10.2020 12:51:54",
            "turn-index":10,
            "utterance":"どこのスヌーピーみたいな犬を飼いたいのですか？"
        },
        {
            "speaker":"U",
            "time":"18.10.2020 12:53:07",
            "turn-index":11,
            "utterance":"漫画に出てくるスヌーピーです！ところでリンさんはさっき旅行に行きたいと行ってましたが、福島県に行ったことはありますか？"
        },
        {
            "speaker":"S",
            "time":"18.10.2020 12:53:08",
            "turn-index":12,
            "utterance":"どうなんでしょう…他に何かしたいことはありませんか？"
        },
        {
            "speaker":"U",
            "time":"18.10.2020 12:53:48",
            "turn-index":13,
            "utterance":"福島県に旅行に行きたいです！前にも行ったことがあります。"
        },
        {
            "speaker":"S",
            "time":"18.10.2020 12:53:50",
            "turn-index":14,
            "utterance":"福島県に旅行に行きたいです前にも行ったことがありますのね。いいですね！いつ福島県に旅行に行きたいです前にも行ったことがありますか？"
        },
        {
            "speaker":"U",
            "time":"18.10.2020 12:54:27",
            "turn-index":15,
            "utterance":"来年辺りに行けたらいいです。福島県はちょっと遠いですけどね。"
        },
        {
            "speaker":"S",
            "time":"18.10.2020 12:54:34",
            "turn-index":16,
            "utterance":"なるほど、福島県は、日本の東北地方に位置する都道府県|県ですよね。どこのちょっと遠いのですか？"
        },
        {
            "speaker":"U",
            "time":"18.10.2020 12:55:15",
            "turn-index":17,
            "utterance":"東京から近い距離ではないですね。福島県は凄くいい所ですよ！"
        },
        {
            "speaker":"S",
            "time":"18.10.2020 12:55:16",
            "turn-index":18,
            "utterance":"うんうん、凄くいい所なのですね。どうして凄くいい所なのですか？"
        },
        {
            "speaker":"U",
            "time":"18.10.2020 12:55:39",
            "turn-index":19,
            "utterance":"歴史も感じれるし、自然も綺麗なところがたくさんありますよ。"
        },
        {
            "speaker":"S",
            "time":"18.10.2020 12:55:40",
            "turn-index":20,
            "utterance":"ふむふむ、確かに！何をたくさんありますか？"
        },
        {
            "speaker":"U",
            "time":"18.10.2020 12:56:02",
            "turn-index":21,
            "utterance":"自然の素晴らしい風景です。"
        },
        {
            "speaker":"S",
            "time":"18.10.2020 12:56:03",
            "turn-index":22,
            "utterance":"なるほど、素晴らしい風景なのですね。そうなんですね！なんで素晴らしい風景なのですか？"
        },
        {
            "speaker":"U",
            "time":"18.10.2020 12:56:27",
            "turn-index":23,
            "utterance":"福島県の自然の豊かさが現れてると思います！"
        },
        {
            "speaker":"S",
            "time":"18.10.2020 12:56:30",
            "turn-index":24,
            "utterance":"ふむふむ、自然の豊かさが現れてると思いますのね。いいですね！どんな自然の豊かさが現れてると思いますか？"
        },
        {
            "speaker":"U",
            "time":"18.10.2020 12:56:57",
            "turn-index":25,
            "utterance":"心が休まったり、感動するような景色が広がってますよ。"
        },
        {
            "speaker":"S",
            "time":"18.10.2020 12:57:01",
            "turn-index":26,
            "utterance":"なるほど、心は非常に多義的・抽象的な概念であり文脈に応じて多様な意味をもつ言葉であり、人間の精神的な作用や、それのもとになるものなどを指し、感情、意志、知識、思いやり、情などを含みつつ指しているですよね。どこの感動するような景色が広がってますか？"
        },
        {
            "speaker":"U",
            "time":"18.10.2020 12:58:15",
            "turn-index":27,
            "utterance":"目に見えない心の模様を伝えるのは難しいですよね。心の底からこみ上げるような素敵な景色です。"
        },
        {
            "speaker":"S",
            "time":"18.10.2020 12:58:15",
            "turn-index":28,
            "utterance":"そうなんですね！あ、そろそろ時間ですね。ありがとうございました。お話できて楽しかったです！"
        },
        {
            "speaker":"U",
            "time":"18.10.2020 12:58:33",
            "turn-index":29,
            "utterance":"こちらこそありがとうございました！またお話ししましょう！"
        },
        {
            "speaker":"S",
            "time":"18.10.2020 12:58:34",
            "turn-index":30,
            "utterance":"ではまた、どこかでお会いしましょう！さようなら～"
        }
    ]
}