{
    "dialogue-id":"CHC_14",
    "group-id":"",
    "speaker-id":"CHUOchatbot",
    "turns":[
        {
            "speaker":"S",
            "time":"18.10.2020 13:02:10",
            "turn-index":0,
            "utterance":"こんにちは！お昼食べたら眠くなってきました…私はリンといいます。あなたの名前を教えていただけませんか？"
        },
        {
            "speaker":"U",
            "time":"18.10.2020 13:03:53",
            "turn-index":1,
            "utterance":"いちだです、最近コンビニエンスストアの懸賞にはまってます"
        },
        {
            "speaker":"S",
            "time":"18.10.2020 13:03:53",
            "turn-index":2,
            "utterance":"ださんですね？よろしくお願いします！そろそろ旅行とか行きたいな～ださんは何かしたいことってありますか？"
        },
        {
            "speaker":"U",
            "time":"18.10.2020 13:04:21",
            "turn-index":3,
            "utterance":"最近だと、ファミリーマートの2重懸賞です"
        },
        {
            "speaker":"S",
            "time":"18.10.2020 13:04:22",
            "turn-index":4,
            "utterance":"いいですね！"
        },
        {
            "speaker":"U",
            "time":"18.10.2020 13:04:42",
            "turn-index":5,
            "utterance":"1000円の購入につき1枚くじがもらえるんです"
        },
        {
            "speaker":"S",
            "time":"18.10.2020 13:04:43",
            "turn-index":6,
            "utterance":"ふむふむ、1枚くじがもらえるのですね。どうして1枚くじがもらえるのですか？"
        },
        {
            "speaker":"U",
            "time":"18.10.2020 13:05:05",
            "turn-index":7,
            "utterance":"販促ですかね"
        },
        {
            "speaker":"S",
            "time":"18.10.2020 13:05:06",
            "turn-index":8,
            "utterance":"ふむふむ、販促なのですね。なぜ販促なのですか？"
        },
        {
            "speaker":"U",
            "time":"18.10.2020 13:05:27",
            "turn-index":9,
            "utterance":"チョコレートをもらいました"
        },
        {
            "speaker":"S",
            "time":"18.10.2020 13:05:30",
            "turn-index":10,
            "utterance":"なるほど、チョコレートは一般的にダーク、ミルク、ホワイトの種類があるですよね。どんなチョコレートをもらいましたか？"
        },
        {
            "speaker":"U",
            "time":"18.10.2020 13:05:46",
            "turn-index":11,
            "utterance":"その場で食べ物が当たる抽選と、後でプリペイドカードが当たる抽選があるみたいです"
        },
        {
            "speaker":"S",
            "time":"18.10.2020 13:05:49",
            "turn-index":12,
            "utterance":"ふむふむ、プリペイドカードが当たる抽選があるのですね。"
        },
        {
            "speaker":"U",
            "time":"18.10.2020 13:06:05",
            "turn-index":13,
            "utterance":"後で当たるタイプのくじはインターネットで発表があるみたいです"
        },
        {
            "speaker":"S",
            "time":"18.10.2020 13:06:09",
            "turn-index":14,
            "utterance":"うんうん、くじとは、正負や順序が割り当てられる対象について、その割り当て情報をあらかじめ与えずに選択させること、またはその対象のことですよね。いつ発表があるのですか？"
        },
        {
            "speaker":"U",
            "time":"18.10.2020 13:06:27",
            "turn-index":15,
            "utterance":"インターネットといえば、コロナの影響でコンビニに限らず買い物で使うことが増えましたよね"
        },
        {
            "speaker":"S",
            "time":"18.10.2020 13:06:29",
            "turn-index":16,
            "utterance":"へぇ～買い物で使うことが増えたんですね。"
        },
        {
            "speaker":"U",
            "time":"18.10.2020 13:06:42",
            "turn-index":17,
            "utterance":"インターネット通販はアマゾンをよく使います"
        },
        {
            "speaker":"S",
            "time":"18.10.2020 13:06:43",
            "turn-index":18,
            "utterance":"へぇ～どこのよく使いますか？"
        },
        {
            "speaker":"U",
            "time":"18.10.2020 13:06:57",
            "turn-index":19,
            "utterance":"他にインターネット通販というと楽天とかニトリですかね"
        },
        {
            "speaker":"S",
            "time":"18.10.2020 13:06:58",
            "turn-index":20,
            "utterance":"へぇ～楽天とかニトリなのですね。なぜ楽天とかニトリなのですか？"
        },
        {
            "speaker":"U",
            "time":"18.10.2020 13:07:16",
            "turn-index":21,
            "utterance":"映画も最近はほとんどインターネットのサブスクリプションで観ています"
        },
        {
            "speaker":"S",
            "time":"18.10.2020 13:07:17",
            "turn-index":22,
            "utterance":"インターネットのサブスクリプションで観ていますのね。"
        },
        {
            "speaker":"U",
            "time":"18.10.2020 13:07:34",
            "turn-index":23,
            "utterance":"インターネット犯罪ものとか刑事ものがおもしろいですね"
        },
        {
            "speaker":"S",
            "time":"18.10.2020 13:07:35",
            "turn-index":24,
            "utterance":"うんうん、刑事ものがおもしろいのですね。悲しいですね…"
        },
        {
            "speaker":"U",
            "time":"18.10.2020 13:07:47",
            "turn-index":25,
            "utterance":"最近は投資取引もほとんどインターネットですよね"
        },
        {
            "speaker":"S",
            "time":"18.10.2020 13:07:48",
            "turn-index":26,
            "utterance":"へぇ～ほとんどインターネットなのですね。悲しいですね…"
        },
        {
            "speaker":"U",
            "time":"18.10.2020 13:08:02",
            "turn-index":27,
            "utterance":"ネットが５Gになるとますます時代の移り変わりが早くなりそうです"
        },
        {
            "speaker":"S",
            "time":"18.10.2020 13:08:02",
            "turn-index":28,
            "utterance":"そうなんですね！あ、そろそろ時間ですね。ありがとうございました。お話できて楽しかったです！"
        },
        {
            "speaker":"U",
            "time":"18.10.2020 13:08:16",
            "turn-index":29,
            "utterance":"ありがとうございました"
        },
        {
            "speaker":"S",
            "time":"18.10.2020 13:08:17",
            "turn-index":30,
            "utterance":"ではまた、どこかでお会いしましょう！さようなら～"
        }
    ]
}