{
    "dialogue-id":"CHC_03",
    "group-id":"",
    "speaker-id":"CHUOchatbot",
    "turns":[
        {
            "speaker":"S",
            "time":"18.10.2020 12:52:49",
            "turn-index":0,
            "utterance":"こんにちは！そろそろお昼の時間ですね。私はリンといいます。あなたの名前を教えていただけませんか？"
        },
        {
            "speaker":"U",
            "time":"18.10.2020 12:53:08",
            "turn-index":1,
            "utterance":"amiといいます。"
        },
        {
            "speaker":"S",
            "time":"18.10.2020 12:53:08",
            "turn-index":2,
            "utterance":"amiさんですね？よろしくお願いします！そろそろ旅行とか行きたいな～amiさんは何かしたいことってありますか？"
        },
        {
            "speaker":"U",
            "time":"18.10.2020 12:53:56",
            "turn-index":3,
            "utterance":"私は、大学の学食巡りをしたいと思っています。法政大学に行ったことありますか。"
        },
        {
            "speaker":"S",
            "time":"18.10.2020 12:53:59",
            "turn-index":4,
            "utterance":"なるほど、法政大学に行ったことありますのね。どんな法政大学に行ったことありますか？"
        },
        {
            "speaker":"U",
            "time":"18.10.2020 12:54:39",
            "turn-index":5,
            "utterance":"まだ行ったことがないのですが、大きな大学なので、学食があると思っています。"
        },
        {
            "speaker":"S",
            "time":"18.10.2020 12:54:41",
            "turn-index":6,
            "utterance":"ふむふむ、学食があると思っていますのね。そうなんですね！どうして学食があると思っていますか？"
        },
        {
            "speaker":"U",
            "time":"18.10.2020 12:55:14",
            "turn-index":7,
            "utterance":"大きな大学って学食がありますよね。"
        },
        {
            "speaker":"S",
            "time":"18.10.2020 12:55:15",
            "turn-index":8,
            "utterance":"ふむふむ、学食がありますのね。良かったですね！何を学食がありますか？"
        },
        {
            "speaker":"U",
            "time":"18.10.2020 12:57:00",
            "turn-index":9,
            "utterance":"法政大学の名物メニューがあれば良いのですが。"
        },
        {
            "speaker":"S",
            "time":"18.10.2020 12:57:02",
            "turn-index":10,
            "utterance":"名物メニューがあれば良いのですね。"
        },
        {
            "speaker":"U",
            "time":"18.10.2020 12:57:30",
            "turn-index":11,
            "utterance":"ところで、ゲームやりますか。"
        },
        {
            "speaker":"S",
            "time":"18.10.2020 12:57:31",
            "turn-index":12,
            "utterance":"ふむふむ、ゲームやりますのね。"
        },
        {
            "speaker":"U",
            "time":"18.10.2020 12:57:57",
            "turn-index":13,
            "utterance":"カプコンのゲームで好きなゲームを教えてください。"
        },
        {
            "speaker":"S",
            "time":"18.10.2020 12:58:03",
            "turn-index":14,
            "utterance":"へぇ～ゲームは、勝負、または勝敗を決めることですよね。どうしてカプコンのゲームで好きなゲームを教えてくださいのですか？"
        },
        {
            "speaker":"U",
            "time":"18.10.2020 12:58:44",
            "turn-index":15,
            "utterance":"カプコンのゲームが面白いからです。"
        },
        {
            "speaker":"S",
            "time":"18.10.2020 12:58:45",
            "turn-index":16,
            "utterance":"うんうん、カプコンのゲームが面白いのですね。良かったですね！何をカプコンのゲームが面白いのですか？"
        },
        {
            "speaker":"U",
            "time":"18.10.2020 13:00:06",
            "turn-index":17,
            "utterance":"バイオハザードは面白いですよ。他には格ゲーもありますね。"
        },
        {
            "speaker":"S",
            "time":"18.10.2020 13:00:07",
            "turn-index":18,
            "utterance":"なるほど、格ゲーもありますのね。いいですね！どんな格ゲーもありますか？"
        },
        {
            "speaker":"U",
            "time":"18.10.2020 13:01:16",
            "turn-index":19,
            "utterance":"ちょっと古いですが、ヴァンパイア セイヴァーはキャラクターが可愛いです。"
        },
        {
            "speaker":"S",
            "time":"18.10.2020 13:01:18",
            "turn-index":20,
            "utterance":"へぇ～どこのキャラクターが可愛いのですか？"
        },
        {
            "speaker":"U",
            "time":"18.10.2020 13:02:55",
            "turn-index":21,
            "utterance":"バレッタがかわいいです。"
        },
        {
            "speaker":"S",
            "time":"18.10.2020 13:02:56",
            "turn-index":22,
            "utterance":"なるほど、バレッタがかわいいのですね。誰をバレッタがかわいいのですか？"
        },
        {
            "speaker":"U",
            "time":"18.10.2020 13:03:58",
            "turn-index":23,
            "utterance":"バレッタは見た目はおしとやかなのに、中身が攻撃的なところがギャップで可愛いですね。"
        },
        {
            "speaker":"S",
            "time":"18.10.2020 13:04:00",
            "turn-index":24,
            "utterance":"うんうん、何よりですね。誰をギャップで可愛いのですか？"
        },
        {
            "speaker":"U",
            "time":"18.10.2020 13:04:53",
            "turn-index":25,
            "utterance":"カプコンといえば、株価が上がってますね。"
        },
        {
            "speaker":"S",
            "time":"18.10.2020 13:04:54",
            "turn-index":26,
            "utterance":"うんうん、どこで株価が上がってますか？"
        },
        {
            "speaker":"U",
            "time":"18.10.2020 13:05:16",
            "turn-index":27,
            "utterance":"東証一部です。"
        },
        {
            "speaker":"S",
            "time":"18.10.2020 13:05:16",
            "turn-index":28,
            "utterance":"そうなんですね！あ、そろそろ時間ですね。ありがとうございました。お話できて楽しかったです！"
        },
        {
            "speaker":"U",
            "time":"18.10.2020 13:05:24",
            "turn-index":29,
            "utterance":"ありがとうございます。"
        },
        {
            "speaker":"S",
            "time":"18.10.2020 13:05:24",
            "turn-index":30,
            "utterance":"ではまた、どこかでお会いしましょう！さようなら～"
        }
    ]
}