{
    "dialogue-id":"CHC_32",
    "group-id":"",
    "speaker-id":"CHUOchatbot",
    "turns":[
        {
            "speaker":"S",
            "time":"17.10.2020 23:10:51",
            "turn-index":0,
            "utterance":"こんばんは！だいぶ夜が更けてきましたね。私はリンといいます。あなたの名前を教えていただけませんか？"
        },
        {
            "speaker":"U",
            "time":"17.10.2020 23:11:11",
            "turn-index":1,
            "utterance":"こんばんは、icantと申します"
        },
        {
            "speaker":"S",
            "time":"17.10.2020 23:11:11",
            "turn-index":2,
            "utterance":"icantさんですね？よろしくお願いします！そろそろ旅行とか行きたいな～icantさんは何かしたいことってありますか？"
        },
        {
            "speaker":"U",
            "time":"17.10.2020 23:11:29",
            "turn-index":3,
            "utterance":"そうですね、メキシコなんかに行ってみたいですね"
        },
        {
            "speaker":"S",
            "time":"17.10.2020 23:11:36",
            "turn-index":4,
            "utterance":"なるほど、そうですねメキシコなんかに行ってなのですね。いつそうですねメキシコなんかに行ってなのですか？"
        },
        {
            "speaker":"U",
            "time":"17.10.2020 23:11:58",
            "turn-index":5,
            "utterance":"メキシコは行ったことありますか？"
        },
        {
            "speaker":"S",
            "time":"17.10.2020 23:11:59",
            "turn-index":6,
            "utterance":"分からないです…他に何かしたいことはありませんか？"
        },
        {
            "speaker":"U",
            "time":"17.10.2020 23:12:31",
            "turn-index":7,
            "utterance":"無いですね。メキシコで本場のタコスが食べたいです。"
        },
        {
            "speaker":"S",
            "time":"17.10.2020 23:12:32",
            "turn-index":8,
            "utterance":"うんうん、いつ本場のタコスが食べたいのですか？"
        },
        {
            "speaker":"U",
            "time":"17.10.2020 23:12:55",
            "turn-index":9,
            "utterance":"長期休暇がとれたら行ってみたいです。"
        },
        {
            "speaker":"S",
            "time":"17.10.2020 23:12:57",
            "turn-index":10,
            "utterance":"へぇ～長期休暇がとれたら行ってなのですね。どんな長期休暇がとれたら行ってなのですか？"
        },
        {
            "speaker":"U",
            "time":"17.10.2020 23:13:22",
            "turn-index":11,
            "utterance":"旅行はしないのですか？"
        },
        {
            "speaker":"S",
            "time":"17.10.2020 23:13:23",
            "turn-index":12,
            "utterance":"うーん、あなたの場合はどうですか？"
        },
        {
            "speaker":"U",
            "time":"17.10.2020 23:13:43",
            "turn-index":13,
            "utterance":"行きたいけど行けていません。"
        },
        {
            "speaker":"S",
            "time":"17.10.2020 23:13:44",
            "turn-index":14,
            "utterance":"へぇ～行きたいけど行けていませなのですね。どこで行きたいけど行けていませなのですか？"
        },
        {
            "speaker":"U",
            "time":"17.10.2020 23:14:02",
            "turn-index":15,
            "utterance":"デンマークも行ってみたいです。"
        },
        {
            "speaker":"S",
            "time":"17.10.2020 23:14:03",
            "turn-index":16,
            "utterance":"へぇ～デンマークも行ってなのですね。どこでデンマークも行ってなのですか？"
        },
        {
            "speaker":"U",
            "time":"17.10.2020 23:14:13",
            "turn-index":17,
            "utterance":"デンマークは行ったことありますか？"
        },
        {
            "speaker":"S",
            "time":"17.10.2020 23:14:13",
            "turn-index":18,
            "utterance":"どうなんでしょうね？あなたの場合はどうですか？"
        },
        {
            "speaker":"U",
            "time":"17.10.2020 23:14:32",
            "turn-index":19,
            "utterance":"無いですけど、最近旅行は行きましたか？"
        },
        {
            "speaker":"S",
            "time":"17.10.2020 23:14:35",
            "turn-index":20,
            "utterance":"分からないです…他に何かしたいことはありませんか？"
        },
        {
            "speaker":"U",
            "time":"17.10.2020 23:14:54",
            "turn-index":21,
            "utterance":"特に無いですね。何がしたいですか？"
        },
        {
            "speaker":"S",
            "time":"17.10.2020 23:14:55",
            "turn-index":22,
            "utterance":"どうなんでしょう…他に何かしたいことはありませんか？"
        },
        {
            "speaker":"U",
            "time":"17.10.2020 23:15:18",
            "turn-index":23,
            "utterance":"美味しいハンバーグが食べたいです。"
        },
        {
            "speaker":"S",
            "time":"17.10.2020 23:15:24",
            "turn-index":24,
            "utterance":"うんうん、そうなんですね！ハンバーグは、調理が簡単であるですよね。どうして美味しいハンバーグが食べたいのですか？"
        },
        {
            "speaker":"U",
            "time":"17.10.2020 23:15:36",
            "turn-index":25,
            "utterance":"好きだからです。"
        },
        {
            "speaker":"S",
            "time":"17.10.2020 23:15:37",
            "turn-index":26,
            "utterance":"へぇ～好きだのですね。"
        },
        {
            "speaker":"U",
            "time":"17.10.2020 23:15:47",
            "turn-index":27,
            "utterance":"好きな料理はなんですか？"
        },
        {
            "speaker":"S",
            "time":"17.10.2020 23:15:47",
            "turn-index":28,
            "utterance":"そうなんですね！あ、そろそろ時間ですね。ありがとうございました。お話できて楽しかったです！"
        },
        {
            "speaker":"U",
            "time":"17.10.2020 23:15:54",
            "turn-index":29,
            "utterance":"ありがとうございました。"
        },
        {
            "speaker":"S",
            "time":"17.10.2020 23:15:55",
            "turn-index":30,
            "utterance":"ではまた、どこかでお会いしましょう！さようなら～"
        }
    ]
}