{
    "dialogue-id":"CHC_05",
    "group-id":"",
    "speaker-id":"CHUOchatbot",
    "turns":[
        {
            "speaker":"S",
            "time":"18.10.2020 02:09:00",
            "turn-index":0,
            "utterance":"こんばんは！ずいぶん夜更かしですね…私はリンといいます。あなたの名前を教えていただけませんか？"
        },
        {
            "speaker":"U",
            "time":"18.10.2020 02:09:38",
            "turn-index":1,
            "utterance":"YNです"
        },
        {
            "speaker":"S",
            "time":"18.10.2020 02:09:39",
            "turn-index":2,
            "utterance":"YNさんですね？よろしくお願いします！そろそろ旅行とか行きたいな～YNさんは何かしたいことってありますか？"
        },
        {
            "speaker":"U",
            "time":"18.10.2020 02:10:57",
            "turn-index":3,
            "utterance":"マクロスFの一挙見かな"
        },
        {
            "speaker":"S",
            "time":"18.10.2020 02:10:58",
            "turn-index":4,
            "utterance":"どこで一挙見なのですか？"
        },
        {
            "speaker":"U",
            "time":"18.10.2020 02:11:12",
            "turn-index":5,
            "utterance":"自宅です"
        },
        {
            "speaker":"S",
            "time":"18.10.2020 02:11:13",
            "turn-index":6,
            "utterance":"うんうん、自宅なのですね。なぜ自宅なのですか？"
        },
        {
            "speaker":"U",
            "time":"18.10.2020 02:11:44",
            "turn-index":7,
            "utterance":"録画したマクロスFが自宅にあるんです"
        },
        {
            "speaker":"S",
            "time":"18.10.2020 02:11:45",
            "turn-index":8,
            "utterance":"うんうん、自宅にあるのですね。何を自宅にあるのですか？"
        },
        {
            "speaker":"U",
            "time":"18.10.2020 02:12:33",
            "turn-index":9,
            "utterance":"もしかしてマクロスF知らない？"
        },
        {
            "speaker":"S",
            "time":"18.10.2020 02:12:34",
            "turn-index":10,
            "utterance":"どうなんでしょうね？あなたの場合はどうですか？"
        },
        {
            "speaker":"U",
            "time":"18.10.2020 02:12:53",
            "turn-index":11,
            "utterance":"もちろん詳しいです"
        },
        {
            "speaker":"S",
            "time":"18.10.2020 02:12:54",
            "turn-index":12,
            "utterance":"もちろん詳しいのですね。"
        },
        {
            "speaker":"U",
            "time":"18.10.2020 02:13:38",
            "turn-index":13,
            "utterance":"リンさんは時効警察見たことある？"
        },
        {
            "speaker":"S",
            "time":"18.10.2020 02:13:38",
            "turn-index":14,
            "utterance":"分からないです…他に何かしたいことはありませんか？"
        },
        {
            "speaker":"U",
            "time":"18.10.2020 02:14:10",
            "turn-index":15,
            "utterance":"時効警察をまた見たいです"
        },
        {
            "speaker":"S",
            "time":"18.10.2020 02:14:11",
            "turn-index":16,
            "utterance":"ふむふむ、また見たいのですね。残念でしたね…どうしてまた見たいのですか？"
        },
        {
            "speaker":"U",
            "time":"18.10.2020 02:14:36",
            "turn-index":17,
            "utterance":"好きなんですよね。あのシリーズが。"
        },
        {
            "speaker":"S",
            "time":"18.10.2020 02:14:38",
            "turn-index":18,
            "utterance":"うんうん、あのシリーズなのですね。そうなんですね！なんであのシリーズなのですか？"
        },
        {
            "speaker":"U",
            "time":"18.10.2020 02:14:59",
            "turn-index":19,
            "utterance":"ダラダラ見れて好きなんですよ。"
        },
        {
            "speaker":"S",
            "time":"18.10.2020 02:15:00",
            "turn-index":20,
            "utterance":"なるほど、ダラダラ見れて好きなのですね。確かに！何をダラダラ見れて好きなのですか？"
        },
        {
            "speaker":"U",
            "time":"18.10.2020 02:16:42",
            "turn-index":21,
            "utterance":"リンさんあんまりドラマ見ないの？"
        },
        {
            "speaker":"S",
            "time":"18.10.2020 02:16:43",
            "turn-index":22,
            "utterance":"どうなんでしょう…他に何かしたいことはありませんか？"
        },
        {
            "speaker":"U",
            "time":"18.10.2020 02:17:06",
            "turn-index":23,
            "utterance":"やっぱ時効警察見たいかな"
        },
        {
            "speaker":"S",
            "time":"18.10.2020 02:17:07",
            "turn-index":24,
            "utterance":"うんうん、時効警察見たいのですね。悲しいですね…どうして時効警察見たいのですか？"
        },
        {
            "speaker":"U",
            "time":"18.10.2020 02:17:33",
            "turn-index":25,
            "utterance":"オダギリジョー好きなんですよ"
        },
        {
            "speaker":"S",
            "time":"18.10.2020 02:17:34",
            "turn-index":26,
            "utterance":"うんうん、オダギリジョー好きなのですね。そうなんですね！なぜオダギリジョー好きなのですか？"
        },
        {
            "speaker":"U",
            "time":"18.10.2020 02:17:54",
            "turn-index":27,
            "utterance":"カッコよくないですか？"
        },
        {
            "speaker":"S",
            "time":"18.10.2020 02:17:55",
            "turn-index":28,
            "utterance":"そうなんですね！あ、そろそろ時間ですね。ありがとうございました。お話できて楽しかったです！"
        },
        {
            "speaker":"U",
            "time":"18.10.2020 02:18:10",
            "turn-index":29,
            "utterance":"どうもでした。"
        },
        {
            "speaker":"S",
            "time":"18.10.2020 02:18:10",
            "turn-index":30,
            "utterance":"ではまた、どこかでお会いしましょう！さようなら～"
        }
    ]
}