{
    "dialogue-id":"CHC_46",
    "group-id":"",
    "speaker-id":"CHUOchatbot",
    "turns":[
        {
            "speaker":"S",
            "time":"18.10.2020 12:56:55",
            "turn-index":0,
            "utterance":"こんにちは！そろそろお昼の時間ですね。私はリンといいます。あなたの名前を教えていただけませんか？"
        },
        {
            "speaker":"U",
            "time":"18.10.2020 12:59:20",
            "turn-index":1,
            "utterance":"こんにちは！私はｈといいます。早速ですが、動物は好きですか？"
        },
        {
            "speaker":"S",
            "time":"18.10.2020 12:59:21",
            "turn-index":2,
            "utterance":"早速さんですね？よろしくお願いします！そろそろ旅行とか行きたいな～早速さんは何かしたいことってありますか？"
        },
        {
            "speaker":"U",
            "time":"18.10.2020 13:00:30",
            "turn-index":3,
            "utterance":"動物と一緒に遊びたいです。"
        },
        {
            "speaker":"S",
            "time":"18.10.2020 13:00:31",
            "turn-index":4,
            "utterance":"ふむふむ、どうして動物と一緒に遊びたいのですか？"
        },
        {
            "speaker":"U",
            "time":"18.10.2020 13:01:33",
            "turn-index":5,
            "utterance":"動物と一緒に遊ぶと、心身ともに癒されるからです。"
        },
        {
            "speaker":"S",
            "time":"18.10.2020 13:01:34",
            "turn-index":6,
            "utterance":"なるほど、心身ともに癒されるのですね。いいですね！誰を心身ともに癒されるのですか？"
        },
        {
            "speaker":"U",
            "time":"18.10.2020 13:02:13",
            "turn-index":7,
            "utterance":"私自身が癒されます。"
        },
        {
            "speaker":"S",
            "time":"18.10.2020 13:02:14",
            "turn-index":8,
            "utterance":"なるほど、良かったですね！どうして私自身が癒されますか？"
        },
        {
            "speaker":"U",
            "time":"18.10.2020 13:03:19",
            "turn-index":9,
            "utterance":"かわいい動物と遊ぶからです。"
        },
        {
            "speaker":"S",
            "time":"18.10.2020 13:03:25",
            "turn-index":10,
            "utterance":"へぇ～動物は、哺乳類、爬虫類、鳥類、両生類、魚類といった脊椎動物はもちろん、貝類、昆虫、サナダムシ、海綿動物|カイメンなど、幅広い種類の生物を含んだ系統群ですよね。どんなかわいい動物と遊ぶなのですか？"
        },
        {
            "speaker":"U",
            "time":"18.10.2020 13:05:16",
            "turn-index":11,
            "utterance":"犬や猫といった家でよく飼われている動物や、動物園で触れられるような種類の動物です。"
        },
        {
            "speaker":"S",
            "time":"18.10.2020 13:05:19",
            "turn-index":12,
            "utterance":"動物園で触れられるような種類の動物なのですね。どんな動物園で触れられるような種類の動物なのですか？"
        },
        {
            "speaker":"U",
            "time":"18.10.2020 13:06:49",
            "turn-index":13,
            "utterance":"市営でやっているような動物園です。"
        },
        {
            "speaker":"S",
            "time":"18.10.2020 13:06:50",
            "turn-index":14,
            "utterance":"ふむふむ、動物園なのですね。なんで動物園なのですか？"
        },
        {
            "speaker":"U",
            "time":"18.10.2020 13:07:36",
            "turn-index":15,
            "utterance":"癒しになる動物がたくさんいるからです。"
        },
        {
            "speaker":"S",
            "time":"18.10.2020 13:07:43",
            "turn-index":16,
            "utterance":"へぇ～何よりですね。動物は、哺乳類、爬虫類、鳥類、両生類、魚類といった脊椎動物はもちろん、貝類、昆虫、サナダムシ、海綿動物|カイメンなど、幅広い種類の生物を含んだ系統群ですよね。いつたくさんいるのですか？"
        },
        {
            "speaker":"U",
            "time":"18.10.2020 13:08:30",
            "turn-index":17,
            "utterance":"動物の中でもキツネはとてもかわいいと思います。"
        },
        {
            "speaker":"S",
            "time":"18.10.2020 13:08:33",
            "turn-index":18,
            "utterance":"とてもかわいいと思いますのね。どうしてとてもかわいいと思いますか？"
        },
        {
            "speaker":"U",
            "time":"18.10.2020 13:09:30",
            "turn-index":19,
            "utterance":"愛くるしい顔と毛並みが素敵です。そのキツネをモチーフとした漫画、かいけつゾロリを知っていますか？"
        },
        {
            "speaker":"S",
            "time":"18.10.2020 13:09:30",
            "turn-index":20,
            "utterance":"分からないです…他に何かしたいことはありませんか？"
        },
        {
            "speaker":"U",
            "time":"18.10.2020 13:12:01",
            "turn-index":21,
            "utterance":"動物が擬人化された世界で、主人公のキツネのゾロリ、おともの2人のイノシシが修行していく先々で活躍するストーリーです。"
        },
        {
            "speaker":"S",
            "time":"18.10.2020 13:12:02",
            "turn-index":22,
            "utterance":"なるほど、やったね！なぜ2人のイノシシが修行していく先々で活躍するストーリーなのですか？"
        },
        {
            "speaker":"U",
            "time":"18.10.2020 13:13:35",
            "turn-index":23,
            "utterance":"ゾロリもお供も困っている人を見過ごさず助けるからです。"
        },
        {
            "speaker":"S",
            "time":"18.10.2020 13:13:36",
            "turn-index":24,
            "utterance":"なるほど、困っている人を見過ごさず助けるのですね。そうなんですね！"
        },
        {
            "speaker":"U",
            "time":"18.10.2020 13:14:47",
            "turn-index":25,
            "utterance":"このかいけつゾロリは、漫画だけでなくアニメでも放送されていました。"
        },
        {
            "speaker":"S",
            "time":"18.10.2020 13:14:48",
            "turn-index":26,
            "utterance":"いつ漫画だけでなくアニメでも放送されていましたか？"
        },
        {
            "speaker":"U",
            "time":"18.10.2020 13:16:33",
            "turn-index":27,
            "utterance":"訂正します。数年前にみて一度終わっていましたが、現在も放送されています"
        },
        {
            "speaker":"S",
            "time":"18.10.2020 13:16:34",
            "turn-index":28,
            "utterance":"そうなんですね！あ、そろそろ時間ですね。ありがとうございました。お話できて楽しかったです！"
        },
        {
            "speaker":"U",
            "time":"18.10.2020 13:16:57",
            "turn-index":29,
            "utterance":"ありがとうございました。"
        },
        {
            "speaker":"S",
            "time":"18.10.2020 13:16:57",
            "turn-index":30,
            "utterance":"ではまた、どこかでお会いしましょう！さようなら～"
        }
    ]
}