{
    "dialogue-id":"CHC_01",
    "group-id":"",
    "speaker-id":"CHUOchatbot",
    "turns":[
        {
            "speaker":"S",
            "time":"17.10.2020 22:33:42",
            "turn-index":0,
            "utterance":"おはようございます。早起きですね！私はリンといいます。あなたの名前を教えていただけませんか？"
        },
        {
            "speaker":"U",
            "time":"17.10.2020 22:36:25",
            "turn-index":1,
            "utterance":"あさひです。よろしくお願いします。"
        },
        {
            "speaker":"S",
            "time":"17.10.2020 22:36:25",
            "turn-index":2,
            "utterance":"あさひさんですね？よろしくお願いします！そろそろ旅行とか行きたいな～あさひさんは何かしたいことってありますか？"
        },
        {
            "speaker":"U",
            "time":"17.10.2020 22:37:38",
            "turn-index":3,
            "utterance":"アーセナルFCの試合を観に行きたいです。"
        },
        {
            "speaker":"S",
            "time":"17.10.2020 22:37:39",
            "turn-index":4,
            "utterance":"うんうん、アーセナルFCの試合を観に行きたいのですね。いつアーセナルFCの試合を観に行きたいのですか？"
        },
        {
            "speaker":"U",
            "time":"17.10.2020 22:38:07",
            "turn-index":5,
            "utterance":"次の試合ですね。週末になります。"
        },
        {
            "speaker":"S",
            "time":"17.10.2020 22:38:08",
            "turn-index":6,
            "utterance":"なるほど、週末になりますのね。何を週末になりますか？"
        },
        {
            "speaker":"U",
            "time":"17.10.2020 22:38:35",
            "turn-index":7,
            "utterance":"土曜日か日曜日に試合があると思います。"
        },
        {
            "speaker":"S",
            "time":"17.10.2020 22:38:36",
            "turn-index":8,
            "utterance":"試合があると思いますのね。どうして試合があると思いますか？"
        },
        {
            "speaker":"U",
            "time":"17.10.2020 22:39:05",
            "turn-index":9,
            "utterance":"大体いつもそうなんですよ。"
        },
        {
            "speaker":"S",
            "time":"17.10.2020 22:39:06",
            "turn-index":10,
            "utterance":"なるほどね～"
        },
        {
            "speaker":"U",
            "time":"17.10.2020 22:40:10",
            "turn-index":11,
            "utterance":"お気に入りのコンビニエンスストアってありますか？"
        },
        {
            "speaker":"S",
            "time":"17.10.2020 22:40:10",
            "turn-index":12,
            "utterance":"うーん、あなたの場合はどうですか？"
        },
        {
            "speaker":"U",
            "time":"17.10.2020 22:42:25",
            "turn-index":13,
            "utterance":"それぞれ特色があって選ぶのが難しいですが、イレブンが行きやすいです。"
        },
        {
            "speaker":"S",
            "time":"17.10.2020 22:42:28",
            "turn-index":14,
            "utterance":"イレブンが行きやすいのですね。どこのイレブンが行きやすいのですか？"
        },
        {
            "speaker":"U",
            "time":"17.10.2020 22:42:59",
            "turn-index":15,
            "utterance":"ごめんなさい。セブンイレブンです。文字化けしてしまいました。"
        },
        {
            "speaker":"S",
            "time":"17.10.2020 22:43:00",
            "turn-index":16,
            "utterance":"文字化けしてしまいたんですね。どうして文字化けしてしまいましたか？"
        },
        {
            "speaker":"U",
            "time":"17.10.2020 22:43:23",
            "turn-index":17,
            "utterance":"ご迷惑おかけしました。"
        },
        {
            "speaker":"S",
            "time":"17.10.2020 22:43:24",
            "turn-index":18,
            "utterance":"うんうん、ご迷惑おかけしたんですね。そうなんですね…なんでご迷惑おかけしましたか？"
        },
        {
            "speaker":"U",
            "time":"17.10.2020 22:44:11",
            "turn-index":19,
            "utterance":"そんなに突っ込まれると困ってしまいます。セブンイレブンは好きですか？"
        },
        {
            "speaker":"S",
            "time":"17.10.2020 22:44:12",
            "turn-index":20,
            "utterance":"どうなんでしょう…他に何かしたいことはありませんか？"
        },
        {
            "speaker":"U",
            "time":"17.10.2020 22:44:32",
            "turn-index":21,
            "utterance":"旅行に行きたいです。"
        },
        {
            "speaker":"S",
            "time":"17.10.2020 22:44:34",
            "turn-index":22,
            "utterance":"旅行に行きたいのですね。いいですね！どうやって旅行に行きたいのですか？"
        },
        {
            "speaker":"U",
            "time":"17.10.2020 22:44:43",
            "turn-index":23,
            "utterance":"飛行機で！"
        },
        {
            "speaker":"S",
            "time":"17.10.2020 22:44:44",
            "turn-index":24,
            "utterance":"うんうん、飛行機なのですね。やったね！どうして飛行機なのですか？"
        },
        {
            "speaker":"U",
            "time":"17.10.2020 22:45:09",
            "turn-index":25,
            "utterance":"やっぱり早くて便利ですね。遠くに行きたいです。"
        },
        {
            "speaker":"S",
            "time":"17.10.2020 22:45:10",
            "turn-index":26,
            "utterance":"へぇ～いいですね！どうやってやっぱり早くて便利ですね遠くに行きたいのですか？"
        },
        {
            "speaker":"U",
            "time":"17.10.2020 22:46:06",
            "turn-index":27,
            "utterance":"遠くの方がより気分転換になると思います。日常から離れたい。"
        },
        {
            "speaker":"S",
            "time":"17.10.2020 22:46:06",
            "turn-index":28,
            "utterance":"そうなんですね！あ、そろそろ時間ですね。ありがとうございました。お話できて楽しかったです！"
        },
        {
            "speaker":"U",
            "time":"17.10.2020 22:46:31",
            "turn-index":29,
            "utterance":"こちらこそありがとうございました。"
        },
        {
            "speaker":"S",
            "time":"17.10.2020 22:46:32",
            "turn-index":30,
            "utterance":"ではまた、どこかでお会いしましょう！さようなら～"
        }
    ]
}