{
    "dialogue-id":"CHC_40",
    "group-id":"",
    "speaker-id":"CHUOchatbot",
    "turns":[
        {
            "speaker":"S",
            "time":"18.10.2020 02:05:47",
            "turn-index":0,
            "utterance":"こんばんは！ずいぶん夜更かしですね…私はリンといいます。あなたの名前を教えていただけませんか？"
        },
        {
            "speaker":"U",
            "time":"18.10.2020 02:06:11",
            "turn-index":1,
            "utterance":"こんばんは。まきと言います。"
        },
        {
            "speaker":"S",
            "time":"18.10.2020 02:06:13",
            "turn-index":2,
            "utterance":"まきさんですね？よろしくお願いします！そろそろ旅行とか行きたいな～まきさんは何かしたいことってありますか？"
        },
        {
            "speaker":"U",
            "time":"18.10.2020 02:06:46",
            "turn-index":3,
            "utterance":"旅行良いですね。私も行きたいです。"
        },
        {
            "speaker":"S",
            "time":"18.10.2020 02:06:47",
            "turn-index":4,
            "utterance":"うんうん、旅行良いですね私も行きたいのですね。確かに！"
        },
        {
            "speaker":"U",
            "time":"18.10.2020 02:07:27",
            "turn-index":5,
            "utterance":"自由に旅行できるのが楽しみです。"
        },
        {
            "speaker":"S",
            "time":"18.10.2020 02:07:28",
            "turn-index":6,
            "utterance":"へぇ～なんで自由に旅行できるのが楽しみですか？"
        },
        {
            "speaker":"U",
            "time":"18.10.2020 02:09:03",
            "turn-index":7,
            "utterance":"海外旅行が好きだからですね。ギリシャとか行ってみたいです。"
        },
        {
            "speaker":"S",
            "time":"18.10.2020 02:09:04",
            "turn-index":8,
            "utterance":"好きだからですねギリシャとか行ってなのですね。"
        },
        {
            "speaker":"U",
            "time":"18.10.2020 02:09:48",
            "turn-index":9,
            "utterance":"そうですね。歴史があって興味深いので。"
        },
        {
            "speaker":"S",
            "time":"18.10.2020 02:09:49",
            "turn-index":10,
            "utterance":"いいですね！どんなそうですね歴史があって興味深いのですか？"
        },
        {
            "speaker":"U",
            "time":"18.10.2020 02:10:50",
            "turn-index":11,
            "utterance":"人間の文化の起源を感じることが出来そうなところですね。"
        },
        {
            "speaker":"S",
            "time":"18.10.2020 02:10:51",
            "turn-index":12,
            "utterance":"なるほど、人間の文化の起源を感じることが出来そうなところなのですね。そうなんですね！なんで人間の文化の起源を感じることが出来そうなところなのですか？"
        },
        {
            "speaker":"U",
            "time":"18.10.2020 02:11:37",
            "turn-index":13,
            "utterance":"建物技術とかすごいと思います。"
        },
        {
            "speaker":"S",
            "time":"18.10.2020 02:11:38",
            "turn-index":14,
            "utterance":"すごいと思いますのね。そうなんですね！どんなすごいと思いますか？"
        },
        {
            "speaker":"U",
            "time":"18.10.2020 02:12:22",
            "turn-index":15,
            "utterance":"詳しくはないので、現地に行って確かめたいです。"
        },
        {
            "speaker":"S",
            "time":"18.10.2020 02:12:23",
            "turn-index":16,
            "utterance":"うんうん、何に現地に行って確かめたいのですか？"
        },
        {
            "speaker":"U",
            "time":"18.10.2020 02:13:11",
            "turn-index":17,
            "utterance":"そうですね。あと、旅行中の食事も楽しみですね。"
        },
        {
            "speaker":"S",
            "time":"18.10.2020 02:13:15",
            "turn-index":18,
            "utterance":"食事とは、基本的には生命維持に必要な栄養素を摂取するために、日々習慣的に何かを食べること、そこから転じて、その時食べるものを指すこともあるですよね。どうして旅行中の食事も楽しみですか？"
        },
        {
            "speaker":"U",
            "time":"18.10.2020 02:14:31",
            "turn-index":19,
            "utterance":"日本ではなかなか食べられないものが食べられるからです。メキシコ料理はおいしいと聞いているので、メキシコにも行ってみたいです。"
        },
        {
            "speaker":"S",
            "time":"18.10.2020 02:14:34",
            "turn-index":20,
            "utterance":"やったね！どこのメキシコにも行ってなのですか？"
        },
        {
            "speaker":"U",
            "time":"18.10.2020 02:15:25",
            "turn-index":21,
            "utterance":"タコスを食べたり、メキシコのピラミッドを見てみたいです。"
        },
        {
            "speaker":"S",
            "time":"18.10.2020 02:15:29",
            "turn-index":22,
            "utterance":"へぇ～ピラミッドは、エジプト・中南米などに見られる四角錐状の巨石建造物の総称であり、また同様の形状の物体を指すですよね。どんなメキシコのピラミッドを見てみたいのですか？"
        },
        {
            "speaker":"U",
            "time":"18.10.2020 02:16:36",
            "turn-index":23,
            "utterance":"春分の日などに蛇が下りてくるというピラミッドに行ってみたいです。"
        },
        {
            "speaker":"S",
            "time":"18.10.2020 02:16:42",
            "turn-index":24,
            "utterance":"うんうん、ピラミッドは、エジプト・中南米などに見られる四角錐状の巨石建造物の総称であり、また同様の形状の物体を指すですよね。どんな蛇が下りてくるというピラミッドに行ってなのですか？"
        },
        {
            "speaker":"U",
            "time":"18.10.2020 02:17:17",
            "turn-index":25,
            "utterance":"古代文明の栄えたところですね。"
        },
        {
            "speaker":"S",
            "time":"18.10.2020 02:17:19",
            "turn-index":26,
            "utterance":"なるほど、古代文明の栄えたところなのですね。なんで古代文明の栄えたところなのですか？"
        },
        {
            "speaker":"U",
            "time":"18.10.2020 02:17:48",
            "turn-index":27,
            "utterance":"それも詳しくは知らなくて。是非メキシコで確かめたいですね。"
        },
        {
            "speaker":"S",
            "time":"18.10.2020 02:17:49",
            "turn-index":28,
            "utterance":"そうなんですね！あ、そろそろ時間ですね。ありがとうございました。お話できて楽しかったです！"
        },
        {
            "speaker":"U",
            "time":"18.10.2020 02:18:06",
            "turn-index":29,
            "utterance":"こちらこそ、ありがとうございました。"
        },
        {
            "speaker":"S",
            "time":"18.10.2020 02:18:07",
            "turn-index":30,
            "utterance":"ではまた、どこかでお会いしましょう！さようなら～"
        }
    ]
}