{
    "dialogue-id":"CHC_10",
    "group-id":"",
    "speaker-id":"CHUOchatbot",
    "turns":[
        {
            "speaker":"S",
            "time":"18.10.2020 05:11:04",
            "turn-index":0,
            "utterance":"おはようございます。早起きですね！私はリンといいます。あなたの名前を教えていただけませんか？"
        },
        {
            "speaker":"U",
            "time":"18.10.2020 05:12:46",
            "turn-index":1,
            "utterance":"おはようございます。私は、Aです。よろしくお願いします。"
        },
        {
            "speaker":"S",
            "time":"18.10.2020 05:12:47",
            "turn-index":2,
            "utterance":"Aさんですね？よろしくお願いします！そろそろ旅行とか行きたいな～Aさんは何かしたいことってありますか？"
        },
        {
            "speaker":"U",
            "time":"18.10.2020 05:13:35",
            "turn-index":3,
            "utterance":"ビットコインを始めてみたいんですが、詳しくわからなくって。"
        },
        {
            "speaker":"S",
            "time":"18.10.2020 05:13:38",
            "turn-index":4,
            "utterance":"ふむふむ、いいですね！ビットコインは、公共トランザクションログを利用しているオープンソース通信プロトコル|プロトコルに基づくPeer　to　Peer型の決済網および暗号資産ですよね。どんな詳しくわからなくってなのですか？"
        },
        {
            "speaker":"U",
            "time":"18.10.2020 05:14:56",
            "turn-index":5,
            "utterance":"詳しいですね。初心者なので、始め方すらよくわかっていません。"
        },
        {
            "speaker":"S",
            "time":"18.10.2020 05:14:58",
            "turn-index":6,
            "utterance":"なるほど、どこのよくわかっていませなのですか？"
        },
        {
            "speaker":"U",
            "time":"18.10.2020 05:15:48",
            "turn-index":7,
            "utterance":"ビットコインって安全なんでしょうか？"
        },
        {
            "speaker":"S",
            "time":"18.10.2020 05:15:49",
            "turn-index":8,
            "utterance":"どうなんでしょうね？あなたの場合はどうですか？"
        },
        {
            "speaker":"U",
            "time":"18.10.2020 05:16:25",
            "turn-index":9,
            "utterance":"やったことがないのでわからなくって。知っていたら教えてほしいです。"
        },
        {
            "speaker":"S",
            "time":"18.10.2020 05:16:26",
            "turn-index":10,
            "utterance":"わからなくって知っていたら教えてほしいのですね。何をわからなくって知っていたら教えてほしいのですか？"
        },
        {
            "speaker":"U",
            "time":"18.10.2020 05:17:15",
            "turn-index":11,
            "utterance":"ビットコインの始め方を教えてほしいです。"
        },
        {
            "speaker":"S",
            "time":"18.10.2020 05:17:16",
            "turn-index":12,
            "utterance":"なるほど、良かったですね！どこの始め方を教えてほしいのですか？"
        },
        {
            "speaker":"U",
            "time":"18.10.2020 05:18:48",
            "turn-index":13,
            "utterance":"ビットコインを始めるにあたり、必要なものはありますか？"
        },
        {
            "speaker":"S",
            "time":"18.10.2020 05:18:48",
            "turn-index":14,
            "utterance":"うーん、あなたの場合はどうですか？"
        },
        {
            "speaker":"U",
            "time":"18.10.2020 05:19:15",
            "turn-index":15,
            "utterance":"わかりません。"
        },
        {
            "speaker":"S",
            "time":"18.10.2020 05:19:16",
            "turn-index":16,
            "utterance":"へぇ～わかりませなのですね。"
        },
        {
            "speaker":"U",
            "time":"18.10.2020 05:19:34",
            "turn-index":17,
            "utterance":"ところで、三谷幸喜って知っていますか？"
        },
        {
            "speaker":"S",
            "time":"18.10.2020 05:19:34",
            "turn-index":18,
            "utterance":"うーん、あなたの場合はどうですか？"
        },
        {
            "speaker":"U",
            "time":"18.10.2020 05:20:15",
            "turn-index":19,
            "utterance":"彼の作った映画を何本か見たことがあるのですが面白いなと思って。"
        },
        {
            "speaker":"S",
            "time":"18.10.2020 05:20:23",
            "turn-index":20,
            "utterance":"いいですね！"
        },
        {
            "speaker":"U",
            "time":"18.10.2020 05:22:02",
            "turn-index":21,
            "utterance":"リンさんも三谷幸喜の映画見たことありますか？"
        },
        {
            "speaker":"S",
            "time":"18.10.2020 05:22:02",
            "turn-index":22,
            "utterance":"うーん、あなたの場合はどうですか？"
        },
        {
            "speaker":"U",
            "time":"18.10.2020 05:23:31",
            "turn-index":23,
            "utterance":"最近は、有頂天ホテルを見ました。"
        },
        {
            "speaker":"S",
            "time":"18.10.2020 05:23:33",
            "turn-index":24,
            "utterance":"うんうん、有頂天ホテルを見たんですね。大変そうですね…いつ有頂天ホテルを見ましたか？"
        },
        {
            "speaker":"U",
            "time":"18.10.2020 05:24:11",
            "turn-index":25,
            "utterance":"一週間ほど前ですかね。特に大変ではなかったですよ。面白かったです。"
        },
        {
            "speaker":"S",
            "time":"18.10.2020 05:24:13",
            "turn-index":26,
            "utterance":"なるほど、なかったですよ面白かったのですね。何のためになかったですよ面白かったのですか？"
        },
        {
            "speaker":"U",
            "time":"18.10.2020 05:25:24",
            "turn-index":27,
            "utterance":"話の展開と結末が面白かったです。"
        },
        {
            "speaker":"S",
            "time":"18.10.2020 05:25:25",
            "turn-index":28,
            "utterance":"そうなんですね！あ、そろそろ時間ですね。ありがとうございました。お話できて楽しかったです！"
        },
        {
            "speaker":"U",
            "time":"18.10.2020 05:25:41",
            "turn-index":29,
            "utterance":"こちらこそありがとうございました。"
        },
        {
            "speaker":"S",
            "time":"18.10.2020 05:25:42",
            "turn-index":30,
            "utterance":"ではまた、どこかでお会いしましょう！さようなら～"
        }
    ]
}