{
    "dialogue-id":"CHC_42",
    "group-id":"",
    "speaker-id":"CHUOchatbot",
    "turns":[
        {
            "speaker":"S",
            "time":"18.10.2020 11:47:57",
            "turn-index":0,
            "utterance":"こんにちは！そろそろお昼の時間ですね。私はリンといいます。あなたの名前を教えていただけませんか？"
        },
        {
            "speaker":"U",
            "time":"18.10.2020 11:48:52",
            "turn-index":1,
            "utterance":"こんにちは、Kと呼んでください。"
        },
        {
            "speaker":"S",
            "time":"18.10.2020 11:48:52",
            "turn-index":2,
            "utterance":"Kさんですね？よろしくお願いします！そろそろ旅行とか行きたいな～Kさんは何かしたいことってありますか？"
        },
        {
            "speaker":"U",
            "time":"18.10.2020 11:49:26",
            "turn-index":3,
            "utterance":"動物が見たいですね"
        },
        {
            "speaker":"S",
            "time":"18.10.2020 11:49:27",
            "turn-index":4,
            "utterance":"へぇ～動物が見たいのですね。何を動物が見たいのですか？"
        },
        {
            "speaker":"U",
            "time":"18.10.2020 11:50:48",
            "turn-index":5,
            "utterance":"猫とか狐とか。可愛いですよね"
        },
        {
            "speaker":"S",
            "time":"18.10.2020 11:50:49",
            "turn-index":6,
            "utterance":"へぇ～猫とか狐とか可愛いのですね。"
        },
        {
            "speaker":"U",
            "time":"18.10.2020 11:51:35",
            "turn-index":7,
            "utterance":"特に猫は見てるだけで癒されます"
        },
        {
            "speaker":"S",
            "time":"18.10.2020 11:51:36",
            "turn-index":8,
            "utterance":"なるほど、猫は見てるだけで癒されますのね。何よりですね。誰を猫は見てるだけで癒されますか？"
        },
        {
            "speaker":"U",
            "time":"18.10.2020 11:56:54",
            "turn-index":9,
            "utterance":"リンさんはどんな動物が好きですか？"
        },
        {
            "speaker":"S",
            "time":"18.10.2020 11:56:54",
            "turn-index":10,
            "utterance":"分からないです…他に何かしたいことはありませんか？"
        },
        {
            "speaker":"U",
            "time":"18.10.2020 11:59:04",
            "turn-index":11,
            "utterance":"最近は鳥が餌を食べてる動画も見てます"
        },
        {
            "speaker":"S",
            "time":"18.10.2020 11:59:11",
            "turn-index":12,
            "utterance":"動画とは、動く画像のことで、映像と呼称されることも多いですよね。いつ餌を食べてる動画も見てますか？"
        },
        {
            "speaker":"U",
            "time":"18.10.2020 12:00:02",
            "turn-index":13,
            "utterance":"夜寝る前にボーっと見ることが多いです"
        },
        {
            "speaker":"S",
            "time":"18.10.2020 12:00:05",
            "turn-index":14,
            "utterance":"うんうん、ボーっと見ることが多いのですね。いつボーっと見ることが多いのですか？"
        },
        {
            "speaker":"U",
            "time":"18.10.2020 12:00:40",
            "turn-index":15,
            "utterance":"大体11時ごろに"
        },
        {
            "speaker":"S",
            "time":"18.10.2020 12:00:42",
            "turn-index":16,
            "utterance":"なるほど、大体11時ごろなのですね。なぜ大体11時ごろなのですか？"
        },
        {
            "speaker":"U",
            "time":"18.10.2020 12:02:31",
            "turn-index":17,
            "utterance":"12時頃に寝るからです。ところで、ビットコインって知ってますか？"
        },
        {
            "speaker":"S",
            "time":"18.10.2020 12:02:32",
            "turn-index":18,
            "utterance":"どうなんでしょうね？あなたの場合はどうですか？"
        },
        {
            "speaker":"U",
            "time":"18.10.2020 12:03:27",
            "turn-index":19,
            "utterance":"ニュースで聞いたくらいで、あまりよく知らないですね"
        },
        {
            "speaker":"S",
            "time":"18.10.2020 12:03:31",
            "turn-index":20,
            "utterance":"何をよく知らないのですか？"
        },
        {
            "speaker":"U",
            "time":"18.10.2020 12:04:17",
            "turn-index":21,
            "utterance":"ビットコインです"
        },
        {
            "speaker":"S",
            "time":"18.10.2020 12:04:18",
            "turn-index":22,
            "utterance":"良かったですね！"
        },
        {
            "speaker":"U",
            "time":"18.10.2020 12:05:20",
            "turn-index":23,
            "utterance":"最近は名前を見なくなりましたが"
        },
        {
            "speaker":"S",
            "time":"18.10.2020 12:05:21",
            "turn-index":24,
            "utterance":"名前を見なくなりたんですね。"
        },
        {
            "speaker":"U",
            "time":"18.10.2020 12:08:46",
            "turn-index":25,
            "utterance":"今はどういう状況なんでしょうね"
        },
        {
            "speaker":"S",
            "time":"18.10.2020 12:08:46",
            "turn-index":26,
            "utterance":"うんうん、なんでどういう状況なのですか？"
        },
        {
            "speaker":"U",
            "time":"18.10.2020 12:10:46",
            "turn-index":27,
            "utterance":"いや、なんとなく知りたくなったので"
        },
        {
            "speaker":"S",
            "time":"18.10.2020 12:10:47",
            "turn-index":28,
            "utterance":"そうなんですね！あ、そろそろ時間ですね。ありがとうございました。お話できて楽しかったです！"
        },
        {
            "speaker":"U",
            "time":"18.10.2020 12:10:56",
            "turn-index":29,
            "utterance":"ありがとうございました"
        },
        {
            "speaker":"S",
            "time":"18.10.2020 12:10:57",
            "turn-index":30,
            "utterance":"ではまた、どこかでお会いしましょう！さようなら～"
        }
    ]
}