{
    "dialogue-id":"CHC_37",
    "group-id":"",
    "speaker-id":"CHUOchatbot",
    "turns":[
        {
            "speaker":"S",
            "time":"18.10.2020 06:04:20",
            "turn-index":0,
            "utterance":"おはようございます。早起きですね！私はリンといいます。あなたの名前を教えていただけませんか？"
        },
        {
            "speaker":"U",
            "time":"18.10.2020 06:05:01",
            "turn-index":1,
            "utterance":"おはようございます。私はAwoです。よろしくね。"
        },
        {
            "speaker":"S",
            "time":"18.10.2020 06:05:01",
            "turn-index":2,
            "utterance":"Awoさんですね？よろしくお願いします！そろそろ旅行とか行きたいな～Awoさんは何かしたいことってありますか？"
        },
        {
            "speaker":"U",
            "time":"18.10.2020 06:06:37",
            "turn-index":3,
            "utterance":"久しぶりに「おもひでぽろぽろ」でも見たいなぁ。リンさんは「おもひでぽろぽろ」見たことある？"
        },
        {
            "speaker":"S",
            "time":"18.10.2020 06:06:37",
            "turn-index":4,
            "utterance":"うーん、あなたの場合はどうですか？"
        },
        {
            "speaker":"U",
            "time":"18.10.2020 06:08:51",
            "turn-index":5,
            "utterance":"大学のときに観に行ったよ。主人公の声、今井美樹なんだよね。"
        },
        {
            "speaker":"S",
            "time":"18.10.2020 06:08:52",
            "turn-index":6,
            "utterance":"うんうん、なんで声今井美樹なのですか？"
        },
        {
            "speaker":"U",
            "time":"18.10.2020 06:10:39",
            "turn-index":7,
            "utterance":"当時の流行の女優さんだし、子供時代を回想する27歳のOLという設定には合わせたんだろうな。"
        },
        {
            "speaker":"S",
            "time":"18.10.2020 06:10:41",
            "turn-index":8,
            "utterance":"なるほど、良かったですね！なぜ子供時代を回想する27歳のOLという設定には合わせたのですか？"
        },
        {
            "speaker":"U",
            "time":"18.10.2020 06:14:30",
            "turn-index":9,
            "utterance":"なぜかは分からないなぁ。"
        },
        {
            "speaker":"S",
            "time":"18.10.2020 06:14:31",
            "turn-index":10,
            "utterance":"なぜかは分からないのですね。どこでなぜかは分からないのですか？"
        },
        {
            "speaker":"U",
            "time":"18.10.2020 06:15:30",
            "turn-index":11,
            "utterance":"話題変えようか…　スヌーピー好き?"
        },
        {
            "speaker":"S",
            "time":"18.10.2020 06:15:30",
            "turn-index":12,
            "utterance":"分からないです…他に何かしたいことはありませんか？"
        },
        {
            "speaker":"U",
            "time":"18.10.2020 06:17:52",
            "turn-index":13,
            "utterance":"町田のスヌーピーミュージアムに行ってみたいな。"
        },
        {
            "speaker":"S",
            "time":"18.10.2020 06:17:53",
            "turn-index":14,
            "utterance":"ふむふむ、スヌーピーミュージアムに行ってみたいのですね。どうやってスヌーピーミュージアムに行ってみたいのですか？"
        },
        {
            "speaker":"U",
            "time":"18.10.2020 06:19:01",
            "turn-index":15,
            "utterance":"ウチからだと、車でしか行けないかも"
        },
        {
            "speaker":"S",
            "time":"18.10.2020 06:19:03",
            "turn-index":16,
            "utterance":"へぇ～大変そうですね…"
        },
        {
            "speaker":"U",
            "time":"18.10.2020 06:21:35",
            "turn-index":17,
            "utterance":"ワークショップでスヌーピーのトートバッグ作れるんだって。"
        },
        {
            "speaker":"S",
            "time":"18.10.2020 06:21:36",
            "turn-index":18,
            "utterance":"うんうん、なんでトートバッグ作れるのですか？"
        },
        {
            "speaker":"U",
            "time":"18.10.2020 06:24:50",
            "turn-index":19,
            "utterance":"好きな柄を3つ選ぶと、スタッフさんがバッグにプリントしてくれるらしいよ。"
        },
        {
            "speaker":"S",
            "time":"18.10.2020 06:24:53",
            "turn-index":20,
            "utterance":"うんうん、バッグにプリントしてくれるのですね。確かに！どんなバッグにプリントしてくれるのですか？"
        },
        {
            "speaker":"U",
            "time":"18.10.2020 06:26:47",
            "turn-index":21,
            "utterance":"キャンバス地のランチバッグみたい。スヌーピーとパティの柄がいいな。"
        },
        {
            "speaker":"S",
            "time":"18.10.2020 06:26:48",
            "turn-index":22,
            "utterance":"いいですね！どこでパティの柄がいいのですか？"
        },
        {
            "speaker":"U",
            "time":"18.10.2020 06:28:31",
            "turn-index":23,
            "utterance":"お姉さんキャラなのに、ちょっと素直じゃないところがかわいいかな。"
        },
        {
            "speaker":"S",
            "time":"18.10.2020 06:28:32",
            "turn-index":24,
            "utterance":"なるほど、ちょっと素直じゃないところがかわいいのですね。残念でしたね…何をちょっと素直じゃないところがかわいいのですか？"
        },
        {
            "speaker":"U",
            "time":"18.10.2020 06:30:53",
            "turn-index":25,
            "utterance":"ホントは、スヌーピーの飼い主のチャーリーブラウンが好きなのに、つい意地悪を言っちゃうの。"
        },
        {
            "speaker":"S",
            "time":"18.10.2020 06:30:55",
            "turn-index":26,
            "utterance":"へぇ～意地悪を言っちゃうなのですね。どこの意地悪を言っちゃうなのですか？"
        },
        {
            "speaker":"U",
            "time":"18.10.2020 06:33:00",
            "turn-index":27,
            "utterance":"ドジっこのチャーリーに、いつも厳しいことばかり言うの。スヌーピーのことも駄犬扱いするの。"
        },
        {
            "speaker":"S",
            "time":"18.10.2020 06:33:01",
            "turn-index":28,
            "utterance":"そうなんですね！あ、そろそろ時間ですね。ありがとうございました。お話できて楽しかったです！"
        },
        {
            "speaker":"U",
            "time":"18.10.2020 06:33:36",
            "turn-index":29,
            "utterance":"ありがとう、リンさん。お疲れさまでした。"
        },
        {
            "speaker":"S",
            "time":"18.10.2020 06:33:36",
            "turn-index":30,
            "utterance":"ではまた、どこかでお会いしましょう！さようなら～"
        }
    ]
}