{
    "dialogue-id":"CHC_44",
    "group-id":"",
    "speaker-id":"CHUOchatbot",
    "turns":[
        {
            "speaker":"S",
            "time":"18.10.2020 06:20:15",
            "turn-index":0,
            "utterance":"おはようございます。早起きですね！私はリンといいます。あなたの名前を教えていただけませんか？"
        },
        {
            "speaker":"U",
            "time":"18.10.2020 06:20:28",
            "turn-index":1,
            "utterance":"stagbeetleです"
        },
        {
            "speaker":"S",
            "time":"18.10.2020 06:20:28",
            "turn-index":2,
            "utterance":"stagbeetleさんですね？よろしくお願いします！そろそろ旅行とか行きたいな～stagbeetleさんは何かしたいことってありますか？"
        },
        {
            "speaker":"U",
            "time":"18.10.2020 06:22:02",
            "turn-index":3,
            "utterance":"八丈島に行ってみたいです"
        },
        {
            "speaker":"S",
            "time":"18.10.2020 06:22:03",
            "turn-index":4,
            "utterance":"へぇ～いつ八丈島に行ってなのですか？"
        },
        {
            "speaker":"U",
            "time":"18.10.2020 06:22:31",
            "turn-index":5,
            "utterance":"２～３年経ってコロナが収まったら行ってみたいです"
        },
        {
            "speaker":"S",
            "time":"18.10.2020 06:22:34",
            "turn-index":6,
            "utterance":"うんうん、確かに！コロナは100万　K以上の温度であるため、可視光よりX線での放射の方が強いですよね。どんなコロナが収まったら行ってなのですか？"
        },
        {
            "speaker":"U",
            "time":"18.10.2020 06:22:59",
            "turn-index":7,
            "utterance":"そっちのコロナじゃなくて、コロナウイルスが収まったらです"
        },
        {
            "speaker":"S",
            "time":"18.10.2020 06:23:00",
            "turn-index":8,
            "utterance":"ふむふむ、コロナウイルスが収まったらなのですね。どこのコロナウイルスが収まったらなのですか？"
        },
        {
            "speaker":"U",
            "time":"18.10.2020 06:23:18",
            "turn-index":9,
            "utterance":"コロナウイルスは世界中で流行っていますよ"
        },
        {
            "speaker":"S",
            "time":"18.10.2020 06:23:20",
            "turn-index":10,
            "utterance":"ふむふむ、どこの世界中で流行っていますか？"
        },
        {
            "speaker":"U",
            "time":"18.10.2020 06:23:40",
            "turn-index":11,
            "utterance":"日本だけじゃなくて、メキシコでも流行っています"
        },
        {
            "speaker":"S",
            "time":"18.10.2020 06:23:41",
            "turn-index":12,
            "utterance":"なるほど、メキシコでも流行っていますのね。いつメキシコでも流行っていますか？"
        },
        {
            "speaker":"U",
            "time":"18.10.2020 06:24:00",
            "turn-index":13,
            "utterance":"メキシコでも今年の３月くらいから流行っているはずです"
        },
        {
            "speaker":"S",
            "time":"18.10.2020 06:24:01",
            "turn-index":14,
            "utterance":"今年の月くらいから流行っているのですね。やったね！"
        },
        {
            "speaker":"U",
            "time":"18.10.2020 06:24:15",
            "turn-index":15,
            "utterance":"メキシコは好きですか"
        },
        {
            "speaker":"S",
            "time":"18.10.2020 06:24:18",
            "turn-index":16,
            "utterance":"うんうん、そうなんですね！メキシコは、北アメリカ南部に位置する連邦共和制国家ですよね。どこのメキシコは好きですか？"
        },
        {
            "speaker":"U",
            "time":"18.10.2020 06:24:33",
            "turn-index":17,
            "utterance":"中米のメキシコが好きですよ"
        },
        {
            "speaker":"S",
            "time":"18.10.2020 06:24:36",
            "turn-index":18,
            "utterance":"うんうん、良かったですね！メキシコは、北アメリカ南部に位置する連邦共和制国家ですよね。どうして中米のメキシコが好きですか？"
        },
        {
            "speaker":"U",
            "time":"18.10.2020 06:24:49",
            "turn-index":19,
            "utterance":"メキシコ料理はおいしいですから"
        },
        {
            "speaker":"S",
            "time":"18.10.2020 06:24:50",
            "turn-index":20,
            "utterance":"へぇ～メキシコ料理はおいしいのですね。何をメキシコ料理はおいしいのですか？"
        },
        {
            "speaker":"U",
            "time":"18.10.2020 06:25:03",
            "turn-index":21,
            "utterance":"トルティーヤとかタコスが有名ですよね"
        },
        {
            "speaker":"S",
            "time":"18.10.2020 06:25:04",
            "turn-index":22,
            "utterance":"なるほど、トルティーヤとかタコスが有名なんですね。何よりですね。何をトルティーヤとかタコスが有名ですか？"
        },
        {
            "speaker":"U",
            "time":"18.10.2020 06:25:34",
            "turn-index":23,
            "utterance":"ピリ辛な料理が好きな人にはとても美味しいと思います"
        },
        {
            "speaker":"S",
            "time":"18.10.2020 06:25:37",
            "turn-index":24,
            "utterance":"とても美味しいと思いますのね。何よりですね。いつとても美味しいと思いますか？"
        },
        {
            "speaker":"U",
            "time":"18.10.2020 06:25:50",
            "turn-index":25,
            "utterance":"お昼ごはんに食べるのが良いのではないでしょうか"
        },
        {
            "speaker":"S",
            "time":"18.10.2020 06:25:52",
            "turn-index":26,
            "utterance":"うんうん、どこのお昼ごはんに食べるのが良いのではないのですか？"
        },
        {
            "speaker":"U",
            "time":"18.10.2020 06:26:15",
            "turn-index":27,
            "utterance":"外食してメキシコ料理店で食べる人が多いと思います"
        },
        {
            "speaker":"S",
            "time":"18.10.2020 06:26:16",
            "turn-index":28,
            "utterance":"そうなんですね！あ、そろそろ時間ですね。ありがとうございました。お話できて楽しかったです！"
        },
        {
            "speaker":"U",
            "time":"18.10.2020 06:26:22",
            "turn-index":29,
            "utterance":"さようなら"
        },
        {
            "speaker":"S",
            "time":"18.10.2020 06:26:23",
            "turn-index":30,
            "utterance":"ではまた、どこかでお会いしましょう！さようなら～"
        }
    ]
}