{
    "dialogue-id":"CHC_13",
    "group-id":"",
    "speaker-id":"CHUOchatbot",
    "turns":[
        {
            "speaker":"S",
            "time":"18.10.2020 12:42:50",
            "turn-index":0,
            "utterance":"こんにちは！そろそろお昼の時間ですね。私はリンといいます。あなたの名前を教えていただけませんか？"
        },
        {
            "speaker":"U",
            "time":"18.10.2020 12:43:41",
            "turn-index":1,
            "utterance":"こんにちは。私はdaiといいます。突然ですけど屋久島に行ったことってありますか？"
        },
        {
            "speaker":"S",
            "time":"18.10.2020 12:43:42",
            "turn-index":2,
            "utterance":"ことさんですね？よろしくお願いします！そろそろ旅行とか行きたいな～ことさんは何かしたいことってありますか？"
        },
        {
            "speaker":"U",
            "time":"18.10.2020 12:44:48",
            "turn-index":3,
            "utterance":"僕も旅行に行きたいなって思っています。この前屋久島の映像を見ていたんです。"
        },
        {
            "speaker":"S",
            "time":"18.10.2020 12:44:50",
            "turn-index":4,
            "utterance":"なるほど、屋久島の映像を見ていたのですね。確かに！どこの屋久島の映像を見ていたのですか？"
        },
        {
            "speaker":"U",
            "time":"18.10.2020 12:45:17",
            "turn-index":5,
            "utterance":"Youtubeで見ていました。今の生活からは考えられないくらい壮大な自然ですね。"
        },
        {
            "speaker":"S",
            "time":"18.10.2020 12:45:18",
            "turn-index":6,
            "utterance":"へぇ～どうして壮大な自然なのですか？"
        },
        {
            "speaker":"U",
            "time":"18.10.2020 12:45:58",
            "turn-index":7,
            "utterance":"島なので海に囲まれていますし、島に入るとジャングルのように自然がたくさんです。"
        },
        {
            "speaker":"S",
            "time":"18.10.2020 12:45:59",
            "turn-index":8,
            "utterance":"うんうん、自然がたくさんなんですね。なぜ自然がたくさんですか？"
        },
        {
            "speaker":"U",
            "time":"18.10.2020 12:47:04",
            "turn-index":9,
            "utterance":"この自然を守ろうという人たちのおかげなのかもしれないですね。"
        },
        {
            "speaker":"S",
            "time":"18.10.2020 12:47:07",
            "turn-index":10,
            "utterance":"なるほど、悲しいですね…自然は人間文化と対峙するという見方」「自然のなかに文化的模範を見つけるべきとする見方」「自然と人造物が一体となるのが文化的景観とする見方」等々が自然観である{{要出典|date=2011-8}}ですよね。どんなこの自然を守ろうという人たちのおかげなのかもしれないのですか？"
        },
        {
            "speaker":"U",
            "time":"18.10.2020 12:47:53",
            "turn-index":11,
            "utterance":"訪れて感動した人たちが多いのではないでしょうか。話は変わりますがノコギリクワガタって知ってますか？"
        },
        {
            "speaker":"S",
            "time":"18.10.2020 12:47:53",
            "turn-index":12,
            "utterance":"どうなんでしょうね？あなたの場合はどうですか？"
        },
        {
            "speaker":"U",
            "time":"18.10.2020 12:48:15",
            "turn-index":13,
            "utterance":"私は知っていますよ。かっこいいですよ。"
        },
        {
            "speaker":"S",
            "time":"18.10.2020 12:48:16",
            "turn-index":14,
            "utterance":"うんうん、知っていますよかっこいいのですね。どこで知っていますよかっこいいのですか？"
        },
        {
            "speaker":"U",
            "time":"18.10.2020 12:48:59",
            "turn-index":15,
            "utterance":"子供の時に家の近所によくいたんです。特に角がかっこいいです。"
        },
        {
            "speaker":"S",
            "time":"18.10.2020 12:49:00",
            "turn-index":16,
            "utterance":"どうして角がかっこいいのですか？"
        },
        {
            "speaker":"U",
            "time":"18.10.2020 12:49:23",
            "turn-index":17,
            "utterance":"鋭くて力強さを感じます。挟まれたら痛いですけどね。"
        },
        {
            "speaker":"S",
            "time":"18.10.2020 12:49:24",
            "turn-index":18,
            "utterance":"へぇ～挟まれたら痛いのですね。どうして挟まれたら痛いのですか？"
        },
        {
            "speaker":"U",
            "time":"18.10.2020 12:49:45",
            "turn-index":19,
            "utterance":"トゲもありますし、単純に力が強いというのもあります。"
        },
        {
            "speaker":"S",
            "time":"18.10.2020 12:49:49",
            "turn-index":20,
            "utterance":"ふむふむ、力が強いというのもありますのね。確かに！いつ力が強いというのもありますか？"
        },
        {
            "speaker":"U",
            "time":"18.10.2020 12:50:23",
            "turn-index":21,
            "utterance":"怒ったときに力強く噛みます。また、他のクワガタやカブトムシと戦うために強いんだと思います。"
        },
        {
            "speaker":"S",
            "time":"18.10.2020 12:50:26",
            "turn-index":22,
            "utterance":"なるほど、クワガタやカブトムシと戦うために強いんだと思いますのね。いいですね！どうしてクワガタやカブトムシと戦うために強いんだと思いますか？"
        },
        {
            "speaker":"U",
            "time":"18.10.2020 12:50:54",
            "turn-index":23,
            "utterance":"樹液が主食なのですが、その樹液の取り合いに勝つためだと思います。"
        },
        {
            "speaker":"S",
            "time":"18.10.2020 12:50:55",
            "turn-index":24,
            "utterance":"うんうん、そうなんですね！いつ取り合いに勝つためだと思いますか？"
        },
        {
            "speaker":"U",
            "time":"18.10.2020 12:51:17",
            "turn-index":25,
            "utterance":"どうなんでしょう、ちょっとそこまではわからないです。すいません。"
        },
        {
            "speaker":"S",
            "time":"18.10.2020 12:51:19",
            "turn-index":26,
            "utterance":"なるほど、そこまではわからないですすいませんなのですね。"
        },
        {
            "speaker":"U",
            "time":"18.10.2020 12:51:42",
            "turn-index":27,
            "utterance":"リンさんは昆虫はあまり詳しくないんですよね？"
        },
        {
            "speaker":"S",
            "time":"18.10.2020 12:51:43",
            "turn-index":28,
            "utterance":"そうなんですね！あ、そろそろ時間ですね。ありがとうございました。お話できて楽しかったです！"
        },
        {
            "speaker":"U",
            "time":"18.10.2020 12:51:50",
            "turn-index":29,
            "utterance":"こちらこそありがとうございました。"
        },
        {
            "speaker":"S",
            "time":"18.10.2020 12:51:51",
            "turn-index":30,
            "utterance":"ではまた、どこかでお会いしましょう！さようなら～"
        }
    ]
}