{
    "dialogue-id":"CHC_12",
    "group-id":"",
    "speaker-id":"CHUOchatbot",
    "turns":[
        {
            "speaker":"S",
            "time":"17.10.2020 23:01:41",
            "turn-index":0,
            "utterance":"こんばんは！だいぶ夜が更けてきましたね。私はリンといいます。あなたの名前を教えていただけませんか？"
        },
        {
            "speaker":"U",
            "time":"17.10.2020 23:01:58",
            "turn-index":1,
            "utterance":"こんばんわ。モミジです。よろしくお願いします。"
        },
        {
            "speaker":"S",
            "time":"17.10.2020 23:01:58",
            "turn-index":2,
            "utterance":"モミジさんですね？よろしくお願いします！そろそろ旅行とか行きたいな～モミジさんは何かしたいことってありますか？"
        },
        {
            "speaker":"U",
            "time":"17.10.2020 23:02:20",
            "turn-index":3,
            "utterance":"そうですね、旅行といえば、私は厳島神社に行ってみたいです。"
        },
        {
            "speaker":"S",
            "time":"17.10.2020 23:02:21",
            "turn-index":4,
            "utterance":"なるほど、やったね！"
        },
        {
            "speaker":"U",
            "time":"17.10.2020 23:02:35",
            "turn-index":5,
            "utterance":"リンさんは厳島神社へ行ったことはありますか？"
        },
        {
            "speaker":"S",
            "time":"17.10.2020 23:02:37",
            "turn-index":6,
            "utterance":"どうなんでしょうね？あなたの場合はどうですか？"
        },
        {
            "speaker":"U",
            "time":"17.10.2020 23:02:45",
            "turn-index":7,
            "utterance":"私はまだなんですよ。"
        },
        {
            "speaker":"S",
            "time":"17.10.2020 23:02:47",
            "turn-index":8,
            "utterance":"ふむふむ、私はまだのですね。なんで私はまだのですか？"
        },
        {
            "speaker":"U",
            "time":"17.10.2020 23:03:20",
            "turn-index":9,
            "utterance":"自粛宣言でなかなか遠出できなくて…"
        },
        {
            "speaker":"S",
            "time":"17.10.2020 23:03:21",
            "turn-index":10,
            "utterance":"へぇ～なかなか遠出できなくて…なのですね。そうなんですね…何をなかなか遠出できなくて…なのですか？"
        },
        {
            "speaker":"U",
            "time":"17.10.2020 23:04:33",
            "turn-index":11,
            "utterance":"ところで、観音菩薩には興味がありますか？"
        },
        {
            "speaker":"S",
            "time":"17.10.2020 23:04:33",
            "turn-index":12,
            "utterance":"どうなんでしょうね？あなたの場合はどうですか？"
        },
        {
            "speaker":"U",
            "time":"17.10.2020 23:05:01",
            "turn-index":13,
            "utterance":"私、あまり神社仏閣を巡ったことがないので、巨大な観音像とかも見てみたいですね"
        },
        {
            "speaker":"S",
            "time":"17.10.2020 23:05:04",
            "turn-index":14,
            "utterance":"いつ観音像とかも見てなのですか？"
        },
        {
            "speaker":"U",
            "time":"17.10.2020 23:05:46",
            "turn-index":15,
            "utterance":"考えてみれば冬に突入するんですよね。もっと暖かくなってからがいいかなあ"
        },
        {
            "speaker":"S",
            "time":"17.10.2020 23:05:49",
            "turn-index":16,
            "utterance":"へぇ～良かったですね！冬は、四季の一つであり、一年の中で最も寒い期間・季節を指すですよね。どこのもっと暖かくなってからがいいのですか？"
        },
        {
            "speaker":"U",
            "time":"17.10.2020 23:06:19",
            "turn-index":17,
            "utterance":"のんびり外を歩き回れるのは春が訪れてからですね"
        },
        {
            "speaker":"S",
            "time":"17.10.2020 23:06:21",
            "turn-index":18,
            "utterance":"へぇ～春が訪れてなのですね。良かったですね！どんな春が訪れてなのですか？"
        },
        {
            "speaker":"U",
            "time":"17.10.2020 23:06:53",
            "turn-index":19,
            "utterance":"三密回避などに気を使わなくて済む、平和な春が訪れてほしいです"
        },
        {
            "speaker":"S",
            "time":"17.10.2020 23:06:56",
            "turn-index":20,
            "utterance":"ふむふむ、気とは、中国思想や道教や中医学などの用語の一つですよね。どこの平和な春が訪れてほしいのですか？"
        },
        {
            "speaker":"U",
            "time":"17.10.2020 23:07:19",
            "turn-index":21,
            "utterance":"感染症を恐れてビクビクしないで済むような？"
        },
        {
            "speaker":"S",
            "time":"17.10.2020 23:07:22",
            "turn-index":22,
            "utterance":"分からないです…他に何かしたいことはありませんか？"
        },
        {
            "speaker":"U",
            "time":"17.10.2020 23:07:43",
            "turn-index":23,
            "utterance":"春になったらお花見もしたいです。気が早いですけど"
        },
        {
            "speaker":"S",
            "time":"17.10.2020 23:07:51",
            "turn-index":24,
            "utterance":"気とは、中国思想や道教や中医学などの用語の一つですよね。どうしてお花見もしたいです気が早いのですか？"
        },
        {
            "speaker":"U",
            "time":"17.10.2020 23:08:09",
            "turn-index":25,
            "utterance":"まだ秋ですからねえ…春は遠いです"
        },
        {
            "speaker":"S",
            "time":"17.10.2020 23:08:11",
            "turn-index":26,
            "utterance":"へぇ～良かったですね！春は、四季の1つですよね。どこから秋ですからねえ…春は遠いのですか？"
        },
        {
            "speaker":"U",
            "time":"17.10.2020 23:08:40",
            "turn-index":27,
            "utterance":"だって半年以上も先の事ですよ！　その前にこの冬をどう越すかです"
        },
        {
            "speaker":"S",
            "time":"17.10.2020 23:08:40",
            "turn-index":28,
            "utterance":"そうなんですね！あ、そろそろ時間ですね。ありがとうございました。お話できて楽しかったです！"
        },
        {
            "speaker":"U",
            "time":"17.10.2020 23:08:48",
            "turn-index":29,
            "utterance":"こちらこそありがとうございました"
        },
        {
            "speaker":"S",
            "time":"17.10.2020 23:08:48",
            "turn-index":30,
            "utterance":"ではまた、どこかでお会いしましょう！さようなら～"
        }
    ]
}