{
    "dialogue-id":"CHC_08",
    "group-id":"",
    "speaker-id":"CHUOchatbot",
    "turns":[
        {
            "speaker":"S",
            "time":"18.10.2020 11:40:53",
            "turn-index":0,
            "utterance":"こんにちは！そろそろお昼の時間ですね。私はリンといいます。あなたの名前を教えていただけませんか？"
        },
        {
            "speaker":"U",
            "time":"18.10.2020 11:41:13",
            "turn-index":1,
            "utterance":"mlだよ"
        },
        {
            "speaker":"S",
            "time":"18.10.2020 11:41:14",
            "turn-index":2,
            "utterance":"よさんですね？よろしくお願いします！そろそろ旅行とか行きたいな～よさんは何かしたいことってありますか？"
        },
        {
            "speaker":"U",
            "time":"18.10.2020 11:42:41",
            "turn-index":3,
            "utterance":"月に行ってみたい"
        },
        {
            "speaker":"S",
            "time":"18.10.2020 11:42:44",
            "turn-index":4,
            "utterance":"ふむふむ、月は、地球の唯一の衛星ですよね。どこの月に行ってみたいのですか？"
        },
        {
            "speaker":"U",
            "time":"18.10.2020 11:43:10",
            "turn-index":5,
            "utterance":"1つしかないじゃん"
        },
        {
            "speaker":"S",
            "time":"18.10.2020 11:43:11",
            "turn-index":6,
            "utterance":"へぇ～1つしかないのですね。どうして1つしかないのですか？"
        },
        {
            "speaker":"U",
            "time":"18.10.2020 11:43:22",
            "turn-index":7,
            "utterance":"さあね"
        },
        {
            "speaker":"S",
            "time":"18.10.2020 11:43:23",
            "turn-index":8,
            "utterance":"ふむふむ"
        },
        {
            "speaker":"U",
            "time":"18.10.2020 11:43:55",
            "turn-index":9,
            "utterance":"秋になって月が綺麗に見えるね"
        },
        {
            "speaker":"S",
            "time":"18.10.2020 11:43:58",
            "turn-index":10,
            "utterance":"なるほど、良かったですね！月は、地球の唯一の衛星ですよね。どうして綺麗に見えるのですか？"
        },
        {
            "speaker":"U",
            "time":"18.10.2020 11:45:49",
            "turn-index":11,
            "utterance":"大気の水蒸気量が少ないからだったかな"
        },
        {
            "speaker":"S",
            "time":"18.10.2020 11:45:50",
            "turn-index":12,
            "utterance":"水蒸気量が少ないのですね。何よりですね。どこの水蒸気量が少ないのですか？"
        },
        {
            "speaker":"U",
            "time":"18.10.2020 11:46:30",
            "turn-index":13,
            "utterance":"面白い事訊くね"
        },
        {
            "speaker":"S",
            "time":"18.10.2020 11:46:31",
            "turn-index":14,
            "utterance":"なるほど、そうなんですね！"
        },
        {
            "speaker":"U",
            "time":"18.10.2020 11:51:46",
            "turn-index":15,
            "utterance":"衛星と言えば木星の衛星はたくさんあるよね"
        },
        {
            "speaker":"S",
            "time":"18.10.2020 11:51:49",
            "turn-index":16,
            "utterance":"なるほど、衛星は、惑星や準惑星・小惑星の周りを公転する天然の天体ですよね。いつたくさんあるのですか？"
        },
        {
            "speaker":"U",
            "time":"18.10.2020 11:52:30",
            "turn-index":17,
            "utterance":"よく知ってるね"
        },
        {
            "speaker":"S",
            "time":"18.10.2020 11:52:31",
            "turn-index":18,
            "utterance":"なるほど、よく知ってるのですね。何をよく知ってるのですか？"
        },
        {
            "speaker":"U",
            "time":"18.10.2020 11:53:19",
            "turn-index":19,
            "utterance":"宇宙や天体に詳しそう"
        },
        {
            "speaker":"S",
            "time":"18.10.2020 11:53:25",
            "turn-index":20,
            "utterance":"宇宙や天体に詳しそうなのですね。どこで宇宙や天体に詳しそうなのですか？"
        },
        {
            "speaker":"U",
            "time":"18.10.2020 11:54:05",
            "turn-index":21,
            "utterance":"それじゃあ木星の衛星の数は？"
        },
        {
            "speaker":"S",
            "time":"18.10.2020 11:54:07",
            "turn-index":22,
            "utterance":"分からないです…他に何かしたいことはありませんか？"
        },
        {
            "speaker":"U",
            "time":"18.10.2020 11:56:16",
            "turn-index":23,
            "utterance":"木星の衛星は今現在80近くあるみたい"
        },
        {
            "speaker":"S",
            "time":"18.10.2020 11:56:19",
            "turn-index":24,
            "utterance":"ふむふむ、衛星は、惑星や準惑星・小惑星の周りを公転する天然の天体ですよね。どうして今現在80近くあるのですか？"
        },
        {
            "speaker":"U",
            "time":"18.10.2020 11:56:44",
            "turn-index":25,
            "utterance":"未確認のものがあるって"
        },
        {
            "speaker":"S",
            "time":"18.10.2020 11:56:45",
            "turn-index":26,
            "utterance":"ふむふむ、どこで未確認のものがあるのですか？"
        },
        {
            "speaker":"U",
            "time":"18.10.2020 11:57:41",
            "turn-index":27,
            "utterance":"わからないけどとにかく多いね"
        },
        {
            "speaker":"S",
            "time":"18.10.2020 11:57:42",
            "turn-index":28,
            "utterance":"そうなんですね！あ、そろそろ時間ですね。ありがとうございました。お話できて楽しかったです！"
        },
        {
            "speaker":"U",
            "time":"18.10.2020 11:58:03",
            "turn-index":29,
            "utterance":"こちらこそ。ありがとう"
        },
        {
            "speaker":"S",
            "time":"18.10.2020 11:58:04",
            "turn-index":30,
            "utterance":"ではまた、どこかでお会いしましょう！さようなら～"
        }
    ]
}