{
    "dialogue-id":"CHC_24",
    "group-id":"",
    "speaker-id":"CHUOchatbot",
    "turns":[
        {
            "speaker":"S",
            "time":"18.10.2020 06:47:23",
            "turn-index":0,
            "utterance":"おはようございます。早起きですね！私はリンといいます。あなたの名前を教えていただけませんか？"
        },
        {
            "speaker":"U",
            "time":"18.10.2020 06:47:45",
            "turn-index":1,
            "utterance":"kikkawaです。おはようございます"
        },
        {
            "speaker":"S",
            "time":"18.10.2020 06:47:45",
            "turn-index":2,
            "utterance":"kikkawaさんですね？よろしくお願いします！そろそろ旅行とか行きたいな～kikkawaさんは何かしたいことってありますか？"
        },
        {
            "speaker":"U",
            "time":"18.10.2020 06:48:05",
            "turn-index":3,
            "utterance":"月に行ってみたいです"
        },
        {
            "speaker":"S",
            "time":"18.10.2020 06:48:08",
            "turn-index":4,
            "utterance":"うんうん、月は、地球の唯一の衛星ですよね。どうやって月に行ってなのですか？"
        },
        {
            "speaker":"U",
            "time":"18.10.2020 06:48:25",
            "turn-index":5,
            "utterance":"そうですね、ロケットがいいですね"
        },
        {
            "speaker":"S",
            "time":"18.10.2020 06:48:26",
            "turn-index":6,
            "utterance":"そうですねロケットがいいのですね。どこでそうですねロケットがいいのですか？"
        },
        {
            "speaker":"U",
            "time":"18.10.2020 06:48:45",
            "turn-index":7,
            "utterance":"速く行けるからです"
        },
        {
            "speaker":"S",
            "time":"18.10.2020 06:48:46",
            "turn-index":8,
            "utterance":"ふむふむ、何を速く行けるのですか？"
        },
        {
            "speaker":"U",
            "time":"18.10.2020 06:48:58",
            "turn-index":9,
            "utterance":"時間を速くいけるのです"
        },
        {
            "speaker":"S",
            "time":"18.10.2020 06:48:59",
            "turn-index":10,
            "utterance":"ふむふむ、どこで時間を速くいけるのですか？"
        },
        {
            "speaker":"U",
            "time":"18.10.2020 06:49:27",
            "turn-index":11,
            "utterance":"まあそれはおいといて、もうひとつやりたいことがあります"
        },
        {
            "speaker":"S",
            "time":"18.10.2020 06:49:29",
            "turn-index":12,
            "utterance":"なるほど、もうひとつやりたいことがありますのね。何のためにもうひとつやりたいことがありますか？"
        },
        {
            "speaker":"U",
            "time":"18.10.2020 06:49:43",
            "turn-index":13,
            "utterance":"それは阿波踊りです"
        },
        {
            "speaker":"S",
            "time":"18.10.2020 06:49:44",
            "turn-index":14,
            "utterance":"なるほど、阿波踊りなのですね。"
        },
        {
            "speaker":"U",
            "time":"18.10.2020 06:50:00",
            "turn-index":15,
            "utterance":"はい。私の地元の祭りです"
        },
        {
            "speaker":"S",
            "time":"18.10.2020 06:50:01",
            "turn-index":16,
            "utterance":"私の地元の祭りなのですね。どうして私の地元の祭りなのですか？"
        },
        {
            "speaker":"U",
            "time":"18.10.2020 06:50:22",
            "turn-index":17,
            "utterance":"そこが発祥の地なのですよ"
        },
        {
            "speaker":"S",
            "time":"18.10.2020 06:50:23",
            "turn-index":18,
            "utterance":"発祥の地なのですね。どうして発祥の地なのですか？"
        },
        {
            "speaker":"U",
            "time":"18.10.2020 06:50:39",
            "turn-index":19,
            "utterance":"江戸時代に殿様が始めたらしいです"
        },
        {
            "speaker":"S",
            "time":"18.10.2020 06:50:40",
            "turn-index":20,
            "utterance":"うんうん、殿様が始めたのですね。いつ殿様が始めたのですか？"
        },
        {
            "speaker":"U",
            "time":"18.10.2020 06:50:50",
            "turn-index":21,
            "utterance":"江戸時代です"
        },
        {
            "speaker":"S",
            "time":"18.10.2020 06:50:50",
            "turn-index":22,
            "utterance":"江戸時代なのですね。"
        },
        {
            "speaker":"U",
            "time":"18.10.2020 06:50:55",
            "turn-index":23,
            "utterance":"はい"
        },
        {
            "speaker":"S",
            "time":"18.10.2020 06:50:55",
            "turn-index":24,
            "utterance":"そうなんですね～"
        },
        {
            "speaker":"U",
            "time":"18.10.2020 06:51:09",
            "turn-index":25,
            "utterance":"そうなんです。むかしですね"
        },
        {
            "speaker":"S",
            "time":"18.10.2020 06:51:10",
            "turn-index":26,
            "utterance":"そうなんですむかしなのですね。"
        },
        {
            "speaker":"U",
            "time":"18.10.2020 06:51:21",
            "turn-index":27,
            "utterance":"ずいぶんと歴史があります"
        },
        {
            "speaker":"S",
            "time":"18.10.2020 06:51:21",
            "turn-index":28,
            "utterance":"そうなんですね！あ、そろそろ時間ですね。ありがとうございました。お話できて楽しかったです！"
        },
        {
            "speaker":"U",
            "time":"18.10.2020 06:51:30",
            "turn-index":29,
            "utterance":"ありがとうございました"
        },
        {
            "speaker":"S",
            "time":"18.10.2020 06:51:30",
            "turn-index":30,
            "utterance":"ではまた、どこかでお会いしましょう！さようなら～"
        }
    ]
}