{
    "dialogue-id":"CHC_28",
    "group-id":"",
    "speaker-id":"CHUOchatbot",
    "turns":[
        {
            "speaker":"S",
            "time":"18.10.2020 11:45:16",
            "turn-index":0,
            "utterance":"こんにちは！そろそろお昼の時間ですね。私はリンといいます。あなたの名前を教えていただけませんか？"
        },
        {
            "speaker":"U",
            "time":"18.10.2020 11:46:03",
            "turn-index":1,
            "utterance":"こんにちは。私の名前はTKです。突然ですがメキシコへ行ったことはありますか？"
        },
        {
            "speaker":"S",
            "time":"18.10.2020 11:46:04",
            "turn-index":2,
            "utterance":"TKさんですね？よろしくお願いします！そろそろ旅行とか行きたいな～TKさんは何かしたいことってありますか？"
        },
        {
            "speaker":"U",
            "time":"18.10.2020 11:46:57",
            "turn-index":3,
            "utterance":"メキシコへ行きたいです。"
        },
        {
            "speaker":"S",
            "time":"18.10.2020 11:46:58",
            "turn-index":4,
            "utterance":"なるほど、メキシコへ行きたいのですね。何をメキシコへ行きたいのですか？"
        },
        {
            "speaker":"U",
            "time":"18.10.2020 11:47:45",
            "turn-index":5,
            "utterance":"メキシコで本場のタコスを食べてみたいんです。"
        },
        {
            "speaker":"S",
            "time":"18.10.2020 11:47:47",
            "turn-index":6,
            "utterance":"へぇ～本場のタコスを食べてみたいのですね。どうして本場のタコスを食べてみたいのですか？"
        },
        {
            "speaker":"U",
            "time":"18.10.2020 11:48:11",
            "turn-index":7,
            "utterance":"タコスが好物なので本場の味を知りたいのです。"
        },
        {
            "speaker":"S",
            "time":"18.10.2020 11:48:13",
            "turn-index":8,
            "utterance":"へぇ～本場の味を知りたいのですね。確かに！どこに本場の味を知りたいのですか？"
        },
        {
            "speaker":"U",
            "time":"18.10.2020 11:48:54",
            "turn-index":9,
            "utterance":"やはりメキシコのタコス専門店ですかね。"
        },
        {
            "speaker":"S",
            "time":"18.10.2020 11:48:55",
            "turn-index":10,
            "utterance":"へぇ～タコス専門店なのですね。なんでタコス専門店なのですか？"
        },
        {
            "speaker":"U",
            "time":"18.10.2020 11:49:34",
            "turn-index":11,
            "utterance":"専門店の方がこだわりがある気がするからです。"
        },
        {
            "speaker":"S",
            "time":"18.10.2020 11:49:35",
            "turn-index":12,
            "utterance":"こだわりがある気がするのですね。どんなこだわりがある気がするのですか？"
        },
        {
            "speaker":"U",
            "time":"18.10.2020 11:50:04",
            "turn-index":13,
            "utterance":"それは分かりません。ところで話は変わりますが長谷川町子さんを知っていますか？"
        },
        {
            "speaker":"S",
            "time":"18.10.2020 11:50:05",
            "turn-index":14,
            "utterance":"どうなんでしょうね？あなたの場合はどうですか？"
        },
        {
            "speaker":"U",
            "time":"18.10.2020 11:50:24",
            "turn-index":15,
            "utterance":"私は知っています。サザエさんの作者として有名ですね。"
        },
        {
            "speaker":"S",
            "time":"18.10.2020 11:50:26",
            "turn-index":16,
            "utterance":"なるほど、知っていますサザエさんの作者として有名なんですね。何よりですね。"
        },
        {
            "speaker":"U",
            "time":"18.10.2020 11:50:39",
            "turn-index":17,
            "utterance":"サザエさん面白いですよね。"
        },
        {
            "speaker":"S",
            "time":"18.10.2020 11:50:39",
            "turn-index":18,
            "utterance":"うんうん、サザエさん面白いのですね。そうなんですね！何をサザエさん面白いのですか？"
        },
        {
            "speaker":"U",
            "time":"18.10.2020 11:50:59",
            "turn-index":19,
            "utterance":"サザエとカツオのやり取りが好きですね。"
        },
        {
            "speaker":"S",
            "time":"18.10.2020 11:51:01",
            "turn-index":20,
            "utterance":"うんうん、サザエとカツオのやり取りが好きなんですね。やったね！どこのサザエとカツオのやり取りが好きですか？"
        },
        {
            "speaker":"U",
            "time":"18.10.2020 11:51:36",
            "turn-index":21,
            "utterance":"カツオのイタズラに怒ったサザエが追いかける所なんか好きです。"
        },
        {
            "speaker":"S",
            "time":"18.10.2020 11:51:38",
            "turn-index":22,
            "utterance":"うんうん、カツオのイタズラに怒ったサザエが追いかける所なんか好きなんですね。"
        },
        {
            "speaker":"U",
            "time":"18.10.2020 11:51:44",
            "turn-index":23,
            "utterance":"そうです。"
        },
        {
            "speaker":"S",
            "time":"18.10.2020 11:51:45",
            "turn-index":24,
            "utterance":"なるほどね～"
        },
        {
            "speaker":"U",
            "time":"18.10.2020 11:52:12",
            "turn-index":25,
            "utterance":"リンさんはどんなところが好きですか？"
        },
        {
            "speaker":"S",
            "time":"18.10.2020 11:52:13",
            "turn-index":26,
            "utterance":"分からないです…他に何かしたいことはありませんか？"
        },
        {
            "speaker":"U",
            "time":"18.10.2020 11:52:29",
            "turn-index":27,
            "utterance":"そろそろお昼ご飯が食べたいですね。"
        },
        {
            "speaker":"S",
            "time":"18.10.2020 11:52:29",
            "turn-index":28,
            "utterance":"そうなんですね！あ、そろそろ時間ですね。ありがとうございました。お話できて楽しかったです！"
        },
        {
            "speaker":"U",
            "time":"18.10.2020 11:52:42",
            "turn-index":29,
            "utterance":"ありがとございました。"
        },
        {
            "speaker":"S",
            "time":"18.10.2020 11:52:42",
            "turn-index":30,
            "utterance":"ではまた、どこかでお会いしましょう！さようなら～"
        }
    ]
}