{
    "dialogue-id":"CHC_22",
    "group-id":"",
    "speaker-id":"CHUOchatbot",
    "turns":[
        {
            "speaker":"S",
            "time":"18.10.2020 14:06:15",
            "turn-index":0,
            "utterance":"こんにちは！お昼食べたら眠くなってきました…私はリンといいます。あなたの名前を教えていただけませんか？"
        },
        {
            "speaker":"U",
            "time":"18.10.2020 14:06:49",
            "turn-index":1,
            "utterance":"iyasiです。よろしくお願いいたします。"
        },
        {
            "speaker":"S",
            "time":"18.10.2020 14:06:49",
            "turn-index":2,
            "utterance":"iyasiさんですね？よろしくお願いします！そろそろ旅行とか行きたいな～iyasiさんは何かしたいことってありますか？"
        },
        {
            "speaker":"U",
            "time":"18.10.2020 14:07:22",
            "turn-index":3,
            "utterance":"私も、屋久島に行きたいと考えていたところです。"
        },
        {
            "speaker":"S",
            "time":"18.10.2020 14:07:23",
            "turn-index":4,
            "utterance":"うんうん、屋久島に行きたいと考えていたところなのですね。なんで屋久島に行きたいと考えていたところなのですか？"
        },
        {
            "speaker":"U",
            "time":"18.10.2020 14:08:12",
            "turn-index":5,
            "utterance":"景色が綺麗だし、ストレス解消になりそうだと思って。"
        },
        {
            "speaker":"S",
            "time":"18.10.2020 14:08:14",
            "turn-index":6,
            "utterance":"そうなんですね！どうしてストレス解消になりそうだと思ってなのですか？"
        },
        {
            "speaker":"U",
            "time":"18.10.2020 14:08:54",
            "turn-index":7,
            "utterance":"自然に触れられるから良いかなと思ってます。"
        },
        {
            "speaker":"S",
            "time":"18.10.2020 14:08:56",
            "turn-index":8,
            "utterance":"うんうん、自然に触れられるから良いかなと思ってますのね。何よりですね。どうして自然に触れられるから良いかなと思ってますか？"
        },
        {
            "speaker":"U",
            "time":"18.10.2020 14:11:05",
            "turn-index":9,
            "utterance":"動物とか、固有のものが良そうだし、触れ合いたいです。"
        },
        {
            "speaker":"S",
            "time":"18.10.2020 14:11:07",
            "turn-index":10,
            "utterance":"うんうん、固有のものが良そうだし触れ合いたいのですね。そうなんですね！何を固有のものが良そうだし触れ合いたいのですか？"
        },
        {
            "speaker":"U",
            "time":"18.10.2020 14:11:53",
            "turn-index":11,
            "utterance":"固有のものが居そうだし、の間違いでした。ごめんなさい。"
        },
        {
            "speaker":"S",
            "time":"18.10.2020 14:11:54",
            "turn-index":12,
            "utterance":"へぇ～しの間違いでしたごめんなさいのですね。悲しいですね…なんでしの間違いでしたごめんなさいのですか？"
        },
        {
            "speaker":"U",
            "time":"18.10.2020 14:12:44",
            "turn-index":13,
            "utterance":"言い間違えたから、誤ったのですよ。"
        },
        {
            "speaker":"S",
            "time":"18.10.2020 14:12:45",
            "turn-index":14,
            "utterance":"へぇ～言い間違えたから誤ったのですね。大変そうですね…どうして言い間違えたから誤ったのですか？"
        },
        {
            "speaker":"U",
            "time":"18.10.2020 14:13:13",
            "turn-index":15,
            "utterance":"悪いなと思いました。"
        },
        {
            "speaker":"S",
            "time":"18.10.2020 14:13:14",
            "turn-index":16,
            "utterance":"どうして悪いなと思いましたか？"
        },
        {
            "speaker":"U",
            "time":"18.10.2020 14:13:28",
            "turn-index":17,
            "utterance":"間違ったからですよ。"
        },
        {
            "speaker":"S",
            "time":"18.10.2020 14:13:29",
            "turn-index":18,
            "utterance":"ふむふむ、大変そうですね…"
        },
        {
            "speaker":"U",
            "time":"18.10.2020 14:14:04",
            "turn-index":19,
            "utterance":"いえいえ、自然の中で、動物と触れ合いたいです。"
        },
        {
            "speaker":"S",
            "time":"18.10.2020 14:14:05",
            "turn-index":20,
            "utterance":"ふむふむ、動物と触れ合いたいのですね。何を動物と触れ合いたいのですか？"
        },
        {
            "speaker":"U",
            "time":"18.10.2020 14:14:27",
            "turn-index":21,
            "utterance":"屋久島の動物、知ってますか？"
        },
        {
            "speaker":"S",
            "time":"18.10.2020 14:14:27",
            "turn-index":22,
            "utterance":"分からないです…他に何かしたいことはありませんか？"
        },
        {
            "speaker":"U",
            "time":"18.10.2020 14:14:42",
            "turn-index":23,
            "utterance":"美味しいものを食べたいです。"
        },
        {
            "speaker":"S",
            "time":"18.10.2020 14:14:45",
            "turn-index":24,
            "utterance":"ふむふむ、美味しいものを食べたいのですね。そうなんですね！いつ美味しいものを食べたいのですか？"
        },
        {
            "speaker":"U",
            "time":"18.10.2020 14:15:03",
            "turn-index":25,
            "utterance":"屋久島に旅行に行ったときです。"
        },
        {
            "speaker":"S",
            "time":"18.10.2020 14:15:04",
            "turn-index":26,
            "utterance":"ふむふむ、何よりですね。"
        },
        {
            "speaker":"U",
            "time":"18.10.2020 14:15:31",
            "turn-index":27,
            "utterance":"リンさんは、何がしたいですか？"
        },
        {
            "speaker":"S",
            "time":"18.10.2020 14:15:32",
            "turn-index":28,
            "utterance":"そうなんですね！あ、そろそろ時間ですね。ありがとうございました。お話できて楽しかったです！"
        },
        {
            "speaker":"U",
            "time":"18.10.2020 14:15:45",
            "turn-index":29,
            "utterance":"こちらこそ、ありがとうございました。"
        },
        {
            "speaker":"S",
            "time":"18.10.2020 14:15:46",
            "turn-index":30,
            "utterance":"ではまた、どこかでお会いしましょう！さようなら～"
        }
    ]
}