{
    "dialogue-id":"CHC_19",
    "group-id":"",
    "speaker-id":"CHUOchatbot",
    "turns":[
        {
            "speaker":"S",
            "time":"17.10.2020 22:30:22",
            "turn-index":0,
            "utterance":"おはようございます。早起きですね！私はリンといいます。あなたの名前を教えていただけませんか？"
        },
        {
            "speaker":"U",
            "time":"17.10.2020 22:30:46",
            "turn-index":1,
            "utterance":"おはようございます。mayです。"
        },
        {
            "speaker":"S",
            "time":"17.10.2020 22:30:47",
            "turn-index":2,
            "utterance":"mayさんですね？よろしくお願いします！そろそろ旅行とか行きたいな～mayさんは何かしたいことってありますか？"
        },
        {
            "speaker":"U",
            "time":"17.10.2020 22:31:45",
            "turn-index":3,
            "utterance":"犬神家の一族のＤＶＤを借りてきたので、それを見たいと思っています"
        },
        {
            "speaker":"S",
            "time":"17.10.2020 22:31:47",
            "turn-index":4,
            "utterance":"いつそれを見たいと思っていますか？"
        },
        {
            "speaker":"U",
            "time":"17.10.2020 22:32:11",
            "turn-index":5,
            "utterance":"今日、お昼ご飯のあとで見たいと思っています"
        },
        {
            "speaker":"S",
            "time":"17.10.2020 22:32:13",
            "turn-index":6,
            "utterance":"へぇ～お昼ご飯のあとで見たいと思っていますのね。どんなお昼ご飯のあとで見たいと思っていますか？"
        },
        {
            "speaker":"U",
            "time":"17.10.2020 22:33:07",
            "turn-index":7,
            "utterance":"今日のお昼は、きのうの夜の残り物を食べるつもりです。そのあとで、犬神家の一族を見たいと思っています。"
        },
        {
            "speaker":"S",
            "time":"17.10.2020 22:33:10",
            "turn-index":8,
            "utterance":"ふむふむ、犬神家の一族を見たいと思っていますのね。どんな犬神家の一族を見たいと思っていますか？"
        },
        {
            "speaker":"U",
            "time":"17.10.2020 22:33:39",
            "turn-index":9,
            "utterance":"もちろん、怖い犬神家の一族を見たいと思っています。リンさんは、見たことありますか？"
        },
        {
            "speaker":"S",
            "time":"17.10.2020 22:33:40",
            "turn-index":10,
            "utterance":"どうなんでしょうね？あなたの場合はどうですか？"
        },
        {
            "speaker":"U",
            "time":"17.10.2020 22:34:02",
            "turn-index":11,
            "utterance":"私は、３０年以上前に、一度見たことがあります"
        },
        {
            "speaker":"S",
            "time":"17.10.2020 22:34:03",
            "turn-index":12,
            "utterance":"一度見たことがありますのね。どこで一度見たことがありますか？"
        },
        {
            "speaker":"U",
            "time":"17.10.2020 22:35:47",
            "turn-index":13,
            "utterance":"金曜ロードショーかなにか、そういうので見ました。あ、お昼ごはんは、やっぱりコンビニエンスストアに買いに行ってこようかな"
        },
        {
            "speaker":"S",
            "time":"17.10.2020 22:35:48",
            "turn-index":14,
            "utterance":"ふむふむ、コンビニエンスストアに買いに行ってこようなのですね。"
        },
        {
            "speaker":"U",
            "time":"17.10.2020 22:36:15",
            "turn-index":15,
            "utterance":"そうなのです。リンさんは、コンビニエンスストアは、よく利用しますか？"
        },
        {
            "speaker":"S",
            "time":"17.10.2020 22:36:16",
            "turn-index":16,
            "utterance":"うーん、あなたの場合はどうですか？"
        },
        {
            "speaker":"U",
            "time":"17.10.2020 22:36:26",
            "turn-index":17,
            "utterance":"私はけっこう利用しますね"
        },
        {
            "speaker":"S",
            "time":"17.10.2020 22:36:27",
            "turn-index":18,
            "utterance":"けっこう利用しますのね。何をけっこう利用しますか？"
        },
        {
            "speaker":"U",
            "time":"17.10.2020 22:37:05",
            "turn-index":19,
            "utterance":"コンビニエンスストアのお弁当コーナーを、よく利用します"
        },
        {
            "speaker":"S",
            "time":"17.10.2020 22:37:07",
            "turn-index":20,
            "utterance":"うんうん、よく利用しますのね。何のためによく利用しますか？"
        },
        {
            "speaker":"U",
            "time":"17.10.2020 22:37:46",
            "turn-index":21,
            "utterance":"お昼ごはんを買うのが多いですけど、たまに、夕ご飯も買っちゃいますね"
        },
        {
            "speaker":"S",
            "time":"17.10.2020 22:37:49",
            "turn-index":22,
            "utterance":"へぇ～どんな夕ご飯も買っちゃいますか？"
        },
        {
            "speaker":"U",
            "time":"17.10.2020 22:38:11",
            "turn-index":23,
            "utterance":"のり弁と、ゴボウサラダとか"
        },
        {
            "speaker":"S",
            "time":"17.10.2020 22:38:13",
            "turn-index":24,
            "utterance":"なるほど、ゴボウサラダなのですね。どうしてゴボウサラダなのですか？"
        },
        {
            "speaker":"U",
            "time":"17.10.2020 22:38:32",
            "turn-index":25,
            "utterance":"繊維質をとりたいからですね"
        },
        {
            "speaker":"S",
            "time":"17.10.2020 22:38:34",
            "turn-index":26,
            "utterance":"良かったですね！どこに繊維質をとりたいのですか？"
        },
        {
            "speaker":"U",
            "time":"17.10.2020 22:39:30",
            "turn-index":27,
            "utterance":"体にですね。やっぱり、健康のためにも繊維質は必要だと思うので"
        },
        {
            "speaker":"S",
            "time":"17.10.2020 22:39:30",
            "turn-index":28,
            "utterance":"そうなんですね！あ、そろそろ時間ですね。ありがとうございました。お話できて楽しかったです！"
        },
        {
            "speaker":"U",
            "time":"17.10.2020 22:39:43",
            "turn-index":29,
            "utterance":"こちらこそ、ありがとうございました。"
        },
        {
            "speaker":"S",
            "time":"17.10.2020 22:39:43",
            "turn-index":30,
            "utterance":"ではまた、どこかでお会いしましょう！さようなら～"
        }
    ]
}