{
    "dialogue-id":"CHC_17",
    "group-id":"",
    "speaker-id":"CHUOchatbot",
    "turns":[
        {
            "speaker":"S",
            "time":"17.10.2020 22:59:56",
            "turn-index":0,
            "utterance":"こんばんは！あっという間に一日が終わっちゃいましたね。私はリンといいます。あなたの名前を教えていただけませんか？"
        },
        {
            "speaker":"U",
            "time":"17.10.2020 23:02:08",
            "turn-index":1,
            "utterance":"こんばんは、ろみです。スヌーピーが好きです。"
        },
        {
            "speaker":"S",
            "time":"17.10.2020 23:02:09",
            "turn-index":2,
            "utterance":"ろみさんですね？よろしくお願いします！そろそろ旅行とか行きたいな～ろみさんは何かしたいことってありますか？"
        },
        {
            "speaker":"U",
            "time":"17.10.2020 23:02:57",
            "turn-index":3,
            "utterance":"旅行、いいですね。スヌーピーミュージアムに行ってみたいです。"
        },
        {
            "speaker":"S",
            "time":"17.10.2020 23:02:58",
            "turn-index":4,
            "utterance":"うんうん、スヌーピーミュージアムに行ってなのですね。良かったですね！どうやってスヌーピーミュージアムに行ってなのですか？"
        },
        {
            "speaker":"U",
            "time":"17.10.2020 23:03:58",
            "turn-index":5,
            "utterance":"スヌーピーが好きなんです。"
        },
        {
            "speaker":"S",
            "time":"17.10.2020 23:04:02",
            "turn-index":6,
            "utterance":"なるほど、スヌーピーが好きなのですね。良かったですね！どこにスヌーピーが好きなのですか？"
        },
        {
            "speaker":"U",
            "time":"17.10.2020 23:04:40",
            "turn-index":7,
            "utterance":"とても癒されるんです。かわいくて大好きです。"
        },
        {
            "speaker":"S",
            "time":"17.10.2020 23:04:41",
            "turn-index":8,
            "utterance":"ふむふむ、癒されるんですかわいくて大好きなんですね。いいですね！どこで癒されるんですかわいくて大好きですか？"
        },
        {
            "speaker":"U",
            "time":"17.10.2020 23:05:24",
            "turn-index":9,
            "utterance":"スヌーピーの表情とかに癒されます。"
        },
        {
            "speaker":"S",
            "time":"17.10.2020 23:05:25",
            "turn-index":10,
            "utterance":"うんうん、やったね！どうしてスヌーピーの表情とかに癒されますか？"
        },
        {
            "speaker":"U",
            "time":"17.10.2020 23:06:00",
            "turn-index":11,
            "utterance":"ゆるいかんじがたまらないです。"
        },
        {
            "speaker":"S",
            "time":"17.10.2020 23:06:04",
            "turn-index":12,
            "utterance":"うんうん、そうなんですね…なぜゆるいかんじがたまらないのですか？"
        },
        {
            "speaker":"U",
            "time":"17.10.2020 23:07:04",
            "turn-index":13,
            "utterance":"普段の緊張がほどけるからですかね。話は戻りますが、旅行といえば屋久島もいつか行ってみたいです。"
        },
        {
            "speaker":"S",
            "time":"17.10.2020 23:07:08",
            "turn-index":14,
            "utterance":"ふむふむ、いつか行ってなのですね。どんないつか行ってなのですか？"
        },
        {
            "speaker":"U",
            "time":"17.10.2020 23:07:37",
            "turn-index":15,
            "utterance":"屋久島はなかなか体力いりそうなので、体力つけてからですかね。"
        },
        {
            "speaker":"S",
            "time":"17.10.2020 23:07:38",
            "turn-index":16,
            "utterance":"体力つけてなのですね。良かったですね！どこを体力つけてなのですか？"
        },
        {
            "speaker":"U",
            "time":"17.10.2020 23:08:04",
            "turn-index":17,
            "utterance":"たくさん歩くと思うので足腰鍛えないと。"
        },
        {
            "speaker":"S",
            "time":"17.10.2020 23:08:06",
            "turn-index":18,
            "utterance":"へぇ～足腰鍛えないのですね。いつ足腰鍛えないのですか？"
        },
        {
            "speaker":"U",
            "time":"17.10.2020 23:08:57",
            "turn-index":19,
            "utterance":"なかなか忙しくて筋トレできませんが、神秘的な屋久島に行くのを目標にがんばろうかなと思います。"
        },
        {
            "speaker":"S",
            "time":"17.10.2020 23:09:00",
            "turn-index":20,
            "utterance":"へぇ～神秘的な屋久島に行くのを目標にがんばろうかなと思いますのね。"
        },
        {
            "speaker":"U",
            "time":"17.10.2020 23:09:20",
            "turn-index":21,
            "utterance":"目標は大切ですよね。"
        },
        {
            "speaker":"S",
            "time":"17.10.2020 23:09:21",
            "turn-index":22,
            "utterance":"うんうん、目標は大切なんですね。いいですね！どこで目標は大切ですか？"
        },
        {
            "speaker":"U",
            "time":"17.10.2020 23:09:55",
            "turn-index":23,
            "utterance":"大きな杉の木を見るためにと思えばがんばれそうです。"
        },
        {
            "speaker":"S",
            "time":"17.10.2020 23:09:58",
            "turn-index":24,
            "utterance":"へぇ～大きな杉の木を見るためにと思えばがんばれなのですね。いいですね！どうして大きな杉の木を見るためにと思えばがんばれなのですか？"
        },
        {
            "speaker":"U",
            "time":"17.10.2020 23:10:47",
            "turn-index":25,
            "utterance":"空気もきれいそうだし神秘的な雰囲気を味わえそうだし、屋久島の象徴ですよね。"
        },
        {
            "speaker":"S",
            "time":"17.10.2020 23:10:48",
            "turn-index":26,
            "utterance":"そうなんですね！なんで屋久島の象徴なのですか？"
        },
        {
            "speaker":"U",
            "time":"17.10.2020 23:11:23",
            "turn-index":27,
            "utterance":"テレビや写真でよく見るからですかね。そこまで詳しくなくてすみません。"
        },
        {
            "speaker":"S",
            "time":"17.10.2020 23:11:34",
            "turn-index":28,
            "utterance":"そうなんですね！あ、そろそろ時間ですね。ありがとうございました。お話できて楽しかったです！"
        },
        {
            "speaker":"U",
            "time":"17.10.2020 23:11:49",
            "turn-index":29,
            "utterance":"こちらこそありがとうございました。"
        },
        {
            "speaker":"S",
            "time":"17.10.2020 23:11:56",
            "turn-index":30,
            "utterance":"ではまた、どこかでお会いしましょう！さようなら～"
        }
    ]
}