{
    "dialogue-id":"CHC_09",
    "group-id":"",
    "speaker-id":"CHUOchatbot",
    "turns":[
        {
            "speaker":"S",
            "time":"17.10.2020 18:55:29",
            "turn-index":0,
            "utterance":"こんばんは！ずいぶん夜更かしですね…私はリンといいます。あなたの名前を教えていただけませんか？"
        },
        {
            "speaker":"U",
            "time":"17.10.2020 18:56:26",
            "turn-index":1,
            "utterance":"こんばんは、初めまして。名前は、Weetabixです。"
        },
        {
            "speaker":"S",
            "time":"17.10.2020 18:56:26",
            "turn-index":2,
            "utterance":"Weetabixさんですね？よろしくお願いします！そろそろ旅行とか行きたいな～Weetabixさんは何かしたいことってありますか？"
        },
        {
            "speaker":"U",
            "time":"17.10.2020 18:57:23",
            "turn-index":3,
            "utterance":"本当、旅行したいですよね。特にスヌーピーの故郷であるアメリカのアナハイムのナッツベリーファームへ行きたいです。"
        },
        {
            "speaker":"S",
            "time":"17.10.2020 18:57:24",
            "turn-index":4,
            "utterance":"ナッツベリーファームへ行きたいのですね。良かったですね！どうやってナッツベリーファームへ行きたいのですか？"
        },
        {
            "speaker":"U",
            "time":"17.10.2020 18:58:16",
            "turn-index":5,
            "utterance":"アメリカ西海岸なので、飛行機で10時間はかかると思います。愛らしいスヌーピーが好きなんですが、リンさんはスヌーピー好きですか？"
        },
        {
            "speaker":"S",
            "time":"17.10.2020 18:58:17",
            "turn-index":6,
            "utterance":"うーん、あなたの場合はどうですか？"
        },
        {
            "speaker":"U",
            "time":"17.10.2020 18:59:01",
            "turn-index":7,
            "utterance":"私はキャラクターの中では、スヌーピーが一番大好きで、色々グッズも集めてます。"
        },
        {
            "speaker":"S",
            "time":"17.10.2020 18:59:03",
            "turn-index":8,
            "utterance":"うんうん、色々グッズも集めてますのね。そうなんですね！なぜ色々グッズも集めてますか？"
        },
        {
            "speaker":"U",
            "time":"17.10.2020 18:59:39",
            "turn-index":9,
            "utterance":"スヌーピーの絵を見ると、とても可愛く感じてしまって、買わずにいられないんですよね。"
        },
        {
            "speaker":"S",
            "time":"17.10.2020 18:59:41",
            "turn-index":10,
            "utterance":"なるほど、やったね！いつとても可愛く感じてしまって買わずにいられないのですか？"
        },
        {
            "speaker":"U",
            "time":"17.10.2020 19:01:05",
            "turn-index":11,
            "utterance":"そうなんですよ。スヌーピーのコミックも持ってるんですが、日本のアニメだとサザエさんも昔から好きでマンガも持ってます。サザエさん、見てましたか？"
        },
        {
            "speaker":"S",
            "time":"17.10.2020 19:01:05",
            "turn-index":12,
            "utterance":"分からないです…他に何かしたいことはありませんか？"
        },
        {
            "speaker":"U",
            "time":"17.10.2020 19:01:54",
            "turn-index":13,
            "utterance":"国民的なアニメだと思ったんですけど、サザエさんの作者である長谷川町子さんもご存じないですか？"
        },
        {
            "speaker":"S",
            "time":"17.10.2020 19:01:54",
            "turn-index":14,
            "utterance":"うーん、あなたの場合はどうですか？"
        },
        {
            "speaker":"U",
            "time":"17.10.2020 19:02:52",
            "turn-index":15,
            "utterance":"そうですね、大ファンで毎週テレビアニメも見てましたし、マンガも繰り返し読んでるんです。"
        },
        {
            "speaker":"S",
            "time":"17.10.2020 19:02:54",
            "turn-index":16,
            "utterance":"ふむふむ、マンガも繰り返し読んでるのですね。やったね！何をマンガも繰り返し読んでるのですか？"
        },
        {
            "speaker":"U",
            "time":"17.10.2020 19:06:09",
            "turn-index":17,
            "utterance":"サザエさんの素朴なタッチの画が好きで、もう何百回も読んでます。原作を描いた長谷川町子さんは、日本初めての女性漫画家なんですよ。"
        },
        {
            "speaker":"S",
            "time":"17.10.2020 19:06:13",
            "turn-index":18,
            "utterance":"うんうん、女性漫画家なのですね。どんな女性漫画家なのですか？"
        },
        {
            "speaker":"U",
            "time":"17.10.2020 19:08:11",
            "turn-index":19,
            "utterance":"そうですね、ストーリーにいつも笑いやユーモアがあふれていて、読むと元気になれる漫画で、長谷川町子さんの性格が反映されている気がします。"
        },
        {
            "speaker":"S",
            "time":"17.10.2020 19:08:12",
            "turn-index":20,
            "utterance":"なるほど、長谷川町子さんの性格が反映されている気がしますのね。やったね！どこを長谷川町子さんの性格が反映されている気がしますか？"
        },
        {
            "speaker":"U",
            "time":"17.10.2020 19:09:05",
            "turn-index":21,
            "utterance":"一言で表すのは難しいですけど、何事にも前向きな性格かな？"
        },
        {
            "speaker":"S",
            "time":"17.10.2020 19:09:06",
            "turn-index":22,
            "utterance":"どうなんでしょうね？あなたの場合はどうですか？"
        },
        {
            "speaker":"U",
            "time":"17.10.2020 19:09:22",
            "turn-index":23,
            "utterance":"うーん、私は長谷川"
        },
        {
            "speaker":"S",
            "time":"17.10.2020 19:09:23",
            "turn-index":24,
            "utterance":"私は長谷川なのですね。なぜ私は長谷川なのですか？"
        },
        {
            "speaker":"U",
            "time":"17.10.2020 19:09:39",
            "turn-index":25,
            "utterance":"町子さんのように、楽天家ではないかもしれません。"
        },
        {
            "speaker":"S",
            "time":"17.10.2020 19:09:40",
            "turn-index":26,
            "utterance":"うんうん、楽天家ではないかもしれませなのですね。"
        },
        {
            "speaker":"U",
            "time":"17.10.2020 19:10:20",
            "turn-index":27,
            "utterance":"だから、サザエさんを読んで自分を元気ずける意味合いもあるのかもしれないですね。"
        },
        {
            "speaker":"S",
            "time":"17.10.2020 19:10:21",
            "turn-index":28,
            "utterance":"そうなんですね！あ、そろそろ時間ですね。ありがとうございました。お話できて楽しかったです！"
        },
        {
            "speaker":"U",
            "time":"17.10.2020 19:10:44",
            "turn-index":29,
            "utterance":"私も楽しかったです。ありがとうございました。"
        },
        {
            "speaker":"S",
            "time":"17.10.2020 19:10:45",
            "turn-index":30,
            "utterance":"ではまた、どこかでお会いしましょう！さようなら～"
        }
    ]
}