{
    "dialogue-id":"RSL_19",
    "group-id":"",
    "speaker-id":"rsl2020",
    "turns":[
        {
            "speaker":"S",
            "time":"17.10.2020 14:38:19",
            "turn-index":0,
            "utterance":"唐突ですね^^; なんですか？"
        },
        {
            "speaker":"U",
            "time":"17.10.2020 14:38:47",
            "turn-index":1,
            "utterance":"今度同窓会をやるんだけど、幹事を引き受けてくれないかな？"
        },
        {
            "speaker":"S",
            "time":"17.10.2020 14:38:48",
            "turn-index":2,
            "utterance":"なるほど？"
        },
        {
            "speaker":"U",
            "time":"17.10.2020 14:38:59",
            "turn-index":3,
            "utterance":"他に頼める人がいないんだよ"
        },
        {
            "speaker":"S",
            "time":"17.10.2020 14:38:59",
            "turn-index":4,
            "utterance":"前回は自分行けてないんですけど、どんな感じだったんですか？"
        },
        {
            "speaker":"U",
            "time":"17.10.2020 14:39:24",
            "turn-index":5,
            "utterance":"けっこうたくさん人がきて、かなり盛り上がったよ！"
        },
        {
            "speaker":"S",
            "time":"17.10.2020 14:39:25",
            "turn-index":6,
            "utterance":"同窓会すごいいいと思うんですけど。。 🤔"
        },
        {
            "speaker":"U",
            "time":"17.10.2020 14:39:42",
            "turn-index":7,
            "utterance":"前回盛り上がったから、またやろうと思って！"
        },
        {
            "speaker":"S",
            "time":"17.10.2020 14:39:43",
            "turn-index":8,
            "utterance":"前回は誰が幹事やられたんですか？"
        },
        {
            "speaker":"U",
            "time":"17.10.2020 14:39:49",
            "turn-index":9,
            "utterance":"俺がやった"
        },
        {
            "speaker":"S",
            "time":"17.10.2020 14:39:50",
            "turn-index":10,
            "utterance":"あー。お疲れ様です 😇 全部一人でやられたんですかね。"
        },
        {
            "speaker":"U",
            "time":"17.10.2020 14:39:55",
            "turn-index":11,
            "utterance":"そうだね"
        },
        {
            "speaker":"S",
            "time":"17.10.2020 14:39:55",
            "turn-index":12,
            "utterance":"日程とかどうやって決めたんですか？"
        },
        {
            "speaker":"U",
            "time":"17.10.2020 14:40:07",
            "turn-index":13,
            "utterance":"全員に日付を聞いて、調整したよ"
        },
        {
            "speaker":"S",
            "time":"17.10.2020 14:40:07",
            "turn-index":14,
            "utterance":"なるほどぉ"
        },
        {
            "speaker":"U",
            "time":"17.10.2020 14:40:35",
            "turn-index":15,
            "utterance":"今回は清水にお願いしたいんだけど"
        },
        {
            "speaker":"S",
            "time":"17.10.2020 14:40:36",
            "turn-index":16,
            "utterance":"自分ちょっと候補日少なくなっちゃいそうなので、山田か田中とか適任な気がします。ちなみに、佐藤は先輩の会社落ちて就活留年したらしいです。"
        },
        {
            "speaker":"U",
            "time":"17.10.2020 14:40:54",
            "turn-index":17,
            "utterance":"山田も田中も連絡取れなくて"
        },
        {
            "speaker":"S",
            "time":"17.10.2020 14:40:54",
            "turn-index":18,
            "utterance":"自分、今結構いっぱいいっぱいで、、すみません。自分に合わせてもらって参加者少なくなったらやなので 🙇‍♂️"
        },
        {
            "speaker":"U",
            "time":"17.10.2020 14:41:05",
            "turn-index":19,
            "utterance":"残念だな"
        },
        {
            "speaker":"S",
            "time":"17.10.2020 14:41:06",
            "turn-index":20,
            "utterance":"そんなに自分やった方がいいですかね？ 🤔"
        },
        {
            "speaker":"U",
            "time":"17.10.2020 14:41:13",
            "turn-index":21,
            "utterance":"できればお願いしたい"
        },
        {
            "speaker":"S",
            "time":"17.10.2020 14:41:13",
            "turn-index":22,
            "utterance":"サポート自分がするので、山田か田中に幹事のこと自分から頼んでみる形じゃ駄目でしょうか？"
        },
        {
            "speaker":"U",
            "time":"17.10.2020 14:41:26",
            "turn-index":23,
            "utterance":"それでもいいよ！"
        },
        {
            "speaker":"S",
            "time":"17.10.2020 14:41:26",
            "turn-index":24,
            "utterance":"う〜ん。。。"
        },
        {
            "speaker":"U",
            "time":"17.10.2020 14:41:50",
            "turn-index":25,
            "utterance":"でも、できれば清水に幹事やってほしいんだよね"
        },
        {
            "speaker":"S",
            "time":"17.10.2020 14:41:52",
            "turn-index":26,
            "utterance":"先輩そんな強引な人でしたっけ？？ 😳 ドッキリですか？w"
        },
        {
            "speaker":"U",
            "time":"17.10.2020 14:42:03",
            "turn-index":27,
            "utterance":"ドッキリではない"
        },
        {
            "speaker":"S",
            "time":"17.10.2020 14:42:04",
            "turn-index":28,
            "utterance":"えでも、ほんとにそれぞれの代で幹事決めた方が周りの協力体制もうまくいくと思います 🙇‍♂️"
        },
        {
            "speaker":"U",
            "time":"17.10.2020 14:42:14",
            "turn-index":29,
            "utterance":"それもそうだね"
        },
        {
            "speaker":"S",
            "time":"17.10.2020 14:42:14",
            "turn-index":30,
            "utterance":"ほんとに何かあるんですか？w 😎 とりあえず、幹事はこっちの代で決める感じで良いですか？今度、佐藤と3人でご飯行きましょう！"
        }
    ]
}