{
    "dialogue-id":"RSL_24",
    "group-id":"",
    "speaker-id":"rsl2020",
    "turns":[
        {
            "speaker":"S",
            "time":"17.10.2020 15:21:31",
            "turn-index":0,
            "utterance":"唐突ですね^^; なんですか？"
        },
        {
            "speaker":"U",
            "time":"17.10.2020 15:22:08",
            "turn-index":1,
            "utterance":"サークルの集まりを開催しようと思うんだけど"
        },
        {
            "speaker":"S",
            "time":"17.10.2020 15:22:08",
            "turn-index":2,
            "utterance":"同窓会の話ですよね。いいですねえ。前回は自分行けてないんですけど、どんな感じだったんですか？"
        },
        {
            "speaker":"U",
            "time":"17.10.2020 15:22:28",
            "turn-index":3,
            "utterance":"和気あいあいだったよ"
        },
        {
            "speaker":"S",
            "time":"17.10.2020 15:22:29",
            "turn-index":4,
            "utterance":"どれくらい人集まったとか"
        },
        {
            "speaker":"U",
            "time":"17.10.2020 15:22:46",
            "turn-index":5,
            "utterance":"20人くらいかな先生もきたし"
        },
        {
            "speaker":"S",
            "time":"17.10.2020 15:22:47",
            "turn-index":6,
            "utterance":"なるほどぉ。幹事の人大変そうですね 😅"
        },
        {
            "speaker":"U",
            "time":"17.10.2020 15:23:11",
            "turn-index":7,
            "utterance":"その幹事をお願いしたいのだが"
        },
        {
            "speaker":"S",
            "time":"17.10.2020 15:23:11",
            "turn-index":8,
            "utterance":"あぁ"
        },
        {
            "speaker":"U",
            "time":"17.10.2020 15:23:41",
            "turn-index":9,
            "utterance":"暇だろ"
        },
        {
            "speaker":"S",
            "time":"17.10.2020 15:23:42",
            "turn-index":10,
            "utterance":"前回は誰が幹事やられたんですか？"
        },
        {
            "speaker":"U",
            "time":"17.10.2020 15:23:53",
            "turn-index":11,
            "utterance":"俺が幹事やった"
        },
        {
            "speaker":"S",
            "time":"17.10.2020 15:23:54",
            "turn-index":12,
            "utterance":"あー、幹事さんかあ。確かに適任ですね。全部一人でやられたんですかね。"
        },
        {
            "speaker":"U",
            "time":"17.10.2020 15:24:45",
            "turn-index":13,
            "utterance":"4年の子に手伝って貰った"
        },
        {
            "speaker":"S",
            "time":"17.10.2020 15:24:46",
            "turn-index":14,
            "utterance":"日程とかどうやって決めたかわかりますか？"
        },
        {
            "speaker":"U",
            "time":"17.10.2020 15:25:56",
            "turn-index":15,
            "utterance":"春分の日"
        },
        {
            "speaker":"S",
            "time":"17.10.2020 15:25:56",
            "turn-index":16,
            "utterance":"なるほどぉ"
        },
        {
            "speaker":"U",
            "time":"17.10.2020 15:26:43",
            "turn-index":17,
            "utterance":"今回俺が無理なんで清水にお願いしたい"
        },
        {
            "speaker":"S",
            "time":"17.10.2020 15:26:44",
            "turn-index":18,
            "utterance":"自分ちょっと候補日少なくなっちゃいそうなので、山田か田中とか適任な気がします。ちなみに、佐藤は先輩の会社落ちて就活留年したらしいです。"
        },
        {
            "speaker":"U",
            "time":"17.10.2020 15:27:31",
            "turn-index":19,
            "utterance":"じゃあ佐藤の励まし会もやろう"
        },
        {
            "speaker":"S",
            "time":"17.10.2020 15:27:32",
            "turn-index":20,
            "utterance":"自分、今結構いっぱいいっぱいで、、すみません。自分に合わせてもらって参加者少なくなったらやなので 🙇‍♂️"
        },
        {
            "speaker":"U",
            "time":"17.10.2020 15:28:55",
            "turn-index":21,
            "utterance":"去年いなかったからお前に会いたい人多いんだよ"
        },
        {
            "speaker":"S",
            "time":"17.10.2020 15:28:56",
            "turn-index":22,
            "utterance":"そんなに自分やった方がいいですかね？ 🤔"
        },
        {
            "speaker":"U",
            "time":"17.10.2020 15:29:07",
            "turn-index":23,
            "utterance":"人気者だったじゃん"
        },
        {
            "speaker":"S",
            "time":"17.10.2020 15:29:08",
            "turn-index":24,
            "utterance":"サポート自分がするので、山田か田中に幹事のこと自分から頼んでみる形じゃ駄目でしょうか？"
        },
        {
            "speaker":"U",
            "time":"17.10.2020 15:30:05",
            "turn-index":25,
            "utterance":"じゃあ山田と田中に清水のサポートするように言っとくよ"
        },
        {
            "speaker":"S",
            "time":"17.10.2020 15:30:05",
            "turn-index":26,
            "utterance":"う〜ん。。。"
        },
        {
            "speaker":"U",
            "time":"17.10.2020 15:30:13",
            "turn-index":27,
            "utterance":"決まりだな"
        },
        {
            "speaker":"S",
            "time":"17.10.2020 15:30:14",
            "turn-index":28,
            "utterance":"先輩そんな強引な人でしたっけ？？ 😳 ドッキリですか？w"
        },
        {
            "speaker":"U",
            "time":"17.10.2020 15:30:59",
            "turn-index":29,
            "utterance":"ドッキリじゃないでーす"
        },
        {
            "speaker":"S",
            "time":"17.10.2020 15:31:00",
            "turn-index":30,
            "utterance":"えでも、ほんとにそれぞれの代で幹事決めた方が周りの協力体制もうまくいくと思います 🙇‍♂️"
        }
    ]
}