{
    "dialogue-id":"RSL_16",
    "group-id":"",
    "speaker-id":"rsl2020",
    "turns":[
        {
            "speaker":"S",
            "time":"17.10.2020 14:23:23",
            "turn-index":0,
            "utterance":"唐突ですね^^; なんですか？"
        },
        {
            "speaker":"U",
            "time":"17.10.2020 14:24:36",
            "turn-index":1,
            "utterance":"今年のサークルの同窓会の幹事を引き受けてくれないかな。"
        },
        {
            "speaker":"S",
            "time":"17.10.2020 14:24:36",
            "turn-index":2,
            "utterance":"なるほど？"
        },
        {
            "speaker":"U",
            "time":"17.10.2020 14:25:12",
            "turn-index":3,
            "utterance":"清水なら上手くやってくれると思うんだけどどう？"
        },
        {
            "speaker":"S",
            "time":"17.10.2020 14:25:12",
            "turn-index":4,
            "utterance":"前回は自分行けてないんですけど、どんな感じだったんですか？"
        },
        {
            "speaker":"U",
            "time":"17.10.2020 14:25:52",
            "turn-index":5,
            "utterance":"同じサークルの仲間だから和気あいあいとしてざっくばらんな雰囲気だったよ。"
        },
        {
            "speaker":"S",
            "time":"17.10.2020 14:25:52",
            "turn-index":6,
            "utterance":"同窓会すごいいいと思うんですけど。。 🤔"
        },
        {
            "speaker":"U",
            "time":"17.10.2020 14:26:25",
            "turn-index":7,
            "utterance":"どうした？何か問題でもあるのか？"
        },
        {
            "speaker":"S",
            "time":"17.10.2020 14:26:25",
            "turn-index":8,
            "utterance":"前回は誰が幹事やられたんですか？"
        },
        {
            "speaker":"U",
            "time":"17.10.2020 14:26:55",
            "turn-index":9,
            "utterance":"ごめん。誰がやったか覚えてないんだ。"
        },
        {
            "speaker":"S",
            "time":"17.10.2020 14:26:55",
            "turn-index":10,
            "utterance":"鈴木さんあたりやってそうなイメージです。全部一人でやっちゃいそうですけど。。"
        },
        {
            "speaker":"U",
            "time":"17.10.2020 14:27:57",
            "turn-index":11,
            "utterance":"鈴木がどうかはよくわからないけど、清水ならできると思うよ。"
        },
        {
            "speaker":"S",
            "time":"17.10.2020 14:27:57",
            "turn-index":12,
            "utterance":"日程とかどうやって決めたかわかりますか？"
        },
        {
            "speaker":"U",
            "time":"17.10.2020 14:28:52",
            "turn-index":13,
            "utterance":"いくつか候補日が送られてきて、その中で出席者が多い日が選ばれたように記憶してるけど。"
        },
        {
            "speaker":"S",
            "time":"17.10.2020 14:28:53",
            "turn-index":14,
            "utterance":"なるほどぉ"
        },
        {
            "speaker":"U",
            "time":"17.10.2020 14:29:42",
            "turn-index":15,
            "utterance":"そんな感じだよ。引き受けてくれるかな？"
        },
        {
            "speaker":"S",
            "time":"17.10.2020 14:29:42",
            "turn-index":16,
            "utterance":"自分ちょっと候補日少なくなっちゃいそうなので、山田か田中とか適任な気がします。ちなみに、佐藤は先輩の会社落ちて就活留年したらしいです。"
        },
        {
            "speaker":"U",
            "time":"17.10.2020 14:31:08",
            "turn-index":17,
            "utterance":"佐藤は残念だったな。山田や田中もいるけど、俺は清水のほうが適任だと思う。候補日は少なくても構わないから頼む。"
        },
        {
            "speaker":"S",
            "time":"17.10.2020 14:31:09",
            "turn-index":18,
            "utterance":"自分、今結構いっぱいいっぱいで、、すみません。自分に合わせてもらって参加者少なくなったらやなので 🙇‍♂️"
        },
        {
            "speaker":"U",
            "time":"17.10.2020 14:32:12",
            "turn-index":19,
            "utterance":"元々全員が出席するようなものでもないし、気楽に考えてよ。参加者が少なくなっても構わないから。"
        },
        {
            "speaker":"S",
            "time":"17.10.2020 14:32:13",
            "turn-index":20,
            "utterance":"そんなに自分やった方がいいですかね？ 🤔"
        },
        {
            "speaker":"U",
            "time":"17.10.2020 14:33:46",
            "turn-index":21,
            "utterance":"俺の同期の間でもたまに清水の話題が出るんだけど、「あいつはしっかりしてて頼りがいがある」ってみんな言ってるぜ。もちろん俺もそう思ってるし。"
        },
        {
            "speaker":"S",
            "time":"17.10.2020 14:33:47",
            "turn-index":22,
            "utterance":"サポート自分がするので、山田か田中に幹事のこと自分から頼んでみる形じゃ駄目でしょうか？"
        },
        {
            "speaker":"U",
            "time":"17.10.2020 14:34:43",
            "turn-index":23,
            "utterance":"逆に山田か田中に清水のサポートを頼んでみたらいいんじゃないかな。そうしたら一人で抱え込まずに負荷分散できるし。"
        },
        {
            "speaker":"S",
            "time":"17.10.2020 14:34:43",
            "turn-index":24,
            "utterance":"う〜ん。。。"
        },
        {
            "speaker":"U",
            "time":"17.10.2020 14:35:10",
            "turn-index":25,
            "utterance":"ここはひとつ頼まれてくれよ。"
        },
        {
            "speaker":"S",
            "time":"17.10.2020 14:35:11",
            "turn-index":26,
            "utterance":"先輩そんな強引な人でしたっけ？？ 😳 ドッキリですか？w"
        },
        {
            "speaker":"U",
            "time":"17.10.2020 14:36:01",
            "turn-index":27,
            "utterance":"ははは。ドッキリじゃないよ。俺も社会人になって少し強引なところが身に付いたのかもしれないけど。"
        },
        {
            "speaker":"S",
            "time":"17.10.2020 14:36:01",
            "turn-index":28,
            "utterance":"えでも、ほんとにそれぞれの代で幹事決めた方が周りの協力体制もうまくいくと思います 🙇‍♂️"
        },
        {
            "speaker":"U",
            "time":"17.10.2020 14:37:33",
            "turn-index":29,
            "utterance":"社会人だと仕事が忙しくて幹事はできない人ばかりだと思う。学生が暇って言ってるわけじゃないけど、清水が幹事で田中や山田なんかをサポートに付けてやってみてよ。"
        },
        {
            "speaker":"S",
            "time":"17.10.2020 14:37:33",
            "turn-index":30,
            "utterance":"ほんとに何かあるんですか？w 😎 とりあえず、幹事はこっちの代で決める感じで良いですか？今度、佐藤と3人でご飯行きましょう！"
        }
    ]
}