{
    "dialogue-id":"RSL_49",
    "group-id":"",
    "speaker-id":"rsl2020",
    "turns":[
        {
            "speaker":"S",
            "time":"17.10.2020 14:25:19",
            "turn-index":0,
            "utterance":"唐突ですね^^; なんですか？"
        },
        {
            "speaker":"U",
            "time":"17.10.2020 14:26:17",
            "turn-index":1,
            "utterance":"サークルの幹事をやってもらいたいんよ"
        },
        {
            "speaker":"S",
            "time":"17.10.2020 14:26:17",
            "turn-index":2,
            "utterance":"さんざん近況報告したのにw"
        },
        {
            "speaker":"U",
            "time":"17.10.2020 14:26:32",
            "turn-index":3,
            "utterance":"いやいや今暇だろそろそろ卒業だし"
        },
        {
            "speaker":"S",
            "time":"17.10.2020 14:26:32",
            "turn-index":4,
            "utterance":"溜めますね 😅"
        },
        {
            "speaker":"U",
            "time":"17.10.2020 14:26:50",
            "turn-index":5,
            "utterance":"他にやってくれそうなやついないんよ頼む！"
        },
        {
            "speaker":"S",
            "time":"17.10.2020 14:26:50",
            "turn-index":6,
            "utterance":"頼み事ってなんですか？"
        },
        {
            "speaker":"U",
            "time":"17.10.2020 14:27:04",
            "turn-index":7,
            "utterance":"サークルの幹事をやってほしいんよ"
        },
        {
            "speaker":"S",
            "time":"17.10.2020 14:27:05",
            "turn-index":8,
            "utterance":"さんざん近況報告したのにw"
        },
        {
            "speaker":"U",
            "time":"17.10.2020 14:27:21",
            "turn-index":9,
            "utterance":"まぁまぁそういうなよ"
        },
        {
            "speaker":"S",
            "time":"17.10.2020 14:27:21",
            "turn-index":10,
            "utterance":"溜めますね 😅"
        },
        {
            "speaker":"U",
            "time":"17.10.2020 14:27:32",
            "turn-index":11,
            "utterance":"とにかくやってくれよ"
        },
        {
            "speaker":"S",
            "time":"17.10.2020 14:27:32",
            "turn-index":12,
            "utterance":"頼み事ってなんですか？"
        },
        {
            "speaker":"U",
            "time":"17.10.2020 14:27:41",
            "turn-index":13,
            "utterance":"サークルの幹事だよ"
        },
        {
            "speaker":"S",
            "time":"17.10.2020 14:27:42",
            "turn-index":14,
            "utterance":"。。。 😅"
        },
        {
            "speaker":"U",
            "time":"17.10.2020 14:27:52",
            "turn-index":15,
            "utterance":"なぁお前くらいしか頼めるやついないんだよ"
        },
        {
            "speaker":"S",
            "time":"17.10.2020 14:27:53",
            "turn-index":16,
            "utterance":"頼み事ってなんですか？ 😅"
        },
        {
            "speaker":"U",
            "time":"17.10.2020 14:28:00",
            "turn-index":17,
            "utterance":"だからサークルの幹事だって"
        },
        {
            "speaker":"S",
            "time":"17.10.2020 14:28:00",
            "turn-index":18,
            "utterance":"。。。 😅"
        },
        {
            "speaker":"U",
            "time":"17.10.2020 14:28:13",
            "turn-index":19,
            "utterance":"今度なんかおごってやるからさ"
        },
        {
            "speaker":"S",
            "time":"17.10.2020 14:28:13",
            "turn-index":20,
            "utterance":"頼み事ってなんですか？ 😅"
        },
        {
            "speaker":"U",
            "time":"17.10.2020 14:28:18",
            "turn-index":21,
            "utterance":"サークルの幹事"
        },
        {
            "speaker":"S",
            "time":"17.10.2020 14:28:18",
            "turn-index":22,
            "utterance":"。。。 😅"
        },
        {
            "speaker":"U",
            "time":"17.10.2020 14:28:34",
            "turn-index":23,
            "utterance":"大学時代にいろいろやってやったろ"
        },
        {
            "speaker":"S",
            "time":"17.10.2020 14:28:34",
            "turn-index":24,
            "utterance":"頼み事ってなんですか？ 😅"
        },
        {
            "speaker":"U",
            "time":"17.10.2020 14:28:39",
            "turn-index":25,
            "utterance":"サークルの幹事"
        },
        {
            "speaker":"S",
            "time":"17.10.2020 14:28:40",
            "turn-index":26,
            "utterance":"。。。 😅"
        },
        {
            "speaker":"U",
            "time":"17.10.2020 14:28:45",
            "turn-index":27,
            "utterance":"だめか？"
        },
        {
            "speaker":"S",
            "time":"17.10.2020 14:28:45",
            "turn-index":28,
            "utterance":"頼み事ってなんですか？ 😅"
        },
        {
            "speaker":"U",
            "time":"17.10.2020 14:28:49",
            "turn-index":29,
            "utterance":"サークルの幹事"
        },
        {
            "speaker":"S",
            "time":"17.10.2020 14:28:49",
            "turn-index":30,
            "utterance":"。。。 😅"
        }
    ]
}