{
    "dialogue-id":"RSL_14",
    "group-id":"",
    "speaker-id":"rsl2020",
    "turns":[
        {
            "speaker":"S",
            "time":"17.10.2020 14:18:39",
            "turn-index":0,
            "utterance":"唐突ですね^^; なんですか？"
        },
        {
            "speaker":"U",
            "time":"17.10.2020 14:18:56",
            "turn-index":1,
            "utterance":"同窓会の幹事やってくれない？"
        },
        {
            "speaker":"S",
            "time":"17.10.2020 14:18:57",
            "turn-index":2,
            "utterance":"いいですねえ。前回は自分行けてないんですけど、どんな感じだったんですか？"
        },
        {
            "speaker":"U",
            "time":"17.10.2020 14:19:17",
            "turn-index":3,
            "utterance":"同窓会は楽しいから、幹事やってみなよ。"
        },
        {
            "speaker":"S",
            "time":"17.10.2020 14:19:18",
            "turn-index":4,
            "utterance":"どれくらい人集まったとか"
        },
        {
            "speaker":"U",
            "time":"17.10.2020 14:19:38",
            "turn-index":5,
            "utterance":"50人ぐらいだったから。"
        },
        {
            "speaker":"S",
            "time":"17.10.2020 14:19:38",
            "turn-index":6,
            "utterance":"なるほどぉ。幹事の人大変そうですね 😅"
        },
        {
            "speaker":"U",
            "time":"17.10.2020 14:19:53",
            "turn-index":7,
            "utterance":"大変ではないから、やってみてくれ。"
        },
        {
            "speaker":"S",
            "time":"17.10.2020 14:19:53",
            "turn-index":8,
            "utterance":"なんでしょう"
        },
        {
            "speaker":"U",
            "time":"17.10.2020 14:20:05",
            "turn-index":9,
            "utterance":"だから、幹事を引き受けてくれ。"
        },
        {
            "speaker":"S",
            "time":"17.10.2020 14:20:05",
            "turn-index":10,
            "utterance":"あぁ"
        },
        {
            "speaker":"U",
            "time":"17.10.2020 14:20:25",
            "turn-index":11,
            "utterance":"そのお願いをしたかったんだ。"
        },
        {
            "speaker":"S",
            "time":"17.10.2020 14:20:25",
            "turn-index":12,
            "utterance":"前回は誰が幹事やられたんですか？"
        },
        {
            "speaker":"U",
            "time":"17.10.2020 14:20:40",
            "turn-index":13,
            "utterance":"前回はわからん。"
        },
        {
            "speaker":"S",
            "time":"17.10.2020 14:20:41",
            "turn-index":14,
            "utterance":"鈴木さんあたりやってそうなイメージです。全部一人でやっちゃいそうですけど。。"
        },
        {
            "speaker":"U",
            "time":"17.10.2020 14:21:01",
            "turn-index":15,
            "utterance":"鈴木なら、やってるかもな。"
        },
        {
            "speaker":"S",
            "time":"17.10.2020 14:21:01",
            "turn-index":16,
            "utterance":"日程とかどうやって決めたかわかりますか？"
        },
        {
            "speaker":"U",
            "time":"17.10.2020 14:21:32",
            "turn-index":17,
            "utterance":"お前が全部決めていいんだぞ。"
        },
        {
            "speaker":"S",
            "time":"17.10.2020 14:21:32",
            "turn-index":18,
            "utterance":"なるほどぉ"
        },
        {
            "speaker":"U",
            "time":"17.10.2020 14:21:49",
            "turn-index":19,
            "utterance":"好きに決めていいから、幹事をお願いできるか？"
        },
        {
            "speaker":"S",
            "time":"17.10.2020 14:21:49",
            "turn-index":20,
            "utterance":"自分ちょっと候補日少なくなっちゃいそうなので、山田か田中とか適任な気がします。ちなみに、佐藤は先輩の会社落ちて就活留年したらしいです。"
        },
        {
            "speaker":"U",
            "time":"17.10.2020 14:22:09",
            "turn-index":21,
            "utterance":"いや、清水のほうが適任だろ。"
        },
        {
            "speaker":"S",
            "time":"17.10.2020 14:22:10",
            "turn-index":22,
            "utterance":"自分、今結構いっぱいいっぱいで、、すみません。自分に合わせてもらって参加者少なくなったらやなので 🙇‍♂️"
        },
        {
            "speaker":"U",
            "time":"17.10.2020 14:22:44",
            "turn-index":23,
            "utterance":"いや、お前にみんな合わせてくれるから、安心しな。"
        },
        {
            "speaker":"S",
            "time":"17.10.2020 14:22:44",
            "turn-index":24,
            "utterance":"そんなに自分やった方がいいですかね？ 🤔"
        },
        {
            "speaker":"U",
            "time":"17.10.2020 14:22:53",
            "turn-index":25,
            "utterance":"うん、絶対にやったほうがいい。"
        },
        {
            "speaker":"S",
            "time":"17.10.2020 14:22:53",
            "turn-index":26,
            "utterance":"サポート自分がするので、山田か田中に幹事のこと自分から頼んでみる形じゃ駄目でしょうか？"
        },
        {
            "speaker":"U",
            "time":"17.10.2020 14:23:06",
            "turn-index":27,
            "utterance":"いや、清水を中心にやってくれ。"
        },
        {
            "speaker":"S",
            "time":"17.10.2020 14:23:06",
            "turn-index":28,
            "utterance":"う〜ん。。。"
        },
        {
            "speaker":"U",
            "time":"17.10.2020 14:23:28",
            "turn-index":29,
            "utterance":"サポートをお願いしてもいいぞ。"
        },
        {
            "speaker":"S",
            "time":"17.10.2020 14:23:29",
            "turn-index":30,
            "utterance":"先輩そんな強引な人でしたっけ？？ 😳 ドッキリですか？w"
        }
    ]
}