{
    "dialogue-id":"RSL_17",
    "group-id":"",
    "speaker-id":"rsl2020",
    "turns":[
        {
            "speaker":"S",
            "time":"17.10.2020 15:24:29",
            "turn-index":0,
            "utterance":"唐突ですね^^; なんですか？"
        },
        {
            "speaker":"U",
            "time":"17.10.2020 15:24:52",
            "turn-index":1,
            "utterance":"幹事の件だけど、お願いできるかな。"
        },
        {
            "speaker":"S",
            "time":"17.10.2020 15:24:53",
            "turn-index":2,
            "utterance":"さんざん近況報告したのにw"
        },
        {
            "speaker":"U",
            "time":"17.10.2020 15:25:09",
            "turn-index":3,
            "utterance":"忙しいのは分かってるけど、頼むよ。"
        },
        {
            "speaker":"S",
            "time":"17.10.2020 15:25:09",
            "turn-index":4,
            "utterance":"溜めますね 😅"
        },
        {
            "speaker":"U",
            "time":"17.10.2020 15:25:37",
            "turn-index":5,
            "utterance":"会費と場所は決まってるから、ピックアップだけよろしくな。"
        },
        {
            "speaker":"S",
            "time":"17.10.2020 15:25:38",
            "turn-index":6,
            "utterance":"頼み事ってなんですか？"
        },
        {
            "speaker":"U",
            "time":"17.10.2020 15:26:04",
            "turn-index":7,
            "utterance":"ああ、同窓会の件ね。"
        },
        {
            "speaker":"S",
            "time":"17.10.2020 15:26:05",
            "turn-index":8,
            "utterance":"いいですねえ。前回は自分行けてないんですけど、どんな感じだったんですか？"
        },
        {
            "speaker":"U",
            "time":"17.10.2020 15:26:36",
            "turn-index":9,
            "utterance":"楽しかったよ、久々の奴もいたしね。"
        },
        {
            "speaker":"S",
            "time":"17.10.2020 15:26:37",
            "turn-index":10,
            "utterance":"どれくらい人集まったとか"
        },
        {
            "speaker":"U",
            "time":"17.10.2020 15:26:49",
            "turn-index":11,
            "utterance":"前回は15人だったかな。"
        },
        {
            "speaker":"S",
            "time":"17.10.2020 15:26:50",
            "turn-index":12,
            "utterance":"なるほどぉ。幹事の人大変そうですね 😅"
        },
        {
            "speaker":"U",
            "time":"17.10.2020 15:27:24",
            "turn-index":13,
            "utterance":"今年は清水にお願いしようと思ってさ。"
        },
        {
            "speaker":"S",
            "time":"17.10.2020 15:27:24",
            "turn-index":14,
            "utterance":"なんでしょう"
        },
        {
            "speaker":"U",
            "time":"17.10.2020 15:27:36",
            "turn-index":15,
            "utterance":"今年の幹事、頼むな。"
        },
        {
            "speaker":"S",
            "time":"17.10.2020 15:27:37",
            "turn-index":16,
            "utterance":"なんでしょう"
        },
        {
            "speaker":"U",
            "time":"17.10.2020 15:28:00",
            "turn-index":17,
            "utterance":"今年の幹事は清水にお願いしようと思ってるのよ。"
        },
        {
            "speaker":"S",
            "time":"17.10.2020 15:28:01",
            "turn-index":18,
            "utterance":"なんでしょう"
        },
        {
            "speaker":"U",
            "time":"17.10.2020 15:28:20",
            "turn-index":19,
            "utterance":"とぼけんなって。幹事よろしくなー。"
        },
        {
            "speaker":"S",
            "time":"17.10.2020 15:28:20",
            "turn-index":20,
            "utterance":"なんでしょう"
        },
        {
            "speaker":"U",
            "time":"17.10.2020 15:28:40",
            "turn-index":21,
            "utterance":"そろそろボケやめて。"
        },
        {
            "speaker":"S",
            "time":"17.10.2020 15:28:41",
            "turn-index":22,
            "utterance":"なんでしょう"
        },
        {
            "speaker":"U",
            "time":"17.10.2020 15:29:29",
            "turn-index":23,
            "utterance":"場所は新宿で、人数は前回と同じ15人。"
        },
        {
            "speaker":"S",
            "time":"17.10.2020 15:29:29",
            "turn-index":24,
            "utterance":"なんでしょう"
        },
        {
            "speaker":"U",
            "time":"17.10.2020 15:29:47",
            "turn-index":25,
            "utterance":"会費は4000円までならＯＫにするわ。"
        },
        {
            "speaker":"S",
            "time":"17.10.2020 15:29:47",
            "turn-index":26,
            "utterance":"なんでしょう"
        },
        {
            "speaker":"U",
            "time":"17.10.2020 15:30:09",
            "turn-index":27,
            "utterance":"お前めげないね。ま、俺もめげないけど。"
        },
        {
            "speaker":"S",
            "time":"17.10.2020 15:30:09",
            "turn-index":28,
            "utterance":"なんでしょう"
        },
        {
            "speaker":"U",
            "time":"17.10.2020 15:30:20",
            "turn-index":29,
            "utterance":"じゃ、頼んだからヨロシクな。"
        },
        {
            "speaker":"S",
            "time":"17.10.2020 15:30:21",
            "turn-index":30,
            "utterance":"なんでしょう"
        }
    ]
}