{
    "dialogue-id":"RSL_51",
    "group-id":"",
    "speaker-id":"rsl2020",
    "turns":[
        {
            "speaker":"S",
            "time":"17.10.2020 13:56:09",
            "turn-index":0,
            "utterance":"唐突ですね^^; なんですか？"
        },
        {
            "speaker":"U",
            "time":"17.10.2020 13:59:44",
            "turn-index":1,
            "utterance":"サークルの同窓会のことなんだけど。"
        },
        {
            "speaker":"S",
            "time":"17.10.2020 13:59:45",
            "turn-index":2,
            "utterance":"いいですねえ。前回は自分行けてないんですけど、どんな感じだったんですか？"
        },
        {
            "speaker":"U",
            "time":"17.10.2020 14:01:05",
            "turn-index":3,
            "utterance":"わいわい楽しかったよ。ところで今年の幹事お願いしたいんだけど。"
        },
        {
            "speaker":"S",
            "time":"17.10.2020 14:01:05",
            "turn-index":4,
            "utterance":"どれくらい人集まったとか"
        },
        {
            "speaker":"U",
            "time":"17.10.2020 14:01:30",
            "turn-index":5,
            "utterance":"30人ぐらいいたんじゃないかな。"
        },
        {
            "speaker":"S",
            "time":"17.10.2020 14:01:30",
            "turn-index":6,
            "utterance":"なるほどぉ。幹事の人大変そうですね 😅"
        },
        {
            "speaker":"U",
            "time":"17.10.2020 14:01:47",
            "turn-index":7,
            "utterance":"今年の幹事してくれない？"
        },
        {
            "speaker":"S",
            "time":"17.10.2020 14:01:47",
            "turn-index":8,
            "utterance":"なんでしょう"
        },
        {
            "speaker":"U",
            "time":"17.10.2020 14:02:03",
            "turn-index":9,
            "utterance":"あなたが幹事してよ。"
        },
        {
            "speaker":"S",
            "time":"17.10.2020 14:02:03",
            "turn-index":10,
            "utterance":"なんでしょう"
        },
        {
            "speaker":"U",
            "time":"17.10.2020 14:02:12",
            "turn-index":11,
            "utterance":"幹事やってみない？"
        },
        {
            "speaker":"S",
            "time":"17.10.2020 14:02:12",
            "turn-index":12,
            "utterance":"なんでしょう"
        },
        {
            "speaker":"U",
            "time":"17.10.2020 14:02:38",
            "turn-index":13,
            "utterance":"幹事役やらないか。"
        },
        {
            "speaker":"S",
            "time":"17.10.2020 14:02:38",
            "turn-index":14,
            "utterance":"なんでしょう"
        },
        {
            "speaker":"U",
            "time":"17.10.2020 14:02:51",
            "turn-index":15,
            "utterance":"幹事を引き受けてください。"
        },
        {
            "speaker":"S",
            "time":"17.10.2020 14:02:51",
            "turn-index":16,
            "utterance":"あぁ"
        },
        {
            "speaker":"U",
            "time":"17.10.2020 14:03:01",
            "turn-index":17,
            "utterance":"お願いします。"
        },
        {
            "speaker":"S",
            "time":"17.10.2020 14:03:01",
            "turn-index":18,
            "utterance":"前回は誰が幹事やられたんですか？"
        },
        {
            "speaker":"U",
            "time":"17.10.2020 14:03:11",
            "turn-index":19,
            "utterance":"僕です。"
        },
        {
            "speaker":"S",
            "time":"17.10.2020 14:03:11",
            "turn-index":20,
            "utterance":"あー。お疲れ様です 😇 全部一人でやられたんですかね。"
        },
        {
            "speaker":"U",
            "time":"17.10.2020 14:03:28",
            "turn-index":21,
            "utterance":"うん。1人でも大丈夫だったよ。"
        },
        {
            "speaker":"S",
            "time":"17.10.2020 14:03:28",
            "turn-index":22,
            "utterance":"日程とかどうやって決めたんですか？"
        },
        {
            "speaker":"U",
            "time":"17.10.2020 14:03:53",
            "turn-index":23,
            "utterance":"毎年同じ時期にやってる。"
        },
        {
            "speaker":"S",
            "time":"17.10.2020 14:03:53",
            "turn-index":24,
            "utterance":"なるほどぉ"
        },
        {
            "speaker":"U",
            "time":"17.10.2020 14:04:10",
            "turn-index":25,
            "utterance":"引き受けてくれる？"
        },
        {
            "speaker":"S",
            "time":"17.10.2020 14:04:10",
            "turn-index":26,
            "utterance":"自分ちょっと候補日少なくなっちゃいそうなので、山田か田中とか適任な気がします。ちなみに、佐藤は先輩の会社落ちて就活留年したらしいです。"
        },
        {
            "speaker":"U",
            "time":"17.10.2020 14:04:42",
            "turn-index":27,
            "utterance":"自分が参加できる日に開催すればいいよ。"
        },
        {
            "speaker":"S",
            "time":"17.10.2020 14:04:43",
            "turn-index":28,
            "utterance":"自分、今結構いっぱいいっぱいで、、すみません。自分に合わせてもらって参加者少なくなったらやなので 🙇‍♂️"
        },
        {
            "speaker":"U",
            "time":"17.10.2020 14:05:10",
            "turn-index":29,
            "utterance":"大丈夫。日付きめて、場所の予約するだけだから。"
        },
        {
            "speaker":"S",
            "time":"17.10.2020 14:05:11",
            "turn-index":30,
            "utterance":"そんなに自分やった方がいいですかね？ 🤔"
        }
    ]
}