{
    "dialogue-id":"RSL_27",
    "group-id":"",
    "speaker-id":"rsl2020",
    "turns":[
        {
            "speaker":"S",
            "time":"17.10.2020 17:11:56",
            "turn-index":0,
            "utterance":"唐突ですね^^; なんですか？"
        },
        {
            "speaker":"U",
            "time":"17.10.2020 17:12:32",
            "turn-index":1,
            "utterance":"サークルの幹事やってもらいたいんだけど"
        },
        {
            "speaker":"S",
            "time":"17.10.2020 17:12:32",
            "turn-index":2,
            "utterance":"さんざん近況報告したのにw"
        },
        {
            "speaker":"U",
            "time":"17.10.2020 17:13:30",
            "turn-index":3,
            "utterance":"君を信頼して頼んでるんだよ"
        },
        {
            "speaker":"S",
            "time":"17.10.2020 17:13:30",
            "turn-index":4,
            "utterance":"溜めますね 😅"
        },
        {
            "speaker":"U",
            "time":"17.10.2020 17:14:29",
            "turn-index":5,
            "utterance":"君になら安心して任せられるからさ"
        },
        {
            "speaker":"S",
            "time":"17.10.2020 17:14:30",
            "turn-index":6,
            "utterance":"頼み事ってなんですか？"
        },
        {
            "speaker":"U",
            "time":"17.10.2020 17:14:44",
            "turn-index":7,
            "utterance":"サークルの幹事だよ"
        },
        {
            "speaker":"S",
            "time":"17.10.2020 17:14:45",
            "turn-index":8,
            "utterance":"。。。 😅"
        },
        {
            "speaker":"U",
            "time":"17.10.2020 17:15:49",
            "turn-index":9,
            "utterance":"同窓会の事知らなかったっけ"
        },
        {
            "speaker":"S",
            "time":"17.10.2020 17:15:50",
            "turn-index":10,
            "utterance":"いいですねえ。前回は自分行けてないんですけど、どんな感じだったんですか？"
        },
        {
            "speaker":"U",
            "time":"17.10.2020 17:16:03",
            "turn-index":11,
            "utterance":"去年は盛り上がったよ"
        },
        {
            "speaker":"S",
            "time":"17.10.2020 17:16:03",
            "turn-index":12,
            "utterance":"どれくらい人集まったとか"
        },
        {
            "speaker":"U",
            "time":"17.10.2020 17:16:09",
            "turn-index":13,
            "utterance":"20人ぐらいかな"
        },
        {
            "speaker":"S",
            "time":"17.10.2020 17:16:10",
            "turn-index":14,
            "utterance":"なるほどぉ。幹事の人大変そうですね 😅"
        },
        {
            "speaker":"U",
            "time":"17.10.2020 17:16:30",
            "turn-index":15,
            "utterance":"だからさぁ君にならできると思うんだよ"
        },
        {
            "speaker":"S",
            "time":"17.10.2020 17:16:30",
            "turn-index":16,
            "utterance":"なんでしょう"
        },
        {
            "speaker":"U",
            "time":"17.10.2020 17:16:47",
            "turn-index":17,
            "utterance":"幹事になってほしいんだよ"
        },
        {
            "speaker":"S",
            "time":"17.10.2020 17:16:47",
            "turn-index":18,
            "utterance":"なんでしょう"
        },
        {
            "speaker":"U",
            "time":"17.10.2020 17:17:02",
            "turn-index":19,
            "utterance":"そんなに忙しかったっけ"
        },
        {
            "speaker":"S",
            "time":"17.10.2020 17:17:03",
            "turn-index":20,
            "utterance":"なんでしょう"
        },
        {
            "speaker":"U",
            "time":"17.10.2020 17:17:21",
            "turn-index":21,
            "utterance":"5月の連休なんだけど"
        },
        {
            "speaker":"S",
            "time":"17.10.2020 17:17:21",
            "turn-index":22,
            "utterance":"なんでしょう"
        },
        {
            "speaker":"U",
            "time":"17.10.2020 17:18:06",
            "turn-index":23,
            "utterance":"疲れてるのか"
        },
        {
            "speaker":"S",
            "time":"17.10.2020 17:18:06",
            "turn-index":24,
            "utterance":"なんでしょう"
        },
        {
            "speaker":"U",
            "time":"17.10.2020 17:18:25",
            "turn-index":25,
            "utterance":"話を聞いて"
        },
        {
            "speaker":"S",
            "time":"17.10.2020 17:18:26",
            "turn-index":26,
            "utterance":"なんでしょう"
        },
        {
            "speaker":"U",
            "time":"17.10.2020 17:18:57",
            "turn-index":27,
            "utterance":"最近どうよ"
        },
        {
            "speaker":"S",
            "time":"17.10.2020 17:18:58",
            "turn-index":28,
            "utterance":"なんでしょう"
        },
        {
            "speaker":"U",
            "time":"17.10.2020 17:19:15",
            "turn-index":29,
            "utterance":"今年卒業でしょ"
        },
        {
            "speaker":"S",
            "time":"17.10.2020 17:19:15",
            "turn-index":30,
            "utterance":"なんでしょう"
        }
    ]
}