{
    "dialogue-id":"RSL_15",
    "group-id":"",
    "speaker-id":"rsl2020",
    "turns":[
        {
            "speaker":"S",
            "time":"17.10.2020 15:01:01",
            "turn-index":0,
            "utterance":"唐突ですね^^; なんですか？"
        },
        {
            "speaker":"U",
            "time":"17.10.2020 15:02:02",
            "turn-index":1,
            "utterance":"御願いがあるんだけど"
        },
        {
            "speaker":"S",
            "time":"17.10.2020 15:02:02",
            "turn-index":2,
            "utterance":"さんざん近況報告したのにw"
        },
        {
            "speaker":"U",
            "time":"17.10.2020 15:02:46",
            "turn-index":3,
            "utterance":"同窓会の件なんだけどね"
        },
        {
            "speaker":"S",
            "time":"17.10.2020 15:02:46",
            "turn-index":4,
            "utterance":"いいですねえ。前回は自分行けてないんですけど、どんな感じだったんですか？"
        },
        {
            "speaker":"U",
            "time":"17.10.2020 15:02:59",
            "turn-index":5,
            "utterance":"とても面白かったし"
        },
        {
            "speaker":"S",
            "time":"17.10.2020 15:02:59",
            "turn-index":6,
            "utterance":"どれくらい人集まったとか"
        },
        {
            "speaker":"U",
            "time":"17.10.2020 15:03:18",
            "turn-index":7,
            "utterance":"１００人くらいだったかな"
        },
        {
            "speaker":"S",
            "time":"17.10.2020 15:03:18",
            "turn-index":8,
            "utterance":"なるほどぉ。幹事の人大変そうですね 😅"
        },
        {
            "speaker":"U",
            "time":"17.10.2020 15:03:34",
            "turn-index":9,
            "utterance":"その幹事の件なんだけどね"
        },
        {
            "speaker":"S",
            "time":"17.10.2020 15:03:34",
            "turn-index":10,
            "utterance":"なんでしょう"
        },
        {
            "speaker":"U",
            "time":"17.10.2020 15:03:48",
            "turn-index":11,
            "utterance":"清水にやってもらえないか"
        },
        {
            "speaker":"S",
            "time":"17.10.2020 15:03:49",
            "turn-index":12,
            "utterance":"なんでしょう"
        },
        {
            "speaker":"U",
            "time":"17.10.2020 15:04:26",
            "turn-index":13,
            "utterance":"幹事を清水にお願いしようと思って"
        },
        {
            "speaker":"S",
            "time":"17.10.2020 15:04:26",
            "turn-index":14,
            "utterance":"あぁ"
        },
        {
            "speaker":"U",
            "time":"17.10.2020 15:04:35",
            "turn-index":15,
            "utterance":"やってくれる？"
        },
        {
            "speaker":"S",
            "time":"17.10.2020 15:04:36",
            "turn-index":16,
            "utterance":"前回は誰が幹事やられたんですか？"
        },
        {
            "speaker":"U",
            "time":"17.10.2020 15:04:47",
            "turn-index":17,
            "utterance":"僕だけど"
        },
        {
            "speaker":"S",
            "time":"17.10.2020 15:04:47",
            "turn-index":18,
            "utterance":"あー。お疲れ様です 😇 全部一人でやられたんですかね。"
        },
        {
            "speaker":"U",
            "time":"17.10.2020 15:04:59",
            "turn-index":19,
            "utterance":"ほとんどね"
        },
        {
            "speaker":"S",
            "time":"17.10.2020 15:05:00",
            "turn-index":20,
            "utterance":"日程とかどうやって決めたんですか？"
        },
        {
            "speaker":"U",
            "time":"17.10.2020 15:05:32",
            "turn-index":21,
            "utterance":"仕事の合間はほとんど日程の調整などでプライベートの時間を取られたよ"
        },
        {
            "speaker":"S",
            "time":"17.10.2020 15:05:33",
            "turn-index":22,
            "utterance":"なるほどぉ"
        },
        {
            "speaker":"U",
            "time":"17.10.2020 15:05:46",
            "turn-index":23,
            "utterance":"どう？やってくれるかな"
        },
        {
            "speaker":"S",
            "time":"17.10.2020 15:05:47",
            "turn-index":24,
            "utterance":"自分ちょっと候補日少なくなっちゃいそうなので、山田か田中とか適任な気がします。ちなみに、佐藤は先輩の会社落ちて就活留年したらしいです。"
        },
        {
            "speaker":"U",
            "time":"17.10.2020 15:06:09",
            "turn-index":25,
            "utterance":"信頼できるのが清水しかいないんだよ"
        },
        {
            "speaker":"S",
            "time":"17.10.2020 15:06:10",
            "turn-index":26,
            "utterance":"自分、今結構いっぱいいっぱいで、、すみません。自分に合わせてもらって参加者少なくなったらやなので 🙇‍♂️"
        },
        {
            "speaker":"U",
            "time":"17.10.2020 15:06:33",
            "turn-index":27,
            "utterance":"何かあったらサポートするから頼むよ"
        },
        {
            "speaker":"S",
            "time":"17.10.2020 15:06:33",
            "turn-index":28,
            "utterance":"そんなに自分やった方がいいですかね？ 🤔"
        },
        {
            "speaker":"U",
            "time":"17.10.2020 15:06:57",
            "turn-index":29,
            "utterance":"そのへんはとても信頼してる人に頼みたいからね"
        },
        {
            "speaker":"S",
            "time":"17.10.2020 15:06:58",
            "turn-index":30,
            "utterance":"サポート自分がするので、山田か田中に幹事のこと自分から頼んでみる形じゃ駄目でしょうか？"
        }
    ]
}