{
    "dialogue-id":"RSL_34",
    "group-id":"",
    "speaker-id":"rsl2020",
    "turns":[
        {
            "speaker":"S",
            "time":"17.10.2020 14:33:29",
            "turn-index":0,
            "utterance":"唐突ですね^^; なんですか？"
        },
        {
            "speaker":"U",
            "time":"17.10.2020 14:35:19",
            "turn-index":1,
            "utterance":"やあ、久しぶりだな。"
        },
        {
            "speaker":"S",
            "time":"17.10.2020 14:35:19",
            "turn-index":2,
            "utterance":"さんざん近況報告したのにw"
        },
        {
            "speaker":"U",
            "time":"17.10.2020 14:35:45",
            "turn-index":3,
            "utterance":"そうだったか？"
        },
        {
            "speaker":"S",
            "time":"17.10.2020 14:35:45",
            "turn-index":4,
            "utterance":"溜めますね 😅"
        },
        {
            "speaker":"U",
            "time":"17.10.2020 14:36:07",
            "turn-index":5,
            "utterance":"いやいや。"
        },
        {
            "speaker":"S",
            "time":"17.10.2020 14:36:07",
            "turn-index":6,
            "utterance":"頼み事ってなんですか？"
        },
        {
            "speaker":"U",
            "time":"17.10.2020 14:38:09",
            "turn-index":7,
            "utterance":"今年のサークルの同窓会の幹事を頼もうと思ってさ。"
        },
        {
            "speaker":"S",
            "time":"17.10.2020 14:38:10",
            "turn-index":8,
            "utterance":"なるほど？"
        },
        {
            "speaker":"U",
            "time":"17.10.2020 14:38:54",
            "turn-index":9,
            "utterance":"で引き受けてくれるかな？"
        },
        {
            "speaker":"S",
            "time":"17.10.2020 14:38:54",
            "turn-index":10,
            "utterance":"前回は自分行けてないんですけど、どんな感じだったんですか？"
        },
        {
            "speaker":"U",
            "time":"17.10.2020 14:39:25",
            "turn-index":11,
            "utterance":"まあ、それなりに楽しかったよ。"
        },
        {
            "speaker":"S",
            "time":"17.10.2020 14:39:26",
            "turn-index":12,
            "utterance":"同窓会すごいいいと思うんですけど。。 🤔"
        },
        {
            "speaker":"U",
            "time":"17.10.2020 14:39:42",
            "turn-index":13,
            "utterance":"でしょ！"
        },
        {
            "speaker":"S",
            "time":"17.10.2020 14:39:42",
            "turn-index":14,
            "utterance":"前回は誰が幹事やられたんですか？"
        },
        {
            "speaker":"U",
            "time":"17.10.2020 14:40:02",
            "turn-index":15,
            "utterance":"忘れた。"
        },
        {
            "speaker":"S",
            "time":"17.10.2020 14:40:03",
            "turn-index":16,
            "utterance":"鈴木さんあたりやってそうなイメージです。全部一人でやっちゃいそうですけど。。"
        },
        {
            "speaker":"U",
            "time":"17.10.2020 14:40:36",
            "turn-index":17,
            "utterance":"まあな。"
        },
        {
            "speaker":"S",
            "time":"17.10.2020 14:40:36",
            "turn-index":18,
            "utterance":"日程とかどうやって決めたかわかりますか？"
        },
        {
            "speaker":"U",
            "time":"17.10.2020 14:40:52",
            "turn-index":19,
            "utterance":"わかんねえ。"
        },
        {
            "speaker":"S",
            "time":"17.10.2020 14:40:52",
            "turn-index":20,
            "utterance":"なるほどぉ"
        },
        {
            "speaker":"U",
            "time":"17.10.2020 14:41:21",
            "turn-index":21,
            "utterance":"ということでよろしく頼むわ。"
        },
        {
            "speaker":"S",
            "time":"17.10.2020 14:41:21",
            "turn-index":22,
            "utterance":"自分ちょっと候補日少なくなっちゃいそうなので、山田か田中とか適任な気がします。ちなみに、佐藤は先輩の会社落ちて就活留年したらしいです。"
        },
        {
            "speaker":"U",
            "time":"17.10.2020 14:41:58",
            "turn-index":23,
            "utterance":"そういわずそこを何とか。"
        },
        {
            "speaker":"S",
            "time":"17.10.2020 14:41:58",
            "turn-index":24,
            "utterance":"自分、今結構いっぱいいっぱいで、、すみません。自分に合わせてもらって参加者少なくなったらやなので 🙇‍♂️"
        },
        {
            "speaker":"U",
            "time":"17.10.2020 14:42:42",
            "turn-index":25,
            "utterance":"それは気にしなくていいんで。"
        },
        {
            "speaker":"S",
            "time":"17.10.2020 14:42:42",
            "turn-index":26,
            "utterance":"そんなに自分やった方がいいですかね？ 🤔"
        },
        {
            "speaker":"U",
            "time":"17.10.2020 14:43:38",
            "turn-index":27,
            "utterance":"ホント頼むわ。"
        },
        {
            "speaker":"S",
            "time":"17.10.2020 14:43:38",
            "turn-index":28,
            "utterance":"サポート自分がするので、山田か田中に幹事のこと自分から頼んでみる形じゃ駄目でしょうか？"
        },
        {
            "speaker":"U",
            "time":"17.10.2020 14:45:02",
            "turn-index":29,
            "utterance":"お前がメインで山田か田中がサポートでいいよ。"
        },
        {
            "speaker":"S",
            "time":"17.10.2020 14:45:02",
            "turn-index":30,
            "utterance":"う〜ん。。。"
        }
    ]
}