{
    "dialogue-id":"RSL_01",
    "group-id":"",
    "speaker-id":"rsl2020",
    "turns":[
        {
            "speaker":"S",
            "time":"17.10.2020 14:18:01",
            "turn-index":0,
            "utterance":"唐突ですね^^; なんですか？"
        },
        {
            "speaker":"U",
            "time":"17.10.2020 14:18:23",
            "turn-index":1,
            "utterance":"実はシンジに頼みたい事があってさ"
        },
        {
            "speaker":"S",
            "time":"17.10.2020 14:18:24",
            "turn-index":2,
            "utterance":"さんざん近況報告したのにw"
        },
        {
            "speaker":"U",
            "time":"17.10.2020 14:19:07",
            "turn-index":3,
            "utterance":"春休みで暇らしいから、同窓会の幹事を頼みたいって思ったんだ"
        },
        {
            "speaker":"S",
            "time":"17.10.2020 14:19:08",
            "turn-index":4,
            "utterance":"なるほど？"
        },
        {
            "speaker":"U",
            "time":"17.10.2020 14:19:31",
            "turn-index":5,
            "utterance":"サークル仲間で集まるなんて最近ほとんど無かったからさ"
        },
        {
            "speaker":"S",
            "time":"17.10.2020 14:19:32",
            "turn-index":6,
            "utterance":"前回は自分行けてないんですけど、どんな感じだったんですか？"
        },
        {
            "speaker":"U",
            "time":"17.10.2020 14:19:51",
            "turn-index":7,
            "utterance":"先輩達も集まって大盛り上がりだったよ"
        },
        {
            "speaker":"S",
            "time":"17.10.2020 14:19:51",
            "turn-index":8,
            "utterance":"同窓会すごいいいと思うんですけど。。 🤔"
        },
        {
            "speaker":"U",
            "time":"17.10.2020 14:20:17",
            "turn-index":9,
            "utterance":"シンジも今年は幹事として参加してくれない？"
        },
        {
            "speaker":"S",
            "time":"17.10.2020 14:20:17",
            "turn-index":10,
            "utterance":"前回は誰が幹事やられたんですか？"
        },
        {
            "speaker":"U",
            "time":"17.10.2020 14:20:47",
            "turn-index":11,
            "utterance":"やっぱり去年の卒業生だったかな"
        },
        {
            "speaker":"S",
            "time":"17.10.2020 14:20:47",
            "turn-index":12,
            "utterance":"あー、卒業生さんかあ。確かに適任ですね。全部一人でやられたんですかね。"
        },
        {
            "speaker":"U",
            "time":"17.10.2020 14:21:02",
            "turn-index":13,
            "utterance":"確かそうだよ"
        },
        {
            "speaker":"S",
            "time":"17.10.2020 14:21:02",
            "turn-index":14,
            "utterance":"日程とかどうやって決めたかわかりますか？"
        },
        {
            "speaker":"U",
            "time":"17.10.2020 14:22:20",
            "turn-index":15,
            "utterance":"まず幹事の方から候補日を幾つか挙げてもらって、それから各自出席可能かどうかチェックしていったな"
        },
        {
            "speaker":"S",
            "time":"17.10.2020 14:22:21",
            "turn-index":16,
            "utterance":"なるほどぉ"
        },
        {
            "speaker":"U",
            "time":"17.10.2020 14:22:44",
            "turn-index":17,
            "utterance":"そんなに急ぐ話でもないからさ、シンジのペースでやってもらえればいいから"
        },
        {
            "speaker":"S",
            "time":"17.10.2020 14:22:44",
            "turn-index":18,
            "utterance":"自分ちょっと候補日少なくなっちゃいそうなので、山田か田中とか適任な気がします。ちなみに、佐藤は先輩の会社落ちて就活留年したらしいです。"
        },
        {
            "speaker":"U",
            "time":"17.10.2020 14:23:23",
            "turn-index":19,
            "utterance":"ああ、佐藤ね…俺も残念だったよ"
        },
        {
            "speaker":"S",
            "time":"17.10.2020 14:23:24",
            "turn-index":20,
            "utterance":"自分、今結構いっぱいいっぱいで、、すみません。自分に合わせてもらって参加者少なくなったらやなので 🙇‍♂️"
        },
        {
            "speaker":"U",
            "time":"17.10.2020 14:24:02",
            "turn-index":21,
            "utterance":"こっちもある程度は予定を合わせられるから、そんなに気負わず気楽にやってくれていいんだ"
        },
        {
            "speaker":"S",
            "time":"17.10.2020 14:24:02",
            "turn-index":22,
            "utterance":"そんなに自分やった方がいいですかね？ 🤔"
        },
        {
            "speaker":"U",
            "time":"17.10.2020 14:24:57",
            "turn-index":23,
            "utterance":"シンジは堅苦しくなくて話しやすいから、幹事になってくれるとみんなも楽なんだよ"
        },
        {
            "speaker":"S",
            "time":"17.10.2020 14:24:57",
            "turn-index":24,
            "utterance":"サポート自分がするので、山田か田中に幹事のこと自分から頼んでみる形じゃ駄目でしょうか？"
        },
        {
            "speaker":"U",
            "time":"17.10.2020 14:25:46",
            "turn-index":25,
            "utterance":"あの二人からは既にお断りの連絡を貰っちゃって…シンジだけが頼りなんだよ"
        },
        {
            "speaker":"S",
            "time":"17.10.2020 14:25:46",
            "turn-index":26,
            "utterance":"う〜ん。。。"
        },
        {
            "speaker":"U",
            "time":"17.10.2020 14:26:13",
            "turn-index":27,
            "utterance":"それこそ俺達もサポートするからさ、シンジが中心となってやってくれないかな"
        },
        {
            "speaker":"S",
            "time":"17.10.2020 14:26:13",
            "turn-index":28,
            "utterance":"先輩そんな強引な人でしたっけ？？ 😳 ドッキリですか？w"
        },
        {
            "speaker":"U",
            "time":"17.10.2020 14:26:36",
            "turn-index":29,
            "utterance":"それくらい皆でワイワイ騒ぎたい気分でね"
        },
        {
            "speaker":"S",
            "time":"17.10.2020 14:26:36",
            "turn-index":30,
            "utterance":"えでも、ほんとにそれぞれの代で幹事決めた方が周りの協力体制もうまくいくと思います 🙇‍♂️"
        }
    ]
}