{
    "dialogue-id":"RSL_07",
    "group-id":"",
    "speaker-id":"rsl2020",
    "turns":[
        {
            "speaker":"S",
            "time":"17.10.2020 14:57:34",
            "turn-index":0,
            "utterance":"唐突ですね^^; なんですか？"
        },
        {
            "speaker":"U",
            "time":"17.10.2020 14:58:02",
            "turn-index":1,
            "utterance":"同窓会の幹事をお願いしたいのだが。。。"
        },
        {
            "speaker":"S",
            "time":"17.10.2020 14:58:02",
            "turn-index":2,
            "utterance":"なるほど？"
        },
        {
            "speaker":"U",
            "time":"17.10.2020 14:58:22",
            "turn-index":3,
            "utterance":"どうだろうか？"
        },
        {
            "speaker":"S",
            "time":"17.10.2020 14:58:23",
            "turn-index":4,
            "utterance":"前回は自分行けてないんですけど、どんな感じだったんですか？"
        },
        {
            "speaker":"U",
            "time":"17.10.2020 14:58:49",
            "turn-index":5,
            "utterance":"割とラフな感じだったよ。"
        },
        {
            "speaker":"S",
            "time":"17.10.2020 14:58:49",
            "turn-index":6,
            "utterance":"同窓会すごいいいと思うんですけど。。 🤔"
        },
        {
            "speaker":"U",
            "time":"17.10.2020 14:59:04",
            "turn-index":7,
            "utterance":"何か引っかかる？"
        },
        {
            "speaker":"S",
            "time":"17.10.2020 14:59:05",
            "turn-index":8,
            "utterance":"前回は誰が幹事やられたんですか？"
        },
        {
            "speaker":"U",
            "time":"17.10.2020 14:59:29",
            "turn-index":9,
            "utterance":"前回は田中さんがやったよ。"
        },
        {
            "speaker":"S",
            "time":"17.10.2020 14:59:30",
            "turn-index":10,
            "utterance":"あー、田中さんかあ。確かに適任ですね。全部一人でやられたんですかね。"
        },
        {
            "speaker":"U",
            "time":"17.10.2020 14:59:58",
            "turn-index":11,
            "utterance":"同期の人に手伝ってもらったと言っていた。"
        },
        {
            "speaker":"S",
            "time":"17.10.2020 14:59:58",
            "turn-index":12,
            "utterance":"日程とかどうやって決めたかわかりますか？"
        },
        {
            "speaker":"U",
            "time":"17.10.2020 15:00:21",
            "turn-index":13,
            "utterance":"ＬＩＮＥグループで投票してもらっていたよ。"
        },
        {
            "speaker":"S",
            "time":"17.10.2020 15:00:22",
            "turn-index":14,
            "utterance":"なるほどぉ"
        },
        {
            "speaker":"U",
            "time":"17.10.2020 15:00:43",
            "turn-index":15,
            "utterance":"どうだろう、やってくれる？"
        },
        {
            "speaker":"S",
            "time":"17.10.2020 15:00:44",
            "turn-index":16,
            "utterance":"自分ちょっと候補日少なくなっちゃいそうなので、山田か田中とか適任な気がします。ちなみに、佐藤は先輩の会社落ちて就活留年したらしいです。"
        },
        {
            "speaker":"U",
            "time":"17.10.2020 15:01:29",
            "turn-index":17,
            "utterance":"彼ら含め他の人も君が適任だと言っているのだが"
        },
        {
            "speaker":"S",
            "time":"17.10.2020 15:01:30",
            "turn-index":18,
            "utterance":"自分、今結構いっぱいいっぱいで、、すみません。自分に合わせてもらって参加者少なくなったらやなので 🙇‍♂️"
        },
        {
            "speaker":"U",
            "time":"17.10.2020 15:02:39",
            "turn-index":19,
            "utterance":"忙しいところごめんな。そんなに気負わなくていいからもう一度考えてくれないか"
        },
        {
            "speaker":"S",
            "time":"17.10.2020 15:02:40",
            "turn-index":20,
            "utterance":"そんなに自分やった方がいいですかね？ 🤔"
        },
        {
            "speaker":"U",
            "time":"17.10.2020 15:02:54",
            "turn-index":21,
            "utterance":"君が適任だと思う"
        },
        {
            "speaker":"S",
            "time":"17.10.2020 15:02:54",
            "turn-index":22,
            "utterance":"サポート自分がするので、山田か田中に幹事のこと自分から頼んでみる形じゃ駄目でしょうか？"
        },
        {
            "speaker":"U",
            "time":"17.10.2020 15:03:48",
            "turn-index":23,
            "utterance":"彼らより君の方が信頼できるんだよ。"
        },
        {
            "speaker":"S",
            "time":"17.10.2020 15:03:49",
            "turn-index":24,
            "utterance":"う〜ん。。。"
        },
        {
            "speaker":"U",
            "time":"17.10.2020 15:04:22",
            "turn-index":25,
            "utterance":"厳しいだろうか。。"
        },
        {
            "speaker":"S",
            "time":"17.10.2020 15:04:22",
            "turn-index":26,
            "utterance":"先輩そんな強引な人でしたっけ？？ 😳 ドッキリですか？w"
        },
        {
            "speaker":"U",
            "time":"17.10.2020 15:04:58",
            "turn-index":27,
            "utterance":"そんなことない。強引なのはわかっているが、、お願いしたい。"
        },
        {
            "speaker":"S",
            "time":"17.10.2020 15:04:58",
            "turn-index":28,
            "utterance":"えでも、ほんとにそれぞれの代で幹事決めた方が周りの協力体制もうまくいくと思います 🙇‍♂️"
        },
        {
            "speaker":"U",
            "time":"17.10.2020 15:05:54",
            "turn-index":29,
            "utterance":"そんなにやりたくない？"
        },
        {
            "speaker":"S",
            "time":"17.10.2020 15:05:55",
            "turn-index":30,
            "utterance":"ほんとに何かあるんですか？w 😎 とりあえず、幹事はこっちの代で決める感じで良いですか？今度、佐藤と3人でご飯行きましょう！"
        }
    ]
}