{
    "dialogue-id":"RSL_32",
    "group-id":"",
    "speaker-id":"rsl2020",
    "turns":[
        {
            "speaker":"S",
            "time":"17.10.2020 14:21:27",
            "turn-index":0,
            "utterance":"唐突ですね^^; なんですか？"
        },
        {
            "speaker":"U",
            "time":"17.10.2020 14:21:51",
            "turn-index":1,
            "utterance":"幹事なってくれないか？"
        },
        {
            "speaker":"S",
            "time":"17.10.2020 14:21:51",
            "turn-index":2,
            "utterance":"さんざん近況報告したのにw"
        },
        {
            "speaker":"U",
            "time":"17.10.2020 14:22:13",
            "turn-index":3,
            "utterance":"ちょっと時間を割いてくれるだけでいいからさ。"
        },
        {
            "speaker":"S",
            "time":"17.10.2020 14:22:14",
            "turn-index":4,
            "utterance":"溜めますね 😅"
        },
        {
            "speaker":"U",
            "time":"17.10.2020 14:22:39",
            "turn-index":5,
            "utterance":"先輩の頼みだと思って頼むわ😉"
        },
        {
            "speaker":"S",
            "time":"17.10.2020 14:22:39",
            "turn-index":6,
            "utterance":"さんざん近況報告したのにw"
        },
        {
            "speaker":"U",
            "time":"17.10.2020 14:22:50",
            "turn-index":7,
            "utterance":"そんなに忙しいの？"
        },
        {
            "speaker":"S",
            "time":"17.10.2020 14:22:51",
            "turn-index":8,
            "utterance":"溜めますね 😅"
        },
        {
            "speaker":"U",
            "time":"17.10.2020 14:23:47",
            "turn-index":9,
            "utterance":"幹事を経験しておくのも良いと思うぞ。"
        },
        {
            "speaker":"S",
            "time":"17.10.2020 14:23:48",
            "turn-index":10,
            "utterance":"さんざん近況報告したのにw"
        },
        {
            "speaker":"U",
            "time":"17.10.2020 14:24:27",
            "turn-index":11,
            "utterance":"先輩命令、幹事をしろ🤨"
        },
        {
            "speaker":"S",
            "time":"17.10.2020 14:24:28",
            "turn-index":12,
            "utterance":"さんざん近況報告したのにw"
        },
        {
            "speaker":"U",
            "time":"17.10.2020 14:24:52",
            "turn-index":13,
            "utterance":"頼む、幹事してくれ！"
        },
        {
            "speaker":"S",
            "time":"17.10.2020 14:24:53",
            "turn-index":14,
            "utterance":"溜めますね 😅"
        },
        {
            "speaker":"U",
            "time":"17.10.2020 14:25:10",
            "turn-index":15,
            "utterance":"一生のお願い！"
        },
        {
            "speaker":"S",
            "time":"17.10.2020 14:25:10",
            "turn-index":16,
            "utterance":"頼み事ってなんですか？"
        },
        {
            "speaker":"U",
            "time":"17.10.2020 14:25:50",
            "turn-index":17,
            "utterance":"サークルの同窓会の幹事をしてくれって話🤥"
        },
        {
            "speaker":"S",
            "time":"17.10.2020 14:25:50",
            "turn-index":18,
            "utterance":"なるほど？"
        },
        {
            "speaker":"U",
            "time":"17.10.2020 14:26:06",
            "turn-index":19,
            "utterance":"じゃあ、オーケー？"
        },
        {
            "speaker":"S",
            "time":"17.10.2020 14:26:06",
            "turn-index":20,
            "utterance":"前回は自分行けてないんですけど、どんな感じだったんですか？"
        },
        {
            "speaker":"U",
            "time":"17.10.2020 14:26:38",
            "turn-index":21,
            "utterance":"まだまだ学生の時と変わらなかったな～。"
        },
        {
            "speaker":"S",
            "time":"17.10.2020 14:26:38",
            "turn-index":22,
            "utterance":"同窓会すごいいいと思うんですけど。。 🤔"
        },
        {
            "speaker":"U",
            "time":"17.10.2020 14:27:14",
            "turn-index":23,
            "utterance":"皆清水にも会いたがってるぞ。"
        },
        {
            "speaker":"S",
            "time":"17.10.2020 14:27:14",
            "turn-index":24,
            "utterance":"前回は誰が幹事やられたんですか？"
        },
        {
            "speaker":"U",
            "time":"17.10.2020 14:27:33",
            "turn-index":25,
            "utterance":"前回は俺がやったよ。"
        },
        {
            "speaker":"S",
            "time":"17.10.2020 14:27:33",
            "turn-index":26,
            "utterance":"あー。お疲れ様です 😇 全部一人でやられたんですかね。"
        },
        {
            "speaker":"U",
            "time":"17.10.2020 14:27:47",
            "turn-index":27,
            "utterance":"そうなんだよね、大変でさぁ・・・"
        },
        {
            "speaker":"S",
            "time":"17.10.2020 14:27:47",
            "turn-index":28,
            "utterance":"日程とかどうやって決めたんですか？"
        },
        {
            "speaker":"U",
            "time":"17.10.2020 14:28:23",
            "turn-index":29,
            "utterance":"皆にひとりひとり連絡してこつこつやったよ😞"
        },
        {
            "speaker":"S",
            "time":"17.10.2020 14:28:24",
            "turn-index":30,
            "utterance":"なるほどぉ"
        }
    ]
}