{
    "dialogue-id":"RSL_48",
    "group-id":"",
    "speaker-id":"rsl2020",
    "turns":[
        {
            "speaker":"S",
            "time":"17.10.2020 20:02:27",
            "turn-index":0,
            "utterance":"唐突ですね^^; なんですか？"
        },
        {
            "speaker":"U",
            "time":"17.10.2020 20:03:41",
            "turn-index":1,
            "utterance":"今度の同窓会のことなんだけど"
        },
        {
            "speaker":"S",
            "time":"17.10.2020 20:03:42",
            "turn-index":2,
            "utterance":"いいですねえ。前回は自分行けてないんですけど、どんな感じだったんですか？"
        },
        {
            "speaker":"U",
            "time":"17.10.2020 20:04:00",
            "turn-index":3,
            "utterance":"結構人も集まったし楽しかったよ"
        },
        {
            "speaker":"S",
            "time":"17.10.2020 20:04:00",
            "turn-index":4,
            "utterance":"どれくらい人集まったとか"
        },
        {
            "speaker":"U",
            "time":"17.10.2020 20:04:36",
            "turn-index":5,
            "utterance":"50人くらいは居たかな"
        },
        {
            "speaker":"S",
            "time":"17.10.2020 20:04:37",
            "turn-index":6,
            "utterance":"なるほどぉ。幹事の人大変そうですね 😅"
        },
        {
            "speaker":"U",
            "time":"17.10.2020 20:05:12",
            "turn-index":7,
            "utterance":"今、幹事をやってくれる人を探してるんだ"
        },
        {
            "speaker":"S",
            "time":"17.10.2020 20:05:12",
            "turn-index":8,
            "utterance":"あぁ"
        },
        {
            "speaker":"U",
            "time":"17.10.2020 20:05:28",
            "turn-index":9,
            "utterance":"幹事やってみない？"
        },
        {
            "speaker":"S",
            "time":"17.10.2020 20:05:28",
            "turn-index":10,
            "utterance":"前回は誰が幹事やられたんですか？"
        },
        {
            "speaker":"U",
            "time":"17.10.2020 20:05:50",
            "turn-index":11,
            "utterance":"誰だっけか？"
        },
        {
            "speaker":"S",
            "time":"17.10.2020 20:05:50",
            "turn-index":12,
            "utterance":"鈴木さんあたりやってそうなイメージです。全部一人でやっちゃいそうですけど。。"
        },
        {
            "speaker":"U",
            "time":"17.10.2020 20:06:25",
            "turn-index":13,
            "utterance":"そうだね"
        },
        {
            "speaker":"S",
            "time":"17.10.2020 20:06:26",
            "turn-index":14,
            "utterance":"日程とかどうやって決めたかわかりますか？"
        },
        {
            "speaker":"U",
            "time":"17.10.2020 20:07:12",
            "turn-index":15,
            "utterance":"ちょっと分からないなぁ"
        },
        {
            "speaker":"S",
            "time":"17.10.2020 20:07:12",
            "turn-index":16,
            "utterance":"なるほどw"
        },
        {
            "speaker":"U",
            "time":"17.10.2020 20:07:39",
            "turn-index":17,
            "utterance":"例年通りでいいんじゃないかな"
        },
        {
            "speaker":"S",
            "time":"17.10.2020 20:07:40",
            "turn-index":18,
            "utterance":"自分ちょっと候補日少なくなっちゃいそうなので、山田か田中とか適任な気がします。ちなみに、佐藤は先輩の会社落ちて就活留年したらしいです。"
        },
        {
            "speaker":"U",
            "time":"17.10.2020 20:08:01",
            "turn-index":19,
            "utterance":"へえーそうなんだ"
        },
        {
            "speaker":"S",
            "time":"17.10.2020 20:08:02",
            "turn-index":20,
            "utterance":"自分、今結構いっぱいいっぱいで、、すみません。自分に合わせてもらって参加者少なくなったらやなので 🙇‍♂️"
        },
        {
            "speaker":"U",
            "time":"17.10.2020 20:08:25",
            "turn-index":21,
            "utterance":"最近忙しいの？"
        },
        {
            "speaker":"S",
            "time":"17.10.2020 20:08:26",
            "turn-index":22,
            "utterance":"そんなに自分やった方がいいですかね？ 🤔"
        },
        {
            "speaker":"U",
            "time":"17.10.2020 20:08:43",
            "turn-index":23,
            "utterance":"やってくれるならお願いしたいんだけど"
        },
        {
            "speaker":"S",
            "time":"17.10.2020 20:08:43",
            "turn-index":24,
            "utterance":"サポート自分がするので、山田か田中に幹事のこと自分から頼んでみる形じゃ駄目でしょうか？"
        },
        {
            "speaker":"U",
            "time":"17.10.2020 20:08:57",
            "turn-index":25,
            "utterance":"それでもいいよ"
        },
        {
            "speaker":"S",
            "time":"17.10.2020 20:08:57",
            "turn-index":26,
            "utterance":"う〜ん。。。"
        },
        {
            "speaker":"U",
            "time":"17.10.2020 20:10:08",
            "turn-index":27,
            "utterance":"役割分担してちょっとだけやってみない？"
        },
        {
            "speaker":"S",
            "time":"17.10.2020 20:10:08",
            "turn-index":28,
            "utterance":"先輩そんな強引な人でしたっけ？？ 😳 ドッキリですか？w"
        },
        {
            "speaker":"U",
            "time":"17.10.2020 20:10:40",
            "turn-index":29,
            "utterance":"いやいや、無理にとは言わないけど"
        },
        {
            "speaker":"S",
            "time":"17.10.2020 20:10:41",
            "turn-index":30,
            "utterance":"えでも、ほんとにそれぞれの代で幹事決めた方が周りの協力体制もうまくいくと思います 🙇‍♂️"
        }
    ]
}