{
    "dialogue-id":"RSL_29",
    "group-id":"",
    "speaker-id":"rsl2020",
    "turns":[
        {
            "speaker":"S",
            "time":"17.10.2020 16:10:50",
            "turn-index":0,
            "utterance":"唐突ですね^^; なんですか？"
        },
        {
            "speaker":"U",
            "time":"17.10.2020 16:11:12",
            "turn-index":1,
            "utterance":"毎年同窓会やってるの知ってるよね？"
        },
        {
            "speaker":"S",
            "time":"17.10.2020 16:11:12",
            "turn-index":2,
            "utterance":"いいですねえ。前回は自分行けてないんですけど、どんな感じだったんですか？"
        },
        {
            "speaker":"U",
            "time":"17.10.2020 16:11:47",
            "turn-index":3,
            "utterance":"めちゃ楽しかったで。で、今年もするんだけどさ清水君幹事やってよ"
        },
        {
            "speaker":"S",
            "time":"17.10.2020 16:11:47",
            "turn-index":4,
            "utterance":"どれくらい人集まったとか"
        },
        {
            "speaker":"U",
            "time":"17.10.2020 16:12:06",
            "turn-index":5,
            "utterance":"20人ぐらいだったかな～"
        },
        {
            "speaker":"S",
            "time":"17.10.2020 16:12:07",
            "turn-index":6,
            "utterance":"なるほどぉ。幹事の人大変そうですね 😅"
        },
        {
            "speaker":"U",
            "time":"17.10.2020 16:12:39",
            "turn-index":7,
            "utterance":"いや、大丈夫ちゃう？出欠とって会場予約してもらうぐらいだし"
        },
        {
            "speaker":"S",
            "time":"17.10.2020 16:12:40",
            "turn-index":8,
            "utterance":"なんでしょう"
        },
        {
            "speaker":"U",
            "time":"17.10.2020 16:13:04",
            "turn-index":9,
            "utterance":"ということで、幹事をお願いします"
        },
        {
            "speaker":"S",
            "time":"17.10.2020 16:13:05",
            "turn-index":10,
            "utterance":"あぁ"
        },
        {
            "speaker":"U",
            "time":"17.10.2020 16:13:46",
            "turn-index":11,
            "utterance":"日時と会場は好きに決めてくれたらいいから"
        },
        {
            "speaker":"S",
            "time":"17.10.2020 16:13:47",
            "turn-index":12,
            "utterance":"前回は誰が幹事やられたんですか？"
        },
        {
            "speaker":"U",
            "time":"17.10.2020 16:14:00",
            "turn-index":13,
            "utterance":"誰だったかな～"
        },
        {
            "speaker":"S",
            "time":"17.10.2020 16:14:00",
            "turn-index":14,
            "utterance":"鈴木さんあたりやってそうなイメージです。全部一人でやっちゃいそうですけど。。"
        },
        {
            "speaker":"U",
            "time":"17.10.2020 16:14:19",
            "turn-index":15,
            "utterance":"あぁ鈴木さんだったかな"
        },
        {
            "speaker":"S",
            "time":"17.10.2020 16:14:19",
            "turn-index":16,
            "utterance":"日程とかどうやって決めたかわかりますか？"
        },
        {
            "speaker":"U",
            "time":"17.10.2020 16:15:31",
            "turn-index":17,
            "utterance":"大体5月の連休あたりで決めてたよ、清水君の好きな日でいいかも"
        },
        {
            "speaker":"S",
            "time":"17.10.2020 16:15:32",
            "turn-index":18,
            "utterance":"なるほどぉ"
        },
        {
            "speaker":"U",
            "time":"17.10.2020 16:15:51",
            "turn-index":19,
            "utterance":"会場も好きなところで決めちゃっていいと思うよ"
        },
        {
            "speaker":"S",
            "time":"17.10.2020 16:15:51",
            "turn-index":20,
            "utterance":"自分ちょっと候補日少なくなっちゃいそうなので、山田か田中とか適任な気がします。ちなみに、佐藤は先輩の会社落ちて就活留年したらしいです。"
        },
        {
            "speaker":"U",
            "time":"17.10.2020 16:17:07",
            "turn-index":21,
            "utterance":"え！？そうなん！？佐藤他の会社受けなかったのか？"
        },
        {
            "speaker":"S",
            "time":"17.10.2020 16:17:07",
            "turn-index":22,
            "utterance":"自分、今結構いっぱいいっぱいで、、すみません。自分に合わせてもらって参加者少なくなったらやなので 🙇‍♂️"
        },
        {
            "speaker":"U",
            "time":"17.10.2020 16:18:21",
            "turn-index":23,
            "utterance":"いや、みんな清水君が来るの楽しみにしてるからさ、清水君来なくちゃ始まらないんだよね"
        },
        {
            "speaker":"S",
            "time":"17.10.2020 16:18:22",
            "turn-index":24,
            "utterance":"そんなに自分やった方がいいですかね？ 🤔"
        },
        {
            "speaker":"U",
            "time":"17.10.2020 16:18:38",
            "turn-index":25,
            "utterance":"うんうん、みんなめちゃ楽しみにしてるで"
        },
        {
            "speaker":"S",
            "time":"17.10.2020 16:18:39",
            "turn-index":26,
            "utterance":"サポート自分がするので、山田か田中に幹事のこと自分から頼んでみる形じゃ駄目でしょうか？"
        },
        {
            "speaker":"U",
            "time":"17.10.2020 16:19:07",
            "turn-index":27,
            "utterance":"あーいっぺん山田か田中に聞いてみ？"
        },
        {
            "speaker":"S",
            "time":"17.10.2020 16:19:07",
            "turn-index":28,
            "utterance":"う〜ん。。。"
        },
        {
            "speaker":"U",
            "time":"17.10.2020 16:19:35",
            "turn-index":29,
            "utterance":"それか、清水君幹事で山田か田中がサポートとか"
        },
        {
            "speaker":"S",
            "time":"17.10.2020 16:19:35",
            "turn-index":30,
            "utterance":"先輩そんな強引な人でしたっけ？？ 😳 ドッキリですか？w"
        }
    ]
}