{
    "dialogue-id":"RSL_41",
    "group-id":"",
    "speaker-id":"rsl2020",
    "turns":[
        {
            "speaker":"S",
            "time":"17.10.2020 15:12:38",
            "turn-index":0,
            "utterance":"唐突ですね^^; なんですか？"
        },
        {
            "speaker":"U",
            "time":"17.10.2020 15:13:00",
            "turn-index":1,
            "utterance":"ごめんないきなり"
        },
        {
            "speaker":"S",
            "time":"17.10.2020 15:13:00",
            "turn-index":2,
            "utterance":"さんざん近況報告したのにw"
        },
        {
            "speaker":"U",
            "time":"17.10.2020 15:13:09",
            "turn-index":3,
            "utterance":"わるいわるいｗｗｗ"
        },
        {
            "speaker":"S",
            "time":"17.10.2020 15:13:10",
            "turn-index":4,
            "utterance":"溜めますね 😅"
        },
        {
            "speaker":"U",
            "time":"17.10.2020 15:13:24",
            "turn-index":5,
            "utterance":"実はな同窓会の幹事をお前にお願いしたいんだよ"
        },
        {
            "speaker":"S",
            "time":"17.10.2020 15:13:25",
            "turn-index":6,
            "utterance":"なるほど？"
        },
        {
            "speaker":"U",
            "time":"17.10.2020 15:13:38",
            "turn-index":7,
            "utterance":"どうだろう？何か質問とかあるかな"
        },
        {
            "speaker":"S",
            "time":"17.10.2020 15:13:38",
            "turn-index":8,
            "utterance":"前回は自分行けてないんですけど、どんな感じだったんですか？"
        },
        {
            "speaker":"U",
            "time":"17.10.2020 15:13:57",
            "turn-index":9,
            "utterance":"人数は50人くらい"
        },
        {
            "speaker":"S",
            "time":"17.10.2020 15:13:57",
            "turn-index":10,
            "utterance":"同窓会すごいいいと思うんですけど。。 🤔"
        },
        {
            "speaker":"U",
            "time":"17.10.2020 15:14:22",
            "turn-index":11,
            "utterance":"ただOBとかも来るからかなりちゃんとした会場がいいかな"
        },
        {
            "speaker":"S",
            "time":"17.10.2020 15:14:23",
            "turn-index":12,
            "utterance":"前回は誰が幹事やられたんですか？"
        },
        {
            "speaker":"U",
            "time":"17.10.2020 15:14:28",
            "turn-index":13,
            "utterance":"おれだよ"
        },
        {
            "speaker":"S",
            "time":"17.10.2020 15:14:28",
            "turn-index":14,
            "utterance":"あー。お疲れ様です 😇 全部一人でやられたんですかね。"
        },
        {
            "speaker":"U",
            "time":"17.10.2020 15:14:44",
            "turn-index":15,
            "utterance":"そうだね！わからないところは先輩に聞きながら"
        },
        {
            "speaker":"S",
            "time":"17.10.2020 15:14:45",
            "turn-index":16,
            "utterance":"日程とかどうやって決めたんですか？"
        },
        {
            "speaker":"U",
            "time":"17.10.2020 15:15:04",
            "turn-index":17,
            "utterance":"各代の代表に連絡して候補出してもらったかな"
        },
        {
            "speaker":"S",
            "time":"17.10.2020 15:15:05",
            "turn-index":18,
            "utterance":"なるほどぉ"
        },
        {
            "speaker":"U",
            "time":"17.10.2020 15:15:16",
            "turn-index":19,
            "utterance":"どうかな？俺も手伝うよ"
        },
        {
            "speaker":"S",
            "time":"17.10.2020 15:15:16",
            "turn-index":20,
            "utterance":"自分ちょっと候補日少なくなっちゃいそうなので、山田か田中とか適任な気がします。ちなみに、佐藤は先輩の会社落ちて就活留年したらしいです。"
        },
        {
            "speaker":"U",
            "time":"17.10.2020 15:15:55",
            "turn-index":21,
            "utterance":"あいつらには頼めないよ。ゼミ忙しいだろ。暇なゼミのお前にしか頼めないよ"
        },
        {
            "speaker":"S",
            "time":"17.10.2020 15:15:56",
            "turn-index":22,
            "utterance":"自分、今結構いっぱいいっぱいで、、すみません。自分に合わせてもらって参加者少なくなったらやなので 🙇‍♂️"
        },
        {
            "speaker":"U",
            "time":"17.10.2020 15:16:16",
            "turn-index":23,
            "utterance":"いやいや、これをやると社会に出て約立つぞ？"
        },
        {
            "speaker":"S",
            "time":"17.10.2020 15:16:16",
            "turn-index":24,
            "utterance":"そんなに自分やった方がいいですかね？ 🤔"
        },
        {
            "speaker":"U",
            "time":"17.10.2020 15:16:24",
            "turn-index":25,
            "utterance":"絶対やった方がいいよ"
        },
        {
            "speaker":"S",
            "time":"17.10.2020 15:16:24",
            "turn-index":26,
            "utterance":"サポート自分がするので、山田か田中に幹事のこと自分から頼んでみる形じゃ駄目でしょうか？"
        },
        {
            "speaker":"U",
            "time":"17.10.2020 15:16:33",
            "turn-index":27,
            "utterance":"それじゃだめだね"
        },
        {
            "speaker":"S",
            "time":"17.10.2020 15:16:33",
            "turn-index":28,
            "utterance":"う〜ん。。。"
        },
        {
            "speaker":"U",
            "time":"17.10.2020 15:16:47",
            "turn-index":29,
            "utterance":"サポートにあいつら使うのはいいけども！"
        },
        {
            "speaker":"S",
            "time":"17.10.2020 15:16:47",
            "turn-index":30,
            "utterance":"先輩そんな強引な人でしたっけ？？ 😳 ドッキリですか？w"
        }
    ]
}