{
    "dialogue-id":"RSL_35",
    "group-id":"",
    "speaker-id":"rsl2020",
    "turns":[
        {
            "speaker":"S",
            "time":"17.10.2020 16:40:23",
            "turn-index":0,
            "utterance":"唐突ですね^^; なんですか？"
        },
        {
            "speaker":"U",
            "time":"17.10.2020 16:42:22",
            "turn-index":1,
            "utterance":"今年のサークルの同窓会の幹事をやってほしいなって思ってて"
        },
        {
            "speaker":"S",
            "time":"17.10.2020 16:42:23",
            "turn-index":2,
            "utterance":"なるほど？"
        },
        {
            "speaker":"U",
            "time":"17.10.2020 16:42:55",
            "turn-index":3,
            "utterance":"うん清水君がいいと思うんだ"
        },
        {
            "speaker":"S",
            "time":"17.10.2020 16:42:55",
            "turn-index":4,
            "utterance":"前回は自分行けてないんですけど、どんな感じだったんですか？"
        },
        {
            "speaker":"U",
            "time":"17.10.2020 16:43:11",
            "turn-index":5,
            "utterance":"前回すごく盛り上がって楽しかったよ"
        },
        {
            "speaker":"S",
            "time":"17.10.2020 16:43:12",
            "turn-index":6,
            "utterance":"同窓会すごいいいと思うんですけど。。 🤔"
        },
        {
            "speaker":"U",
            "time":"17.10.2020 16:43:35",
            "turn-index":7,
            "utterance":"うん楽しいからぜひ幹事をやってほしい"
        },
        {
            "speaker":"S",
            "time":"17.10.2020 16:43:35",
            "turn-index":8,
            "utterance":"なるほど？"
        },
        {
            "speaker":"U",
            "time":"17.10.2020 16:43:48",
            "turn-index":9,
            "utterance":"だめかな？"
        },
        {
            "speaker":"S",
            "time":"17.10.2020 16:43:49",
            "turn-index":10,
            "utterance":"前回は誰が幹事やられたんですか？"
        },
        {
            "speaker":"U",
            "time":"17.10.2020 16:44:04",
            "turn-index":11,
            "utterance":"前回は鈴木君がやったんだ"
        },
        {
            "speaker":"S",
            "time":"17.10.2020 16:44:05",
            "turn-index":12,
            "utterance":"あー、鈴木さんかあ。確かに適任ですね。全部一人でやられたんですかね。"
        },
        {
            "speaker":"U",
            "time":"17.10.2020 16:44:23",
            "turn-index":13,
            "utterance":"うん一人でやってた"
        },
        {
            "speaker":"S",
            "time":"17.10.2020 16:44:24",
            "turn-index":14,
            "utterance":"日程とかどうやって決めたかわかりますか？"
        },
        {
            "speaker":"U",
            "time":"17.10.2020 16:45:01",
            "turn-index":15,
            "utterance":"うーん普通にみんなの予定を聞いて空いてる日にしたんじゃないかな"
        },
        {
            "speaker":"S",
            "time":"17.10.2020 16:45:01",
            "turn-index":16,
            "utterance":"なるほどぉ"
        },
        {
            "speaker":"U",
            "time":"17.10.2020 16:45:26",
            "turn-index":17,
            "utterance":"ところで幹事できそう？"
        },
        {
            "speaker":"S",
            "time":"17.10.2020 16:45:26",
            "turn-index":18,
            "utterance":"自分ちょっと候補日少なくなっちゃいそうなので、山田か田中とか適任な気がします。ちなみに、佐藤は先輩の会社落ちて就活留年したらしいです。"
        },
        {
            "speaker":"U",
            "time":"17.10.2020 16:46:11",
            "turn-index":19,
            "utterance":"えーっ佐藤君大変だね。ぜひ清水君にやってほしいんだけどな"
        },
        {
            "speaker":"S",
            "time":"17.10.2020 16:46:11",
            "turn-index":20,
            "utterance":"自分、今結構いっぱいいっぱいで、、すみません。自分に合わせてもらって参加者少なくなったらやなので 🙇‍♂️"
        },
        {
            "speaker":"U",
            "time":"17.10.2020 16:46:58",
            "turn-index":21,
            "utterance":"そっかあ、忙しいところ悪いんだけどそこをなんとか"
        },
        {
            "speaker":"S",
            "time":"17.10.2020 16:46:59",
            "turn-index":22,
            "utterance":"そんなに自分やった方がいいですかね？ 🤔"
        },
        {
            "speaker":"U",
            "time":"17.10.2020 16:47:20",
            "turn-index":23,
            "utterance":"うん、すごく向いてると思う"
        },
        {
            "speaker":"S",
            "time":"17.10.2020 16:47:20",
            "turn-index":24,
            "utterance":"サポート自分がするので、山田か田中に幹事のこと自分から頼んでみる形じゃ駄目でしょうか？"
        },
        {
            "speaker":"U",
            "time":"17.10.2020 16:48:27",
            "turn-index":25,
            "utterance":"うん、できれば君が主にやってほしいな"
        },
        {
            "speaker":"S",
            "time":"17.10.2020 16:48:27",
            "turn-index":26,
            "utterance":"う〜ん。。。"
        },
        {
            "speaker":"U",
            "time":"17.10.2020 16:48:39",
            "turn-index":27,
            "utterance":"頼むよー"
        },
        {
            "speaker":"S",
            "time":"17.10.2020 16:48:40",
            "turn-index":28,
            "utterance":"先輩そんな強引な人でしたっけ？？ 😳 ドッキリですか？w"
        },
        {
            "speaker":"U",
            "time":"17.10.2020 16:49:07",
            "turn-index":29,
            "utterance":"どっきりじゃないよ。ちょっと強引でごめんね"
        },
        {
            "speaker":"S",
            "time":"17.10.2020 16:49:07",
            "turn-index":30,
            "utterance":"えでも、ほんとにそれぞれの代で幹事決めた方が周りの協力体制もうまくいくと思います 🙇‍♂️"
        }
    ]
}