{
    "dialogue-id":"RSL_50",
    "group-id":"",
    "speaker-id":"rsl2020",
    "turns":[
        {
            "speaker":"S",
            "time":"17.10.2020 15:03:01",
            "turn-index":0,
            "utterance":"唐突ですね^^; なんですか？"
        },
        {
            "speaker":"U",
            "time":"17.10.2020 15:03:12",
            "turn-index":1,
            "utterance":"同窓会の幹事できる？"
        },
        {
            "speaker":"S",
            "time":"17.10.2020 15:03:13",
            "turn-index":2,
            "utterance":"いいですねえ。前回は自分行けてないんですけど、どんな感じだったんですか？"
        },
        {
            "speaker":"U",
            "time":"17.10.2020 15:03:20",
            "turn-index":3,
            "utterance":"楽しかったよ。"
        },
        {
            "speaker":"S",
            "time":"17.10.2020 15:03:21",
            "turn-index":4,
            "utterance":"どれくらい人集まったとか"
        },
        {
            "speaker":"U",
            "time":"17.10.2020 15:03:25",
            "turn-index":5,
            "utterance":"20人だね"
        },
        {
            "speaker":"S",
            "time":"17.10.2020 15:03:26",
            "turn-index":6,
            "utterance":"なるほどぉ。幹事の人大変そうですね 😅"
        },
        {
            "speaker":"U",
            "time":"17.10.2020 15:03:31",
            "turn-index":7,
            "utterance":"そんなことないよ"
        },
        {
            "speaker":"S",
            "time":"17.10.2020 15:03:31",
            "turn-index":8,
            "utterance":"なんでしょう"
        },
        {
            "speaker":"U",
            "time":"17.10.2020 15:03:43",
            "turn-index":9,
            "utterance":"店を決めるだけだから"
        },
        {
            "speaker":"S",
            "time":"17.10.2020 15:03:43",
            "turn-index":10,
            "utterance":"なんでしょう"
        },
        {
            "speaker":"U",
            "time":"17.10.2020 15:03:49",
            "turn-index":11,
            "utterance":"やってくれるかな"
        },
        {
            "speaker":"S",
            "time":"17.10.2020 15:03:49",
            "turn-index":12,
            "utterance":"なんでしょう"
        },
        {
            "speaker":"U",
            "time":"17.10.2020 15:04:06",
            "turn-index":13,
            "utterance":"幹事できる？"
        },
        {
            "speaker":"S",
            "time":"17.10.2020 15:04:18",
            "turn-index":14,
            "utterance":"なんでしょう"
        },
        {
            "speaker":"U",
            "time":"17.10.2020 15:04:27",
            "turn-index":15,
            "utterance":"ふざけてますか？"
        },
        {
            "speaker":"S",
            "time":"17.10.2020 15:04:28",
            "turn-index":16,
            "utterance":"なんでしょう"
        },
        {
            "speaker":"U",
            "time":"17.10.2020 15:04:35",
            "turn-index":17,
            "utterance":"なんでしょうじゃないよ"
        },
        {
            "speaker":"S",
            "time":"17.10.2020 15:04:36",
            "turn-index":18,
            "utterance":"なんでしょう"
        },
        {
            "speaker":"U",
            "time":"17.10.2020 15:04:40",
            "turn-index":19,
            "utterance":"おい"
        },
        {
            "speaker":"S",
            "time":"17.10.2020 15:04:41",
            "turn-index":20,
            "utterance":"なんでしょう"
        },
        {
            "speaker":"U",
            "time":"17.10.2020 15:04:49",
            "turn-index":21,
            "utterance":"なんなの"
        },
        {
            "speaker":"S",
            "time":"17.10.2020 15:04:49",
            "turn-index":22,
            "utterance":"なんでしょう"
        },
        {
            "speaker":"U",
            "time":"17.10.2020 15:04:59",
            "turn-index":23,
            "utterance":"真面目にきいてる？"
        },
        {
            "speaker":"S",
            "time":"17.10.2020 15:04:59",
            "turn-index":24,
            "utterance":"なんでしょう"
        },
        {
            "speaker":"U",
            "time":"17.10.2020 15:05:03",
            "turn-index":25,
            "utterance":"おいおい"
        },
        {
            "speaker":"S",
            "time":"17.10.2020 15:05:04",
            "turn-index":26,
            "utterance":"なんでしょう"
        },
        {
            "speaker":"U",
            "time":"17.10.2020 15:05:15",
            "turn-index":27,
            "utterance":"なんだよ"
        },
        {
            "speaker":"S",
            "time":"17.10.2020 15:05:15",
            "turn-index":28,
            "utterance":"なんでしょう"
        },
        {
            "speaker":"U",
            "time":"17.10.2020 15:05:22",
            "turn-index":29,
            "utterance":"くー"
        },
        {
            "speaker":"S",
            "time":"17.10.2020 15:05:22",
            "turn-index":30,
            "utterance":"なんでしょう"
        }
    ]
}