{
    "dialogue-id":"RSL_37",
    "group-id":"",
    "speaker-id":"rsl2020",
    "turns":[
        {
            "speaker":"S",
            "time":"17.10.2020 13:13:02",
            "turn-index":0,
            "utterance":"唐突ですね^^; なんですか？"
        },
        {
            "speaker":"U",
            "time":"17.10.2020 13:13:20",
            "turn-index":1,
            "utterance":"うん、実は同窓会の幹事やってもらいたいんだよ"
        },
        {
            "speaker":"S",
            "time":"17.10.2020 13:13:20",
            "turn-index":2,
            "utterance":"いいですねえ。前回は自分行けてないんですけど、どんな感じだったんですか？"
        },
        {
            "speaker":"U",
            "time":"17.10.2020 13:13:38",
            "turn-index":3,
            "utterance":"来れるやつはみんな来たからにぎやかだったよ"
        },
        {
            "speaker":"S",
            "time":"17.10.2020 13:13:39",
            "turn-index":4,
            "utterance":"どれくらい人集まったとか"
        },
        {
            "speaker":"U",
            "time":"17.10.2020 13:14:00",
            "turn-index":5,
            "utterance":"60人くらいだったかな"
        },
        {
            "speaker":"S",
            "time":"17.10.2020 13:14:00",
            "turn-index":6,
            "utterance":"なるほどぉ。幹事の人大変そうですね 😅"
        },
        {
            "speaker":"U",
            "time":"17.10.2020 13:14:13",
            "turn-index":7,
            "utterance":"大変っていえば大変なんだけどね"
        },
        {
            "speaker":"S",
            "time":"17.10.2020 13:14:13",
            "turn-index":8,
            "utterance":"なんでしょう"
        },
        {
            "speaker":"U",
            "time":"17.10.2020 13:14:30",
            "turn-index":9,
            "utterance":"清水なら俺たちみんな安心して任せられるからさ"
        },
        {
            "speaker":"S",
            "time":"17.10.2020 13:14:30",
            "turn-index":10,
            "utterance":"なんでしょう"
        },
        {
            "speaker":"U",
            "time":"17.10.2020 13:14:41",
            "turn-index":11,
            "utterance":"だから、同窓会の幹事、"
        },
        {
            "speaker":"S",
            "time":"17.10.2020 13:14:42",
            "turn-index":12,
            "utterance":"なんでしょう"
        },
        {
            "speaker":"U",
            "time":"17.10.2020 13:15:14",
            "turn-index":13,
            "utterance":"幹事やってもらえるかな"
        },
        {
            "speaker":"S",
            "time":"17.10.2020 13:15:14",
            "turn-index":14,
            "utterance":"なんでしょう"
        },
        {
            "speaker":"U",
            "time":"17.10.2020 13:15:37",
            "turn-index":15,
            "utterance":"えー、なんでしょう、じゃなくて"
        },
        {
            "speaker":"S",
            "time":"17.10.2020 13:15:37",
            "turn-index":16,
            "utterance":"なんでしょう"
        },
        {
            "speaker":"U",
            "time":"17.10.2020 13:15:59",
            "turn-index":17,
            "utterance":"分かったよ、じゃあ、幹事は清水で決定ってことで、みんなに連絡するから"
        },
        {
            "speaker":"S",
            "time":"17.10.2020 13:16:00",
            "turn-index":18,
            "utterance":"なんでしょう"
        },
        {
            "speaker":"U",
            "time":"17.10.2020 13:16:14",
            "turn-index":19,
            "utterance":"いいんだな、それで"
        },
        {
            "speaker":"S",
            "time":"17.10.2020 13:16:15",
            "turn-index":20,
            "utterance":"なんでしょう"
        },
        {
            "speaker":"U",
            "time":"17.10.2020 13:16:48",
            "turn-index":21,
            "utterance":"店のリストとか、連絡先リストとか全部送るから、後はよろしく"
        },
        {
            "speaker":"S",
            "time":"17.10.2020 13:16:48",
            "turn-index":22,
            "utterance":"なんでしょう"
        },
        {
            "speaker":"U",
            "time":"17.10.2020 13:17:16",
            "turn-index":23,
            "utterance":"なんか分からないことがあったら、いつでも連絡してもらっていいから"
        },
        {
            "speaker":"S",
            "time":"17.10.2020 13:17:16",
            "turn-index":24,
            "utterance":"なんでしょう"
        },
        {
            "speaker":"U",
            "time":"17.10.2020 13:18:20",
            "turn-index":25,
            "utterance":"なんか反応なくて心配なんだけど"
        },
        {
            "speaker":"S",
            "time":"17.10.2020 13:18:20",
            "turn-index":26,
            "utterance":"なんでしょう"
        },
        {
            "speaker":"U",
            "time":"17.10.2020 13:18:58",
            "turn-index":27,
            "utterance":"おまえ、どうかしたの？同じこと繰り返してるけど"
        },
        {
            "speaker":"S",
            "time":"17.10.2020 13:18:58",
            "turn-index":28,
            "utterance":"なんでしょう"
        },
        {
            "speaker":"U",
            "time":"17.10.2020 13:19:07",
            "turn-index":29,
            "utterance":"だめだ、これは"
        },
        {
            "speaker":"S",
            "time":"17.10.2020 13:19:08",
            "turn-index":30,
            "utterance":"なんでしょう"
        }
    ]
}