{
    "dialogue-id":"RSL_03",
    "group-id":"",
    "speaker-id":"rsl2020",
    "turns":[
        {
            "speaker":"S",
            "time":"17.10.2020 15:34:50",
            "turn-index":0,
            "utterance":"唐突ですね^^; なんですか？"
        },
        {
            "speaker":"U",
            "time":"17.10.2020 15:35:00",
            "turn-index":1,
            "utterance":"久しぶり。最近どうしてる？もうすぐ卒業だよね。"
        },
        {
            "speaker":"S",
            "time":"17.10.2020 15:35:00",
            "turn-index":2,
            "utterance":"さんざん近況報告したのにw"
        },
        {
            "speaker":"U",
            "time":"17.10.2020 15:35:11",
            "turn-index":3,
            "utterance":"ごめんごめん。"
        },
        {
            "speaker":"S",
            "time":"17.10.2020 15:35:12",
            "turn-index":4,
            "utterance":"溜めますね 😅"
        },
        {
            "speaker":"U",
            "time":"17.10.2020 15:35:22",
            "turn-index":5,
            "utterance":"お願いがあってさ。同窓会をしたいと思うんだけど、幹事やってくれないかな。"
        },
        {
            "speaker":"S",
            "time":"17.10.2020 15:35:22",
            "turn-index":6,
            "utterance":"いいですねえ。前回は自分行けてないんですけど、どんな感じだったんですか？"
        },
        {
            "speaker":"U",
            "time":"17.10.2020 15:35:47",
            "turn-index":7,
            "utterance":"結構人集まって、盛り上がったよ。"
        },
        {
            "speaker":"S",
            "time":"17.10.2020 15:35:47",
            "turn-index":8,
            "utterance":"どれくらい人集まったとか"
        },
        {
            "speaker":"U",
            "time":"17.10.2020 15:35:58",
            "turn-index":9,
            "utterance":"10人くらいかな。"
        },
        {
            "speaker":"S",
            "time":"17.10.2020 15:35:59",
            "turn-index":10,
            "utterance":"なるほどぉ。幹事の人大変そうですね 😅"
        },
        {
            "speaker":"U",
            "time":"17.10.2020 15:36:41",
            "turn-index":11,
            "utterance":"君がやってくれたら、みんな集まると思うんだ。"
        },
        {
            "speaker":"S",
            "time":"17.10.2020 15:36:41",
            "turn-index":12,
            "utterance":"なんでしょう"
        },
        {
            "speaker":"U",
            "time":"17.10.2020 15:38:11",
            "turn-index":13,
            "utterance":"幹事やってもらえないかな？"
        },
        {
            "speaker":"S",
            "time":"17.10.2020 15:38:12",
            "turn-index":14,
            "utterance":"なんでしょう"
        },
        {
            "speaker":"U",
            "time":"17.10.2020 15:38:21",
            "turn-index":15,
            "utterance":"卒業間近で大変かな。"
        },
        {
            "speaker":"S",
            "time":"17.10.2020 15:38:21",
            "turn-index":16,
            "utterance":"なんでしょう"
        },
        {
            "speaker":"U",
            "time":"17.10.2020 15:38:45",
            "turn-index":17,
            "utterance":"周りにも手伝ってくれるように言っておくからさ。"
        },
        {
            "speaker":"S",
            "time":"17.10.2020 15:38:45",
            "turn-index":18,
            "utterance":"なんでしょう"
        },
        {
            "speaker":"U",
            "time":"17.10.2020 15:39:24",
            "turn-index":19,
            "utterance":"どうにかお願いできないかな。"
        },
        {
            "speaker":"S",
            "time":"17.10.2020 15:39:25",
            "turn-index":20,
            "utterance":"なんでしょう"
        },
        {
            "speaker":"U",
            "time":"17.10.2020 15:39:36",
            "turn-index":21,
            "utterance":"是非お願いしたいんだ。"
        },
        {
            "speaker":"S",
            "time":"17.10.2020 15:39:36",
            "turn-index":22,
            "utterance":"なんでしょう"
        },
        {
            "speaker":"U",
            "time":"17.10.2020 15:39:51",
            "turn-index":23,
            "utterance":"無理かな。"
        },
        {
            "speaker":"S",
            "time":"17.10.2020 15:39:51",
            "turn-index":24,
            "utterance":"なんでしょう"
        },
        {
            "speaker":"U",
            "time":"17.10.2020 15:40:01",
            "turn-index":25,
            "utterance":"お願いできない？"
        },
        {
            "speaker":"S",
            "time":"17.10.2020 15:40:01",
            "turn-index":26,
            "utterance":"なんでしょう"
        },
        {
            "speaker":"U",
            "time":"17.10.2020 15:40:08",
            "turn-index":27,
            "utterance":"やってもらえないかな？"
        },
        {
            "speaker":"S",
            "time":"17.10.2020 15:40:08",
            "turn-index":28,
            "utterance":"なんでしょう"
        },
        {
            "speaker":"U",
            "time":"17.10.2020 15:40:15",
            "turn-index":29,
            "utterance":"厳しい？"
        },
        {
            "speaker":"S",
            "time":"17.10.2020 15:40:16",
            "turn-index":30,
            "utterance":"なんでしょう"
        }
    ]
}