{
    "dialogue-id":"RSL_22",
    "group-id":"",
    "speaker-id":"rsl2020",
    "turns":[
        {
            "speaker":"S",
            "time":"17.10.2020 14:32:52",
            "turn-index":0,
            "utterance":"唐突ですね^^; なんですか？"
        },
        {
            "speaker":"U",
            "time":"17.10.2020 14:33:37",
            "turn-index":1,
            "utterance":"久しぶり、元気にしてた？"
        },
        {
            "speaker":"S",
            "time":"17.10.2020 14:33:38",
            "turn-index":2,
            "utterance":"さんざん近況報告したのにw"
        },
        {
            "speaker":"U",
            "time":"17.10.2020 14:34:12",
            "turn-index":3,
            "utterance":"ごめんごめん、実は頼みたいことがあって"
        },
        {
            "speaker":"S",
            "time":"17.10.2020 14:34:12",
            "turn-index":4,
            "utterance":"さんざん近況報告したのにw"
        },
        {
            "speaker":"U",
            "time":"17.10.2020 14:35:30",
            "turn-index":5,
            "utterance":"同窓会の幹事をやってほしいんだけど、お願いできるかな"
        },
        {
            "speaker":"S",
            "time":"17.10.2020 14:35:30",
            "turn-index":6,
            "utterance":"なるほど？"
        },
        {
            "speaker":"U",
            "time":"17.10.2020 14:35:47",
            "turn-index":7,
            "utterance":"どうかな"
        },
        {
            "speaker":"S",
            "time":"17.10.2020 14:35:48",
            "turn-index":8,
            "utterance":"前回は自分行けてないんですけど、どんな感じだったんですか？"
        },
        {
            "speaker":"U",
            "time":"17.10.2020 14:36:48",
            "turn-index":9,
            "utterance":"いつもどうりぱーっとフランクな感じだったよ"
        },
        {
            "speaker":"S",
            "time":"17.10.2020 14:36:49",
            "turn-index":10,
            "utterance":"同窓会すごいいいと思うんですけど。。 🤔"
        },
        {
            "speaker":"U",
            "time":"17.10.2020 14:36:53",
            "turn-index":11,
            "utterance":"うん"
        },
        {
            "speaker":"S",
            "time":"17.10.2020 14:36:54",
            "turn-index":12,
            "utterance":"前回は誰が幹事やられたんですか？"
        },
        {
            "speaker":"U",
            "time":"17.10.2020 14:37:14",
            "turn-index":13,
            "utterance":"前田だよ"
        },
        {
            "speaker":"S",
            "time":"17.10.2020 14:37:14",
            "turn-index":14,
            "utterance":"あー、前田さんかあ。確かに適任ですね。全部一人でやられたんですかね。"
        },
        {
            "speaker":"U",
            "time":"17.10.2020 14:37:49",
            "turn-index":15,
            "utterance":"そうじゃない？"
        },
        {
            "speaker":"S",
            "time":"17.10.2020 14:37:50",
            "turn-index":16,
            "utterance":"日程とかどうやって決めたかわかりますか？"
        },
        {
            "speaker":"U",
            "time":"17.10.2020 14:38:26",
            "turn-index":17,
            "utterance":"連絡取り合ってだよ"
        },
        {
            "speaker":"S",
            "time":"17.10.2020 14:38:27",
            "turn-index":18,
            "utterance":"なるほどぉ"
        },
        {
            "speaker":"U",
            "time":"17.10.2020 14:38:36",
            "turn-index":19,
            "utterance":"お願いできるかな"
        },
        {
            "speaker":"S",
            "time":"17.10.2020 14:38:37",
            "turn-index":20,
            "utterance":"自分ちょっと候補日少なくなっちゃいそうなので、山田か田中とか適任な気がします。ちなみに、佐藤は先輩の会社落ちて就活留年したらしいです。"
        },
        {
            "speaker":"U",
            "time":"17.10.2020 14:39:12",
            "turn-index":21,
            "utterance":"そっか、じゃあほかのやつらにも聞いてみるよ"
        },
        {
            "speaker":"S",
            "time":"17.10.2020 14:39:12",
            "turn-index":22,
            "utterance":"自分、今結構いっぱいいっぱいで、、すみません。自分に合わせてもらって参加者少なくなったらやなので 🙇‍♂️"
        },
        {
            "speaker":"U",
            "time":"17.10.2020 14:39:34",
            "turn-index":23,
            "utterance":"いいよいいよ、時間取らせてごめんな"
        },
        {
            "speaker":"S",
            "time":"17.10.2020 14:39:35",
            "turn-index":24,
            "utterance":"そんなに自分やった方がいいですかね？ 🤔"
        },
        {
            "speaker":"U",
            "time":"17.10.2020 14:40:00",
            "turn-index":25,
            "utterance":"出来るならお願い"
        },
        {
            "speaker":"S",
            "time":"17.10.2020 14:40:01",
            "turn-index":26,
            "utterance":"サポート自分がするので、山田か田中に幹事のこと自分から頼んでみる形じゃ駄目でしょうか？"
        },
        {
            "speaker":"U",
            "time":"17.10.2020 14:40:12",
            "turn-index":27,
            "utterance":"全然いいよ"
        },
        {
            "speaker":"S",
            "time":"17.10.2020 14:40:13",
            "turn-index":28,
            "utterance":"う〜ん。。。"
        },
        {
            "speaker":"U",
            "time":"17.10.2020 14:40:22",
            "turn-index":29,
            "utterance":"難しそう？"
        },
        {
            "speaker":"S",
            "time":"17.10.2020 14:40:22",
            "turn-index":30,
            "utterance":"先輩そんな強引な人でしたっけ？？ 😳 ドッキリですか？w"
        }
    ]
}