{
    "dialogue-id":"RSL_08",
    "group-id":"",
    "speaker-id":"rsl2020",
    "turns":[
        {
            "speaker":"S",
            "time":"17.10.2020 14:56:01",
            "turn-index":0,
            "utterance":"唐突ですね^^; なんですか？"
        },
        {
            "speaker":"U",
            "time":"17.10.2020 14:56:29",
            "turn-index":1,
            "utterance":"知ってると思うけど、そろそろサークルの同窓会の時期なんだよね"
        },
        {
            "speaker":"S",
            "time":"17.10.2020 14:56:30",
            "turn-index":2,
            "utterance":"いいですねえ。前回は自分行けてないんですけど、どんな感じだったんですか？"
        },
        {
            "speaker":"U",
            "time":"17.10.2020 14:56:52",
            "turn-index":3,
            "utterance":"結構集まって盛り上がったよ"
        },
        {
            "speaker":"S",
            "time":"17.10.2020 14:56:53",
            "turn-index":4,
            "utterance":"どれくらい人集まったとか"
        },
        {
            "speaker":"U",
            "time":"17.10.2020 14:57:07",
            "turn-index":5,
            "utterance":"５０人くらいだったかな"
        },
        {
            "speaker":"S",
            "time":"17.10.2020 14:57:07",
            "turn-index":6,
            "utterance":"なるほどぉ。幹事の人大変そうですね 😅"
        },
        {
            "speaker":"U",
            "time":"17.10.2020 14:57:38",
            "turn-index":7,
            "utterance":"そこで、今年は君に幹事を頼みたいんだ"
        },
        {
            "speaker":"S",
            "time":"17.10.2020 14:57:39",
            "turn-index":8,
            "utterance":"あぁ"
        },
        {
            "speaker":"U",
            "time":"17.10.2020 14:57:48",
            "turn-index":9,
            "utterance":"頼むよ"
        },
        {
            "speaker":"S",
            "time":"17.10.2020 14:57:49",
            "turn-index":10,
            "utterance":"前回は誰が幹事やられたんですか？"
        },
        {
            "speaker":"U",
            "time":"17.10.2020 14:58:03",
            "turn-index":11,
            "utterance":"前回は僕がやった"
        },
        {
            "speaker":"S",
            "time":"17.10.2020 14:58:03",
            "turn-index":12,
            "utterance":"あー。お疲れ様です 😇 全部一人でやられたんですかね。"
        },
        {
            "speaker":"U",
            "time":"17.10.2020 14:58:19",
            "turn-index":13,
            "utterance":"いや、３人だよ"
        },
        {
            "speaker":"S",
            "time":"17.10.2020 14:58:19",
            "turn-index":14,
            "utterance":"日程とかどうやって決めたんですか？"
        },
        {
            "speaker":"U",
            "time":"17.10.2020 14:58:53",
            "turn-index":15,
            "utterance":"皆の都合は聞いていられないから、感じが決めていいよ"
        },
        {
            "speaker":"S",
            "time":"17.10.2020 14:58:54",
            "turn-index":16,
            "utterance":"なるほどぉ"
        },
        {
            "speaker":"U",
            "time":"17.10.2020 14:59:22",
            "turn-index":17,
            "utterance":"他の幹事は君が決めて良いから頼むよ"
        },
        {
            "speaker":"S",
            "time":"17.10.2020 14:59:22",
            "turn-index":18,
            "utterance":"自分ちょっと候補日少なくなっちゃいそうなので、山田か田中とか適任な気がします。ちなみに、佐藤は先輩の会社落ちて就活留年したらしいです。"
        },
        {
            "speaker":"U",
            "time":"17.10.2020 15:00:03",
            "turn-index":19,
            "utterance":"じゃ、山田と田中と黄身で３人でやってくれよ"
        },
        {
            "speaker":"S",
            "time":"17.10.2020 15:00:03",
            "turn-index":20,
            "utterance":"自分、今結構いっぱいいっぱいで、、すみません。自分に合わせてもらって参加者少なくなったらやなので 🙇‍♂️"
        },
        {
            "speaker":"U",
            "time":"17.10.2020 15:00:19",
            "turn-index":21,
            "utterance":"大丈夫だよ"
        },
        {
            "speaker":"S",
            "time":"17.10.2020 15:00:19",
            "turn-index":22,
            "utterance":"そんなに自分やった方がいいですかね？ 🤔"
        },
        {
            "speaker":"U",
            "time":"17.10.2020 15:00:57",
            "turn-index":23,
            "utterance":"適任だと思うよ。君が指示して他の幹事を動かせばいい"
        },
        {
            "speaker":"S",
            "time":"17.10.2020 15:00:57",
            "turn-index":24,
            "utterance":"サポート自分がするので、山田か田中に幹事のこと自分から頼んでみる形じゃ駄目でしょうか？"
        },
        {
            "speaker":"U",
            "time":"17.10.2020 15:02:13",
            "turn-index":25,
            "utterance":"３人で協力してやってくれればいいよ"
        },
        {
            "speaker":"S",
            "time":"17.10.2020 15:02:14",
            "turn-index":26,
            "utterance":"う〜ん。。。"
        },
        {
            "speaker":"U",
            "time":"17.10.2020 15:02:50",
            "turn-index":27,
            "utterance":"毎年君たちの年次がやることになっているんだから、よろしく頼むよ"
        },
        {
            "speaker":"S",
            "time":"17.10.2020 15:02:50",
            "turn-index":28,
            "utterance":"先輩そんな強引な人でしたっけ？？ 😳 ドッキリですか？w"
        },
        {
            "speaker":"U",
            "time":"17.10.2020 15:03:29",
            "turn-index":29,
            "utterance":"そんなに難しく考えなくて大丈夫だよ"
        },
        {
            "speaker":"S",
            "time":"17.10.2020 15:03:30",
            "turn-index":30,
            "utterance":"えでも、ほんとにそれぞれの代で幹事決めた方が周りの協力体制もうまくいくと思います 🙇‍♂️"
        }
    ]
}