{
    "dialogue-id":"RSL_05",
    "group-id":"",
    "speaker-id":"rsl2020",
    "turns":[
        {
            "speaker":"S",
            "time":"17.10.2020 15:20:28",
            "turn-index":0,
            "utterance":"唐突ですね^^; なんですか？"
        },
        {
            "speaker":"U",
            "time":"17.10.2020 15:21:16",
            "turn-index":1,
            "utterance":"同窓会の幹事をしてほしいんだよ"
        },
        {
            "speaker":"S",
            "time":"17.10.2020 15:21:17",
            "turn-index":2,
            "utterance":"なるほど？"
        },
        {
            "speaker":"U",
            "time":"17.10.2020 15:21:25",
            "turn-index":3,
            "utterance":"いいよね"
        },
        {
            "speaker":"S",
            "time":"17.10.2020 15:21:26",
            "turn-index":4,
            "utterance":"前回は自分行けてないんですけど、どんな感じだったんですか？"
        },
        {
            "speaker":"U",
            "time":"17.10.2020 15:21:34",
            "turn-index":5,
            "utterance":"盛り上がったよ"
        },
        {
            "speaker":"S",
            "time":"17.10.2020 15:21:34",
            "turn-index":6,
            "utterance":"同窓会すごいいいと思うんですけど。。 🤔"
        },
        {
            "speaker":"U",
            "time":"17.10.2020 15:21:38",
            "turn-index":7,
            "utterance":"だろ"
        },
        {
            "speaker":"S",
            "time":"17.10.2020 15:21:38",
            "turn-index":8,
            "utterance":"前回は誰が幹事やられたんですか？"
        },
        {
            "speaker":"U",
            "time":"17.10.2020 15:21:46",
            "turn-index":9,
            "utterance":"僕だよ"
        },
        {
            "speaker":"S",
            "time":"17.10.2020 15:21:47",
            "turn-index":10,
            "utterance":"あー。お疲れ様です 😇 全部一人でやられたんですかね。"
        },
        {
            "speaker":"U",
            "time":"17.10.2020 15:21:52",
            "turn-index":11,
            "utterance":"そうだよ"
        },
        {
            "speaker":"S",
            "time":"17.10.2020 15:21:52",
            "turn-index":12,
            "utterance":"日程とかどうやって決めたんですか？"
        },
        {
            "speaker":"U",
            "time":"17.10.2020 15:22:17",
            "turn-index":13,
            "utterance":"土曜がいいんじゃないかな"
        },
        {
            "speaker":"S",
            "time":"17.10.2020 15:22:17",
            "turn-index":14,
            "utterance":"なるほどぉ"
        },
        {
            "speaker":"U",
            "time":"17.10.2020 15:22:30",
            "turn-index":15,
            "utterance":"だから幹事頼むよ"
        },
        {
            "speaker":"S",
            "time":"17.10.2020 15:22:31",
            "turn-index":16,
            "utterance":"自分ちょっと候補日少なくなっちゃいそうなので、山田か田中とか適任な気がします。ちなみに、佐藤は先輩の会社落ちて就活留年したらしいです。"
        },
        {
            "speaker":"U",
            "time":"17.10.2020 15:22:50",
            "turn-index":17,
            "utterance":"そっちはあたってみたけど"
        },
        {
            "speaker":"S",
            "time":"17.10.2020 15:22:50",
            "turn-index":18,
            "utterance":"自分、今結構いっぱいいっぱいで、、すみません。自分に合わせてもらって参加者少なくなったらやなので 🙇‍♂️"
        },
        {
            "speaker":"U",
            "time":"17.10.2020 15:23:05",
            "turn-index":19,
            "utterance":"そんなことないさ"
        },
        {
            "speaker":"S",
            "time":"17.10.2020 15:23:06",
            "turn-index":20,
            "utterance":"そんなに自分やった方がいいですかね？ 🤔"
        },
        {
            "speaker":"U",
            "time":"17.10.2020 15:23:14",
            "turn-index":21,
            "utterance":"頼もしい限りだよ"
        },
        {
            "speaker":"S",
            "time":"17.10.2020 15:23:15",
            "turn-index":22,
            "utterance":"サポート自分がするので、山田か田中に幹事のこと自分から頼んでみる形じゃ駄目でしょうか？"
        },
        {
            "speaker":"U",
            "time":"17.10.2020 15:23:23",
            "turn-index":23,
            "utterance":"いや"
        },
        {
            "speaker":"S",
            "time":"17.10.2020 15:23:24",
            "turn-index":24,
            "utterance":"う〜ん。。。"
        },
        {
            "speaker":"U",
            "time":"17.10.2020 15:23:29",
            "turn-index":25,
            "utterance":"ぜひお願いしたいんだよ"
        },
        {
            "speaker":"S",
            "time":"17.10.2020 15:23:29",
            "turn-index":26,
            "utterance":"先輩そんな強引な人でしたっけ？？ 😳 ドッキリですか？w"
        },
        {
            "speaker":"U",
            "time":"17.10.2020 15:23:42",
            "turn-index":27,
            "utterance":"いやいい経験になると思って"
        },
        {
            "speaker":"S",
            "time":"17.10.2020 15:23:42",
            "turn-index":28,
            "utterance":"えでも、ほんとにそれぞれの代で幹事決めた方が周りの協力体制もうまくいくと思います 🙇‍♂️"
        },
        {
            "speaker":"U",
            "time":"17.10.2020 15:23:59",
            "turn-index":29,
            "utterance":"信頼してるよ"
        },
        {
            "speaker":"S",
            "time":"17.10.2020 15:24:00",
            "turn-index":30,
            "utterance":"ほんとに何かあるんですか？w 😎 とりあえず、幹事はこっちの代で決める感じで良いですか？今度、佐藤と3人でご飯行きましょう！"
        }
    ]
}