{
    "dialogue-id":"RSL_47",
    "group-id":"",
    "speaker-id":"rsl2020",
    "turns":[
        {
            "speaker":"S",
            "time":"17.10.2020 14:07:12",
            "turn-index":0,
            "utterance":"唐突ですね^^; なんですか？"
        },
        {
            "speaker":"U",
            "time":"17.10.2020 14:07:35",
            "turn-index":1,
            "utterance":"今度の同窓会のことなんだけど。"
        },
        {
            "speaker":"S",
            "time":"17.10.2020 14:07:36",
            "turn-index":2,
            "utterance":"いいですねえ。前回は自分行けてないんですけど、どんな感じだったんですか？"
        },
        {
            "speaker":"U",
            "time":"17.10.2020 14:07:54",
            "turn-index":3,
            "utterance":"うん。とっても楽しかったよ。"
        },
        {
            "speaker":"S",
            "time":"17.10.2020 14:07:55",
            "turn-index":4,
            "utterance":"どれくらい人集まったとか"
        },
        {
            "speaker":"U",
            "time":"17.10.2020 14:08:16",
            "turn-index":5,
            "utterance":"30人くらいは来てくれたんじゃないかな。"
        },
        {
            "speaker":"S",
            "time":"17.10.2020 14:08:16",
            "turn-index":6,
            "utterance":"なるほどぉ。幹事の人大変そうですね 😅"
        },
        {
            "speaker":"U",
            "time":"17.10.2020 14:09:11",
            "turn-index":7,
            "utterance":"でもお店を予約するくらいで、出欠はLINEで流せるから簡単だよ。"
        },
        {
            "speaker":"S",
            "time":"17.10.2020 14:09:12",
            "turn-index":8,
            "utterance":"なんでしょう"
        },
        {
            "speaker":"U",
            "time":"17.10.2020 14:09:29",
            "turn-index":9,
            "utterance":"その同窓会の幹事をお願いしたいんだけど。"
        },
        {
            "speaker":"S",
            "time":"17.10.2020 14:09:30",
            "turn-index":10,
            "utterance":"あぁ"
        },
        {
            "speaker":"U",
            "time":"17.10.2020 14:09:43",
            "turn-index":11,
            "utterance":"引き受けてくれる？"
        },
        {
            "speaker":"S",
            "time":"17.10.2020 14:09:43",
            "turn-index":12,
            "utterance":"前回は誰が幹事やられたんですか？"
        },
        {
            "speaker":"U",
            "time":"17.10.2020 14:09:56",
            "turn-index":13,
            "utterance":"前回は僕がやったよ。"
        },
        {
            "speaker":"S",
            "time":"17.10.2020 14:09:57",
            "turn-index":14,
            "utterance":"あー。お疲れ様です 😇 全部一人でやられたんですかね。"
        },
        {
            "speaker":"U",
            "time":"17.10.2020 14:10:06",
            "turn-index":15,
            "utterance":"そうだよ。一人で。"
        },
        {
            "speaker":"S",
            "time":"17.10.2020 14:10:06",
            "turn-index":16,
            "utterance":"日程とかどうやって決めたんですか？"
        },
        {
            "speaker":"U",
            "time":"17.10.2020 14:10:38",
            "turn-index":17,
            "utterance":"日程は予め候補日を決めて投票で決めたよ。"
        },
        {
            "speaker":"S",
            "time":"17.10.2020 14:10:38",
            "turn-index":18,
            "utterance":"なるほどぉ"
        },
        {
            "speaker":"U",
            "time":"17.10.2020 14:10:59",
            "turn-index":19,
            "utterance":"みんな協力的だから心配ないよ。"
        },
        {
            "speaker":"S",
            "time":"17.10.2020 14:10:59",
            "turn-index":20,
            "utterance":"自分ちょっと候補日少なくなっちゃいそうなので、山田か田中とか適任な気がします。ちなみに、佐藤は先輩の会社落ちて就活留年したらしいです。"
        },
        {
            "speaker":"U",
            "time":"17.10.2020 14:11:47",
            "turn-index":21,
            "utterance":"うん。でも君はみんなから人気があって慕われているから向いてると思うんだよね。"
        },
        {
            "speaker":"S",
            "time":"17.10.2020 14:11:47",
            "turn-index":22,
            "utterance":"自分、今結構いっぱいいっぱいで、、すみません。自分に合わせてもらって参加者少なくなったらやなので 🙇‍♂️"
        },
        {
            "speaker":"U",
            "time":"17.10.2020 14:12:18",
            "turn-index":23,
            "utterance":"いやいや、君が声を掛けてくれればみんな参加してくれるよ。"
        },
        {
            "speaker":"S",
            "time":"17.10.2020 14:12:19",
            "turn-index":24,
            "utterance":"そんなに自分やった方がいいですかね？ 🤔"
        },
        {
            "speaker":"U",
            "time":"17.10.2020 14:12:36",
            "turn-index":25,
            "utterance":"うん。一番向いてると思うよ。"
        },
        {
            "speaker":"S",
            "time":"17.10.2020 14:12:37",
            "turn-index":26,
            "utterance":"サポート自分がするので、山田か田中に幹事のこと自分から頼んでみる形じゃ駄目でしょうか？"
        },
        {
            "speaker":"U",
            "time":"17.10.2020 14:12:57",
            "turn-index":27,
            "utterance":"難しいようなら僕が君をサポートするから。"
        },
        {
            "speaker":"S",
            "time":"17.10.2020 14:12:57",
            "turn-index":28,
            "utterance":"う〜ん。。。"
        },
        {
            "speaker":"U",
            "time":"17.10.2020 14:13:11",
            "turn-index":29,
            "utterance":"人助けだと思って頼むよ。"
        },
        {
            "speaker":"S",
            "time":"17.10.2020 14:13:11",
            "turn-index":30,
            "utterance":"先輩そんな強引な人でしたっけ？？ 😳 ドッキリですか？w"
        }
    ]
}