{
    "dialogue-id":"RSL_44",
    "group-id":"",
    "speaker-id":"rsl2020",
    "turns":[
        {
            "speaker":"S",
            "time":"17.10.2020 14:18:06",
            "turn-index":0,
            "utterance":"唐突ですね^^; なんですか？"
        },
        {
            "speaker":"U",
            "time":"17.10.2020 14:18:39",
            "turn-index":1,
            "utterance":"同窓会のことなんだけど"
        },
        {
            "speaker":"S",
            "time":"17.10.2020 14:18:40",
            "turn-index":2,
            "utterance":"いいですねえ。前回は自分行けてないんですけど、どんな感じだったんですか？"
        },
        {
            "speaker":"U",
            "time":"17.10.2020 14:19:24",
            "turn-index":3,
            "utterance":"前回は盛り上がったよ　今回も盛り上げたいと思って幹事を探してるんだ"
        },
        {
            "speaker":"S",
            "time":"17.10.2020 14:19:25",
            "turn-index":4,
            "utterance":"なるほど？"
        },
        {
            "speaker":"U",
            "time":"17.10.2020 14:19:35",
            "turn-index":5,
            "utterance":"春休みとか暇でしょ？"
        },
        {
            "speaker":"S",
            "time":"17.10.2020 14:19:35",
            "turn-index":6,
            "utterance":"前回は誰が幹事やられたんですか？"
        },
        {
            "speaker":"U",
            "time":"17.10.2020 14:19:53",
            "turn-index":7,
            "utterance":"前回は田中君かな"
        },
        {
            "speaker":"S",
            "time":"17.10.2020 14:19:54",
            "turn-index":8,
            "utterance":"あー、田中さんかあ。確かに適任ですね。全部一人でやられたんですかね。"
        },
        {
            "speaker":"U",
            "time":"17.10.2020 14:20:11",
            "turn-index":9,
            "utterance":"どうだったんだろうね　今回は君に任せたいんだけれど"
        },
        {
            "speaker":"S",
            "time":"17.10.2020 14:20:12",
            "turn-index":10,
            "utterance":"日程とかどうやって決めたかわかりますか？"
        },
        {
            "speaker":"U",
            "time":"17.10.2020 14:20:43",
            "turn-index":11,
            "utterance":"彼が勝手に決めたみたい"
        },
        {
            "speaker":"S",
            "time":"17.10.2020 14:20:43",
            "turn-index":12,
            "utterance":"なるほどぉ"
        },
        {
            "speaker":"U",
            "time":"17.10.2020 14:21:03",
            "turn-index":13,
            "utterance":"暇な時見つけて決めてよ"
        },
        {
            "speaker":"S",
            "time":"17.10.2020 14:21:03",
            "turn-index":14,
            "utterance":"自分ちょっと候補日少なくなっちゃいそうなので、山田か田中とか適任な気がします。ちなみに、佐藤は先輩の会社落ちて就活留年したらしいです。"
        },
        {
            "speaker":"U",
            "time":"17.10.2020 14:21:50",
            "turn-index":15,
            "utterance":"あら、んじゃ佐藤君を励ますためにも頼むよ"
        },
        {
            "speaker":"S",
            "time":"17.10.2020 14:21:50",
            "turn-index":16,
            "utterance":"自分、今結構いっぱいいっぱいで、、すみません。自分に合わせてもらって参加者少なくなったらやなので 🙇‍♂️"
        },
        {
            "speaker":"U",
            "time":"17.10.2020 14:22:22",
            "turn-index":17,
            "utterance":"そういうの心配しなくていいから"
        },
        {
            "speaker":"S",
            "time":"17.10.2020 14:22:23",
            "turn-index":18,
            "utterance":"そんなに自分やった方がいいですかね？ 🤔"
        },
        {
            "speaker":"U",
            "time":"17.10.2020 14:22:55",
            "turn-index":19,
            "utterance":"他の奴らは頼りないからねー"
        },
        {
            "speaker":"S",
            "time":"17.10.2020 14:22:55",
            "turn-index":20,
            "utterance":"サポート自分がするので、山田か田中に幹事のこと自分から頼んでみる形じゃ駄目でしょうか？"
        },
        {
            "speaker":"U",
            "time":"17.10.2020 14:23:23",
            "turn-index":21,
            "utterance":"逆ならどお？　山田君にサポートしてもらうとか"
        },
        {
            "speaker":"S",
            "time":"17.10.2020 14:23:24",
            "turn-index":22,
            "utterance":"う〜ん。。。"
        },
        {
            "speaker":"U",
            "time":"17.10.2020 14:23:36",
            "turn-index":23,
            "utterance":"よっしゃ　それでいこう"
        },
        {
            "speaker":"S",
            "time":"17.10.2020 14:23:37",
            "turn-index":24,
            "utterance":"先輩そんな強引な人でしたっけ？？ 😳 ドッキリですか？w"
        },
        {
            "speaker":"U",
            "time":"17.10.2020 14:24:23",
            "turn-index":25,
            "utterance":"ドッキリじゃないよ　決めるのは早い方が良いと思ってね"
        },
        {
            "speaker":"S",
            "time":"17.10.2020 14:24:24",
            "turn-index":26,
            "utterance":"えでも、ほんとにそれぞれの代で幹事決めた方が周りの協力体制もうまくいくと思います 🙇‍♂️"
        },
        {
            "speaker":"U",
            "time":"17.10.2020 14:24:46",
            "turn-index":27,
            "utterance":"いやいや、これ伝統だから"
        },
        {
            "speaker":"S",
            "time":"17.10.2020 14:24:46",
            "turn-index":28,
            "utterance":"ほんとに何かあるんですか？w 😎 とりあえず、幹事はこっちの代で決める感じで良いですか？今度、佐藤と3人でご飯行きましょう！"
        },
        {
            "speaker":"U",
            "time":"17.10.2020 14:25:12",
            "turn-index":29,
            "utterance":"いつ頃ならいいの？早く決めないとまずいんだよ"
        },
        {
            "speaker":"S",
            "time":"17.10.2020 14:25:13",
            "turn-index":30,
            "utterance":"🤔"
        }
    ]
}