{
    "dialogue-id":"RSL_20",
    "group-id":"",
    "speaker-id":"rsl2020",
    "turns":[
        {
            "speaker":"S",
            "time":"17.10.2020 16:21:02",
            "turn-index":0,
            "utterance":"唐突ですね^^; なんですか？"
        },
        {
            "speaker":"U",
            "time":"17.10.2020 16:21:50",
            "turn-index":1,
            "utterance":"この前同窓会があってさ"
        },
        {
            "speaker":"S",
            "time":"17.10.2020 16:21:50",
            "turn-index":2,
            "utterance":"いいですねえ。前回は自分行けてないんですけど、どんな感じだったんですか？"
        },
        {
            "speaker":"U",
            "time":"17.10.2020 16:22:00",
            "turn-index":3,
            "utterance":"居酒屋で楽しくやった。"
        },
        {
            "speaker":"S",
            "time":"17.10.2020 16:22:01",
            "turn-index":4,
            "utterance":"どれくらい人集まったとか"
        },
        {
            "speaker":"U",
            "time":"17.10.2020 16:22:13",
            "turn-index":5,
            "utterance":"23人と先生。結構集まったよ"
        },
        {
            "speaker":"S",
            "time":"17.10.2020 16:22:13",
            "turn-index":6,
            "utterance":"なるほどぉ。幹事の人大変そうですね 😅"
        },
        {
            "speaker":"U",
            "time":"17.10.2020 16:22:34",
            "turn-index":7,
            "utterance":"大変だけどメールとかラインでなんとかしたみたい"
        },
        {
            "speaker":"S",
            "time":"17.10.2020 16:22:34",
            "turn-index":8,
            "utterance":"なんでしょう"
        },
        {
            "speaker":"U",
            "time":"17.10.2020 16:23:01",
            "turn-index":9,
            "utterance":"で、同窓会は都内でやったんだけど。"
        },
        {
            "speaker":"S",
            "time":"17.10.2020 16:23:02",
            "turn-index":10,
            "utterance":"なんでしょう"
        },
        {
            "speaker":"U",
            "time":"17.10.2020 16:23:19",
            "turn-index":11,
            "utterance":"都内だと集まるのはいいけどメンバーによっては遠いね"
        },
        {
            "speaker":"S",
            "time":"17.10.2020 16:23:19",
            "turn-index":12,
            "utterance":"なんでしょう"
        },
        {
            "speaker":"U",
            "time":"17.10.2020 16:23:30",
            "turn-index":13,
            "utterance":"ところで幹事やる気ない?"
        },
        {
            "speaker":"S",
            "time":"17.10.2020 16:23:30",
            "turn-index":14,
            "utterance":"なんでしょう"
        },
        {
            "speaker":"U",
            "time":"17.10.2020 16:23:42",
            "turn-index":15,
            "utterance":"同窓会の幹事今決まってなくて"
        },
        {
            "speaker":"S",
            "time":"17.10.2020 16:23:42",
            "turn-index":16,
            "utterance":"なんでしょう"
        },
        {
            "speaker":"U",
            "time":"17.10.2020 16:23:46",
            "turn-index":17,
            "utterance":"頼むよ"
        },
        {
            "speaker":"S",
            "time":"17.10.2020 16:23:46",
            "turn-index":18,
            "utterance":"なんでしょう"
        },
        {
            "speaker":"U",
            "time":"17.10.2020 16:23:54",
            "turn-index":19,
            "utterance":"本当に頼む。"
        },
        {
            "speaker":"S",
            "time":"17.10.2020 16:23:54",
            "turn-index":20,
            "utterance":"なんでしょう"
        },
        {
            "speaker":"U",
            "time":"17.10.2020 16:24:05",
            "turn-index":21,
            "utterance":"今すぐでなくていいから頼む"
        },
        {
            "speaker":"S",
            "time":"17.10.2020 16:24:06",
            "turn-index":22,
            "utterance":"あぁ"
        },
        {
            "speaker":"U",
            "time":"17.10.2020 16:24:20",
            "turn-index":23,
            "utterance":"気が向いたら連絡して"
        },
        {
            "speaker":"S",
            "time":"17.10.2020 16:24:20",
            "turn-index":24,
            "utterance":"前回は誰が幹事やられたんですか？"
        },
        {
            "speaker":"U",
            "time":"17.10.2020 16:24:30",
            "turn-index":25,
            "utterance":"棚岡。"
        },
        {
            "speaker":"S",
            "time":"17.10.2020 16:24:30",
            "turn-index":26,
            "utterance":"あー、棚岡さんかあ。確かに適任ですね。全部一人でやられたんですかね。"
        },
        {
            "speaker":"U",
            "time":"17.10.2020 16:24:46",
            "turn-index":27,
            "utterance":"副幹事に六裏。"
        },
        {
            "speaker":"S",
            "time":"17.10.2020 16:24:47",
            "turn-index":28,
            "utterance":"日程とかどうやって決めたかわかりますか？"
        },
        {
            "speaker":"U",
            "time":"17.10.2020 16:25:04",
            "turn-index":29,
            "utterance":"最初に相手そうな日を割り出して考えたみたい"
        },
        {
            "speaker":"S",
            "time":"17.10.2020 16:25:05",
            "turn-index":30,
            "utterance":"なるほどぉ"
        }
    ]
}