{
    "dialogue-id":"RSL_23",
    "group-id":"",
    "speaker-id":"rsl2020",
    "turns":[
        {
            "speaker":"S",
            "time":"17.10.2020 14:25:08",
            "turn-index":0,
            "utterance":"唐突ですね^^; なんですか？"
        },
        {
            "speaker":"U",
            "time":"17.10.2020 14:25:26",
            "turn-index":1,
            "utterance":"実は同窓会の幹事をお願いしたいんだけど…"
        },
        {
            "speaker":"S",
            "time":"17.10.2020 14:25:27",
            "turn-index":2,
            "utterance":"なるほど？"
        },
        {
            "speaker":"U",
            "time":"17.10.2020 14:25:36",
            "turn-index":3,
            "utterance":"お願いできる？"
        },
        {
            "speaker":"S",
            "time":"17.10.2020 14:25:37",
            "turn-index":4,
            "utterance":"前回は自分行けてないんですけど、どんな感じだったんですか？"
        },
        {
            "speaker":"U",
            "time":"17.10.2020 14:25:59",
            "turn-index":5,
            "utterance":"みんな集まって楽しかったよ。"
        },
        {
            "speaker":"S",
            "time":"17.10.2020 14:25:59",
            "turn-index":6,
            "utterance":"同窓会すごいいいと思うんですけど。。 🤔"
        },
        {
            "speaker":"U",
            "time":"17.10.2020 14:26:15",
            "turn-index":7,
            "utterance":"いいよね。きっと楽しいよ。"
        },
        {
            "speaker":"S",
            "time":"17.10.2020 14:26:15",
            "turn-index":8,
            "utterance":"前回は誰が幹事やられたんですか？"
        },
        {
            "speaker":"U",
            "time":"17.10.2020 14:26:28",
            "turn-index":9,
            "utterance":"前回は自分がやったよ。"
        },
        {
            "speaker":"S",
            "time":"17.10.2020 14:26:28",
            "turn-index":10,
            "utterance":"あー。お疲れ様です 😇 全部一人でやられたんですかね。"
        },
        {
            "speaker":"U",
            "time":"17.10.2020 14:26:44",
            "turn-index":11,
            "utterance":"いや、みんな色々と協力してくれたよ。"
        },
        {
            "speaker":"S",
            "time":"17.10.2020 14:26:44",
            "turn-index":12,
            "utterance":"日程とかどうやって決めたんですか？"
        },
        {
            "speaker":"U",
            "time":"17.10.2020 14:27:01",
            "turn-index":13,
            "utterance":"みんなの意見を聞いて決めたよ。"
        },
        {
            "speaker":"S",
            "time":"17.10.2020 14:27:01",
            "turn-index":14,
            "utterance":"なるほどぉ"
        },
        {
            "speaker":"U",
            "time":"17.10.2020 14:27:19",
            "turn-index":15,
            "utterance":"そんなに大変じゃないからお願いできるかな？"
        },
        {
            "speaker":"S",
            "time":"17.10.2020 14:27:20",
            "turn-index":16,
            "utterance":"自分ちょっと候補日少なくなっちゃいそうなので、山田か田中とか適任な気がします。ちなみに、佐藤は先輩の会社落ちて就活留年したらしいです。"
        },
        {
            "speaker":"U",
            "time":"17.10.2020 14:27:52",
            "turn-index":17,
            "utterance":"山田と田中は無理らしいんだ。だからお願い。"
        },
        {
            "speaker":"S",
            "time":"17.10.2020 14:27:52",
            "turn-index":18,
            "utterance":"自分、今結構いっぱいいっぱいで、、すみません。自分に合わせてもらって参加者少なくなったらやなので 🙇‍♂️"
        },
        {
            "speaker":"U",
            "time":"17.10.2020 14:28:37",
            "turn-index":19,
            "utterance":"日程は清水に合わせるから大丈夫だよ。"
        },
        {
            "speaker":"S",
            "time":"17.10.2020 14:28:37",
            "turn-index":20,
            "utterance":"そんなに自分やった方がいいですかね？ 🤔"
        },
        {
            "speaker":"U",
            "time":"17.10.2020 14:28:47",
            "turn-index":21,
            "utterance":"是非お願いします。"
        },
        {
            "speaker":"S",
            "time":"17.10.2020 14:28:47",
            "turn-index":22,
            "utterance":"サポート自分がするので、山田か田中に幹事のこと自分から頼んでみる形じゃ駄目でしょうか？"
        },
        {
            "speaker":"U",
            "time":"17.10.2020 14:29:09",
            "turn-index":23,
            "utterance":"清水にお願いしたいんだ。"
        },
        {
            "speaker":"S",
            "time":"17.10.2020 14:29:10",
            "turn-index":24,
            "utterance":"う〜ん。。。"
        },
        {
            "speaker":"U",
            "time":"17.10.2020 14:29:17",
            "turn-index":25,
            "utterance":"お願いします。"
        },
        {
            "speaker":"S",
            "time":"17.10.2020 14:29:17",
            "turn-index":26,
            "utterance":"先輩そんな強引な人でしたっけ？？ 😳 ドッキリですか？w"
        },
        {
            "speaker":"U",
            "time":"17.10.2020 14:29:33",
            "turn-index":27,
            "utterance":"ドッキリじゃないよw"
        },
        {
            "speaker":"S",
            "time":"17.10.2020 14:29:33",
            "turn-index":28,
            "utterance":"えでも、ほんとにそれぞれの代で幹事決めた方が周りの協力体制もうまくいくと思います 🙇‍♂️"
        },
        {
            "speaker":"U",
            "time":"17.10.2020 14:30:19",
            "turn-index":29,
            "utterance":"先輩からの指名が伝統だから…"
        },
        {
            "speaker":"S",
            "time":"17.10.2020 14:30:19",
            "turn-index":30,
            "utterance":"ほんとに何かあるんですか？w 😎 とりあえず、幹事はこっちの代で決める感じで良いですか？今度、佐藤と3人でご飯行きましょう！"
        }
    ]
}