{
    "dialogue-id":"RSL_39",
    "group-id":"",
    "speaker-id":"rsl2020",
    "turns":[
        {
            "speaker":"S",
            "time":"17.10.2020 15:23:43",
            "turn-index":0,
            "utterance":"唐突ですね^^; なんですか？"
        },
        {
            "speaker":"U",
            "time":"17.10.2020 15:24:06",
            "turn-index":1,
            "utterance":"例の同窓会の件なんだけどさ、幹事やってもらえないかな？"
        },
        {
            "speaker":"S",
            "time":"17.10.2020 15:24:06",
            "turn-index":2,
            "utterance":"いいですねえ。前回は自分行けてないんですけど、どんな感じだったんですか？"
        },
        {
            "speaker":"U",
            "time":"17.10.2020 15:24:31",
            "turn-index":3,
            "utterance":"けっこう盛り上がったんだよね。"
        },
        {
            "speaker":"S",
            "time":"17.10.2020 15:24:31",
            "turn-index":4,
            "utterance":"どれくらい人集まったとか"
        },
        {
            "speaker":"U",
            "time":"17.10.2020 15:25:23",
            "turn-index":5,
            "utterance":"声かけた人たちの半分くらいは出席したと思うよ。"
        },
        {
            "speaker":"S",
            "time":"17.10.2020 15:25:24",
            "turn-index":6,
            "utterance":"なるほどぉ。幹事の人大変そうですね 😅"
        },
        {
            "speaker":"U",
            "time":"17.10.2020 15:25:47",
            "turn-index":7,
            "utterance":"そうかもね。今回はその幹事を君にお願いしたいんだよね。"
        },
        {
            "speaker":"S",
            "time":"17.10.2020 15:25:47",
            "turn-index":8,
            "utterance":"あぁ"
        },
        {
            "speaker":"U",
            "time":"17.10.2020 15:25:55",
            "turn-index":9,
            "utterance":"お願いできるかな？"
        },
        {
            "speaker":"S",
            "time":"17.10.2020 15:25:55",
            "turn-index":10,
            "utterance":"前回は誰が幹事やられたんですか？"
        },
        {
            "speaker":"U",
            "time":"17.10.2020 15:26:24",
            "turn-index":11,
            "utterance":"前回は君の同期の奴がやったよ。"
        },
        {
            "speaker":"S",
            "time":"17.10.2020 15:26:24",
            "turn-index":12,
            "utterance":"あー、奴さんかあ。確かに適任ですね。全部一人でやられたんですかね。"
        },
        {
            "speaker":"U",
            "time":"17.10.2020 15:26:47",
            "turn-index":13,
            "utterance":"おそらく一人でやったんじゃないかな？で、今回は君にお願いしたいんだけれど。"
        },
        {
            "speaker":"S",
            "time":"17.10.2020 15:26:47",
            "turn-index":14,
            "utterance":"日程とかどうやって決めたかわかりますか？"
        },
        {
            "speaker":"U",
            "time":"17.10.2020 15:26:59",
            "turn-index":15,
            "utterance":"それは聞いてみないと分からないな。"
        },
        {
            "speaker":"S",
            "time":"17.10.2020 15:26:59",
            "turn-index":16,
            "utterance":"なるほどぉ"
        },
        {
            "speaker":"U",
            "time":"17.10.2020 15:27:13",
            "turn-index":17,
            "utterance":"今回の幹事お願いできるかな？"
        },
        {
            "speaker":"S",
            "time":"17.10.2020 15:27:14",
            "turn-index":18,
            "utterance":"自分ちょっと候補日少なくなっちゃいそうなので、山田か田中とか適任な気がします。ちなみに、佐藤は先輩の会社落ちて就活留年したらしいです。"
        },
        {
            "speaker":"U",
            "time":"17.10.2020 15:27:48",
            "turn-index":19,
            "utterance":"そうなのか。でもできれば君に幹事をやってほしいな。"
        },
        {
            "speaker":"S",
            "time":"17.10.2020 15:27:49",
            "turn-index":20,
            "utterance":"自分、今結構いっぱいいっぱいで、、すみません。自分に合わせてもらって参加者少なくなったらやなので 🙇‍♂️"
        },
        {
            "speaker":"U",
            "time":"17.10.2020 15:28:05",
            "turn-index":21,
            "utterance":"大丈夫だよ。少なくても盛り上がるって。"
        },
        {
            "speaker":"S",
            "time":"17.10.2020 15:28:06",
            "turn-index":22,
            "utterance":"そんなに自分やった方がいいですかね？ 🤔"
        },
        {
            "speaker":"U",
            "time":"17.10.2020 15:28:17",
            "turn-index":23,
            "utterance":"できるだけやってほしいんだよね。"
        },
        {
            "speaker":"S",
            "time":"17.10.2020 15:28:17",
            "turn-index":24,
            "utterance":"サポート自分がするので、山田か田中に幹事のこと自分から頼んでみる形じゃ駄目でしょうか？"
        },
        {
            "speaker":"U",
            "time":"17.10.2020 15:28:44",
            "turn-index":25,
            "utterance":"メインは君にやってほしいな。他のやつはサポートに使っても良いから。"
        },
        {
            "speaker":"S",
            "time":"17.10.2020 15:28:45",
            "turn-index":26,
            "utterance":"う〜ん。。。"
        },
        {
            "speaker":"U",
            "time":"17.10.2020 15:28:55",
            "turn-index":27,
            "utterance":"お願いできそうかな？"
        },
        {
            "speaker":"S",
            "time":"17.10.2020 15:28:55",
            "turn-index":28,
            "utterance":"先輩そんな強引な人でしたっけ？？ 😳 ドッキリですか？w"
        },
        {
            "speaker":"U",
            "time":"17.10.2020 15:29:12",
            "turn-index":29,
            "utterance":"いつもこんな感じだったよ。ドッキリではない。"
        },
        {
            "speaker":"S",
            "time":"17.10.2020 15:29:12",
            "turn-index":30,
            "utterance":"えでも、ほんとにそれぞれの代で幹事決めた方が周りの協力体制もうまくいくと思います 🙇‍♂️"
        }
    ]
}