{
    "dialogue-id":"RSL_28",
    "group-id":"",
    "speaker-id":"rsl2020",
    "turns":[
        {
            "speaker":"S",
            "time":"17.10.2020 14:23:55",
            "turn-index":0,
            "utterance":"唐突ですね^^; なんですか？"
        },
        {
            "speaker":"U",
            "time":"17.10.2020 14:25:18",
            "turn-index":1,
            "utterance":"今、春休みだから暇かなと思ってね"
        },
        {
            "speaker":"S",
            "time":"17.10.2020 14:25:19",
            "turn-index":2,
            "utterance":"さんざん近況報告したのにw"
        },
        {
            "speaker":"U",
            "time":"17.10.2020 14:25:55",
            "turn-index":3,
            "utterance":"うん。それで実は今度のサークルの同窓会なんだけど"
        },
        {
            "speaker":"S",
            "time":"17.10.2020 14:25:55",
            "turn-index":4,
            "utterance":"いいですねえ。前回は自分行けてないんですけど、どんな感じだったんですか？"
        },
        {
            "speaker":"U",
            "time":"17.10.2020 14:26:52",
            "turn-index":5,
            "utterance":"前回はかなり盛り上がったよ。清水が来れなくて残念だったけど"
        },
        {
            "speaker":"S",
            "time":"17.10.2020 14:26:52",
            "turn-index":6,
            "utterance":"どれくらい人集まったとか"
        },
        {
            "speaker":"U",
            "time":"17.10.2020 14:27:15",
            "turn-index":7,
            "utterance":"20人くらいかな。それで今度の同窓会の幹事なんだけど、お願いできない？"
        },
        {
            "speaker":"S",
            "time":"17.10.2020 14:27:16",
            "turn-index":8,
            "utterance":"なるほどぉ。幹事の人大変そうですね 😅"
        },
        {
            "speaker":"U",
            "time":"17.10.2020 14:27:58",
            "turn-index":9,
            "utterance":"えっ！そんな他人事みたいに…幹事やってもらえない？"
        },
        {
            "speaker":"S",
            "time":"17.10.2020 14:27:59",
            "turn-index":10,
            "utterance":"なんでしょう"
        },
        {
            "speaker":"U",
            "time":"17.10.2020 14:28:25",
            "turn-index":11,
            "utterance":"だからね、清水に幹事をお願いしてるの。"
        },
        {
            "speaker":"S",
            "time":"17.10.2020 14:28:26",
            "turn-index":12,
            "utterance":"あぁ"
        },
        {
            "speaker":"U",
            "time":"17.10.2020 14:28:57",
            "turn-index":13,
            "utterance":"あぁって！先輩の頼みを聞いてよー"
        },
        {
            "speaker":"S",
            "time":"17.10.2020 14:28:58",
            "turn-index":14,
            "utterance":"あぁ"
        },
        {
            "speaker":"U",
            "time":"17.10.2020 14:29:28",
            "turn-index":15,
            "utterance":"冷たいなぁ・・・お礼は必ずするからさぁ"
        },
        {
            "speaker":"S",
            "time":"17.10.2020 14:29:28",
            "turn-index":16,
            "utterance":"前回は誰が幹事やられたんですか？"
        },
        {
            "speaker":"U",
            "time":"17.10.2020 14:30:17",
            "turn-index":17,
            "utterance":"前回は渡辺がやってくれたよ。それで今年は清水君にお願いしようかと"
        },
        {
            "speaker":"S",
            "time":"17.10.2020 14:33:36",
            "turn-index":18,
            "utterance":"あー、清水さんかあ。確かに適任ですね。全部一人でやられたんですかね。"
        },
        {
            "speaker":"U",
            "time":"17.10.2020 14:34:33",
            "turn-index":19,
            "utterance":"いやいや、清水君はあなたでしょー。幹事引き受けてくれない？"
        },
        {
            "speaker":"S",
            "time":"17.10.2020 14:34:34",
            "turn-index":20,
            "utterance":"日程とかどうやって決めたかわかりますか？"
        },
        {
            "speaker":"U",
            "time":"17.10.2020 14:34:53",
            "turn-index":21,
            "utterance":"みんなの都合聞いてまとめたみたい"
        },
        {
            "speaker":"S",
            "time":"17.10.2020 14:34:53",
            "turn-index":22,
            "utterance":"なるほどぉ"
        },
        {
            "speaker":"U",
            "time":"17.10.2020 14:35:09",
            "turn-index":23,
            "utterance":"だからあとは君さえ引き受けてくれればオッケー"
        },
        {
            "speaker":"S",
            "time":"17.10.2020 14:35:09",
            "turn-index":24,
            "utterance":"自分ちょっと候補日少なくなっちゃいそうなので、山田か田中とか適任な気がします。ちなみに、佐藤は先輩の会社落ちて就活留年したらしいです。"
        },
        {
            "speaker":"U",
            "time":"17.10.2020 14:36:18",
            "turn-index":25,
            "utterance":"そうなんだ。実は山田にも田中にも断られちゃったんだよ。だから清水にお願いしてるんだ。"
        },
        {
            "speaker":"S",
            "time":"17.10.2020 14:36:19",
            "turn-index":26,
            "utterance":"自分、今結構いっぱいいっぱいで、、すみません。自分に合わせてもらって参加者少なくなったらやなので 🙇‍♂️"
        },
        {
            "speaker":"U",
            "time":"17.10.2020 14:37:07",
            "turn-index":27,
            "utterance":"そんなこと気にしなくて大丈夫だよ。だから暇な日教えてくれない？"
        },
        {
            "speaker":"S",
            "time":"17.10.2020 14:37:07",
            "turn-index":28,
            "utterance":"そんなに自分やった方がいいですかね？ 🤔"
        },
        {
            "speaker":"U",
            "time":"17.10.2020 14:37:23",
            "turn-index":29,
            "utterance":"うん！清水がまさに適任！"
        },
        {
            "speaker":"S",
            "time":"17.10.2020 14:37:24",
            "turn-index":30,
            "utterance":"サポート自分がするので、山田か田中に幹事のこと自分から頼んでみる形じゃ駄目でしょうか？"
        }
    ]
}