{
    "dialogue-id":"RSL_26",
    "group-id":"",
    "speaker-id":"rsl2020",
    "turns":[
        {
            "speaker":"S",
            "time":"17.10.2020 14:20:09",
            "turn-index":0,
            "utterance":"唐突ですね^^; なんですか？"
        },
        {
            "speaker":"U",
            "time":"17.10.2020 14:20:33",
            "turn-index":1,
            "utterance":"ちょっと頼みたい事があってさ"
        },
        {
            "speaker":"S",
            "time":"17.10.2020 14:20:33",
            "turn-index":2,
            "utterance":"さんざん近況報告したのにw"
        },
        {
            "speaker":"U",
            "time":"17.10.2020 14:21:35",
            "turn-index":3,
            "utterance":"今度同窓会があるんだけど"
        },
        {
            "speaker":"S",
            "time":"17.10.2020 14:21:35",
            "turn-index":4,
            "utterance":"なるほど？"
        },
        {
            "speaker":"U",
            "time":"17.10.2020 14:21:59",
            "turn-index":5,
            "utterance":"なかなか幹事が決まらなくてさ"
        },
        {
            "speaker":"S",
            "time":"17.10.2020 14:22:00",
            "turn-index":6,
            "utterance":"前回は自分行けてないんですけど、どんな感じだったんですか？"
        },
        {
            "speaker":"U",
            "time":"17.10.2020 14:22:21",
            "turn-index":7,
            "utterance":"いい感じだったよ"
        },
        {
            "speaker":"S",
            "time":"17.10.2020 14:22:21",
            "turn-index":8,
            "utterance":"同窓会すごいいいと思うんですけど。。 🤔"
        },
        {
            "speaker":"U",
            "time":"17.10.2020 14:22:37",
            "turn-index":9,
            "utterance":"だろ？"
        },
        {
            "speaker":"S",
            "time":"17.10.2020 14:22:38",
            "turn-index":10,
            "utterance":"前回は誰が幹事やられたんですか？"
        },
        {
            "speaker":"U",
            "time":"17.10.2020 14:22:48",
            "turn-index":11,
            "utterance":"西野"
        },
        {
            "speaker":"S",
            "time":"17.10.2020 14:22:48",
            "turn-index":12,
            "utterance":"あー、西野さんかあ。確かに適任ですね。全部一人でやられたんですかね。"
        },
        {
            "speaker":"U",
            "time":"17.10.2020 14:23:02",
            "turn-index":13,
            "utterance":"うん。"
        },
        {
            "speaker":"S",
            "time":"17.10.2020 14:23:02",
            "turn-index":14,
            "utterance":"日程とかどうやって決めたかわかりますか？"
        },
        {
            "speaker":"U",
            "time":"17.10.2020 14:23:58",
            "turn-index":15,
            "utterance":"Lineでやったと思うよ"
        },
        {
            "speaker":"S",
            "time":"17.10.2020 14:23:59",
            "turn-index":16,
            "utterance":"なるほどぉ"
        },
        {
            "speaker":"U",
            "time":"17.10.2020 14:24:12",
            "turn-index":17,
            "utterance":"で、どうかね？"
        },
        {
            "speaker":"S",
            "time":"17.10.2020 14:24:13",
            "turn-index":18,
            "utterance":"自分ちょっと候補日少なくなっちゃいそうなので、山田か田中とか適任な気がします。ちなみに、佐藤は先輩の会社落ちて就活留年したらしいです。"
        },
        {
            "speaker":"U",
            "time":"17.10.2020 14:24:55",
            "turn-index":19,
            "utterance":"山田も田中も来れないみたいなんだよね"
        },
        {
            "speaker":"S",
            "time":"17.10.2020 14:24:55",
            "turn-index":20,
            "utterance":"自分、今結構いっぱいいっぱいで、、すみません。自分に合わせてもらって参加者少なくなったらやなので 🙇‍♂️"
        },
        {
            "speaker":"U",
            "time":"17.10.2020 14:25:20",
            "turn-index":21,
            "utterance":"いやいやそこをなんとか"
        },
        {
            "speaker":"S",
            "time":"17.10.2020 14:25:21",
            "turn-index":22,
            "utterance":"そんなに自分やった方がいいですかね？ 🤔"
        },
        {
            "speaker":"U",
            "time":"17.10.2020 14:25:33",
            "turn-index":23,
            "utterance":"うん。"
        },
        {
            "speaker":"S",
            "time":"17.10.2020 14:25:33",
            "turn-index":24,
            "utterance":"サポート自分がするので、山田か田中に幹事のこと自分から頼んでみる形じゃ駄目でしょうか？"
        },
        {
            "speaker":"U",
            "time":"17.10.2020 14:26:00",
            "turn-index":25,
            "utterance":"いや、だからその2人は来れないんだよ"
        },
        {
            "speaker":"S",
            "time":"17.10.2020 14:26:00",
            "turn-index":26,
            "utterance":"う〜ん。。。"
        },
        {
            "speaker":"U",
            "time":"17.10.2020 14:26:15",
            "turn-index":27,
            "utterance":"そんな大変じゃないよ"
        },
        {
            "speaker":"S",
            "time":"17.10.2020 14:26:16",
            "turn-index":28,
            "utterance":"先輩そんな強引な人でしたっけ？？ 😳 ドッキリですか？w"
        },
        {
            "speaker":"U",
            "time":"17.10.2020 14:26:30",
            "turn-index":29,
            "utterance":"え〜そうかな"
        },
        {
            "speaker":"S",
            "time":"17.10.2020 14:26:30",
            "turn-index":30,
            "utterance":"えでも、ほんとにそれぞれの代で幹事決めた方が周りの協力体制もうまくいくと思います 🙇‍♂️"
        }
    ]
}