{
    "dialogue-id":"RSL_30",
    "group-id":"",
    "speaker-id":"rsl2020",
    "turns":[
        {
            "speaker":"S",
            "time":"17.10.2020 14:14:16",
            "turn-index":0,
            "utterance":"唐突ですね^^; なんですか？"
        },
        {
            "speaker":"U",
            "time":"17.10.2020 14:14:53",
            "turn-index":1,
            "utterance":"お前にさサークルの幹事をやって欲しいんだよ"
        },
        {
            "speaker":"S",
            "time":"17.10.2020 14:14:53",
            "turn-index":2,
            "utterance":"さんざん近況報告したのにw"
        },
        {
            "speaker":"U",
            "time":"17.10.2020 14:15:19",
            "turn-index":3,
            "utterance":"なんとか都合をつけてくれよ"
        },
        {
            "speaker":"S",
            "time":"17.10.2020 14:15:20",
            "turn-index":4,
            "utterance":"溜めますね 😅"
        },
        {
            "speaker":"U",
            "time":"17.10.2020 14:15:43",
            "turn-index":5,
            "utterance":"溜めます？"
        },
        {
            "speaker":"S",
            "time":"17.10.2020 14:15:44",
            "turn-index":6,
            "utterance":"頼み事ってなんですか？"
        },
        {
            "speaker":"U",
            "time":"17.10.2020 14:16:08",
            "turn-index":7,
            "utterance":"大学のサークルの幹事をやって欲しいんだよ"
        },
        {
            "speaker":"S",
            "time":"17.10.2020 14:16:08",
            "turn-index":8,
            "utterance":"さんざん近況報告したのにw"
        },
        {
            "speaker":"U",
            "time":"17.10.2020 14:17:22",
            "turn-index":9,
            "utterance":"できるだろ？"
        },
        {
            "speaker":"S",
            "time":"17.10.2020 14:17:22",
            "turn-index":10,
            "utterance":"溜めますね 😅"
        },
        {
            "speaker":"U",
            "time":"17.10.2020 14:17:33",
            "turn-index":11,
            "utterance":"溜めますってなんだよ"
        },
        {
            "speaker":"S",
            "time":"17.10.2020 14:17:33",
            "turn-index":12,
            "utterance":"頼み事ってなんですか？"
        },
        {
            "speaker":"U",
            "time":"17.10.2020 14:18:21",
            "turn-index":13,
            "utterance":"お前に幹事をやって欲しいんだって言ってるよね？"
        },
        {
            "speaker":"S",
            "time":"17.10.2020 14:18:21",
            "turn-index":14,
            "utterance":"さんざん近況報告したのにw"
        },
        {
            "speaker":"U",
            "time":"17.10.2020 14:18:35",
            "turn-index":15,
            "utterance":"近況に問題ないだろ"
        },
        {
            "speaker":"S",
            "time":"17.10.2020 14:18:36",
            "turn-index":16,
            "utterance":"溜めますね 😅"
        },
        {
            "speaker":"U",
            "time":"17.10.2020 14:18:50",
            "turn-index":17,
            "utterance":"どういうことだよ？"
        },
        {
            "speaker":"S",
            "time":"17.10.2020 14:18:50",
            "turn-index":18,
            "utterance":"頼み事ってなんですか？"
        },
        {
            "speaker":"U",
            "time":"17.10.2020 14:19:56",
            "turn-index":19,
            "utterance":"清水に大学のサークルの同窓会の幹事をやって欲しんだよ"
        },
        {
            "speaker":"S",
            "time":"17.10.2020 14:19:57",
            "turn-index":20,
            "utterance":"なるほど？"
        },
        {
            "speaker":"U",
            "time":"17.10.2020 14:20:23",
            "turn-index":21,
            "utterance":"やってくれるな？"
        },
        {
            "speaker":"S",
            "time":"17.10.2020 14:20:23",
            "turn-index":22,
            "utterance":"前回は自分行けてないんですけど、どんな感じだったんですか？"
        },
        {
            "speaker":"U",
            "time":"17.10.2020 14:20:38",
            "turn-index":23,
            "utterance":"楽しかったぞ"
        },
        {
            "speaker":"S",
            "time":"17.10.2020 14:20:38",
            "turn-index":24,
            "utterance":"同窓会すごいいいと思うんですけど。。 🤔"
        },
        {
            "speaker":"U",
            "time":"17.10.2020 14:21:30",
            "turn-index":25,
            "utterance":"じゃあ頼むよ"
        },
        {
            "speaker":"S",
            "time":"17.10.2020 14:21:31",
            "turn-index":26,
            "utterance":"前回は誰が幹事やられたんですか？"
        },
        {
            "speaker":"U",
            "time":"17.10.2020 14:21:44",
            "turn-index":27,
            "utterance":"俺がやったんだ"
        },
        {
            "speaker":"S",
            "time":"17.10.2020 14:21:44",
            "turn-index":28,
            "utterance":"あー。お疲れ様です 😇 全部一人でやられたんですかね。"
        },
        {
            "speaker":"U",
            "time":"17.10.2020 14:21:52",
            "turn-index":29,
            "utterance":"そうだよ"
        },
        {
            "speaker":"S",
            "time":"17.10.2020 14:21:53",
            "turn-index":30,
            "utterance":"日程とかどうやって決めたんですか？"
        }
    ]
}