{
    "dialogue-id":"RSL_38",
    "group-id":"",
    "speaker-id":"rsl2020",
    "turns":[
        {
            "speaker":"S",
            "time":"17.10.2020 16:04:53",
            "turn-index":0,
            "utterance":"唐突ですね^^; なんですか？"
        },
        {
            "speaker":"U",
            "time":"17.10.2020 16:05:14",
            "turn-index":1,
            "utterance":"同窓かの幹事をやってくれない。"
        },
        {
            "speaker":"S",
            "time":"17.10.2020 16:05:14",
            "turn-index":2,
            "utterance":"さんざん近況報告したのにw"
        },
        {
            "speaker":"U",
            "time":"17.10.2020 16:05:33",
            "turn-index":3,
            "utterance":"そこをよろしく頼むよ。"
        },
        {
            "speaker":"S",
            "time":"17.10.2020 16:05:33",
            "turn-index":4,
            "utterance":"さんざん近況報告したのにw"
        },
        {
            "speaker":"U",
            "time":"17.10.2020 16:06:00",
            "turn-index":5,
            "utterance":"忙しいのはわかるけど、お願い。"
        },
        {
            "speaker":"S",
            "time":"17.10.2020 16:06:00",
            "turn-index":6,
            "utterance":"溜めますね 😅"
        },
        {
            "speaker":"U",
            "time":"17.10.2020 16:06:21",
            "turn-index":7,
            "utterance":"何とか頑張ってよ。"
        },
        {
            "speaker":"S",
            "time":"17.10.2020 16:06:21",
            "turn-index":8,
            "utterance":"頼み事ってなんですか？"
        },
        {
            "speaker":"U",
            "time":"17.10.2020 16:06:41",
            "turn-index":9,
            "utterance":"同窓会の幹事を頼むよ。"
        },
        {
            "speaker":"S",
            "time":"17.10.2020 16:06:41",
            "turn-index":10,
            "utterance":"なるほど？"
        },
        {
            "speaker":"U",
            "time":"17.10.2020 16:07:01",
            "turn-index":11,
            "utterance":"やってくれる。お願い。"
        },
        {
            "speaker":"S",
            "time":"17.10.2020 16:07:02",
            "turn-index":12,
            "utterance":"前回は自分行けてないんですけど、どんな感じだったんですか？"
        },
        {
            "speaker":"U",
            "time":"17.10.2020 16:07:27",
            "turn-index":13,
            "utterance":"恩師の先生たちも来て、盛況だったよ。"
        },
        {
            "speaker":"S",
            "time":"17.10.2020 16:07:28",
            "turn-index":14,
            "utterance":"同窓会すごいいいと思うんですけど。。 🤔"
        },
        {
            "speaker":"U",
            "time":"17.10.2020 16:07:50",
            "turn-index":15,
            "utterance":"その幹事を頼むよ。"
        },
        {
            "speaker":"S",
            "time":"17.10.2020 16:07:51",
            "turn-index":16,
            "utterance":"なるほど？"
        },
        {
            "speaker":"U",
            "time":"17.10.2020 16:08:01",
            "turn-index":17,
            "utterance":"やってくれる。"
        },
        {
            "speaker":"S",
            "time":"17.10.2020 16:08:02",
            "turn-index":18,
            "utterance":"前回は誰が幹事やられたんですか？"
        },
        {
            "speaker":"U",
            "time":"17.10.2020 16:08:13",
            "turn-index":19,
            "utterance":"A君だよ。"
        },
        {
            "speaker":"S",
            "time":"17.10.2020 16:08:13",
            "turn-index":20,
            "utterance":"全部幹事一人でやられたんですかね。"
        },
        {
            "speaker":"U",
            "time":"17.10.2020 16:08:35",
            "turn-index":21,
            "utterance":"何人か手伝ったみたいだよ。"
        },
        {
            "speaker":"S",
            "time":"17.10.2020 16:08:36",
            "turn-index":22,
            "utterance":"日程とかどうやって決めたかわかりますか？"
        },
        {
            "speaker":"U",
            "time":"17.10.2020 16:08:44",
            "turn-index":23,
            "utterance":"わからない。"
        },
        {
            "speaker":"S",
            "time":"17.10.2020 16:08:44",
            "turn-index":24,
            "utterance":"なるほどぉ"
        },
        {
            "speaker":"U",
            "time":"17.10.2020 16:09:04",
            "turn-index":25,
            "utterance":"時間がないけど頑張ってよ。"
        },
        {
            "speaker":"S",
            "time":"17.10.2020 16:09:05",
            "turn-index":26,
            "utterance":"自分ちょっと候補日少なくなっちゃいそうなので、山田か田中とか適任な気がします。ちなみに、佐藤は先輩の会社落ちて就活留年したらしいです。"
        },
        {
            "speaker":"U",
            "time":"17.10.2020 16:09:45",
            "turn-index":27,
            "utterance":"そうなんだ。君で何とかならない。"
        },
        {
            "speaker":"S",
            "time":"17.10.2020 16:09:45",
            "turn-index":28,
            "utterance":"自分、今結構いっぱいいっぱいで、、すみません。自分に合わせてもらって参加者少なくなったらやなので 🙇‍♂️"
        },
        {
            "speaker":"U",
            "time":"17.10.2020 16:10:11",
            "turn-index":29,
            "utterance":"とりあえず引き受けてよ。"
        },
        {
            "speaker":"S",
            "time":"17.10.2020 16:10:12",
            "turn-index":30,
            "utterance":"そんなに自分やった方がいいですかね？ 🤔"
        }
    ]
}