{
    "dialogue-id":"RSL_33",
    "group-id":"",
    "speaker-id":"rsl2020",
    "turns":[
        {
            "speaker":"S",
            "time":"17.10.2020 14:17:55",
            "turn-index":0,
            "utterance":"唐突ですね^^; なんですか？"
        },
        {
            "speaker":"U",
            "time":"17.10.2020 14:20:04",
            "turn-index":1,
            "utterance":"ところでさ、ちょっと頼みたいことがあるんだけど…"
        },
        {
            "speaker":"S",
            "time":"17.10.2020 14:20:04",
            "turn-index":2,
            "utterance":"さんざん近況報告したのにw"
        },
        {
            "speaker":"U",
            "time":"17.10.2020 14:20:58",
            "turn-index":3,
            "utterance":"幹事引き受けてよ。頼むよ"
        },
        {
            "speaker":"S",
            "time":"17.10.2020 14:20:58",
            "turn-index":4,
            "utterance":"溜めますね 😅"
        },
        {
            "speaker":"U",
            "time":"17.10.2020 14:21:15",
            "turn-index":5,
            "utterance":"お前にしか頼めないんだよ。"
        },
        {
            "speaker":"S",
            "time":"17.10.2020 14:21:16",
            "turn-index":6,
            "utterance":"頼み事ってなんですか？"
        },
        {
            "speaker":"U",
            "time":"17.10.2020 14:22:08",
            "turn-index":7,
            "utterance":"サークルの同好会の幹事をお願いしたいんだけど"
        },
        {
            "speaker":"S",
            "time":"17.10.2020 14:22:09",
            "turn-index":8,
            "utterance":"さんざん近況報告したのにw"
        },
        {
            "speaker":"U",
            "time":"17.10.2020 14:22:59",
            "turn-index":9,
            "utterance":"忙しいのは分かるけど。もう卒業だろ？最後にみんなで集まりたいし"
        },
        {
            "speaker":"S",
            "time":"17.10.2020 14:22:59",
            "turn-index":10,
            "utterance":"なるほど？"
        },
        {
            "speaker":"U",
            "time":"17.10.2020 14:23:36",
            "turn-index":11,
            "utterance":"最後にみんなで暴れようぜ"
        },
        {
            "speaker":"S",
            "time":"17.10.2020 14:23:37",
            "turn-index":12,
            "utterance":"前回は自分行けてないんですけど、どんな感じだったんですか？"
        },
        {
            "speaker":"U",
            "time":"17.10.2020 14:24:12",
            "turn-index":13,
            "utterance":"お前が来なかったから、あまり盛り上がらなかったよ。"
        },
        {
            "speaker":"S",
            "time":"17.10.2020 14:24:12",
            "turn-index":14,
            "utterance":"同窓会すごいいいと思うんですけど。。 🤔"
        },
        {
            "speaker":"U",
            "time":"17.10.2020 14:24:38",
            "turn-index":15,
            "utterance":"そーだろ。忙しいのは分かるけど。お願いだよ。"
        },
        {
            "speaker":"S",
            "time":"17.10.2020 14:24:38",
            "turn-index":16,
            "utterance":"前回は誰が幹事やられたんですか？"
        },
        {
            "speaker":"U",
            "time":"17.10.2020 14:27:33",
            "turn-index":17,
            "utterance":"俺がやったんだけど。俺じゃ無理だ。"
        },
        {
            "speaker":"S",
            "time":"17.10.2020 14:27:34",
            "turn-index":18,
            "utterance":"あー。お疲れ様です 😇 全部一人でやられたんですかね。"
        },
        {
            "speaker":"U",
            "time":"17.10.2020 14:27:57",
            "turn-index":19,
            "utterance":"大変だった。俺も手伝うからさ。頼むよ。"
        },
        {
            "speaker":"S",
            "time":"17.10.2020 14:27:58",
            "turn-index":20,
            "utterance":"日程とかどうやって決めたんですか？"
        },
        {
            "speaker":"U",
            "time":"17.10.2020 14:28:26",
            "turn-index":21,
            "utterance":"みんなでLINEで確認して決めたよ。"
        },
        {
            "speaker":"S",
            "time":"17.10.2020 14:28:26",
            "turn-index":22,
            "utterance":"なるほどぉ"
        },
        {
            "speaker":"U",
            "time":"17.10.2020 14:28:54",
            "turn-index":23,
            "utterance":"アドバイスはするからか。一緒に成功させようぜ。"
        },
        {
            "speaker":"S",
            "time":"17.10.2020 14:28:54",
            "turn-index":24,
            "utterance":"自分ちょっと候補日少なくなっちゃいそうなので、山田か田中とか適任な気がします。ちなみに、佐藤は先輩の会社落ちて就活留年したらしいです。"
        },
        {
            "speaker":"U",
            "time":"17.10.2020 14:29:15",
            "turn-index":25,
            "utterance":"今回はお前に頼みたいんだ。"
        },
        {
            "speaker":"S",
            "time":"17.10.2020 14:29:15",
            "turn-index":26,
            "utterance":"自分、今結構いっぱいいっぱいで、、すみません。自分に合わせてもらって参加者少なくなったらやなので 🙇‍♂️"
        },
        {
            "speaker":"U",
            "time":"17.10.2020 14:30:28",
            "turn-index":27,
            "utterance":"そっかぁ。大変なんだな。お前に日程は合わせるようにするよ。"
        },
        {
            "speaker":"S",
            "time":"17.10.2020 14:30:29",
            "turn-index":28,
            "utterance":"そんなに自分やった方がいいですかね？ 🤔"
        },
        {
            "speaker":"U",
            "time":"17.10.2020 14:30:52",
            "turn-index":29,
            "utterance":"お前しかいない。何でも協力するから。"
        },
        {
            "speaker":"S",
            "time":"17.10.2020 14:30:53",
            "turn-index":30,
            "utterance":"サポート自分がするので、山田か田中に幹事のこと自分から頼んでみる形じゃ駄目でしょうか？"
        }
    ]
}