{
    "dialogue-id":"RSL_11",
    "group-id":"",
    "speaker-id":"rsl2020",
    "turns":[
        {
            "speaker":"S",
            "time":"17.10.2020 14:31:00",
            "turn-index":0,
            "utterance":"唐突ですね^^; なんですか？"
        },
        {
            "speaker":"U",
            "time":"17.10.2020 14:31:45",
            "turn-index":1,
            "utterance":"同窓会の幹事をお願いしたいんだが…"
        },
        {
            "speaker":"S",
            "time":"17.10.2020 14:31:45",
            "turn-index":2,
            "utterance":"なるほど？"
        },
        {
            "speaker":"U",
            "time":"17.10.2020 14:31:58",
            "turn-index":3,
            "utterance":"どう？やってくれる？"
        },
        {
            "speaker":"S",
            "time":"17.10.2020 14:31:58",
            "turn-index":4,
            "utterance":"前回は自分行けてないんですけど、どんな感じだったんですか？"
        },
        {
            "speaker":"U",
            "time":"17.10.2020 14:32:18",
            "turn-index":5,
            "utterance":"いやー、なかなか楽しかったよ？"
        },
        {
            "speaker":"S",
            "time":"17.10.2020 14:32:19",
            "turn-index":6,
            "utterance":"同窓会すごいいいと思うんですけど。。 🤔"
        },
        {
            "speaker":"U",
            "time":"17.10.2020 14:32:27",
            "turn-index":7,
            "utterance":"うんうん。"
        },
        {
            "speaker":"S",
            "time":"17.10.2020 14:32:27",
            "turn-index":8,
            "utterance":"前回は誰が幹事やられたんですか？"
        },
        {
            "speaker":"U",
            "time":"17.10.2020 14:33:06",
            "turn-index":9,
            "utterance":"ほら、同級生の田中だよ。"
        },
        {
            "speaker":"S",
            "time":"17.10.2020 14:33:06",
            "turn-index":10,
            "utterance":"あー、田中さんかあ。確かに適任ですね。全部一人でやられたんですかね。"
        },
        {
            "speaker":"U",
            "time":"17.10.2020 14:33:35",
            "turn-index":11,
            "utterance":"ああ、そうだよ。うん。"
        },
        {
            "speaker":"S",
            "time":"17.10.2020 14:33:36",
            "turn-index":12,
            "utterance":"日程とかどうやって決めたかわかりますか？"
        },
        {
            "speaker":"U",
            "time":"17.10.2020 14:34:28",
            "turn-index":13,
            "utterance":"えっと、そこは皆で話し合って決めたかな。"
        },
        {
            "speaker":"S",
            "time":"17.10.2020 14:34:28",
            "turn-index":14,
            "utterance":"なるほどぉ"
        },
        {
            "speaker":"U",
            "time":"17.10.2020 14:34:44",
            "turn-index":15,
            "utterance":"で、どうよ、幹事。"
        },
        {
            "speaker":"S",
            "time":"17.10.2020 14:34:44",
            "turn-index":16,
            "utterance":"自分ちょっと候補日少なくなっちゃいそうなので、山田か田中とか適任な気がします。ちなみに、佐藤は先輩の会社落ちて就活留年したらしいです。"
        },
        {
            "speaker":"U",
            "time":"17.10.2020 14:35:12",
            "turn-index":17,
            "utterance":"え、そうなの？大変なんだなあ。"
        },
        {
            "speaker":"S",
            "time":"17.10.2020 14:35:13",
            "turn-index":18,
            "utterance":"自分、今結構いっぱいいっぱいで、、すみません。自分に合わせてもらって参加者少なくなったらやなので 🙇‍♂️"
        },
        {
            "speaker":"U",
            "time":"17.10.2020 14:35:43",
            "turn-index":19,
            "utterance":"そうなの？結構忙しい感じなの？"
        },
        {
            "speaker":"S",
            "time":"17.10.2020 14:35:43",
            "turn-index":20,
            "utterance":"そんなに自分やった方がいいですかね？ 🤔"
        },
        {
            "speaker":"U",
            "time":"17.10.2020 14:35:59",
            "turn-index":21,
            "utterance":"うん。適任だと思うんだけど。"
        },
        {
            "speaker":"S",
            "time":"17.10.2020 14:36:00",
            "turn-index":22,
            "utterance":"サポート自分がするので、山田か田中に幹事のこと自分から頼んでみる形じゃ駄目でしょうか？"
        },
        {
            "speaker":"U",
            "time":"17.10.2020 14:36:39",
            "turn-index":23,
            "utterance":"それもいいんだけど、お前がやってみるってのは、どう？"
        },
        {
            "speaker":"S",
            "time":"17.10.2020 14:36:40",
            "turn-index":24,
            "utterance":"う〜ん。。。"
        },
        {
            "speaker":"U",
            "time":"17.10.2020 14:37:02",
            "turn-index":25,
            "utterance":"ま、そんなに難しく考える必要はないと思うよ？"
        },
        {
            "speaker":"S",
            "time":"17.10.2020 14:37:03",
            "turn-index":26,
            "utterance":"先輩そんな強引な人でしたっけ？？ 😳 ドッキリですか？w"
        },
        {
            "speaker":"U",
            "time":"17.10.2020 14:37:32",
            "turn-index":27,
            "utterance":"いやいや。そんなんじゃないって。"
        },
        {
            "speaker":"S",
            "time":"17.10.2020 14:37:32",
            "turn-index":28,
            "utterance":"えでも、ほんとにそれぞれの代で幹事決めた方が周りの協力体制もうまくいくと思います 🙇‍♂️"
        },
        {
            "speaker":"U",
            "time":"17.10.2020 14:37:54",
            "turn-index":29,
            "utterance":"うーん、言われてみれば、そうだよなあ。"
        },
        {
            "speaker":"S",
            "time":"17.10.2020 14:37:55",
            "turn-index":30,
            "utterance":"ほんとに何かあるんですか？w 😎 とりあえず、幹事はこっちの代で決める感じで良いですか？今度、佐藤と3人でご飯行きましょう！"
        }
    ]
}