{
    "dialogue-id":"RSL_10",
    "group-id":"",
    "speaker-id":"rsl2020",
    "turns":[
        {
            "speaker":"S",
            "time":"17.10.2020 13:24:42",
            "turn-index":0,
            "utterance":"唐突ですね^^; なんですか？"
        },
        {
            "speaker":"U",
            "time":"17.10.2020 13:27:26",
            "turn-index":1,
            "utterance":"同窓会のことではなしがあるんだけど"
        },
        {
            "speaker":"S",
            "time":"17.10.2020 13:27:26",
            "turn-index":2,
            "utterance":"いいですねえ。前回は自分行けてないんですけど、どんな感じだったんですか？"
        },
        {
            "speaker":"U",
            "time":"17.10.2020 13:27:57",
            "turn-index":3,
            "utterance":"いっぱい来ておもしろかったよ"
        },
        {
            "speaker":"S",
            "time":"17.10.2020 13:27:58",
            "turn-index":4,
            "utterance":"どれくらい人集まったとか"
        },
        {
            "speaker":"U",
            "time":"17.10.2020 13:28:18",
            "turn-index":5,
            "utterance":"100人ぐらい"
        },
        {
            "speaker":"S",
            "time":"17.10.2020 13:28:19",
            "turn-index":6,
            "utterance":"なるほどぉ。幹事の人大変そうですね 😅"
        },
        {
            "speaker":"U",
            "time":"17.10.2020 13:28:48",
            "turn-index":7,
            "utterance":"そうだと思うよ"
        },
        {
            "speaker":"S",
            "time":"17.10.2020 13:28:48",
            "turn-index":8,
            "utterance":"なんでしょう"
        },
        {
            "speaker":"U",
            "time":"17.10.2020 13:29:33",
            "turn-index":9,
            "utterance":"突然なんだけど今回のに同窓会の幹事を引き受けてくれ"
        },
        {
            "speaker":"S",
            "time":"17.10.2020 13:29:34",
            "turn-index":10,
            "utterance":"あぁ"
        },
        {
            "speaker":"U",
            "time":"17.10.2020 13:29:46",
            "turn-index":11,
            "utterance":"たのむよ"
        },
        {
            "speaker":"S",
            "time":"17.10.2020 13:29:47",
            "turn-index":12,
            "utterance":"前回は誰が幹事やられたんですか？"
        },
        {
            "speaker":"U",
            "time":"17.10.2020 13:30:45",
            "turn-index":13,
            "utterance":"先生自ら引き受けたよ"
        },
        {
            "speaker":"S",
            "time":"17.10.2020 13:30:45",
            "turn-index":14,
            "utterance":"あー、先生さんかあ。確かに適任ですね。全部一人でやられたんですかね。"
        },
        {
            "speaker":"U",
            "time":"17.10.2020 13:30:55",
            "turn-index":15,
            "utterance":"そうだよ"
        },
        {
            "speaker":"S",
            "time":"17.10.2020 13:30:55",
            "turn-index":16,
            "utterance":"日程とかどうやって決めたかわかりますか？"
        },
        {
            "speaker":"U",
            "time":"17.10.2020 13:31:51",
            "turn-index":17,
            "utterance":"日曜日がいいから日曜日にしたよ"
        },
        {
            "speaker":"S",
            "time":"17.10.2020 13:31:51",
            "turn-index":18,
            "utterance":"なるほどぉ"
        },
        {
            "speaker":"U",
            "time":"17.10.2020 13:32:30",
            "turn-index":19,
            "utterance":"難しくないから同窓会の幹事を引き受けてくれ"
        },
        {
            "speaker":"S",
            "time":"17.10.2020 13:32:30",
            "turn-index":20,
            "utterance":"自分ちょっと候補日少なくなっちゃいそうなので、山田か田中とか適任な気がします。ちなみに、佐藤は先輩の会社落ちて就活留年したらしいです。"
        },
        {
            "speaker":"U",
            "time":"17.10.2020 13:32:47",
            "turn-index":21,
            "utterance":"そうなんだ"
        },
        {
            "speaker":"S",
            "time":"17.10.2020 13:32:48",
            "turn-index":22,
            "utterance":"自分、今結構いっぱいいっぱいで、、すみません。自分に合わせてもらって参加者少なくなったらやなので 🙇‍♂️"
        },
        {
            "speaker":"U",
            "time":"17.10.2020 13:33:46",
            "turn-index":23,
            "utterance":"そうなんだ、でも君に同窓会の幹事を引き受けてほしいんだ"
        },
        {
            "speaker":"S",
            "time":"17.10.2020 13:33:47",
            "turn-index":24,
            "utterance":"そんなに自分やった方がいいですかね？ 🤔"
        },
        {
            "speaker":"U",
            "time":"17.10.2020 13:33:55",
            "turn-index":25,
            "utterance":"うん"
        },
        {
            "speaker":"S",
            "time":"17.10.2020 13:33:56",
            "turn-index":26,
            "utterance":"サポート自分がするので、山田か田中に幹事のこと自分から頼んでみる形じゃ駄目でしょうか？"
        },
        {
            "speaker":"U",
            "time":"17.10.2020 13:34:17",
            "turn-index":27,
            "utterance":"ぜひ君に同窓会の幹事を引き受けてほしいんだ"
        },
        {
            "speaker":"S",
            "time":"17.10.2020 13:34:18",
            "turn-index":28,
            "utterance":"う〜ん。。。"
        },
        {
            "speaker":"U",
            "time":"17.10.2020 13:34:26",
            "turn-index":29,
            "utterance":"たのむよ"
        },
        {
            "speaker":"S",
            "time":"17.10.2020 13:34:27",
            "turn-index":30,
            "utterance":"先輩そんな強引な人でしたっけ？？ 😳 ドッキリですか？w"
        }
    ]
}