{
    "dialogue-id":"RSL_46",
    "group-id":"",
    "speaker-id":"rsl2020",
    "turns":[
        {
            "speaker":"S",
            "time":"17.10.2020 14:36:12",
            "turn-index":0,
            "utterance":"唐突ですね^^; なんですか？"
        },
        {
            "speaker":"U",
            "time":"17.10.2020 14:36:33",
            "turn-index":1,
            "utterance":"元気だった？ちょっとさ、同窓会の幹事とかやってみない？"
        },
        {
            "speaker":"S",
            "time":"17.10.2020 14:36:34",
            "turn-index":2,
            "utterance":"いいですねえ。前回は自分行けてないんですけど、どんな感じだったんですか？"
        },
        {
            "speaker":"U",
            "time":"17.10.2020 14:36:50",
            "turn-index":3,
            "utterance":"盛り上がったよ。皆楽しそうで。"
        },
        {
            "speaker":"S",
            "time":"17.10.2020 14:36:50",
            "turn-index":4,
            "utterance":"どれくらい人集まったとか"
        },
        {
            "speaker":"U",
            "time":"17.10.2020 14:37:11",
            "turn-index":5,
            "utterance":"結構集まって、にぎやかにやってたよ。"
        },
        {
            "speaker":"S",
            "time":"17.10.2020 14:37:11",
            "turn-index":6,
            "utterance":"なるほどぉ。幹事の人大変そうですね 😅"
        },
        {
            "speaker":"U",
            "time":"17.10.2020 14:37:30",
            "turn-index":7,
            "utterance":"大変だけど面白くて楽しいと思う。"
        },
        {
            "speaker":"S",
            "time":"17.10.2020 14:37:30",
            "turn-index":8,
            "utterance":"なんでしょう"
        },
        {
            "speaker":"U",
            "time":"17.10.2020 14:37:40",
            "turn-index":9,
            "utterance":"いまいちかな？"
        },
        {
            "speaker":"S",
            "time":"17.10.2020 14:37:41",
            "turn-index":10,
            "utterance":"なんでしょう"
        },
        {
            "speaker":"U",
            "time":"17.10.2020 14:37:51",
            "turn-index":11,
            "utterance":"なんでしょう？"
        },
        {
            "speaker":"S",
            "time":"17.10.2020 14:37:51",
            "turn-index":12,
            "utterance":"なんでしょう"
        },
        {
            "speaker":"U",
            "time":"17.10.2020 14:38:00",
            "turn-index":13,
            "utterance":"あまり乗り気がしない？"
        },
        {
            "speaker":"S",
            "time":"17.10.2020 14:38:00",
            "turn-index":14,
            "utterance":"なんでしょう"
        },
        {
            "speaker":"U",
            "time":"17.10.2020 14:38:21",
            "turn-index":15,
            "utterance":"どうにか考えてみて。清水にやってほしいんだ。"
        },
        {
            "speaker":"S",
            "time":"17.10.2020 14:38:22",
            "turn-index":16,
            "utterance":"なんでしょう"
        },
        {
            "speaker":"U",
            "time":"17.10.2020 14:38:58",
            "turn-index":17,
            "utterance":"いつでも相談にのるよ。"
        },
        {
            "speaker":"S",
            "time":"17.10.2020 14:38:59",
            "turn-index":18,
            "utterance":"なんでしょう"
        },
        {
            "speaker":"U",
            "time":"17.10.2020 14:39:29",
            "turn-index":19,
            "utterance":"一度経験のないことをやるのはいい体験になるかも。"
        },
        {
            "speaker":"S",
            "time":"17.10.2020 14:39:29",
            "turn-index":20,
            "utterance":"なんでしょう"
        },
        {
            "speaker":"U",
            "time":"17.10.2020 14:40:24",
            "turn-index":21,
            "utterance":"幹事をやってくれたら今度清水の頼みごと何でも聞くよ。"
        },
        {
            "speaker":"S",
            "time":"17.10.2020 14:40:24",
            "turn-index":22,
            "utterance":"あぁ"
        },
        {
            "speaker":"U",
            "time":"17.10.2020 14:40:49",
            "turn-index":23,
            "utterance":"お前のこと頼りにしてるし、俺のことも頼ってほしい。"
        },
        {
            "speaker":"S",
            "time":"17.10.2020 14:40:49",
            "turn-index":24,
            "utterance":"前回は誰が幹事やられたんですか？"
        },
        {
            "speaker":"U",
            "time":"17.10.2020 14:41:10",
            "turn-index":25,
            "utterance":"俺の高校の時の友達だよ。"
        },
        {
            "speaker":"S",
            "time":"17.10.2020 14:41:10",
            "turn-index":26,
            "utterance":"あー、高校さんかあ。確かに適任ですね。全部一人でやられたんですかね。"
        },
        {
            "speaker":"U",
            "time":"17.10.2020 14:41:33",
            "turn-index":27,
            "utterance":"友達にも手伝ってもらったみたいだよ。"
        },
        {
            "speaker":"S",
            "time":"17.10.2020 14:41:33",
            "turn-index":28,
            "utterance":"日程とかどうやって決めたかわかりますか？"
        },
        {
            "speaker":"U",
            "time":"17.10.2020 14:41:50",
            "turn-index":29,
            "utterance":"皆のスケジュールを聞いてたよ。"
        },
        {
            "speaker":"S",
            "time":"17.10.2020 14:41:50",
            "turn-index":30,
            "utterance":"なるほどぉ"
        }
    ]
}