{
    "dialogue-id":"RSL_04",
    "group-id":"",
    "speaker-id":"rsl2020",
    "turns":[
        {
            "speaker":"S",
            "time":"17.10.2020 14:49:29",
            "turn-index":0,
            "utterance":"唐突ですね^^; なんですか？"
        },
        {
            "speaker":"U",
            "time":"17.10.2020 14:52:32",
            "turn-index":1,
            "utterance":"サークルの他の人たちと連絡って取ってる？"
        },
        {
            "speaker":"S",
            "time":"17.10.2020 14:52:32",
            "turn-index":2,
            "utterance":"さんざん近況報告したのにw"
        },
        {
            "speaker":"U",
            "time":"17.10.2020 14:53:18",
            "turn-index":3,
            "utterance":"そうだよねw"
        },
        {
            "speaker":"S",
            "time":"17.10.2020 14:53:19",
            "turn-index":4,
            "utterance":"溜めますね 😅"
        },
        {
            "speaker":"U",
            "time":"17.10.2020 14:53:31",
            "turn-index":5,
            "utterance":"同窓会の幹事をお願いしたいんだけど。"
        },
        {
            "speaker":"S",
            "time":"17.10.2020 14:53:32",
            "turn-index":6,
            "utterance":"なるほど？"
        },
        {
            "speaker":"U",
            "time":"17.10.2020 14:53:51",
            "turn-index":7,
            "utterance":"清水って他の人たちとも連絡取ってるじゃん？"
        },
        {
            "speaker":"S",
            "time":"17.10.2020 14:53:51",
            "turn-index":8,
            "utterance":"前回は自分行けてないんですけど、どんな感じだったんですか？"
        },
        {
            "speaker":"U",
            "time":"17.10.2020 14:54:12",
            "turn-index":9,
            "utterance":"盛り上がったよ。んで、次の幹事はお前なｗ"
        },
        {
            "speaker":"S",
            "time":"17.10.2020 14:54:12",
            "turn-index":10,
            "utterance":"同窓会すごいいいと思うんですけど。。 🤔"
        },
        {
            "speaker":"U",
            "time":"17.10.2020 14:54:33",
            "turn-index":11,
            "utterance":"良いだろ？！やるよ！"
        },
        {
            "speaker":"S",
            "time":"17.10.2020 14:54:34",
            "turn-index":12,
            "utterance":"前回は誰が幹事やられたんですか？"
        },
        {
            "speaker":"U",
            "time":"17.10.2020 14:54:37",
            "turn-index":13,
            "utterance":"オレ"
        },
        {
            "speaker":"S",
            "time":"17.10.2020 14:54:38",
            "turn-index":14,
            "utterance":"あー。お疲れ様です 😇 全部一人でやられたんですかね。"
        },
        {
            "speaker":"U",
            "time":"17.10.2020 14:55:06",
            "turn-index":15,
            "utterance":"いや、4～5人でやったよ。お前も誰か誘って、幹事できるよ。"
        },
        {
            "speaker":"S",
            "time":"17.10.2020 14:55:07",
            "turn-index":16,
            "utterance":"日程とかどうやって決めたんですか？"
        },
        {
            "speaker":"U",
            "time":"17.10.2020 14:55:33",
            "turn-index":17,
            "utterance":"幹事の日程が合う日でテキトーに"
        },
        {
            "speaker":"S",
            "time":"17.10.2020 14:55:33",
            "turn-index":18,
            "utterance":"なるほどぉ"
        },
        {
            "speaker":"U",
            "time":"17.10.2020 14:55:51",
            "turn-index":19,
            "utterance":"清水の都合のいい日でやりなよ"
        },
        {
            "speaker":"S",
            "time":"17.10.2020 14:55:52",
            "turn-index":20,
            "utterance":"自分ちょっと候補日少なくなっちゃいそうなので、山田か田中とか適任な気がします。ちなみに、佐藤は先輩の会社落ちて就活留年したらしいです。"
        },
        {
            "speaker":"U",
            "time":"17.10.2020 14:56:16",
            "turn-index":21,
            "utterance":"じゃー、清水から山田と田中に連絡してよ。"
        },
        {
            "speaker":"S",
            "time":"17.10.2020 14:56:17",
            "turn-index":22,
            "utterance":"自分、今結構いっぱいいっぱいで、、すみません。自分に合わせてもらって参加者少なくなったらやなので 🙇‍♂️"
        },
        {
            "speaker":"U",
            "time":"17.10.2020 14:56:37",
            "turn-index":23,
            "utterance":"何人かで幹事やれば、大丈夫！"
        },
        {
            "speaker":"S",
            "time":"17.10.2020 14:56:38",
            "turn-index":24,
            "utterance":"そんなに自分やった方がいいですかね？ 🤔"
        },
        {
            "speaker":"U",
            "time":"17.10.2020 14:58:08",
            "turn-index":25,
            "utterance":"俺が連絡できるの、清水だけだし。前回の幹事が次の幹事指名するのが恒例なのよ。"
        },
        {
            "speaker":"S",
            "time":"17.10.2020 14:58:08",
            "turn-index":26,
            "utterance":"サポート自分がするので、山田か田中に幹事のこと自分から頼んでみる形じゃ駄目でしょうか？"
        },
        {
            "speaker":"U",
            "time":"17.10.2020 14:58:33",
            "turn-index":27,
            "utterance":"その辺、任せるよ！じゃあお願いね！"
        },
        {
            "speaker":"S",
            "time":"17.10.2020 14:58:33",
            "turn-index":28,
            "utterance":"う〜ん。。。"
        },
        {
            "speaker":"U",
            "time":"17.10.2020 14:58:59",
            "turn-index":29,
            "utterance":"サポートで良いから！"
        },
        {
            "speaker":"S",
            "time":"17.10.2020 14:59:00",
            "turn-index":30,
            "utterance":"先輩そんな強引な人でしたっけ？？ 😳 ドッキリですか？w"
        }
    ]
}