{
    "dialogue-id":"RSL_52",
    "group-id":"",
    "speaker-id":"rsl2020",
    "turns":[
        {
            "speaker":"S",
            "time":"17.10.2020 15:26:43",
            "turn-index":0,
            "utterance":"唐突ですね^^; なんですか？"
        },
        {
            "speaker":"U",
            "time":"17.10.2020 15:27:53",
            "turn-index":1,
            "utterance":"何してたの？"
        },
        {
            "speaker":"S",
            "time":"17.10.2020 15:27:53",
            "turn-index":2,
            "utterance":"さんざん近況報告したのにw"
        },
        {
            "speaker":"U",
            "time":"17.10.2020 15:28:09",
            "turn-index":3,
            "utterance":"そうだっけ？"
        },
        {
            "speaker":"S",
            "time":"17.10.2020 15:28:10",
            "turn-index":4,
            "utterance":"溜めますね 😅"
        },
        {
            "speaker":"U",
            "time":"17.10.2020 15:29:48",
            "turn-index":5,
            "utterance":"急に寒くなってきたね"
        },
        {
            "speaker":"S",
            "time":"17.10.2020 15:29:49",
            "turn-index":6,
            "utterance":"頼み事ってなんですか？"
        },
        {
            "speaker":"U",
            "time":"17.10.2020 15:33:59",
            "turn-index":7,
            "utterance":"最近面白い事あった？"
        },
        {
            "speaker":"S",
            "time":"17.10.2020 15:34:00",
            "turn-index":8,
            "utterance":"。。。 😅"
        },
        {
            "speaker":"U",
            "time":"17.10.2020 15:35:32",
            "turn-index":9,
            "utterance":"どうしたの？"
        },
        {
            "speaker":"S",
            "time":"17.10.2020 15:35:32",
            "turn-index":10,
            "utterance":"頼み事ってなんですか？ 😅"
        },
        {
            "speaker":"U",
            "time":"17.10.2020 15:36:39",
            "turn-index":11,
            "utterance":"日帰り温泉に行きたいんだけど、近くでいいところ知らない？"
        },
        {
            "speaker":"S",
            "time":"17.10.2020 15:36:40",
            "turn-index":12,
            "utterance":"。。。 😅"
        },
        {
            "speaker":"U",
            "time":"17.10.2020 15:37:12",
            "turn-index":13,
            "utterance":"それが訊きたかったんだけど"
        },
        {
            "speaker":"S",
            "time":"17.10.2020 15:37:12",
            "turn-index":14,
            "utterance":"頼み事ってなんですか？ 😅"
        },
        {
            "speaker":"U",
            "time":"17.10.2020 15:37:49",
            "turn-index":15,
            "utterance":"それだけ"
        },
        {
            "speaker":"S",
            "time":"17.10.2020 15:37:49",
            "turn-index":16,
            "utterance":"。。。 😅"
        },
        {
            "speaker":"U",
            "time":"17.10.2020 15:37:59",
            "turn-index":17,
            "utterance":"ん？"
        },
        {
            "speaker":"S",
            "time":"17.10.2020 15:38:00",
            "turn-index":18,
            "utterance":"頼み事ってなんですか？ 😅"
        },
        {
            "speaker":"U",
            "time":"17.10.2020 15:38:25",
            "turn-index":19,
            "utterance":"もうないよ"
        },
        {
            "speaker":"S",
            "time":"17.10.2020 15:38:26",
            "turn-index":20,
            "utterance":"。。。 😅"
        },
        {
            "speaker":"U",
            "time":"17.10.2020 15:40:10",
            "turn-index":21,
            "utterance":"冷めてる？"
        },
        {
            "speaker":"S",
            "time":"17.10.2020 15:40:10",
            "turn-index":22,
            "utterance":"頼み事ってなんですか？ 😅"
        },
        {
            "speaker":"U",
            "time":"17.10.2020 15:40:30",
            "turn-index":23,
            "utterance":"頼み事ってなんですか？"
        },
        {
            "speaker":"S",
            "time":"17.10.2020 15:40:31",
            "turn-index":24,
            "utterance":"。。。 😅"
        },
        {
            "speaker":"U",
            "time":"17.10.2020 15:40:36",
            "turn-index":25,
            "utterance":"。。。"
        },
        {
            "speaker":"S",
            "time":"17.10.2020 15:40:36",
            "turn-index":26,
            "utterance":"頼み事ってなんですか？ 😅"
        },
        {
            "speaker":"U",
            "time":"17.10.2020 15:40:52",
            "turn-index":27,
            "utterance":"ごめん"
        },
        {
            "speaker":"S",
            "time":"17.10.2020 15:40:52",
            "turn-index":28,
            "utterance":"。。。 😅"
        },
        {
            "speaker":"U",
            "time":"17.10.2020 15:41:08",
            "turn-index":29,
            "utterance":"他に何か言って"
        },
        {
            "speaker":"S",
            "time":"17.10.2020 15:41:08",
            "turn-index":30,
            "utterance":"頼み事ってなんですか？ 😅"
        }
    ]
}