{
    "dialogue-id":"RSL_42",
    "group-id":"",
    "speaker-id":"rsl2020",
    "turns":[
        {
            "speaker":"S",
            "time":"17.10.2020 14:10:32",
            "turn-index":0,
            "utterance":"唐突ですね^^; なんですか？"
        },
        {
            "speaker":"U",
            "time":"17.10.2020 14:11:19",
            "turn-index":1,
            "utterance":"そろそろサークルの同窓会ないのかなって俺の同級生と話してて。"
        },
        {
            "speaker":"S",
            "time":"17.10.2020 14:11:20",
            "turn-index":2,
            "utterance":"いいですねえ。前回は自分行けてないんですけど、どんな感じだったんですか？"
        },
        {
            "speaker":"U",
            "time":"17.10.2020 14:11:43",
            "turn-index":3,
            "utterance":"久しぶりに会う人も多くて話してて楽しかったよ。"
        },
        {
            "speaker":"S",
            "time":"17.10.2020 14:11:44",
            "turn-index":4,
            "utterance":"どれくらい人集まったとか"
        },
        {
            "speaker":"U",
            "time":"17.10.2020 14:12:01",
            "turn-index":5,
            "utterance":"近場にいる人ばかりじゃないけど20人くらいきたよ。"
        },
        {
            "speaker":"S",
            "time":"17.10.2020 14:12:02",
            "turn-index":6,
            "utterance":"なるほどぉ。幹事の人大変そうですね 😅"
        },
        {
            "speaker":"U",
            "time":"17.10.2020 14:12:53",
            "turn-index":7,
            "utterance":"そうなんだよね。そういわれたら頼みづらいんだけど次は清水にやってほしいんだよね。"
        },
        {
            "speaker":"S",
            "time":"17.10.2020 14:12:53",
            "turn-index":8,
            "utterance":"なんでしょう"
        },
        {
            "speaker":"U",
            "time":"17.10.2020 14:13:14",
            "turn-index":9,
            "utterance":"同窓会の幹事やってくれないかな？"
        },
        {
            "speaker":"S",
            "time":"17.10.2020 14:13:14",
            "turn-index":10,
            "utterance":"なんでしょう"
        },
        {
            "speaker":"U",
            "time":"17.10.2020 14:13:23",
            "turn-index":11,
            "utterance":"お願いしていい？"
        },
        {
            "speaker":"S",
            "time":"17.10.2020 14:13:24",
            "turn-index":12,
            "utterance":"なんでしょう"
        },
        {
            "speaker":"U",
            "time":"17.10.2020 14:13:54",
            "turn-index":13,
            "utterance":"忙しいかな？"
        },
        {
            "speaker":"S",
            "time":"17.10.2020 14:13:54",
            "turn-index":14,
            "utterance":"なんでしょう"
        },
        {
            "speaker":"U",
            "time":"17.10.2020 14:14:09",
            "turn-index":15,
            "utterance":"名簿はあるからいろいろ声かけてみてほしいんだけど。"
        },
        {
            "speaker":"S",
            "time":"17.10.2020 14:14:10",
            "turn-index":16,
            "utterance":"なんでしょう"
        },
        {
            "speaker":"U",
            "time":"17.10.2020 14:14:25",
            "turn-index":17,
            "utterance":"幹事やってくれない？"
        },
        {
            "speaker":"S",
            "time":"17.10.2020 14:14:25",
            "turn-index":18,
            "utterance":"なんでしょう"
        },
        {
            "speaker":"U",
            "time":"17.10.2020 14:14:33",
            "turn-index":19,
            "utterance":"無理かな…"
        },
        {
            "speaker":"S",
            "time":"17.10.2020 14:14:34",
            "turn-index":20,
            "utterance":"なんでしょう"
        },
        {
            "speaker":"U",
            "time":"17.10.2020 14:15:18",
            "turn-index":21,
            "utterance":"一人だけじゃなくていいから2.3人でやるのでもいいし。"
        },
        {
            "speaker":"S",
            "time":"17.10.2020 14:15:19",
            "turn-index":22,
            "utterance":"なんでしょう"
        },
        {
            "speaker":"U",
            "time":"17.10.2020 14:15:59",
            "turn-index":23,
            "utterance":"どうしても無理かな？"
        },
        {
            "speaker":"S",
            "time":"17.10.2020 14:16:00",
            "turn-index":24,
            "utterance":"なんでしょう"
        },
        {
            "speaker":"U",
            "time":"17.10.2020 14:17:07",
            "turn-index":25,
            "utterance":"清水しか頼める人いないんだよ"
        },
        {
            "speaker":"S",
            "time":"17.10.2020 14:17:08",
            "turn-index":26,
            "utterance":"なんでしょう"
        },
        {
            "speaker":"U",
            "time":"17.10.2020 14:17:25",
            "turn-index":27,
            "utterance":"久しぶりに会いたい人もいるんだし。"
        },
        {
            "speaker":"S",
            "time":"17.10.2020 14:17:26",
            "turn-index":28,
            "utterance":"なんでしょう"
        },
        {
            "speaker":"U",
            "time":"17.10.2020 14:18:32",
            "turn-index":29,
            "utterance":"だめかな？"
        },
        {
            "speaker":"S",
            "time":"17.10.2020 14:18:32",
            "turn-index":30,
            "utterance":"なんでしょう"
        }
    ]
}