{
    "dialogue-id":"RSL_18",
    "group-id":"",
    "speaker-id":"rsl2020",
    "turns":[
        {
            "speaker":"S",
            "time":"17.10.2020 14:01:51",
            "turn-index":0,
            "utterance":"唐突ですね^^; なんですか？"
        },
        {
            "speaker":"U",
            "time":"17.10.2020 14:02:14",
            "turn-index":1,
            "utterance":"今度の同窓会の幹事をやぅてもらいたいと思うんだけど、どう？"
        },
        {
            "speaker":"S",
            "time":"17.10.2020 14:02:15",
            "turn-index":2,
            "utterance":"なるほど？"
        },
        {
            "speaker":"U",
            "time":"17.10.2020 14:02:28",
            "turn-index":3,
            "utterance":"ぜひ頼みたいんだけど"
        },
        {
            "speaker":"S",
            "time":"17.10.2020 14:02:28",
            "turn-index":4,
            "utterance":"なるほど？"
        },
        {
            "speaker":"U",
            "time":"17.10.2020 14:02:41",
            "turn-index":5,
            "utterance":"幹事はできそう？"
        },
        {
            "speaker":"S",
            "time":"17.10.2020 14:02:42",
            "turn-index":6,
            "utterance":"前回は自分行けてないんですけど、どんな感じだったんですか？"
        },
        {
            "speaker":"U",
            "time":"17.10.2020 14:03:02",
            "turn-index":7,
            "utterance":"前回はまあ来てない人も結構いたけど、まあまあ盛り上がってたよ"
        },
        {
            "speaker":"S",
            "time":"17.10.2020 14:03:02",
            "turn-index":8,
            "utterance":"同窓会すごいいいと思うんですけど。。 🤔"
        },
        {
            "speaker":"U",
            "time":"17.10.2020 14:03:08",
            "turn-index":9,
            "utterance":"うん"
        },
        {
            "speaker":"S",
            "time":"17.10.2020 14:03:08",
            "turn-index":10,
            "utterance":"前回は誰が幹事やられたんですか？"
        },
        {
            "speaker":"U",
            "time":"17.10.2020 14:03:39",
            "turn-index":11,
            "utterance":"前は僕の友達がやったよ"
        },
        {
            "speaker":"S",
            "time":"17.10.2020 14:03:40",
            "turn-index":12,
            "utterance":"あー、友達さんかあ。確かに適任ですね。全部一人でやられたんですかね。"
        },
        {
            "speaker":"U",
            "time":"17.10.2020 14:03:48",
            "turn-index":13,
            "utterance":"そうみたいだよ"
        },
        {
            "speaker":"S",
            "time":"17.10.2020 14:03:48",
            "turn-index":14,
            "utterance":"日程とかどうやって決めたかわかりますか？"
        },
        {
            "speaker":"U",
            "time":"17.10.2020 14:04:15",
            "turn-index":15,
            "utterance":"日程は他の人から都合のいい日を聞いて決めたかな"
        },
        {
            "speaker":"S",
            "time":"17.10.2020 14:04:15",
            "turn-index":16,
            "utterance":"なるほどぉ"
        },
        {
            "speaker":"U",
            "time":"17.10.2020 14:04:21",
            "turn-index":17,
            "utterance":"そうだよ"
        },
        {
            "speaker":"S",
            "time":"17.10.2020 14:04:21",
            "turn-index":18,
            "utterance":"自分ちょっと候補日少なくなっちゃいそうなので、山田か田中とか適任な気がします。ちなみに、佐藤は先輩の会社落ちて就活留年したらしいです。"
        },
        {
            "speaker":"U",
            "time":"17.10.2020 14:04:48",
            "turn-index":19,
            "utterance":"就職留年かあ、それは大変だね"
        },
        {
            "speaker":"S",
            "time":"17.10.2020 14:04:48",
            "turn-index":20,
            "utterance":"自分、今結構いっぱいいっぱいで、、すみません。自分に合わせてもらって参加者少なくなったらやなので 🙇‍♂️"
        },
        {
            "speaker":"U",
            "time":"17.10.2020 14:05:06",
            "turn-index":21,
            "utterance":"でも君なら上手くやれると思うんだけど"
        },
        {
            "speaker":"S",
            "time":"17.10.2020 14:05:06",
            "turn-index":22,
            "utterance":"そんなに自分やった方がいいですかね？ 🤔"
        },
        {
            "speaker":"U",
            "time":"17.10.2020 14:05:18",
            "turn-index":23,
            "utterance":"うん、楽しい同窓会になると思うよ"
        },
        {
            "speaker":"S",
            "time":"17.10.2020 14:05:19",
            "turn-index":24,
            "utterance":"サポート自分がするので、山田か田中に幹事のこと自分から頼んでみる形じゃ駄目でしょうか？"
        },
        {
            "speaker":"U",
            "time":"17.10.2020 14:05:39",
            "turn-index":25,
            "utterance":"いや、清水の方が良いよ"
        },
        {
            "speaker":"S",
            "time":"17.10.2020 14:05:39",
            "turn-index":26,
            "utterance":"う〜ん。。。"
        },
        {
            "speaker":"U",
            "time":"17.10.2020 14:05:45",
            "turn-index":27,
            "utterance":"どうかな？"
        },
        {
            "speaker":"S",
            "time":"17.10.2020 14:05:45",
            "turn-index":28,
            "utterance":"先輩そんな強引な人でしたっけ？？ 😳 ドッキリですか？w"
        },
        {
            "speaker":"U",
            "time":"17.10.2020 14:06:01",
            "turn-index":29,
            "utterance":"ドッキリじゃないよ"
        },
        {
            "speaker":"S",
            "time":"17.10.2020 14:06:02",
            "turn-index":30,
            "utterance":"えでも、ほんとにそれぞれの代で幹事決めた方が周りの協力体制もうまくいくと思います 🙇‍♂️"
        }
    ]
}