{
    "dialogue-id":"RSL_43",
    "group-id":"",
    "speaker-id":"rsl2020",
    "turns":[
        {
            "speaker":"S",
            "time":"17.10.2020 15:44:12",
            "turn-index":0,
            "utterance":"唐突ですね^^; なんですか？"
        },
        {
            "speaker":"U",
            "time":"17.10.2020 15:44:40",
            "turn-index":1,
            "utterance":"おす。この前話した件だけどOK?"
        },
        {
            "speaker":"S",
            "time":"17.10.2020 15:44:40",
            "turn-index":2,
            "utterance":"さんざん近況報告したのにw"
        },
        {
            "speaker":"U",
            "time":"17.10.2020 15:44:52",
            "turn-index":3,
            "utterance":"そうだっけ。忘れてた。ごめん。"
        },
        {
            "speaker":"S",
            "time":"17.10.2020 15:44:53",
            "turn-index":4,
            "utterance":"溜めますね 😅"
        },
        {
            "speaker":"U",
            "time":"17.10.2020 15:45:16",
            "turn-index":5,
            "utterance":"そういう性格だからねー。"
        },
        {
            "speaker":"S",
            "time":"17.10.2020 15:45:17",
            "turn-index":6,
            "utterance":"頼み事ってなんですか？"
        },
        {
            "speaker":"U",
            "time":"17.10.2020 15:45:37",
            "turn-index":7,
            "utterance":"おいおい。サークルの同窓会の幹事の件だよ。"
        },
        {
            "speaker":"S",
            "time":"17.10.2020 15:45:38",
            "turn-index":8,
            "utterance":"いいですねえ。前回は自分行けてないんですけど、どんな感じだったんですか？"
        },
        {
            "speaker":"U",
            "time":"17.10.2020 15:45:53",
            "turn-index":9,
            "utterance":"とても盛り上がって楽しかったよ。"
        },
        {
            "speaker":"S",
            "time":"17.10.2020 15:45:54",
            "turn-index":10,
            "utterance":"どれくらい人集まったとか"
        },
        {
            "speaker":"U",
            "time":"17.10.2020 15:46:05",
            "turn-index":11,
            "utterance":"20人くらいかな。"
        },
        {
            "speaker":"S",
            "time":"17.10.2020 15:46:05",
            "turn-index":12,
            "utterance":"なるほどぉ。幹事の人大変そうですね 😅"
        },
        {
            "speaker":"U",
            "time":"17.10.2020 15:46:16",
            "turn-index":13,
            "utterance":"そうだね。盛り上がるからね。"
        },
        {
            "speaker":"S",
            "time":"17.10.2020 15:46:17",
            "turn-index":14,
            "utterance":"なんでしょう"
        },
        {
            "speaker":"U",
            "time":"17.10.2020 15:46:28",
            "turn-index":15,
            "utterance":"どうした？"
        },
        {
            "speaker":"S",
            "time":"17.10.2020 15:46:29",
            "turn-index":16,
            "utterance":"なんでしょう"
        },
        {
            "speaker":"U",
            "time":"17.10.2020 15:47:00",
            "turn-index":17,
            "utterance":"なんだ？とりあえず、幹事の件に話を戻すぞ"
        },
        {
            "speaker":"S",
            "time":"17.10.2020 15:47:01",
            "turn-index":18,
            "utterance":"なんでしょう"
        },
        {
            "speaker":"U",
            "time":"17.10.2020 15:47:17",
            "turn-index":19,
            "utterance":"サークルの幹事の件だよ。大丈夫か？"
        },
        {
            "speaker":"S",
            "time":"17.10.2020 15:47:17",
            "turn-index":20,
            "utterance":"なんでしょう"
        },
        {
            "speaker":"U",
            "time":"17.10.2020 15:47:28",
            "turn-index":21,
            "utterance":"おーい。頼むよ"
        },
        {
            "speaker":"S",
            "time":"17.10.2020 15:47:28",
            "turn-index":22,
            "utterance":"なんでしょう"
        },
        {
            "speaker":"U",
            "time":"17.10.2020 15:47:37",
            "turn-index":23,
            "utterance":"ふざけるなって。"
        },
        {
            "speaker":"S",
            "time":"17.10.2020 15:47:38",
            "turn-index":24,
            "utterance":"なんでしょう"
        },
        {
            "speaker":"U",
            "time":"17.10.2020 15:47:49",
            "turn-index":25,
            "utterance":"幹事してくれるよね？"
        },
        {
            "speaker":"S",
            "time":"17.10.2020 15:49:08",
            "turn-index":26,
            "utterance":"なんでしょう"
        },
        {
            "speaker":"U",
            "time":"17.10.2020 15:49:33",
            "turn-index":27,
            "utterance":"なんでしょうしか言わなくなったなー。"
        },
        {
            "speaker":"S",
            "time":"17.10.2020 15:49:34",
            "turn-index":28,
            "utterance":"なんでしょう"
        },
        {
            "speaker":"U",
            "time":"17.10.2020 15:49:51",
            "turn-index":29,
            "utterance":"サークルの同窓会の幹事！！"
        },
        {
            "speaker":"S",
            "time":"17.10.2020 15:49:52",
            "turn-index":30,
            "utterance":"なんでしょう"
        }
    ]
}