{
    "dialogue-id":"RSL_12",
    "group-id":"",
    "speaker-id":"rsl2020",
    "turns":[
        {
            "speaker":"S",
            "time":"17.10.2020 14:20:56",
            "turn-index":0,
            "utterance":"唐突ですね^^; なんですか？"
        },
        {
            "speaker":"U",
            "time":"17.10.2020 14:21:28",
            "turn-index":1,
            "utterance":"今年もそろそろ同窓会やろうと思うんだよ"
        },
        {
            "speaker":"S",
            "time":"17.10.2020 14:21:28",
            "turn-index":2,
            "utterance":"いいですねえ。前回は自分行けてないんですけど、どんな感じだったんですか？"
        },
        {
            "speaker":"U",
            "time":"17.10.2020 14:21:46",
            "turn-index":3,
            "utterance":"めちゃくちゃ盛り上がったよ"
        },
        {
            "speaker":"S",
            "time":"17.10.2020 14:21:46",
            "turn-index":4,
            "utterance":"どれくらい人集まったとか"
        },
        {
            "speaker":"U",
            "time":"17.10.2020 14:22:03",
            "turn-index":5,
            "utterance":"50人くらい"
        },
        {
            "speaker":"S",
            "time":"17.10.2020 14:22:03",
            "turn-index":6,
            "utterance":"なるほどぉ。幹事の人大変そうですね 😅"
        },
        {
            "speaker":"U",
            "time":"17.10.2020 14:22:36",
            "turn-index":7,
            "utterance":"そこでさ、お前に幹事を頼みたいんだけど"
        },
        {
            "speaker":"S",
            "time":"17.10.2020 14:22:36",
            "turn-index":8,
            "utterance":"あぁ"
        },
        {
            "speaker":"U",
            "time":"17.10.2020 14:22:59",
            "turn-index":9,
            "utterance":"こういう役回りはお前に向いていると思うんだよ"
        },
        {
            "speaker":"S",
            "time":"17.10.2020 14:23:00",
            "turn-index":10,
            "utterance":"前回は誰が幹事やられたんですか？"
        },
        {
            "speaker":"U",
            "time":"17.10.2020 14:23:38",
            "turn-index":11,
            "utterance":"3年前は俺がやった"
        },
        {
            "speaker":"S",
            "time":"17.10.2020 14:23:39",
            "turn-index":12,
            "utterance":"あー。お疲れ様です 😇 全部一人でやられたんですかね。"
        },
        {
            "speaker":"U",
            "time":"17.10.2020 14:23:58",
            "turn-index":13,
            "utterance":"そうだけど、先輩にいろいろ聞きながらね"
        },
        {
            "speaker":"S",
            "time":"17.10.2020 14:23:58",
            "turn-index":14,
            "utterance":"日程とかどうやって決めたんですか？"
        },
        {
            "speaker":"U",
            "time":"17.10.2020 14:24:30",
            "turn-index":15,
            "utterance":"みんなに休みの日を聞いて、それをまとめた感じ"
        },
        {
            "speaker":"S",
            "time":"17.10.2020 14:24:30",
            "turn-index":16,
            "utterance":"なるほどぉ"
        },
        {
            "speaker":"U",
            "time":"17.10.2020 14:24:51",
            "turn-index":17,
            "utterance":"いろいろ忙しいと思うけど、どうかな"
        },
        {
            "speaker":"S",
            "time":"17.10.2020 14:24:52",
            "turn-index":18,
            "utterance":"自分ちょっと候補日少なくなっちゃいそうなので、山田か田中とか適任な気がします。ちなみに、佐藤は先輩の会社落ちて就活留年したらしいです。"
        },
        {
            "speaker":"U",
            "time":"17.10.2020 14:25:26",
            "turn-index":19,
            "utterance":"そいつらだとちょっと心配なんだよね"
        },
        {
            "speaker":"S",
            "time":"17.10.2020 14:25:26",
            "turn-index":20,
            "utterance":"自分、今結構いっぱいいっぱいで、、すみません。自分に合わせてもらって参加者少なくなったらやなので 🙇‍♂️"
        },
        {
            "speaker":"U",
            "time":"17.10.2020 14:26:03",
            "turn-index":21,
            "utterance":"もちろん、お前の都合のいい日優先でいいよ"
        },
        {
            "speaker":"S",
            "time":"17.10.2020 14:26:04",
            "turn-index":22,
            "utterance":"そんなに自分やった方がいいですかね？ 🤔"
        },
        {
            "speaker":"U",
            "time":"17.10.2020 14:26:25",
            "turn-index":23,
            "utterance":"お前がやったほうがみんな絶対喜ぶって"
        },
        {
            "speaker":"S",
            "time":"17.10.2020 14:26:26",
            "turn-index":24,
            "utterance":"サポート自分がするので、山田か田中に幹事のこと自分から頼んでみる形じゃ駄目でしょうか？"
        },
        {
            "speaker":"U",
            "time":"17.10.2020 14:26:51",
            "turn-index":25,
            "utterance":"それなら山田と田中にサポートしてもらったら"
        },
        {
            "speaker":"S",
            "time":"17.10.2020 14:26:52",
            "turn-index":26,
            "utterance":"う〜ん。。。"
        },
        {
            "speaker":"U",
            "time":"17.10.2020 14:27:50",
            "turn-index":27,
            "utterance":"いろいろ大変だけど、お前の将来のためにもなるから"
        },
        {
            "speaker":"S",
            "time":"17.10.2020 14:27:51",
            "turn-index":28,
            "utterance":"先輩そんな強引な人でしたっけ？？ 😳 ドッキリですか？w"
        },
        {
            "speaker":"U",
            "time":"17.10.2020 14:28:16",
            "turn-index":29,
            "utterance":"本気だって、頼むよ"
        },
        {
            "speaker":"S",
            "time":"17.10.2020 14:28:17",
            "turn-index":30,
            "utterance":"えでも、ほんとにそれぞれの代で幹事決めた方が周りの協力体制もうまくいくと思います 🙇‍♂️"
        }
    ]
}