{
    "dialogue-id":"RSL_06",
    "group-id":"",
    "speaker-id":"rsl2020",
    "turns":[
        {
            "speaker":"S",
            "time":"17.10.2020 15:11:53",
            "turn-index":0,
            "utterance":"唐突ですね^^; なんですか？"
        },
        {
            "speaker":"U",
            "time":"17.10.2020 15:12:22",
            "turn-index":1,
            "utterance":"最近同窓会あった？"
        },
        {
            "speaker":"S",
            "time":"17.10.2020 15:12:23",
            "turn-index":2,
            "utterance":"いいですねえ。前回は自分行けてないんですけど、どんな感じだったんですか？"
        },
        {
            "speaker":"U",
            "time":"17.10.2020 15:13:07",
            "turn-index":3,
            "utterance":"自分も行けなかったんだ！そろそろ開かない？"
        },
        {
            "speaker":"S",
            "time":"17.10.2020 15:13:08",
            "turn-index":4,
            "utterance":"どれくらい人集まったとか"
        },
        {
            "speaker":"U",
            "time":"17.10.2020 15:13:54",
            "turn-index":5,
            "utterance":"あまり集まらなかったらしいよ！だから行きたい人多いと思うし。"
        },
        {
            "speaker":"S",
            "time":"17.10.2020 15:13:55",
            "turn-index":6,
            "utterance":"なるほどぉ。幹事の人大変そうですね 😅"
        },
        {
            "speaker":"U",
            "time":"17.10.2020 15:14:25",
            "turn-index":7,
            "utterance":"そうだね。で，幹事頼めないかな？"
        },
        {
            "speaker":"S",
            "time":"17.10.2020 15:14:25",
            "turn-index":8,
            "utterance":"なんでしょう"
        },
        {
            "speaker":"U",
            "time":"17.10.2020 15:14:58",
            "turn-index":9,
            "utterance":"同窓会の幹事！"
        },
        {
            "speaker":"S",
            "time":"17.10.2020 15:14:59",
            "turn-index":10,
            "utterance":"なんでしょう"
        },
        {
            "speaker":"U",
            "time":"17.10.2020 15:15:10",
            "turn-index":11,
            "utterance":"お願い！"
        },
        {
            "speaker":"S",
            "time":"17.10.2020 15:15:11",
            "turn-index":12,
            "utterance":"なんでしょう"
        },
        {
            "speaker":"U",
            "time":"17.10.2020 15:15:26",
            "turn-index":13,
            "utterance":"スルーしようとしてる？"
        },
        {
            "speaker":"S",
            "time":"17.10.2020 15:15:26",
            "turn-index":14,
            "utterance":"なんでしょう"
        },
        {
            "speaker":"U",
            "time":"17.10.2020 15:15:37",
            "turn-index":15,
            "utterance":"お願いします！"
        },
        {
            "speaker":"S",
            "time":"17.10.2020 15:15:37",
            "turn-index":16,
            "utterance":"なんでしょう"
        },
        {
            "speaker":"U",
            "time":"17.10.2020 15:15:45",
            "turn-index":17,
            "utterance":"頼む！"
        },
        {
            "speaker":"S",
            "time":"17.10.2020 15:15:46",
            "turn-index":18,
            "utterance":"なんでしょう"
        },
        {
            "speaker":"U",
            "time":"17.10.2020 15:15:53",
            "turn-index":19,
            "utterance":"やって！"
        },
        {
            "speaker":"S",
            "time":"17.10.2020 15:15:53",
            "turn-index":20,
            "utterance":"なんでしょう"
        },
        {
            "speaker":"U",
            "time":"17.10.2020 15:16:04",
            "turn-index":21,
            "utterance":"やってほしいな！"
        },
        {
            "speaker":"S",
            "time":"17.10.2020 15:16:05",
            "turn-index":22,
            "utterance":"なんでしょう"
        },
        {
            "speaker":"U",
            "time":"17.10.2020 15:16:11",
            "turn-index":23,
            "utterance":"やれ！"
        },
        {
            "speaker":"S",
            "time":"17.10.2020 15:16:11",
            "turn-index":24,
            "utterance":"なんでしょう"
        },
        {
            "speaker":"U",
            "time":"17.10.2020 15:16:23",
            "turn-index":25,
            "utterance":"先輩命令！"
        },
        {
            "speaker":"S",
            "time":"17.10.2020 15:16:23",
            "turn-index":26,
            "utterance":"なんでしょう"
        },
        {
            "speaker":"U",
            "time":"17.10.2020 15:16:44",
            "turn-index":27,
            "utterance":"あくまでスルーする気か？"
        },
        {
            "speaker":"S",
            "time":"17.10.2020 15:16:44",
            "turn-index":28,
            "utterance":"なんでしょう"
        },
        {
            "speaker":"U",
            "time":"17.10.2020 15:16:58",
            "turn-index":29,
            "utterance":"君しかいない！"
        },
        {
            "speaker":"S",
            "time":"17.10.2020 15:17:00",
            "turn-index":30,
            "utterance":"なんでしょう"
        }
    ]
}