{
    "dialogue-id":"RSL_31",
    "group-id":"",
    "speaker-id":"rsl2020",
    "turns":[
        {
            "speaker":"S",
            "time":"17.10.2020 15:28:48",
            "turn-index":0,
            "utterance":"唐突ですね^^; なんですか？"
        },
        {
            "speaker":"U",
            "time":"17.10.2020 15:29:10",
            "turn-index":1,
            "utterance":"悪い、今年のサークルの同窓会の幹事頼みたくて"
        },
        {
            "speaker":"S",
            "time":"17.10.2020 15:29:10",
            "turn-index":2,
            "utterance":"なるほど？"
        },
        {
            "speaker":"U",
            "time":"17.10.2020 15:29:20",
            "turn-index":3,
            "utterance":"頼まれてくれないか？"
        },
        {
            "speaker":"S",
            "time":"17.10.2020 15:29:20",
            "turn-index":4,
            "utterance":"前回は自分行けてないんですけど、どんな感じだったんですか？"
        },
        {
            "speaker":"U",
            "time":"17.10.2020 15:29:33",
            "turn-index":5,
            "utterance":"かなり盛り上がったよ、結構人数いたし"
        },
        {
            "speaker":"S",
            "time":"17.10.2020 15:29:34",
            "turn-index":6,
            "utterance":"同窓会すごいいいと思うんですけど。。 🤔"
        },
        {
            "speaker":"U",
            "time":"17.10.2020 15:29:39",
            "turn-index":7,
            "utterance":"だろ？"
        },
        {
            "speaker":"S",
            "time":"17.10.2020 15:29:40",
            "turn-index":8,
            "utterance":"前回は誰が幹事やられたんですか？"
        },
        {
            "speaker":"U",
            "time":"17.10.2020 15:29:46",
            "turn-index":9,
            "utterance":"前回は俺がやった"
        },
        {
            "speaker":"S",
            "time":"17.10.2020 15:29:47",
            "turn-index":10,
            "utterance":"あー。お疲れ様です 😇 全部一人でやられたんですかね。"
        },
        {
            "speaker":"U",
            "time":"17.10.2020 15:29:55",
            "turn-index":11,
            "utterance":"いや、先輩に手伝ってもらったよ"
        },
        {
            "speaker":"S",
            "time":"17.10.2020 15:29:55",
            "turn-index":12,
            "utterance":"日程とかどうやって決めたんですか？"
        },
        {
            "speaker":"U",
            "time":"17.10.2020 15:30:28",
            "turn-index":13,
            "utterance":"日程は何人かと話して、みんな空いてそうなのはいつかな～ってかんじ"
        },
        {
            "speaker":"S",
            "time":"17.10.2020 15:30:28",
            "turn-index":14,
            "utterance":"なるほどぉ"
        },
        {
            "speaker":"U",
            "time":"17.10.2020 15:30:38",
            "turn-index":15,
            "utterance":"引き受けてくれるか？"
        },
        {
            "speaker":"S",
            "time":"17.10.2020 15:30:39",
            "turn-index":16,
            "utterance":"自分ちょっと候補日少なくなっちゃいそうなので、山田か田中とか適任な気がします。ちなみに、佐藤は先輩の会社落ちて就活留年したらしいです。"
        },
        {
            "speaker":"U",
            "time":"17.10.2020 15:31:06",
            "turn-index":17,
            "utterance":"佐藤……いや、でもお前を推したいんだよ"
        },
        {
            "speaker":"S",
            "time":"17.10.2020 15:31:06",
            "turn-index":18,
            "utterance":"自分、今結構いっぱいいっぱいで、、すみません。自分に合わせてもらって参加者少なくなったらやなので 🙇‍♂️"
        },
        {
            "speaker":"U",
            "time":"17.10.2020 15:31:19",
            "turn-index":19,
            "utterance":"いやいやみんな結構フットワーク軽いから大丈夫だって"
        },
        {
            "speaker":"S",
            "time":"17.10.2020 15:31:20",
            "turn-index":20,
            "utterance":"そんなに自分やった方がいいですかね？ 🤔"
        },
        {
            "speaker":"U",
            "time":"17.10.2020 15:31:27",
            "turn-index":21,
            "utterance":"絶対やったほうがいい"
        },
        {
            "speaker":"S",
            "time":"17.10.2020 15:31:28",
            "turn-index":22,
            "utterance":"サポート自分がするので、山田か田中に幹事のこと自分から頼んでみる形じゃ駄目でしょうか？"
        },
        {
            "speaker":"U",
            "time":"17.10.2020 15:31:54",
            "turn-index":23,
            "utterance":"実は山田と田中もお前がいいって言ってたんだよな"
        },
        {
            "speaker":"S",
            "time":"17.10.2020 15:31:54",
            "turn-index":24,
            "utterance":"う〜ん。。。"
        },
        {
            "speaker":"U",
            "time":"17.10.2020 15:32:04",
            "turn-index":25,
            "utterance":"ぜひお前にお願いしたいんだ"
        },
        {
            "speaker":"S",
            "time":"17.10.2020 15:32:04",
            "turn-index":26,
            "utterance":"先輩そんな強引な人でしたっけ？？ 😳 ドッキリですか？w"
        },
        {
            "speaker":"U",
            "time":"17.10.2020 15:32:17",
            "turn-index":27,
            "utterance":"ドッキリじゃないw"
        },
        {
            "speaker":"S",
            "time":"17.10.2020 15:32:17",
            "turn-index":28,
            "utterance":"えでも、ほんとにそれぞれの代で幹事決めた方が周りの協力体制もうまくいくと思います 🙇‍♂️"
        },
        {
            "speaker":"U",
            "time":"17.10.2020 15:32:39",
            "turn-index":29,
            "utterance":"じゃあお前たちの代はお前がやってくれるか？"
        },
        {
            "speaker":"S",
            "time":"17.10.2020 15:32:40",
            "turn-index":30,
            "utterance":"ほんとに何かあるんですか？w 😎 とりあえず、幹事はこっちの代で決める感じで良いですか？今度、佐藤と3人でご飯行きましょう！"
        }
    ]
}