{
    "dialogue-id":"RSL_40",
    "group-id":"",
    "speaker-id":"rsl2020",
    "turns":[
        {
            "speaker":"S",
            "time":"17.10.2020 18:15:48",
            "turn-index":0,
            "utterance":"唐突ですね^^; なんですか？"
        },
        {
            "speaker":"U",
            "time":"17.10.2020 18:16:44",
            "turn-index":1,
            "utterance":"今年も同窓会あるんだ"
        },
        {
            "speaker":"S",
            "time":"17.10.2020 18:16:44",
            "turn-index":2,
            "utterance":"いいですねえ。前回は自分行けてないんですけど、どんな感じだったんですか？"
        },
        {
            "speaker":"U",
            "time":"17.10.2020 18:17:12",
            "turn-index":3,
            "utterance":"めちゃくちゃ盛り上がって楽しかったよ！"
        },
        {
            "speaker":"S",
            "time":"17.10.2020 18:17:13",
            "turn-index":4,
            "utterance":"どれくらい人集まったとか"
        },
        {
            "speaker":"U",
            "time":"17.10.2020 18:17:26",
            "turn-index":5,
            "utterance":"20人くらいだったかな"
        },
        {
            "speaker":"S",
            "time":"17.10.2020 18:17:26",
            "turn-index":6,
            "utterance":"なるほどぉ。幹事の人大変そうですね 😅"
        },
        {
            "speaker":"U",
            "time":"17.10.2020 18:18:40",
            "turn-index":7,
            "utterance":"やっぱりそうなのかな、でも幹事って皆に久しぶりに連絡取れるからやってみない？"
        },
        {
            "speaker":"S",
            "time":"17.10.2020 18:18:40",
            "turn-index":8,
            "utterance":"なんでしょう"
        },
        {
            "speaker":"U",
            "time":"17.10.2020 18:19:10",
            "turn-index":9,
            "utterance":"つまり幹事を引き受けてもらえないかなって"
        },
        {
            "speaker":"S",
            "time":"17.10.2020 18:19:10",
            "turn-index":10,
            "utterance":"あぁ"
        },
        {
            "speaker":"U",
            "time":"17.10.2020 18:19:44",
            "turn-index":11,
            "utterance":"引き受けてもらえるとすごく助かる！"
        },
        {
            "speaker":"S",
            "time":"17.10.2020 18:19:44",
            "turn-index":12,
            "utterance":"前回は誰が幹事やられたんですか？"
        },
        {
            "speaker":"U",
            "time":"17.10.2020 18:20:15",
            "turn-index":13,
            "utterance":"誰だったかなぁ、お前の知ってる先輩だったよ"
        },
        {
            "speaker":"S",
            "time":"17.10.2020 18:20:15",
            "turn-index":14,
            "utterance":"鈴木さんあたりやってそうなイメージです。全部一人でやっちゃいそうですけど。。"
        },
        {
            "speaker":"U",
            "time":"17.10.2020 18:21:00",
            "turn-index":15,
            "utterance":"そうだな、やっぱり幹事のイメージは頼りがいのあるいい奴のイメージだよな"
        },
        {
            "speaker":"S",
            "time":"17.10.2020 18:21:01",
            "turn-index":16,
            "utterance":"日程とかどうやって決めたかわかりますか？"
        },
        {
            "speaker":"U",
            "time":"17.10.2020 18:21:52",
            "turn-index":17,
            "utterance":"5月の連休あたりで参加できる人数が多い日を聞いて決めたと思う"
        },
        {
            "speaker":"S",
            "time":"17.10.2020 18:21:52",
            "turn-index":18,
            "utterance":"なるほどぉ"
        },
        {
            "speaker":"U",
            "time":"17.10.2020 18:22:24",
            "turn-index":19,
            "utterance":"お前しっかりしてるから、そういうの絶対得意だよ！"
        },
        {
            "speaker":"S",
            "time":"17.10.2020 18:22:24",
            "turn-index":20,
            "utterance":"自分ちょっと候補日少なくなっちゃいそうなので、山田か田中とか適任な気がします。ちなみに、佐藤は先輩の会社落ちて就活留年したらしいです。"
        },
        {
            "speaker":"U",
            "time":"17.10.2020 18:23:30",
            "turn-index":21,
            "utterance":"そっか、佐藤大変だな。候補日少なくてもお前が参加できる日で募っちゃえばいいからさ、頼むよ。"
        },
        {
            "speaker":"S",
            "time":"17.10.2020 18:23:31",
            "turn-index":22,
            "utterance":"自分、今結構いっぱいいっぱいで、、すみません。自分に合わせてもらって参加者少なくなったらやなので 🙇‍♂️"
        },
        {
            "speaker":"U",
            "time":"17.10.2020 18:25:05",
            "turn-index":23,
            "utterance":"参加人数は毎年運みたいなとこあるから。お前に頼んだオレの責任にしてくれていいからさ。"
        },
        {
            "speaker":"S",
            "time":"17.10.2020 18:25:05",
            "turn-index":24,
            "utterance":"そんなに自分やった方がいいですかね？ 🤔"
        },
        {
            "speaker":"U",
            "time":"17.10.2020 18:25:28",
            "turn-index":25,
            "utterance":"うん、お前の株も上がると思う！"
        },
        {
            "speaker":"S",
            "time":"17.10.2020 18:25:28",
            "turn-index":26,
            "utterance":"サポート自分がするので、山田か田中に幹事のこと自分から頼んでみる形じゃ駄目でしょうか？"
        },
        {
            "speaker":"U",
            "time":"17.10.2020 18:25:55",
            "turn-index":27,
            "utterance":"山田や田中よりお前のほうが断然頼りになるんだよ。"
        },
        {
            "speaker":"S",
            "time":"17.10.2020 18:25:56",
            "turn-index":28,
            "utterance":"う〜ん。。。"
        },
        {
            "speaker":"U",
            "time":"17.10.2020 18:26:17",
            "turn-index":29,
            "utterance":"そこを何とかオレを助けると思ってお願いします！"
        },
        {
            "speaker":"S",
            "time":"17.10.2020 18:26:18",
            "turn-index":30,
            "utterance":"先輩そんな強引な人でしたっけ？？ 😳 ドッキリですか？w"
        }
    ]
}