{
    "dialogue-id":"RSL_36",
    "group-id":"",
    "speaker-id":"rsl2020",
    "turns":[
        {
            "speaker":"S",
            "time":"17.10.2020 14:27:31",
            "turn-index":0,
            "utterance":"唐突ですね^^; なんですか？"
        },
        {
            "speaker":"U",
            "time":"17.10.2020 14:28:49",
            "turn-index":1,
            "utterance":"最近急に寒くなってきたね。"
        },
        {
            "speaker":"S",
            "time":"17.10.2020 14:28:51",
            "turn-index":2,
            "utterance":"さんざん近況報告したのにw"
        },
        {
            "speaker":"U",
            "time":"17.10.2020 14:29:08",
            "turn-index":3,
            "utterance":"ごめんごめん。私は元気だよ。"
        },
        {
            "speaker":"S",
            "time":"17.10.2020 14:29:09",
            "turn-index":4,
            "utterance":"溜めますね 😅"
        },
        {
            "speaker":"U",
            "time":"17.10.2020 14:29:30",
            "turn-index":5,
            "utterance":"何か最近はまってることは？"
        },
        {
            "speaker":"S",
            "time":"17.10.2020 14:29:31",
            "turn-index":6,
            "utterance":"頼み事ってなんですか？"
        },
        {
            "speaker":"U",
            "time":"17.10.2020 14:30:10",
            "turn-index":7,
            "utterance":"う～ん、漫画を貸してくれない？"
        },
        {
            "speaker":"S",
            "time":"17.10.2020 14:30:11",
            "turn-index":8,
            "utterance":"。。。 😅"
        },
        {
            "speaker":"U",
            "time":"17.10.2020 14:30:26",
            "turn-index":9,
            "utterance":"だめかな。自分で買うよ。"
        },
        {
            "speaker":"S",
            "time":"17.10.2020 14:30:26",
            "turn-index":10,
            "utterance":"頼み事ってなんですか？ 😅"
        },
        {
            "speaker":"U",
            "time":"17.10.2020 14:31:00",
            "turn-index":11,
            "utterance":"別にないよ。毎日忙しいのかな？"
        },
        {
            "speaker":"S",
            "time":"17.10.2020 14:31:01",
            "turn-index":12,
            "utterance":"。。。 😅"
        },
        {
            "speaker":"U",
            "time":"17.10.2020 14:31:11",
            "turn-index":13,
            "utterance":"どうなの？"
        },
        {
            "speaker":"S",
            "time":"17.10.2020 14:31:12",
            "turn-index":14,
            "utterance":"頼み事ってなんですか？ 😅"
        },
        {
            "speaker":"U",
            "time":"17.10.2020 14:31:28",
            "turn-index":15,
            "utterance":"しつこいね、何かお見通しなの？"
        },
        {
            "speaker":"S",
            "time":"17.10.2020 14:31:28",
            "turn-index":16,
            "utterance":"。。。 😅"
        },
        {
            "speaker":"U",
            "time":"17.10.2020 14:31:54",
            "turn-index":17,
            "utterance":"困ったな、じゃあ逆に何か私に頼み事はないの？"
        },
        {
            "speaker":"S",
            "time":"17.10.2020 14:31:55",
            "turn-index":18,
            "utterance":"頼み事ってなんですか？ 😅"
        },
        {
            "speaker":"U",
            "time":"17.10.2020 14:32:17",
            "turn-index":19,
            "utterance":"じゃあ、ジュース買ってきてくれない？"
        },
        {
            "speaker":"S",
            "time":"17.10.2020 14:32:18",
            "turn-index":20,
            "utterance":"。。。 😅"
        },
        {
            "speaker":"U",
            "time":"17.10.2020 14:32:33",
            "turn-index":21,
            "utterance":"頼んだら黙っちゃうね。"
        },
        {
            "speaker":"S",
            "time":"17.10.2020 14:32:33",
            "turn-index":22,
            "utterance":"頼み事ってなんですか？ 😅"
        },
        {
            "speaker":"U",
            "time":"17.10.2020 14:32:55",
            "turn-index":23,
            "utterance":"何も頼まないよ。"
        },
        {
            "speaker":"S",
            "time":"17.10.2020 14:32:55",
            "turn-index":24,
            "utterance":"。。。 😅"
        },
        {
            "speaker":"U",
            "time":"17.10.2020 14:33:08",
            "turn-index":25,
            "utterance":"だって頼まれてくれないでしょ。"
        },
        {
            "speaker":"S",
            "time":"17.10.2020 14:33:08",
            "turn-index":26,
            "utterance":"頼み事ってなんですか？ 😅"
        },
        {
            "speaker":"U",
            "time":"17.10.2020 14:33:22",
            "turn-index":27,
            "utterance":"かみ合わなくて困ったな。"
        },
        {
            "speaker":"S",
            "time":"17.10.2020 14:33:22",
            "turn-index":28,
            "utterance":"。。。 😅"
        },
        {
            "speaker":"U",
            "time":"17.10.2020 14:33:34",
            "turn-index":29,
            "utterance":"また今度ご飯行こうよ。"
        },
        {
            "speaker":"S",
            "time":"17.10.2020 14:33:34",
            "turn-index":30,
            "utterance":"頼み事ってなんですか？ 😅"
        }
    ]
}