{
    "dialogue-id":"RSL_13",
    "group-id":"",
    "speaker-id":"rsl2020",
    "turns":[
        {
            "speaker":"S",
            "time":"17.10.2020 17:24:58",
            "turn-index":0,
            "utterance":"唐突ですね^^; なんですか？"
        },
        {
            "speaker":"U",
            "time":"17.10.2020 17:26:16",
            "turn-index":1,
            "utterance":"実はサークルの同窓会の幹事を頼めないかと思って…。"
        },
        {
            "speaker":"S",
            "time":"17.10.2020 17:26:17",
            "turn-index":2,
            "utterance":"なるほど？"
        },
        {
            "speaker":"U",
            "time":"17.10.2020 17:26:43",
            "turn-index":3,
            "utterance":"忙しい所悪いんだけど、お願いできないかな？"
        },
        {
            "speaker":"S",
            "time":"17.10.2020 17:26:43",
            "turn-index":4,
            "utterance":"前回は自分行けてないんですけど、どんな感じだったんですか？"
        },
        {
            "speaker":"U",
            "time":"17.10.2020 17:27:16",
            "turn-index":5,
            "utterance":"居酒屋で2時間飲み放題って感じかな・"
        },
        {
            "speaker":"S",
            "time":"17.10.2020 17:27:16",
            "turn-index":6,
            "utterance":"同窓会すごいいいと思うんですけど。。 🤔"
        },
        {
            "speaker":"U",
            "time":"17.10.2020 17:27:37",
            "turn-index":7,
            "utterance":"なんか用事でもあるの？"
        },
        {
            "speaker":"S",
            "time":"17.10.2020 17:27:38",
            "turn-index":8,
            "utterance":"前回は誰が幹事やられたんですか？"
        },
        {
            "speaker":"U",
            "time":"17.10.2020 17:29:08",
            "turn-index":9,
            "utterance":"前回は、卒業生の中で卒業生とも仲良くやってる感じの子だったよ。"
        },
        {
            "speaker":"S",
            "time":"17.10.2020 17:29:09",
            "turn-index":10,
            "utterance":"あー、卒業生さんかあ。確かに適任ですね。全部一人でやられたんですかね。"
        },
        {
            "speaker":"U",
            "time":"17.10.2020 17:29:35",
            "turn-index":11,
            "utterance":"先輩が手伝ったと思う。"
        },
        {
            "speaker":"S",
            "time":"17.10.2020 17:29:35",
            "turn-index":12,
            "utterance":"日程とかどうやって決めたかわかりますか？"
        },
        {
            "speaker":"U",
            "time":"17.10.2020 17:30:40",
            "turn-index":13,
            "utterance":"だいたいの予定を聞いて、幹事が出席できる日を選んだんじゃないかな"
        },
        {
            "speaker":"S",
            "time":"17.10.2020 17:30:41",
            "turn-index":14,
            "utterance":"なるほどぉ"
        },
        {
            "speaker":"U",
            "time":"17.10.2020 17:31:08",
            "turn-index":15,
            "utterance":"自分も手伝うし、幹事やってくれないかな？"
        },
        {
            "speaker":"S",
            "time":"17.10.2020 17:31:09",
            "turn-index":16,
            "utterance":"自分ちょっと候補日少なくなっちゃいそうなので、山田か田中とか適任な気がします。ちなみに、佐藤は先輩の会社落ちて就活留年したらしいです。"
        },
        {
            "speaker":"U",
            "time":"17.10.2020 17:31:57",
            "turn-index":17,
            "utterance":"候補日に合わせるよ。山田とか田中より適任だと思うし。"
        },
        {
            "speaker":"S",
            "time":"17.10.2020 17:31:57",
            "turn-index":18,
            "utterance":"自分、今結構いっぱいいっぱいで、、すみません。自分に合わせてもらって参加者少なくなったらやなので 🙇‍♂️"
        },
        {
            "speaker":"U",
            "time":"17.10.2020 17:32:22",
            "turn-index":19,
            "utterance":"そんなことないとおもうけどなあ。"
        },
        {
            "speaker":"S",
            "time":"17.10.2020 17:32:23",
            "turn-index":20,
            "utterance":"そんなに自分やった方がいいですかね？ 🤔"
        },
        {
            "speaker":"U",
            "time":"17.10.2020 17:32:56",
            "turn-index":21,
            "utterance":"自分としては頼みやすいし、しっかりやってくれそうだし。"
        },
        {
            "speaker":"S",
            "time":"17.10.2020 17:32:56",
            "turn-index":22,
            "utterance":"サポート自分がするので、山田か田中に幹事のこと自分から頼んでみる形じゃ駄目でしょうか？"
        },
        {
            "speaker":"U",
            "time":"17.10.2020 17:33:36",
            "turn-index":23,
            "utterance":"山田か田中やってくれるかな？"
        },
        {
            "speaker":"S",
            "time":"17.10.2020 17:33:36",
            "turn-index":24,
            "utterance":"う〜ん。。。"
        },
        {
            "speaker":"U",
            "time":"17.10.2020 17:34:08",
            "turn-index":25,
            "utterance":"山田と田中にサポートお願いして、幹事やってくれないかな？"
        },
        {
            "speaker":"S",
            "time":"17.10.2020 17:34:09",
            "turn-index":26,
            "utterance":"先輩そんな強引な人でしたっけ？？ 😳 ドッキリですか？w"
        },
        {
            "speaker":"U",
            "time":"17.10.2020 17:34:55",
            "turn-index":27,
            "utterance":"他に頼れる人いなくて😓"
        },
        {
            "speaker":"S",
            "time":"17.10.2020 17:34:56",
            "turn-index":28,
            "utterance":"えでも、ほんとにそれぞれの代で幹事決めた方が周りの協力体制もうまくいくと思います 🙇‍♂️"
        },
        {
            "speaker":"U",
            "time":"17.10.2020 17:36:33",
            "turn-index":29,
            "utterance":"なんとかお願いできない？"
        },
        {
            "speaker":"S",
            "time":"17.10.2020 17:36:34",
            "turn-index":30,
            "utterance":"ほんとに何かあるんですか？w 😎 とりあえず、幹事はこっちの代で決める感じで良いですか？今度、佐藤と3人でご飯行きましょう！"
        }
    ]
}