{
    "dialogue-id":"MM2_32",
    "group-id":"",
    "speaker-id":"MMI2020",
    "turns":[
        {
            "speaker":"S",
            "time":"18.10.2020 20:15:17",
            "turn-index":0,
            "utterance":"こんにちは、健康管理を補助するボットです！対話を始めましょう！"
        },
        {
            "speaker":"U",
            "time":"18.10.2020 20:24:47",
            "turn-index":1,
            "utterance":"こんにちは。健康診断の結果をもらったところヘモグロビンが不足しているとのことだったのですが、ヘモグロビンとは何ですか？"
        },
        {
            "speaker":"S",
            "time":"18.10.2020 20:24:48",
            "turn-index":2,
            "utterance":"最近秋ですね！秋といえば「食欲の秋」ですね！"
        },
        {
            "speaker":"U",
            "time":"18.10.2020 20:25:31",
            "turn-index":3,
            "utterance":"そうですね。涼しくなってきて食欲が出てきました。ヘモグロビンと食欲は関係あるんでしょうか？"
        },
        {
            "speaker":"S",
            "time":"18.10.2020 20:25:35",
            "turn-index":4,
            "utterance":"自炊していらっしゃるんですね！すごいです！"
        },
        {
            "speaker":"U",
            "time":"18.10.2020 20:26:08",
            "turn-index":5,
            "utterance":"自炊はたまにしますがいつもではないです。"
        },
        {
            "speaker":"S",
            "time":"18.10.2020 20:26:11",
            "turn-index":6,
            "utterance":"食べ物が美味しいからですもんね、でも食べ過ぎには気をつけないと。笑"
        },
        {
            "speaker":"U",
            "time":"18.10.2020 20:26:45",
            "turn-index":7,
            "utterance":"食べ過ぎるとヘモグロビンの値に影響がありますか？"
        },
        {
            "speaker":"S",
            "time":"18.10.2020 20:26:50",
            "turn-index":8,
            "utterance":"涼しいですしなにかスポーツがしてみたいですね！"
        },
        {
            "speaker":"U",
            "time":"18.10.2020 20:27:27",
            "turn-index":9,
            "utterance":"私はジョギングを週末にして運動不足を解消するようにしています。"
        },
        {
            "speaker":"S",
            "time":"18.10.2020 20:27:29",
            "turn-index":10,
            "utterance":"好きなもの食べるとストレスの解消にもなり、グッスリ眠れますね〜"
        },
        {
            "speaker":"U",
            "time":"18.10.2020 20:27:48",
            "turn-index":11,
            "utterance":"そうですね。ところでヘモグロビンってご存じですか？"
        },
        {
            "speaker":"S",
            "time":"18.10.2020 20:27:50",
            "turn-index":12,
            "utterance":"運動していたらしっかり布団で寝て疲れを取ることが重要ですね！"
        },
        {
            "speaker":"U",
            "time":"18.10.2020 20:29:22",
            "turn-index":13,
            "utterance":"それは確かにそうですね。運動すると夜はしっかり睡眠がとれます。"
        },
        {
            "speaker":"S",
            "time":"18.10.2020 20:29:23",
            "turn-index":14,
            "utterance":"食べることは幸せですよね、何が一番好きですか？"
        },
        {
            "speaker":"U",
            "time":"18.10.2020 20:30:04",
            "turn-index":15,
            "utterance":"私は肉が好きです。食べると言えばタンパク質が体の働きに重要ですよね。"
        },
        {
            "speaker":"S",
            "time":"18.10.2020 20:30:05",
            "turn-index":16,
            "utterance":"あまり寝れていないのですか？体調が心配ですね、大丈夫ですか？"
        },
        {
            "speaker":"U",
            "time":"18.10.2020 20:31:09",
            "turn-index":17,
            "utterance":"ありがとうございます。睡眠はしっかりとれてます。タンパク質を効果的に摂取したいんですが、何を食べるといいでしょう？"
        },
        {
            "speaker":"S",
            "time":"18.10.2020 20:31:10",
            "turn-index":18,
            "utterance":"何かしたいスポーツがあったりしますか？"
        },
        {
            "speaker":"U",
            "time":"18.10.2020 20:32:09",
            "turn-index":19,
            "utterance":"ジョギングはしてますが、野球もしてみたいですね。"
        },
        {
            "speaker":"S",
            "time":"18.10.2020 20:32:09",
            "turn-index":20,
            "utterance":"せっかくの秋ですからスポーツがしたくなりますね。"
        },
        {
            "speaker":"U",
            "time":"18.10.2020 20:33:02",
            "turn-index":21,
            "utterance":"そうですね。ところでタンパク質が多く含まれる食品はご存じですか？"
        },
        {
            "speaker":"S",
            "time":"18.10.2020 20:33:03",
            "turn-index":22,
            "utterance":"外食とかの繰り返しだとスポーツをしないとですね、何かやられていますか？"
        },
        {
            "speaker":"U",
            "time":"18.10.2020 20:33:16",
            "turn-index":23,
            "utterance":"ジョギングをしてますよ。"
        },
        {
            "speaker":"S",
            "time":"18.10.2020 20:33:17",
            "turn-index":24,
            "utterance":"早めに寝て、ちゃんと布団で寝ることが健康の基本です！"
        },
        {
            "speaker":"U",
            "time":"18.10.2020 20:34:43",
            "turn-index":25,
            "utterance":"それはそうですが、しっかり食べることも必要ですね。"
        },
        {
            "speaker":"S",
            "time":"18.10.2020 20:34:44",
            "turn-index":26,
            "utterance":"夜更かし気味なんですね、体調には気をつけてください。笑"
        },
        {
            "speaker":"U",
            "time":"18.10.2020 20:35:03",
            "turn-index":27,
            "utterance":"わかりました。体調には気を付けます。"
        },
        {
            "speaker":"S",
            "time":"18.10.2020 20:35:05",
            "turn-index":28,
            "utterance":"日によってはまだ暑かったりしますが、毎日ちゃんと食べられていますか？"
        },
        {
            "speaker":"U",
            "time":"18.10.2020 20:35:41",
            "turn-index":29,
            "utterance":"毎日朝昼晩と食べてますよ。"
        },
        {
            "speaker":"S",
            "time":"18.10.2020 20:35:42",
            "turn-index":30,
            "utterance":"いろいろお話できて楽しかったです！"
        }
    ]
}