{
    "dialogue-id":"MM2_12",
    "group-id":"",
    "speaker-id":"MMI2020",
    "turns":[
        {
            "speaker":"S",
            "time":"19.10.2020 01:12:21",
            "turn-index":0,
            "utterance":"こんにちは、健康管理を補助するボットです！対話を始めましょう！"
        },
        {
            "speaker":"U",
            "time":"19.10.2020 01:13:42",
            "turn-index":1,
            "utterance":"ビットコインを知っていますか？"
        },
        {
            "speaker":"S",
            "time":"19.10.2020 01:13:43",
            "turn-index":2,
            "utterance":"最近秋ですね！秋といえば「食欲の秋」ですね！"
        },
        {
            "speaker":"U",
            "time":"19.10.2020 01:14:43",
            "turn-index":3,
            "utterance":"ところが僕は、投資に失敗して食欲がありません。"
        },
        {
            "speaker":"S",
            "time":"19.10.2020 01:14:44",
            "turn-index":4,
            "utterance":"食べ物が美味しいからですもんね、でも食べ過ぎには気をつけないと。笑"
        },
        {
            "speaker":"U",
            "time":"19.10.2020 01:15:12",
            "turn-index":5,
            "utterance":"幸か不幸か、そうなっていないです。"
        },
        {
            "speaker":"S",
            "time":"19.10.2020 01:15:12",
            "turn-index":6,
            "utterance":"涼しいですしなにかスポーツがしてみたいですね！"
        },
        {
            "speaker":"U",
            "time":"19.10.2020 01:15:54",
            "turn-index":7,
            "utterance":"ビットコインで損失を出したので、気分を変える意味でもいいですね。"
        },
        {
            "speaker":"S",
            "time":"19.10.2020 01:15:55",
            "turn-index":8,
            "utterance":"自炊していらっしゃるんですね！すごいです！"
        },
        {
            "speaker":"U",
            "time":"19.10.2020 01:16:28",
            "turn-index":9,
            "utterance":"自炊はしていますが、特にすごくはないです。"
        },
        {
            "speaker":"S",
            "time":"19.10.2020 01:16:29",
            "turn-index":10,
            "utterance":"好きなもの食べるとストレスの解消にもなり、グッスリ眠れますね〜"
        },
        {
            "speaker":"U",
            "time":"19.10.2020 01:17:54",
            "turn-index":11,
            "utterance":"確かに、そうすれば、ビットコインの損失は忘れることができるかもしれないですね。"
        },
        {
            "speaker":"S",
            "time":"19.10.2020 01:17:55",
            "turn-index":12,
            "utterance":"何かしたいスポーツがあったりしますか？"
        },
        {
            "speaker":"U",
            "time":"19.10.2020 01:19:02",
            "turn-index":13,
            "utterance":"今はインターネットばかりしていて、スポーツは特にしたいものがありません。"
        },
        {
            "speaker":"S",
            "time":"19.10.2020 01:19:03",
            "turn-index":14,
            "utterance":"運動していたらしっかり布団で寝て疲れを取ることが重要ですね！"
        },
        {
            "speaker":"U",
            "time":"19.10.2020 01:20:16",
            "turn-index":15,
            "utterance":"確かにスポーツは体が疲れますが、インターネットのし過ぎは気持ちが疲れますね。"
        },
        {
            "speaker":"S",
            "time":"19.10.2020 01:20:17",
            "turn-index":16,
            "utterance":"あまり寝れていないのですか？体調が心配ですね、大丈夫ですか？"
        },
        {
            "speaker":"U",
            "time":"19.10.2020 01:21:34",
            "turn-index":17,
            "utterance":"ぐっすり寝れていないので、確かに心配です。"
        },
        {
            "speaker":"S",
            "time":"19.10.2020 01:21:36",
            "turn-index":18,
            "utterance":"食べることは幸せですよね、何が一番好きですか？"
        },
        {
            "speaker":"U",
            "time":"19.10.2020 01:22:03",
            "turn-index":19,
            "utterance":"揚げ物は好きですね。"
        },
        {
            "speaker":"S",
            "time":"19.10.2020 01:22:05",
            "turn-index":20,
            "utterance":"外食とかの繰り返しだとスポーツをしないとですね、何かやられていますか？"
        },
        {
            "speaker":"U",
            "time":"19.10.2020 01:23:59",
            "turn-index":21,
            "utterance":"インターネットを利用してビットコイン投資で神経を使っていたので、運動は何もしていません。"
        },
        {
            "speaker":"S",
            "time":"19.10.2020 01:24:01",
            "turn-index":22,
            "utterance":"早めに寝て、ちゃんと布団で寝ることが健康の基本です！"
        },
        {
            "speaker":"U",
            "time":"19.10.2020 01:24:23",
            "turn-index":23,
            "utterance":"それはその通りですね。"
        },
        {
            "speaker":"S",
            "time":"19.10.2020 01:24:25",
            "turn-index":24,
            "utterance":"夜更かし気味なんですね、体調には気をつけてください。笑"
        },
        {
            "speaker":"U",
            "time":"19.10.2020 01:25:07",
            "turn-index":25,
            "utterance":"投資のことが心配で、確かに夜更かしの日々でした。"
        },
        {
            "speaker":"S",
            "time":"19.10.2020 01:25:10",
            "turn-index":26,
            "utterance":"布団に入る時間が遅いとかはないですか？"
        },
        {
            "speaker":"U",
            "time":"19.10.2020 01:25:59",
            "turn-index":27,
            "utterance":"遅くなっていますね。"
        },
        {
            "speaker":"S",
            "time":"19.10.2020 01:26:02",
            "turn-index":28,
            "utterance":"日によってはまだ暑かったりしますが、毎日ちゃんと食べられていますか？"
        },
        {
            "speaker":"U",
            "time":"19.10.2020 01:26:21",
            "turn-index":29,
            "utterance":"あまり食欲はありません。"
        },
        {
            "speaker":"S",
            "time":"19.10.2020 01:26:21",
            "turn-index":30,
            "utterance":"いろいろお話できて楽しかったです！"
        }
    ]
}