{
    "dialogue-id":"MM2_27",
    "group-id":"",
    "speaker-id":"MMI2020",
    "turns":[
        {
            "speaker":"S",
            "time":"18.10.2020 23:00:59",
            "turn-index":0,
            "utterance":"こんにちは、健康管理を補助するボットです！対話を始めましょう！"
        },
        {
            "speaker":"U",
            "time":"18.10.2020 23:01:16",
            "turn-index":1,
            "utterance":"こんにちは。"
        },
        {
            "speaker":"S",
            "time":"18.10.2020 23:01:16",
            "turn-index":2,
            "utterance":"最近秋ですね！秋といえば「食欲の秋」ですね！"
        },
        {
            "speaker":"U",
            "time":"18.10.2020 23:03:25",
            "turn-index":3,
            "utterance":"そうですね。美味しいものがたくさんあります。私はよく大泉洋のグルメ番組を見ています。北海道ははおいしいものがいっぱいありますよ"
        },
        {
            "speaker":"S",
            "time":"18.10.2020 23:03:26",
            "turn-index":4,
            "utterance":"食べ物が美味しいからですもんね、でも食べ過ぎには気をつけないと。笑"
        },
        {
            "speaker":"U",
            "time":"18.10.2020 23:04:10",
            "turn-index":5,
            "utterance":"はい、私も一時期脂肪肝と言われたので気をつけてます。"
        },
        {
            "speaker":"S",
            "time":"18.10.2020 23:04:11",
            "turn-index":6,
            "utterance":"自炊していらっしゃるんですね！すごいです！"
        },
        {
            "speaker":"U",
            "time":"18.10.2020 23:04:38",
            "turn-index":7,
            "utterance":"ところで、水曜どうでしょうという番組をしってますか？"
        },
        {
            "speaker":"S",
            "time":"18.10.2020 23:04:38",
            "turn-index":8,
            "utterance":"涼しいですしなにかスポーツがしてみたいですね！"
        },
        {
            "speaker":"U",
            "time":"18.10.2020 23:05:13",
            "turn-index":9,
            "utterance":"得意なスポーツはなんですか？"
        },
        {
            "speaker":"S",
            "time":"18.10.2020 23:05:14",
            "turn-index":10,
            "utterance":"好きなもの食べるとストレスの解消にもなり、グッスリ眠れますね〜"
        },
        {
            "speaker":"U",
            "time":"18.10.2020 23:05:37",
            "turn-index":11,
            "utterance":"どんな食べ物がすきですか？"
        },
        {
            "speaker":"S",
            "time":"18.10.2020 23:05:38",
            "turn-index":12,
            "utterance":"何かしたいスポーツがあったりしますか？"
        },
        {
            "speaker":"U",
            "time":"18.10.2020 23:05:52",
            "turn-index":13,
            "utterance":"ゴルフですかね"
        },
        {
            "speaker":"S",
            "time":"18.10.2020 23:05:53",
            "turn-index":14,
            "utterance":"食べることは幸せですよね、何が一番好きですか？"
        },
        {
            "speaker":"U",
            "time":"18.10.2020 23:06:10",
            "turn-index":15,
            "utterance":"から揚げが好きです。"
        },
        {
            "speaker":"S",
            "time":"18.10.2020 23:06:11",
            "turn-index":16,
            "utterance":"運動していたらしっかり布団で寝て疲れを取ることが重要ですね！"
        },
        {
            "speaker":"U",
            "time":"18.10.2020 23:06:39",
            "turn-index":17,
            "utterance":"鈴井孝之って知ってますか？"
        },
        {
            "speaker":"S",
            "time":"18.10.2020 23:06:41",
            "turn-index":18,
            "utterance":"あまり寝れていないのですか？体調が心配ですね、大丈夫ですか？"
        },
        {
            "speaker":"U",
            "time":"18.10.2020 23:06:56",
            "turn-index":19,
            "utterance":"そんなこと無いですよ。"
        },
        {
            "speaker":"S",
            "time":"18.10.2020 23:06:58",
            "turn-index":20,
            "utterance":"外食とかの繰り返しだとスポーツをしないとですね、何かやられていますか？"
        },
        {
            "speaker":"U",
            "time":"18.10.2020 23:07:39",
            "turn-index":21,
            "utterance":"夏はゴルフ、冬はスノーボードです"
        },
        {
            "speaker":"S",
            "time":"18.10.2020 23:07:41",
            "turn-index":22,
            "utterance":"早めに寝て、ちゃんと布団で寝ることが健康の基本です！"
        },
        {
            "speaker":"U",
            "time":"18.10.2020 23:08:08",
            "turn-index":23,
            "utterance":"そうですね。他になにかアドバイスありますか？"
        },
        {
            "speaker":"S",
            "time":"18.10.2020 23:08:08",
            "turn-index":24,
            "utterance":"せっかくの秋ですからスポーツがしたくなりますね。"
        },
        {
            "speaker":"U",
            "time":"18.10.2020 23:08:23",
            "turn-index":25,
            "utterance":"どんなスポーツが好きですか？"
        },
        {
            "speaker":"S",
            "time":"18.10.2020 23:08:24",
            "turn-index":26,
            "utterance":"外食では普段何を食べているんですか？"
        },
        {
            "speaker":"U",
            "time":"18.10.2020 23:08:55",
            "turn-index":27,
            "utterance":"マクドナルド結構食べますね"
        },
        {
            "speaker":"S",
            "time":"18.10.2020 23:08:56",
            "turn-index":28,
            "utterance":"夜更かし気味なんですね、体調には気をつけてください。笑"
        },
        {
            "speaker":"U",
            "time":"18.10.2020 23:09:35",
            "turn-index":29,
            "utterance":"朝早い仕事なので、夜更かしはあまりしませんよ"
        },
        {
            "speaker":"S",
            "time":"18.10.2020 23:09:36",
            "turn-index":30,
            "utterance":"いろいろお話できて楽しかったです！"
        }
    ]
}