{
    "dialogue-id":"MM2_01",
    "group-id":"",
    "speaker-id":"MMI2020",
    "turns":[
        {
            "speaker":"S",
            "time":"18.10.2020 20:28:11",
            "turn-index":0,
            "utterance":"こんにちは、健康管理を補助するボットです！対話を始めましょう！"
        },
        {
            "speaker":"U",
            "time":"18.10.2020 20:29:00",
            "turn-index":1,
            "utterance":"よろしくお願いします。ところで宝塚歌劇団は好きですか？"
        },
        {
            "speaker":"S",
            "time":"18.10.2020 20:29:10",
            "turn-index":2,
            "utterance":"最近秋ですね！秋といえば「食欲の秋」ですね！"
        },
        {
            "speaker":"U",
            "time":"18.10.2020 20:29:55",
            "turn-index":3,
            "utterance":"宝塚は秋もいいですね"
        },
        {
            "speaker":"S",
            "time":"18.10.2020 20:29:56",
            "turn-index":4,
            "utterance":"食べ物が美味しいからですもんね、でも食べ過ぎには気をつけないと。笑"
        },
        {
            "speaker":"U",
            "time":"18.10.2020 20:30:20",
            "turn-index":5,
            "utterance":"今ダイエットをしています"
        },
        {
            "speaker":"S",
            "time":"18.10.2020 20:30:21",
            "turn-index":6,
            "utterance":"涼しいですしなにかスポーツがしてみたいですね！"
        },
        {
            "speaker":"U",
            "time":"18.10.2020 20:30:40",
            "turn-index":7,
            "utterance":"ウォーキングをしていますよ"
        },
        {
            "speaker":"S",
            "time":"18.10.2020 20:30:40",
            "turn-index":8,
            "utterance":"自炊していらっしゃるんですね！すごいです！"
        },
        {
            "speaker":"U",
            "time":"18.10.2020 20:30:57",
            "turn-index":9,
            "utterance":"米ぐらいは炊けないとね"
        },
        {
            "speaker":"S",
            "time":"18.10.2020 20:30:58",
            "turn-index":10,
            "utterance":"好きなもの食べるとストレスの解消にもなり、グッスリ眠れますね〜"
        },
        {
            "speaker":"U",
            "time":"18.10.2020 20:31:19",
            "turn-index":11,
            "utterance":"寝すぎると太るかも"
        },
        {
            "speaker":"S",
            "time":"18.10.2020 20:31:21",
            "turn-index":12,
            "utterance":"食べることは幸せですよね、何が一番好きですか？"
        },
        {
            "speaker":"U",
            "time":"18.10.2020 20:31:34",
            "turn-index":13,
            "utterance":"すき焼きですかね"
        },
        {
            "speaker":"S",
            "time":"18.10.2020 20:31:35",
            "turn-index":14,
            "utterance":"あまり寝れていないのですか？体調が心配ですね、大丈夫ですか？"
        },
        {
            "speaker":"U",
            "time":"18.10.2020 20:32:37",
            "turn-index":15,
            "utterance":"心配なので厳島神社へお参りに行きました"
        },
        {
            "speaker":"S",
            "time":"18.10.2020 20:32:38",
            "turn-index":16,
            "utterance":"運動していたらしっかり布団で寝て疲れを取ることが重要ですね！"
        },
        {
            "speaker":"U",
            "time":"18.10.2020 20:33:01",
            "turn-index":17,
            "utterance":"ぐっすり寝れるといいんですが"
        },
        {
            "speaker":"S",
            "time":"18.10.2020 20:33:02",
            "turn-index":18,
            "utterance":"何かしたいスポーツがあったりしますか？"
        },
        {
            "speaker":"U",
            "time":"18.10.2020 20:33:30",
            "turn-index":19,
            "utterance":"宮島に行ってウォーキングをしてきました"
        },
        {
            "speaker":"S",
            "time":"18.10.2020 20:33:31",
            "turn-index":20,
            "utterance":"外食とかの繰り返しだとスポーツをしないとですね、何かやられていますか？"
        },
        {
            "speaker":"U",
            "time":"18.10.2020 20:34:04",
            "turn-index":21,
            "utterance":"スポーツはなかなか続きませんね"
        },
        {
            "speaker":"S",
            "time":"18.10.2020 20:34:06",
            "turn-index":22,
            "utterance":"夜更かし気味なんですね、体調には気をつけてください。笑"
        },
        {
            "speaker":"U",
            "time":"18.10.2020 20:34:43",
            "turn-index":23,
            "utterance":"早寝早起きは3文の得とかね"
        },
        {
            "speaker":"S",
            "time":"18.10.2020 20:34:46",
            "turn-index":24,
            "utterance":"早めに寝て、ちゃんと布団で寝ることが健康の基本です！"
        },
        {
            "speaker":"U",
            "time":"18.10.2020 20:35:04",
            "turn-index":25,
            "utterance":"秋なので布団が恋しい"
        },
        {
            "speaker":"S",
            "time":"18.10.2020 20:35:07",
            "turn-index":26,
            "utterance":"これまで何かスポーツとかしていたんですか？"
        },
        {
            "speaker":"U",
            "time":"18.10.2020 20:35:18",
            "turn-index":27,
            "utterance":"柔道です"
        },
        {
            "speaker":"S",
            "time":"18.10.2020 20:35:20",
            "turn-index":28,
            "utterance":"日によってはまだ暑かったりしますが、毎日ちゃんと食べられていますか？"
        },
        {
            "speaker":"U",
            "time":"18.10.2020 20:35:40",
            "turn-index":29,
            "utterance":"秋は何を食べても美味しい"
        },
        {
            "speaker":"S",
            "time":"18.10.2020 20:35:41",
            "turn-index":30,
            "utterance":"いろいろお話できて楽しかったです！"
        }
    ]
}