{
    "dialogue-id":"MM2_33",
    "group-id":"",
    "speaker-id":"MMI2020",
    "turns":[
        {
            "speaker":"S",
            "time":"18.10.2020 21:43:13",
            "turn-index":0,
            "utterance":"こんにちは、健康管理を補助するボットです！対話を始めましょう！"
        },
        {
            "speaker":"U",
            "time":"18.10.2020 21:43:37",
            "turn-index":1,
            "utterance":"こんにちは、マンモスについてお話ししましょう"
        },
        {
            "speaker":"S",
            "time":"18.10.2020 21:43:38",
            "turn-index":2,
            "utterance":"最近秋ですね！秋といえば「食欲の秋」ですね！"
        },
        {
            "speaker":"U",
            "time":"18.10.2020 21:43:44",
            "turn-index":3,
            "utterance":"そうですね"
        },
        {
            "speaker":"S",
            "time":"18.10.2020 21:43:45",
            "turn-index":4,
            "utterance":"食べ物が美味しいからですもんね、でも食べ過ぎには気をつけないと。笑"
        },
        {
            "speaker":"U",
            "time":"18.10.2020 21:44:01",
            "turn-index":5,
            "utterance":"マンモスには興味がないですか？"
        },
        {
            "speaker":"S",
            "time":"18.10.2020 21:44:02",
            "turn-index":6,
            "utterance":"涼しいですしなにかスポーツがしてみたいですね！"
        },
        {
            "speaker":"U",
            "time":"18.10.2020 21:44:17",
            "turn-index":7,
            "utterance":"スポーツもいいですね。マンモスもいいですよ。"
        },
        {
            "speaker":"S",
            "time":"18.10.2020 21:44:18",
            "turn-index":8,
            "utterance":"自炊していらっしゃるんですね！すごいです！"
        },
        {
            "speaker":"U",
            "time":"18.10.2020 21:44:26",
            "turn-index":9,
            "utterance":"自炊はしてないです。"
        },
        {
            "speaker":"S",
            "time":"18.10.2020 21:44:27",
            "turn-index":10,
            "utterance":"好きなもの食べるとストレスの解消にもなり、グッスリ眠れますね〜"
        },
        {
            "speaker":"U",
            "time":"18.10.2020 21:44:42",
            "turn-index":11,
            "utterance":"マンモスの話題はあまりしたくありませんか？"
        },
        {
            "speaker":"S",
            "time":"18.10.2020 21:44:43",
            "turn-index":12,
            "utterance":"運動していたらしっかり布団で寝て疲れを取ることが重要ですね！"
        },
        {
            "speaker":"U",
            "time":"18.10.2020 21:45:03",
            "turn-index":13,
            "utterance":"そうしたら、ストーンヘンジについて語りませんか？"
        },
        {
            "speaker":"S",
            "time":"18.10.2020 21:45:04",
            "turn-index":14,
            "utterance":"食べることは幸せですよね、何が一番好きですか？"
        },
        {
            "speaker":"U",
            "time":"18.10.2020 21:45:17",
            "turn-index":15,
            "utterance":"ハンバーグが好きです。"
        },
        {
            "speaker":"S",
            "time":"18.10.2020 21:45:18",
            "turn-index":16,
            "utterance":"何かしたいスポーツがあったりしますか？"
        },
        {
            "speaker":"U",
            "time":"18.10.2020 21:45:36",
            "turn-index":17,
            "utterance":"ジェットスキーがしてみたいです。"
        },
        {
            "speaker":"S",
            "time":"18.10.2020 21:45:37",
            "turn-index":18,
            "utterance":"あまり寝れていないのですか？体調が心配ですね、大丈夫ですか？"
        },
        {
            "speaker":"U",
            "time":"18.10.2020 21:45:59",
            "turn-index":19,
            "utterance":"ちゃんと寝てますが、ストーンヘンジのお話しをしませんか？"
        },
        {
            "speaker":"S",
            "time":"18.10.2020 21:46:00",
            "turn-index":20,
            "utterance":"外食とかの繰り返しだとスポーツをしないとですね、何かやられていますか？"
        },
        {
            "speaker":"U",
            "time":"18.10.2020 21:46:19",
            "turn-index":21,
            "utterance":"スポーツよりストーンヘンジのお話がしたいです。"
        },
        {
            "speaker":"S",
            "time":"18.10.2020 21:46:20",
            "turn-index":22,
            "utterance":"夜更かし気味なんですね、体調には気をつけてください。笑"
        },
        {
            "speaker":"U",
            "time":"18.10.2020 21:46:33",
            "turn-index":23,
            "utterance":"とくに夜更かししてませんが。"
        },
        {
            "speaker":"S",
            "time":"18.10.2020 21:46:34",
            "turn-index":24,
            "utterance":"早めに寝て、ちゃんと布団で寝ることが健康の基本です！"
        },
        {
            "speaker":"U",
            "time":"18.10.2020 21:46:54",
            "turn-index":25,
            "utterance":"因みにどんな食べ物が好きなのですか？"
        },
        {
            "speaker":"S",
            "time":"18.10.2020 21:46:55",
            "turn-index":26,
            "utterance":"布団に入る時間が遅いとかはないですか？"
        },
        {
            "speaker":"U",
            "time":"18.10.2020 21:47:09",
            "turn-index":27,
            "utterance":"自分の話を聞いていますか？"
        },
        {
            "speaker":"S",
            "time":"18.10.2020 21:47:11",
            "turn-index":28,
            "utterance":"日によってはまだ暑かったりしますが、毎日ちゃんと食べられていますか？"
        },
        {
            "speaker":"U",
            "time":"18.10.2020 21:47:25",
            "turn-index":29,
            "utterance":"ちゃんと食べてます。"
        },
        {
            "speaker":"S",
            "time":"18.10.2020 21:47:26",
            "turn-index":30,
            "utterance":"いろいろお話できて楽しかったです！"
        }
    ]
}