{
    "dialogue-id":"MM2_10",
    "group-id":"",
    "speaker-id":"MMI2020",
    "turns":[
        {
            "speaker":"S",
            "time":"18.10.2020 20:43:26",
            "turn-index":0,
            "utterance":"こんにちは、健康管理を補助するボットです！対話を始めましょう！"
        },
        {
            "speaker":"U",
            "time":"18.10.2020 20:44:55",
            "turn-index":1,
            "utterance":"私はウルトラセブンが好きです"
        },
        {
            "speaker":"S",
            "time":"18.10.2020 20:44:55",
            "turn-index":2,
            "utterance":"最近秋ですね！秋といえば「食欲の秋」ですね！"
        },
        {
            "speaker":"U",
            "time":"18.10.2020 20:45:26",
            "turn-index":3,
            "utterance":"食欲の話題は後にしませんか"
        },
        {
            "speaker":"S",
            "time":"18.10.2020 20:45:26",
            "turn-index":4,
            "utterance":"食べ物が美味しいからですもんね、でも食べ過ぎには気をつけないと。笑"
        },
        {
            "speaker":"U",
            "time":"18.10.2020 20:45:50",
            "turn-index":5,
            "utterance":"私はウルトラセブンの話がしたいのですが"
        },
        {
            "speaker":"S",
            "time":"18.10.2020 20:45:51",
            "turn-index":6,
            "utterance":"涼しいですしなにかスポーツがしてみたいですね！"
        },
        {
            "speaker":"U",
            "time":"18.10.2020 20:46:12",
            "turn-index":7,
            "utterance":"スポーツの話題も後にしませんか"
        },
        {
            "speaker":"S",
            "time":"18.10.2020 20:46:13",
            "turn-index":8,
            "utterance":"自炊していらっしゃるんですね！すごいです！"
        },
        {
            "speaker":"U",
            "time":"18.10.2020 20:46:29",
            "turn-index":9,
            "utterance":"自炊の話はしていませんが"
        },
        {
            "speaker":"S",
            "time":"18.10.2020 20:46:29",
            "turn-index":10,
            "utterance":"好きなもの食べるとストレスの解消にもなり、グッスリ眠れますね〜"
        },
        {
            "speaker":"U",
            "time":"18.10.2020 20:46:57",
            "turn-index":11,
            "utterance":"私はウルトラセブンの動画を見るとぐっすり眠れます"
        },
        {
            "speaker":"S",
            "time":"18.10.2020 20:46:58",
            "turn-index":12,
            "utterance":"何かしたいスポーツがあったりしますか？"
        },
        {
            "speaker":"U",
            "time":"18.10.2020 20:47:19",
            "turn-index":13,
            "utterance":"スポーツの話はしたくないので、話題を変えます"
        },
        {
            "speaker":"S",
            "time":"18.10.2020 20:47:20",
            "turn-index":14,
            "utterance":"食べることは幸せですよね、何が一番好きですか？"
        },
        {
            "speaker":"U",
            "time":"18.10.2020 20:47:43",
            "turn-index":15,
            "utterance":"ゲーム会社のカプコンを知っていますか"
        },
        {
            "speaker":"S",
            "time":"18.10.2020 20:47:44",
            "turn-index":16,
            "utterance":"運動していたらしっかり布団で寝て疲れを取ることが重要ですね！"
        },
        {
            "speaker":"U",
            "time":"18.10.2020 20:48:36",
            "turn-index":17,
            "utterance":"睡眠の話はやめましょう"
        },
        {
            "speaker":"S",
            "time":"18.10.2020 20:48:37",
            "turn-index":18,
            "utterance":"あまり寝れていないのですか？体調が心配ですね、大丈夫ですか？"
        },
        {
            "speaker":"U",
            "time":"18.10.2020 20:48:52",
            "turn-index":19,
            "utterance":"十分眠れています"
        },
        {
            "speaker":"S",
            "time":"18.10.2020 20:48:53",
            "turn-index":20,
            "utterance":"外食とかの繰り返しだとスポーツをしないとですね、何かやられていますか？"
        },
        {
            "speaker":"U",
            "time":"18.10.2020 20:49:15",
            "turn-index":21,
            "utterance":"外食の話ではなく、カプコンの話をしましょう"
        },
        {
            "speaker":"S",
            "time":"18.10.2020 20:49:16",
            "turn-index":22,
            "utterance":"外食では普段何を食べているんですか？"
        },
        {
            "speaker":"U",
            "time":"18.10.2020 20:49:40",
            "turn-index":23,
            "utterance":"外食ではうどんをよく食べますが、私はその話をしたくありません"
        },
        {
            "speaker":"S",
            "time":"18.10.2020 20:49:42",
            "turn-index":24,
            "utterance":"早めに寝て、ちゃんと布団で寝ることが健康の基本です！"
        },
        {
            "speaker":"U",
            "time":"18.10.2020 20:50:11",
            "turn-index":25,
            "utterance":"もう一度言いますが、睡眠の話はやめましょうよ"
        },
        {
            "speaker":"S",
            "time":"18.10.2020 20:50:12",
            "turn-index":26,
            "utterance":"夜更かし気味なんですね、体調には気をつけてください。笑"
        },
        {
            "speaker":"U",
            "time":"18.10.2020 20:50:26",
            "turn-index":27,
            "utterance":"話が通じていませんね"
        },
        {
            "speaker":"S",
            "time":"18.10.2020 20:50:27",
            "turn-index":28,
            "utterance":"秋といえば美味しいものってなんでしたっけ？"
        },
        {
            "speaker":"U",
            "time":"18.10.2020 20:51:06",
            "turn-index":29,
            "utterance":"会話が成立しないので、もう話したくなくなってきました"
        },
        {
            "speaker":"S",
            "time":"18.10.2020 20:51:07",
            "turn-index":30,
            "utterance":"いろいろお話できて楽しかったです！"
        }
    ]
}