{
    "dialogue-id":"MM2_15",
    "group-id":"",
    "speaker-id":"MMI2020",
    "turns":[
        {
            "speaker":"S",
            "time":"18.10.2020 21:24:59",
            "turn-index":0,
            "utterance":"こんにちは、健康管理を補助するボットです！対話を始めましょう！"
        },
        {
            "speaker":"U",
            "time":"18.10.2020 21:25:28",
            "turn-index":1,
            "utterance":"よろしくお願いします。ところであなたはインターネットをよくやりますか？"
        },
        {
            "speaker":"S",
            "time":"18.10.2020 21:25:28",
            "turn-index":2,
            "utterance":"最近秋ですね！秋といえば「食欲の秋」ですね！"
        },
        {
            "speaker":"U",
            "time":"18.10.2020 21:26:26",
            "turn-index":3,
            "utterance":"そうですよね。ところでインターネットについて語りたいんですが。"
        },
        {
            "speaker":"S",
            "time":"18.10.2020 21:26:27",
            "turn-index":4,
            "utterance":"食べ物が美味しいからですもんね、でも食べ過ぎには気をつけないと。笑"
        },
        {
            "speaker":"U",
            "time":"18.10.2020 21:27:39",
            "turn-index":5,
            "utterance":"秋はつい食べ過ぎちゃいますよね。それであなたは普段インターネットを使いますか？"
        },
        {
            "speaker":"S",
            "time":"18.10.2020 21:27:41",
            "turn-index":6,
            "utterance":"涼しいですしなにかスポーツがしてみたいですね！"
        },
        {
            "speaker":"U",
            "time":"18.10.2020 21:28:42",
            "turn-index":7,
            "utterance":"私はスポーツは苦手なんです。インドア派で普段はインターネットでニュースを見たりしてますよ。"
        },
        {
            "speaker":"S",
            "time":"18.10.2020 21:28:43",
            "turn-index":8,
            "utterance":"好きなもの食べるとストレスの解消にもなり、グッスリ眠れますね〜"
        },
        {
            "speaker":"U",
            "time":"18.10.2020 21:29:56",
            "turn-index":9,
            "utterance":"そうですよね。食べ物はストレス解消になる。でも私はインターネットもストレス解消になるんですよー。あなたはインターネット好きですか？"
        },
        {
            "speaker":"S",
            "time":"18.10.2020 21:29:57",
            "turn-index":10,
            "utterance":"自炊していらっしゃるんですね！すごいです！"
        },
        {
            "speaker":"U",
            "time":"18.10.2020 21:31:56",
            "turn-index":11,
            "utterance":"うん、でも自炊はけっこう大変ですよね。そういえば日頃の食事で、タンパク質をきちんと摂るのって難しいですよね。"
        },
        {
            "speaker":"S",
            "time":"18.10.2020 21:31:58",
            "turn-index":12,
            "utterance":"何かしたいスポーツがあったりしますか？"
        },
        {
            "speaker":"U",
            "time":"18.10.2020 21:32:36",
            "turn-index":13,
            "utterance":"スポーツは苦手なんですよ～。でも適度な運動やタンパク質を摂ることって大事ですよね。"
        },
        {
            "speaker":"S",
            "time":"18.10.2020 21:32:38",
            "turn-index":14,
            "utterance":"食べることは幸せですよね、何が一番好きですか？"
        },
        {
            "speaker":"U",
            "time":"18.10.2020 21:32:59",
            "turn-index":15,
            "utterance":"好きな食べ物はお寿司、それにステーキも大好きですよ！"
        },
        {
            "speaker":"S",
            "time":"18.10.2020 21:33:01",
            "turn-index":16,
            "utterance":"運動していたらしっかり布団で寝て疲れを取ることが重要ですね！"
        },
        {
            "speaker":"U",
            "time":"18.10.2020 21:33:44",
            "turn-index":17,
            "utterance":"そうですよね。疲れを取るにはタンパク質をきちんと摂ることも重要らしいですよね。"
        },
        {
            "speaker":"S",
            "time":"18.10.2020 21:33:46",
            "turn-index":18,
            "utterance":"あまり寝れていないのですか？体調が心配ですね、大丈夫ですか？"
        },
        {
            "speaker":"U",
            "time":"18.10.2020 21:34:46",
            "turn-index":19,
            "utterance":"はい、大丈夫ですよ。睡眠と栄養は一応気を付けてますし。"
        },
        {
            "speaker":"S",
            "time":"18.10.2020 21:34:48",
            "turn-index":20,
            "utterance":"早めに寝て、ちゃんと布団で寝ることが健康の基本です！"
        },
        {
            "speaker":"U",
            "time":"18.10.2020 21:35:23",
            "turn-index":21,
            "utterance":"早めに、ちゃんと布団で寝ることですね！あとはタンパク質をきちんと摂るのも大事ですよね！"
        },
        {
            "speaker":"S",
            "time":"18.10.2020 21:35:25",
            "turn-index":22,
            "utterance":"外食とかの繰り返しだとスポーツをしないとですね、何かやられていますか？"
        },
        {
            "speaker":"U",
            "time":"18.10.2020 21:35:45",
            "turn-index":23,
            "utterance":"外食は多いですが、スポーツはあまりしていないんです。"
        },
        {
            "speaker":"S",
            "time":"18.10.2020 21:35:47",
            "turn-index":24,
            "utterance":"夜更かし気味なんですね、体調には気をつけてください。笑"
        },
        {
            "speaker":"U",
            "time":"18.10.2020 21:36:21",
            "turn-index":25,
            "utterance":"はい、気をつけますね。あと栄養も、タンパク質やビタミン、ミネラルとか大事ですしね。"
        },
        {
            "speaker":"S",
            "time":"18.10.2020 21:36:23",
            "turn-index":26,
            "utterance":"日によってはまだ暑かったりしますが、毎日ちゃんと食べられていますか？"
        },
        {
            "speaker":"U",
            "time":"18.10.2020 21:36:41",
            "turn-index":27,
            "utterance":"はい、食欲はいつもあるんですよ。"
        },
        {
            "speaker":"S",
            "time":"18.10.2020 21:36:43",
            "turn-index":28,
            "utterance":"布団に入る時間が遅いとかはないですか？"
        },
        {
            "speaker":"U",
            "time":"18.10.2020 21:37:15",
            "turn-index":29,
            "utterance":"ちょっと遅いかもです。遅い時間に食事したりとか。"
        },
        {
            "speaker":"S",
            "time":"18.10.2020 21:37:15",
            "turn-index":30,
            "utterance":"いろいろお話できて楽しかったです！"
        }
    ]
}