{
    "dialogue-id":"MM2_04",
    "group-id":"",
    "speaker-id":"MMI2020",
    "turns":[
        {
            "speaker":"S",
            "time":"18.10.2020 23:08:06",
            "turn-index":0,
            "utterance":"こんにちは、健康管理を補助するボットです！対話を始めましょう！"
        },
        {
            "speaker":"U",
            "time":"18.10.2020 23:08:48",
            "turn-index":1,
            "utterance":"iイチローを知っていますか？"
        },
        {
            "speaker":"S",
            "time":"18.10.2020 23:08:49",
            "turn-index":2,
            "utterance":"最近秋ですね！秋といえば「食欲の秋」ですね！"
        },
        {
            "speaker":"U",
            "time":"18.10.2020 23:08:59",
            "turn-index":3,
            "utterance":"メジャーリーガーです"
        },
        {
            "speaker":"S",
            "time":"18.10.2020 23:09:00",
            "turn-index":4,
            "utterance":"食べ物が美味しいからですもんね、でも食べ過ぎには気をつけないと。笑"
        },
        {
            "speaker":"U",
            "time":"18.10.2020 23:09:30",
            "turn-index":5,
            "utterance":"野球は知っていますか"
        },
        {
            "speaker":"S",
            "time":"18.10.2020 23:09:31",
            "turn-index":6,
            "utterance":"自炊していらっしゃるんですね！すごいです！"
        },
        {
            "speaker":"U",
            "time":"18.10.2020 23:09:45",
            "turn-index":7,
            "utterance":"アメリカは？"
        },
        {
            "speaker":"S",
            "time":"18.10.2020 23:09:46",
            "turn-index":8,
            "utterance":"涼しいですしなにかスポーツがしてみたいですね！"
        },
        {
            "speaker":"U",
            "time":"18.10.2020 23:09:55",
            "turn-index":9,
            "utterance":"野球はどうですか？"
        },
        {
            "speaker":"S",
            "time":"18.10.2020 23:09:56",
            "turn-index":10,
            "utterance":"好きなもの食べるとストレスの解消にもなり、グッスリ眠れますね〜"
        },
        {
            "speaker":"U",
            "time":"18.10.2020 23:10:15",
            "turn-index":11,
            "utterance":"スポーツの秋ですね"
        },
        {
            "speaker":"S",
            "time":"18.10.2020 23:10:16",
            "turn-index":12,
            "utterance":"食べることは幸せですよね、何が一番好きですか？"
        },
        {
            "speaker":"U",
            "time":"18.10.2020 23:10:49",
            "turn-index":13,
            "utterance":"日本酒が好きです"
        },
        {
            "speaker":"S",
            "time":"18.10.2020 23:10:49",
            "turn-index":14,
            "utterance":"何かしたいスポーツがあったりしますか？"
        },
        {
            "speaker":"U",
            "time":"18.10.2020 23:11:00",
            "turn-index":15,
            "utterance":"日本酒は飲みますか？"
        },
        {
            "speaker":"S",
            "time":"18.10.2020 23:11:01",
            "turn-index":16,
            "utterance":"運動していたらしっかり布団で寝て疲れを取ることが重要ですね！"
        },
        {
            "speaker":"U",
            "time":"18.10.2020 23:11:16",
            "turn-index":17,
            "utterance":"お酒は好きですか？"
        },
        {
            "speaker":"S",
            "time":"18.10.2020 23:11:17",
            "turn-index":18,
            "utterance":"あまり寝れていないのですか？体調が心配ですね、大丈夫ですか？"
        },
        {
            "speaker":"U",
            "time":"18.10.2020 23:11:46",
            "turn-index":19,
            "utterance":"お酒を飲むと眠れます"
        },
        {
            "speaker":"S",
            "time":"18.10.2020 23:11:47",
            "turn-index":20,
            "utterance":"外食とかの繰り返しだとスポーツをしないとですね、何かやられていますか？"
        },
        {
            "speaker":"U",
            "time":"18.10.2020 23:11:58",
            "turn-index":21,
            "utterance":"お酒を飲んでいます"
        },
        {
            "speaker":"S",
            "time":"18.10.2020 23:11:59",
            "turn-index":22,
            "utterance":"外食では普段何を食べているんですか？"
        },
        {
            "speaker":"U",
            "time":"18.10.2020 23:12:06",
            "turn-index":23,
            "utterance":"日本酒です"
        },
        {
            "speaker":"S",
            "time":"18.10.2020 23:12:07",
            "turn-index":24,
            "utterance":"寝る場所はちゃんと布団で睡眠を取れていますか？"
        },
        {
            "speaker":"U",
            "time":"18.10.2020 23:12:25",
            "turn-index":25,
            "utterance":"日本酒は知っていますか？"
        },
        {
            "speaker":"S",
            "time":"18.10.2020 23:12:26",
            "turn-index":26,
            "utterance":"布団に入る時間が遅いとかはないですか？"
        },
        {
            "speaker":"U",
            "time":"18.10.2020 23:12:45",
            "turn-index":27,
            "utterance":"飲んでいると遅くなります"
        },
        {
            "speaker":"S",
            "time":"18.10.2020 23:12:46",
            "turn-index":28,
            "utterance":"早めに寝て、ちゃんと布団で寝ることが健康の基本です！"
        },
        {
            "speaker":"U",
            "time":"18.10.2020 23:12:58",
            "turn-index":29,
            "utterance":"そうですね"
        },
        {
            "speaker":"S",
            "time":"18.10.2020 23:12:58",
            "turn-index":30,
            "utterance":"いろいろお話できて楽しかったです！"
        }
    ]
}