{
    "dialogue-id":"MM2_06",
    "group-id":"",
    "speaker-id":"MMI2020",
    "turns":[
        {
            "speaker":"S",
            "time":"18.10.2020 20:47:30",
            "turn-index":0,
            "utterance":"こんにちは、健康管理を補助するボットです！対話を始めましょう！"
        },
        {
            "speaker":"U",
            "time":"18.10.2020 20:47:38",
            "turn-index":1,
            "utterance":"こんにちは！"
        },
        {
            "speaker":"S",
            "time":"18.10.2020 20:47:39",
            "turn-index":2,
            "utterance":"最近秋ですね！秋といえば「食欲の秋」ですね！"
        },
        {
            "speaker":"U",
            "time":"18.10.2020 20:48:26",
            "turn-index":3,
            "utterance":"秋といえば動物が見頃だと思います。"
        },
        {
            "speaker":"S",
            "time":"18.10.2020 20:48:26",
            "turn-index":4,
            "utterance":"食べ物が美味しいからですもんね、でも食べ過ぎには気をつけないと。笑"
        },
        {
            "speaker":"U",
            "time":"18.10.2020 20:49:11",
            "turn-index":5,
            "utterance":"美味しいた食べ物を動物に与えるのが好きですね。"
        },
        {
            "speaker":"S",
            "time":"18.10.2020 20:49:12",
            "turn-index":6,
            "utterance":"自炊していらっしゃるんですね！すごいです！"
        },
        {
            "speaker":"U",
            "time":"18.10.2020 20:53:27",
            "turn-index":7,
            "utterance":"自炊というか動物のご飯は作りたいです。"
        },
        {
            "speaker":"S",
            "time":"18.10.2020 20:53:27",
            "turn-index":8,
            "utterance":"涼しいですしなにかスポーツがしてみたいですね！"
        },
        {
            "speaker":"U",
            "time":"18.10.2020 20:54:30",
            "turn-index":9,
            "utterance":"ペットの散歩だけで十分運動になりそうです。"
        },
        {
            "speaker":"S",
            "time":"18.10.2020 20:54:31",
            "turn-index":10,
            "utterance":"好きなもの食べるとストレスの解消にもなり、グッスリ眠れますね〜"
        },
        {
            "speaker":"U",
            "time":"18.10.2020 20:55:27",
            "turn-index":11,
            "utterance":"動物を抱いて寝るとストレス解消に良いですよ。"
        },
        {
            "speaker":"S",
            "time":"18.10.2020 20:55:29",
            "turn-index":12,
            "utterance":"何かしたいスポーツがあったりしますか？"
        },
        {
            "speaker":"U",
            "time":"18.10.2020 20:55:42",
            "turn-index":13,
            "utterance":"ドッグランとか？"
        },
        {
            "speaker":"S",
            "time":"18.10.2020 20:55:43",
            "turn-index":14,
            "utterance":"あまり寝れていないのですか？体調が心配ですね、大丈夫ですか？"
        },
        {
            "speaker":"U",
            "time":"18.10.2020 20:57:22",
            "turn-index":15,
            "utterance":"最近だとカバの動画を見てびっくりして眠れなかったときがありますね。"
        },
        {
            "speaker":"S",
            "time":"18.10.2020 20:57:24",
            "turn-index":16,
            "utterance":"食べることは幸せですよね、何が一番好きですか？"
        },
        {
            "speaker":"U",
            "time":"18.10.2020 20:58:03",
            "turn-index":17,
            "utterance":"最近好きなのはカバみたいな大きい生き物です。"
        },
        {
            "speaker":"S",
            "time":"18.10.2020 20:58:05",
            "turn-index":18,
            "utterance":"運動していたらしっかり布団で寝て疲れを取ることが重要ですね！"
        },
        {
            "speaker":"U",
            "time":"18.10.2020 20:59:32",
            "turn-index":19,
            "utterance":"寝るよりも動画で動物ばっかり見ています。"
        },
        {
            "speaker":"S",
            "time":"18.10.2020 20:59:33",
            "turn-index":20,
            "utterance":"外食とかの繰り返しだとスポーツをしないとですね、何かやられていますか？"
        },
        {
            "speaker":"U",
            "time":"18.10.2020 21:00:59",
            "turn-index":21,
            "utterance":"カバの動画を見ながらスクワットしてます。"
        },
        {
            "speaker":"S",
            "time":"18.10.2020 21:01:00",
            "turn-index":22,
            "utterance":"早めに寝て、ちゃんと布団で寝ることが健康の基本です！"
        },
        {
            "speaker":"U",
            "time":"18.10.2020 21:02:02",
            "turn-index":23,
            "utterance":"たしかに、カバくらい健康だと良いんですが。"
        },
        {
            "speaker":"S",
            "time":"18.10.2020 21:02:04",
            "turn-index":24,
            "utterance":"せっかくの秋ですからスポーツがしたくなりますね。"
        },
        {
            "speaker":"U",
            "time":"18.10.2020 21:02:52",
            "turn-index":25,
            "utterance":"アフリカだとカバを追うスポーツがあるとかないとか。"
        },
        {
            "speaker":"S",
            "time":"18.10.2020 21:02:54",
            "turn-index":26,
            "utterance":"夜更かし気味なんですね、体調には気をつけてください。笑"
        },
        {
            "speaker":"U",
            "time":"18.10.2020 21:04:13",
            "turn-index":27,
            "utterance":"ですね、カバと違って夜行性じゃないので笑"
        },
        {
            "speaker":"S",
            "time":"18.10.2020 21:04:16",
            "turn-index":28,
            "utterance":"日によってはまだ暑かったりしますが、毎日ちゃんと食べられていますか？"
        },
        {
            "speaker":"U",
            "time":"18.10.2020 21:04:56",
            "turn-index":29,
            "utterance":"正直カバくらい食べてるかもしれません。"
        },
        {
            "speaker":"S",
            "time":"18.10.2020 21:04:56",
            "turn-index":30,
            "utterance":"いろいろお話できて楽しかったです！"
        }
    ]
}