{
    "dialogue-id":"MM2_14",
    "group-id":"",
    "speaker-id":"MMI2020",
    "turns":[
        {
            "speaker":"S",
            "time":"18.10.2020 23:22:13",
            "turn-index":0,
            "utterance":"こんにちは、健康管理を補助するボットです！対話を始めましょう！"
        },
        {
            "speaker":"U",
            "time":"18.10.2020 23:24:59",
            "turn-index":1,
            "utterance":"こんにちは、乳酸について何か知っていますか？"
        },
        {
            "speaker":"S",
            "time":"18.10.2020 23:25:00",
            "turn-index":2,
            "utterance":"最近秋ですね！秋といえば「食欲の秋」ですね！"
        },
        {
            "speaker":"U",
            "time":"18.10.2020 23:26:05",
            "turn-index":3,
            "utterance":"確かにそうですね。運動の秋でもありますよね。そこで乳酸について何か知りませんか？"
        },
        {
            "speaker":"S",
            "time":"18.10.2020 23:26:05",
            "turn-index":4,
            "utterance":"食べ物が美味しいからですもんね、でも食べ過ぎには気をつけないと。笑"
        },
        {
            "speaker":"U",
            "time":"18.10.2020 23:26:39",
            "turn-index":5,
            "utterance":"食べ過ぎると運動が必要になりますよね。"
        },
        {
            "speaker":"S",
            "time":"18.10.2020 23:26:40",
            "turn-index":6,
            "utterance":"涼しいですしなにかスポーツがしてみたいですね！"
        },
        {
            "speaker":"U",
            "time":"18.10.2020 23:27:02",
            "turn-index":7,
            "utterance":"何のスポーツがしたいですか？"
        },
        {
            "speaker":"S",
            "time":"18.10.2020 23:27:03",
            "turn-index":8,
            "utterance":"自炊していらっしゃるんですね！すごいです！"
        },
        {
            "speaker":"U",
            "time":"18.10.2020 23:27:23",
            "turn-index":9,
            "utterance":"ありがとうございます。"
        },
        {
            "speaker":"S",
            "time":"18.10.2020 23:27:24",
            "turn-index":10,
            "utterance":"好きなもの食べるとストレスの解消にもなり、グッスリ眠れますね〜"
        },
        {
            "speaker":"U",
            "time":"18.10.2020 23:28:51",
            "turn-index":11,
            "utterance":"眠りと言えば、眠りにタンパク質は効果がありますか？"
        },
        {
            "speaker":"S",
            "time":"18.10.2020 23:28:53",
            "turn-index":12,
            "utterance":"運動していたらしっかり布団で寝て疲れを取ることが重要ですね！"
        },
        {
            "speaker":"U",
            "time":"18.10.2020 23:29:34",
            "turn-index":13,
            "utterance":"そうなんですか。眠りにタンパク質は関係しますか？"
        },
        {
            "speaker":"S",
            "time":"18.10.2020 23:29:35",
            "turn-index":14,
            "utterance":"何かしたいスポーツがあったりしますか？"
        },
        {
            "speaker":"U",
            "time":"18.10.2020 23:30:13",
            "turn-index":15,
            "utterance":"スポーツかどうかわかりませんが、ハイキングはしたいです。"
        },
        {
            "speaker":"S",
            "time":"18.10.2020 23:30:15",
            "turn-index":16,
            "utterance":"食べることは幸せですよね、何が一番好きですか？"
        },
        {
            "speaker":"U",
            "time":"18.10.2020 23:30:54",
            "turn-index":17,
            "utterance":"一番好きなのはタンパク質が多めの食べ物です。"
        },
        {
            "speaker":"S",
            "time":"18.10.2020 23:30:55",
            "turn-index":18,
            "utterance":"あまり寝れていないのですか？体調が心配ですね、大丈夫ですか？"
        },
        {
            "speaker":"U",
            "time":"18.10.2020 23:31:40",
            "turn-index":19,
            "utterance":"体調は非常に優れていますよ！心配してくれてありがとうございます。"
        },
        {
            "speaker":"S",
            "time":"18.10.2020 23:31:41",
            "turn-index":20,
            "utterance":"外食とかの繰り返しだとスポーツをしないとですね、何かやられていますか？"
        },
        {
            "speaker":"U",
            "time":"18.10.2020 23:32:43",
            "turn-index":21,
            "utterance":"スポーツは何もやっていません。"
        },
        {
            "speaker":"S",
            "time":"18.10.2020 23:32:45",
            "turn-index":22,
            "utterance":"早めに寝て、ちゃんと布団で寝ることが健康の基本です！"
        },
        {
            "speaker":"U",
            "time":"18.10.2020 23:33:42",
            "turn-index":23,
            "utterance":"分かりました。食事はタンパク質が多めの方が良いですか？"
        },
        {
            "speaker":"S",
            "time":"18.10.2020 23:33:44",
            "turn-index":24,
            "utterance":"夜更かし気味なんですね、体調には気をつけてください。笑"
        },
        {
            "speaker":"U",
            "time":"18.10.2020 23:34:29",
            "turn-index":25,
            "utterance":"あなたも体調には気を付けて下さいね。"
        },
        {
            "speaker":"S",
            "time":"18.10.2020 23:34:32",
            "turn-index":26,
            "utterance":"布団に入る時間が遅いとかはないですか？"
        },
        {
            "speaker":"U",
            "time":"18.10.2020 23:35:03",
            "turn-index":27,
            "utterance":"とくに遅い日はありません。"
        },
        {
            "speaker":"S",
            "time":"18.10.2020 23:35:05",
            "turn-index":28,
            "utterance":"日によってはまだ暑かったりしますが、毎日ちゃんと食べられていますか？"
        },
        {
            "speaker":"U",
            "time":"18.10.2020 23:35:52",
            "turn-index":29,
            "utterance":"毎日タンパク質多めの食材を食べています。"
        },
        {
            "speaker":"S",
            "time":"18.10.2020 23:35:52",
            "turn-index":30,
            "utterance":"いろいろお話できて楽しかったです！"
        }
    ]
}