{
    "dialogue-id":"MM2_38",
    "group-id":"",
    "speaker-id":"MMI2020",
    "turns":[
        {
            "speaker":"S",
            "time":"18.10.2020 18:14:06",
            "turn-index":0,
            "utterance":"こんにちは、健康管理を補助するボットです！対話を始めましょう！"
        },
        {
            "speaker":"U",
            "time":"18.10.2020 18:14:39",
            "turn-index":1,
            "utterance":"こんにちは、よろしくお願いします。もう今年も残すところ2ヶ月ほどですね。"
        },
        {
            "speaker":"S",
            "time":"18.10.2020 18:14:40",
            "turn-index":2,
            "utterance":"最近秋ですね！秋といえば「食欲の秋」ですね！"
        },
        {
            "speaker":"U",
            "time":"18.10.2020 18:15:32",
            "turn-index":3,
            "utterance":"秋の味覚はたまらないですよね。でも私、年末の日本レコード大賞が誰になるのか、もう今から気になってます。"
        },
        {
            "speaker":"S",
            "time":"18.10.2020 18:15:33",
            "turn-index":4,
            "utterance":"食べ物が美味しいからですもんね、でも食べ過ぎには気をつけないと。笑"
        },
        {
            "speaker":"U",
            "time":"18.10.2020 18:16:10",
            "turn-index":5,
            "utterance":"本当に、食欲がとまらないですよね。音楽とか良く聞きますか？好きな歌手とかいますか？"
        },
        {
            "speaker":"S",
            "time":"18.10.2020 18:16:11",
            "turn-index":6,
            "utterance":"自炊していらっしゃるんですね！すごいです！"
        },
        {
            "speaker":"U",
            "time":"18.10.2020 18:17:01",
            "turn-index":7,
            "utterance":"ええ、まあ、1人暮らしなので。でも音楽があれば寂しくありません。今年一番印象に残った曲ってありますか？"
        },
        {
            "speaker":"S",
            "time":"18.10.2020 18:17:03",
            "turn-index":8,
            "utterance":"涼しいですしなにかスポーツがしてみたいですね！"
        },
        {
            "speaker":"U",
            "time":"18.10.2020 18:17:39",
            "turn-index":9,
            "utterance":"スポーツはからっきし苦手なんです。音楽を聞いたり、絵を描いたり、思いっきりインドア系です。"
        },
        {
            "speaker":"S",
            "time":"18.10.2020 18:17:40",
            "turn-index":10,
            "utterance":"好きなもの食べるとストレスの解消にもなり、グッスリ眠れますね〜"
        },
        {
            "speaker":"U",
            "time":"18.10.2020 18:18:07",
            "turn-index":11,
            "utterance":"ぐっすり眠る秘訣と言えば、寝る前に心地の良い音楽をきくとリラックスできますよ。"
        },
        {
            "speaker":"S",
            "time":"18.10.2020 18:18:09",
            "turn-index":12,
            "utterance":"あまり寝れていないのですか？体調が心配ですね、大丈夫ですか？"
        },
        {
            "speaker":"U",
            "time":"18.10.2020 18:18:53",
            "turn-index":13,
            "utterance":"全然、大丈夫です。最近は毎日ジョギングもしているくらいで。ランニングといえば、冬は駅伝のシーズンですよね。"
        },
        {
            "speaker":"S",
            "time":"18.10.2020 18:18:54",
            "turn-index":14,
            "utterance":"食べることは幸せですよね、何が一番好きですか？"
        },
        {
            "speaker":"U",
            "time":"18.10.2020 18:20:17",
            "turn-index":15,
            "utterance":"炊き立てのご飯が大好きです。大学駅伝では、法政大学に注目してるんですが、選手はお米食べてスタミナ付けてると思います。"
        },
        {
            "speaker":"S",
            "time":"18.10.2020 18:20:19",
            "turn-index":16,
            "utterance":"何かしたいスポーツがあったりしますか？"
        },
        {
            "speaker":"U",
            "time":"18.10.2020 18:21:04",
            "turn-index":17,
            "utterance":"スポーツは観戦がもっぱらです。お正月は絶対に箱根駅伝を欠かさずに見てます。来年は法政大学に奮闘してもらいたいです。"
        },
        {
            "speaker":"S",
            "time":"18.10.2020 18:21:06",
            "turn-index":18,
            "utterance":"運動していたらしっかり布団で寝て疲れを取ることが重要ですね！"
        },
        {
            "speaker":"U",
            "time":"18.10.2020 18:21:38",
            "turn-index":19,
            "utterance":"確かに。でも、法政大学の選手たちは緊張してしまって、眠れないかもしれないですよね。"
        },
        {
            "speaker":"S",
            "time":"18.10.2020 18:21:40",
            "turn-index":20,
            "utterance":"外食とかの繰り返しだとスポーツをしないとですね、何かやられていますか？"
        },
        {
            "speaker":"U",
            "time":"18.10.2020 18:22:35",
            "turn-index":21,
            "utterance":"やっぱり何か体を動かすべきですよね。でも、駅伝で応援している法政大学のランナー達を見て、自分も頑張っているつもりになります。"
        },
        {
            "speaker":"S",
            "time":"18.10.2020 18:22:37",
            "turn-index":22,
            "utterance":"早めに寝て、ちゃんと布団で寝ることが健康の基本です！"
        },
        {
            "speaker":"U",
            "time":"18.10.2020 18:23:46",
            "turn-index":23,
            "utterance":"本当ですよね。法政大学の駅伝選手は、勉強に走り込み、体造りと大変だろうと思います。"
        },
        {
            "speaker":"S",
            "time":"18.10.2020 18:23:48",
            "turn-index":24,
            "utterance":"夜更かし気味なんですね、体調には気をつけてください。笑"
        },
        {
            "speaker":"U",
            "time":"18.10.2020 18:24:37",
            "turn-index":25,
            "utterance":"自分だけでなく、法政の選手たちの体調管理も気になるところです。"
        },
        {
            "speaker":"S",
            "time":"18.10.2020 18:24:40",
            "turn-index":26,
            "utterance":"布団に入る時間が遅いとかはないですか？"
        },
        {
            "speaker":"U",
            "time":"18.10.2020 18:25:20",
            "turn-index":27,
            "utterance":"遅い時もありますね。スポーツ選手だと、睡眠と食事はきっと大事でしょうね。"
        },
        {
            "speaker":"S",
            "time":"18.10.2020 18:25:22",
            "turn-index":28,
            "utterance":"日によってはまだ暑かったりしますが、毎日ちゃんと食べられていますか？"
        },
        {
            "speaker":"U",
            "time":"18.10.2020 18:26:45",
            "turn-index":29,
            "utterance":"はい、お陰様で。笑。法政大学の駅伝チームは、栄養の偏りのない工夫を凝らした食事をしていると雑誌で読みました。"
        },
        {
            "speaker":"S",
            "time":"18.10.2020 18:26:46",
            "turn-index":30,
            "utterance":"いろいろお話できて楽しかったです！"
        }
    ]
}