{
    "dialogue-id":"MM2_09",
    "group-id":"",
    "speaker-id":"MMI2020",
    "turns":[
        {
            "speaker":"S",
            "time":"18.10.2020 20:52:02",
            "turn-index":0,
            "utterance":"こんにちは、健康管理を補助するボットです！対話を始めましょう！"
        },
        {
            "speaker":"U",
            "time":"18.10.2020 20:52:17",
            "turn-index":1,
            "utterance":"日本列島は狭いですよね。"
        },
        {
            "speaker":"S",
            "time":"18.10.2020 20:52:17",
            "turn-index":2,
            "utterance":"最近秋ですね！秋といえば「食欲の秋」ですね！"
        },
        {
            "speaker":"U",
            "time":"18.10.2020 20:52:41",
            "turn-index":3,
            "utterance":"日本列島のことを聞いていますので、それについてお願いします。"
        },
        {
            "speaker":"S",
            "time":"18.10.2020 20:52:42",
            "turn-index":4,
            "utterance":"食べ物が美味しいからですもんね、でも食べ過ぎには気をつけないと。笑"
        },
        {
            "speaker":"U",
            "time":"18.10.2020 20:52:59",
            "turn-index":5,
            "utterance":"日本列島はお嫌いでしょうか？"
        },
        {
            "speaker":"S",
            "time":"18.10.2020 20:53:00",
            "turn-index":6,
            "utterance":"自炊していらっしゃるんですね！すごいです！"
        },
        {
            "speaker":"U",
            "time":"18.10.2020 20:53:20",
            "turn-index":7,
            "utterance":"自炊ではなく日本列島が嫌いなのかどうか聞いています。"
        },
        {
            "speaker":"S",
            "time":"18.10.2020 20:53:21",
            "turn-index":8,
            "utterance":"涼しいですしなにかスポーツがしてみたいですね！"
        },
        {
            "speaker":"U",
            "time":"18.10.2020 20:53:38",
            "turn-index":9,
            "utterance":"スポーツはしたいですが、今は日本列島について質問しています。"
        },
        {
            "speaker":"S",
            "time":"18.10.2020 20:53:39",
            "turn-index":10,
            "utterance":"好きなもの食べるとストレスの解消にもなり、グッスリ眠れますね〜"
        },
        {
            "speaker":"U",
            "time":"18.10.2020 20:54:22",
            "turn-index":11,
            "utterance":"確かにそうですが、日本列島の質問には答えて欲しいです。"
        },
        {
            "speaker":"S",
            "time":"18.10.2020 20:54:23",
            "turn-index":12,
            "utterance":"何かしたいスポーツがあったりしますか？"
        },
        {
            "speaker":"U",
            "time":"18.10.2020 20:54:58",
            "turn-index":13,
            "utterance":"スポーツはテニスがしたいです。日本列島の質問には答えてもらえますか？"
        },
        {
            "speaker":"S",
            "time":"18.10.2020 20:54:59",
            "turn-index":14,
            "utterance":"運動していたらしっかり布団で寝て疲れを取ることが重要ですね！"
        },
        {
            "speaker":"U",
            "time":"18.10.2020 20:55:12",
            "turn-index":15,
            "utterance":"ところで、動物は好きですか？"
        },
        {
            "speaker":"S",
            "time":"18.10.2020 20:55:13",
            "turn-index":16,
            "utterance":"食べることは幸せですよね、何が一番好きですか？"
        },
        {
            "speaker":"U",
            "time":"18.10.2020 20:55:30",
            "turn-index":17,
            "utterance":"こちらがまず聞いていますので、それをお願いします。"
        },
        {
            "speaker":"S",
            "time":"18.10.2020 20:55:32",
            "turn-index":18,
            "utterance":"外食とかの繰り返しだとスポーツをしないとですね、何かやられていますか？"
        },
        {
            "speaker":"U",
            "time":"18.10.2020 20:56:01",
            "turn-index":19,
            "utterance":"ウォーキングをしています。動物は好きですか？"
        },
        {
            "speaker":"S",
            "time":"18.10.2020 20:56:03",
            "turn-index":20,
            "utterance":"あまり寝れていないのですか？体調が心配ですね、大丈夫ですか？"
        },
        {
            "speaker":"U",
            "time":"18.10.2020 20:56:31",
            "turn-index":21,
            "utterance":"はい、大丈夫です。では動物で何が好きですか？"
        },
        {
            "speaker":"S",
            "time":"18.10.2020 20:56:33",
            "turn-index":22,
            "utterance":"早めに寝て、ちゃんと布団で寝ることが健康の基本です！"
        },
        {
            "speaker":"U",
            "time":"18.10.2020 20:56:49",
            "turn-index":23,
            "utterance":"そうですね。こちらの質問に答えてもらえますか？"
        },
        {
            "speaker":"S",
            "time":"18.10.2020 20:56:51",
            "turn-index":24,
            "utterance":"夜更かし気味なんですね、体調には気をつけてください。笑"
        },
        {
            "speaker":"U",
            "time":"18.10.2020 20:57:14",
            "turn-index":25,
            "utterance":"お気遣いいただきありがとうございます。動物について質問しているので答えてもらえますか？"
        },
        {
            "speaker":"S",
            "time":"18.10.2020 20:57:16",
            "turn-index":26,
            "utterance":"布団に入る時間が遅いとかはないですか？"
        },
        {
            "speaker":"U",
            "time":"18.10.2020 20:57:31",
            "turn-index":27,
            "utterance":"ないです。動物は嫌いなんですか？"
        },
        {
            "speaker":"S",
            "time":"18.10.2020 20:57:33",
            "turn-index":28,
            "utterance":"日によってはまだ暑かったりしますが、毎日ちゃんと食べられていますか？"
        },
        {
            "speaker":"U",
            "time":"18.10.2020 20:58:04",
            "turn-index":29,
            "utterance":"はい。動物の質問には答えてもらえなさそうで残念です。"
        },
        {
            "speaker":"S",
            "time":"18.10.2020 20:58:06",
            "turn-index":30,
            "utterance":"いろいろお話できて楽しかったです！"
        }
    ]
}