{
    "dialogue-id":"MM2_37",
    "group-id":"",
    "speaker-id":"MMI2020",
    "turns":[
        {
            "speaker":"S",
            "time":"18.10.2020 20:20:10",
            "turn-index":0,
            "utterance":"こんにちは、健康管理を補助するボットです！対話を始めましょう！"
        },
        {
            "speaker":"U",
            "time":"18.10.2020 20:20:36",
            "turn-index":1,
            "utterance":"よろしくお願いします。平成について話しましょう。"
        },
        {
            "speaker":"S",
            "time":"18.10.2020 20:20:36",
            "turn-index":2,
            "utterance":"最近秋ですね！秋といえば「食欲の秋」ですね！"
        },
        {
            "speaker":"U",
            "time":"18.10.2020 20:21:23",
            "turn-index":3,
            "utterance":"そうですね。平成が終わって１年半くらい経ちますがどうですか？"
        },
        {
            "speaker":"S",
            "time":"18.10.2020 20:21:24",
            "turn-index":4,
            "utterance":"自炊していらっしゃるんですね！すごいです！"
        },
        {
            "speaker":"U",
            "time":"18.10.2020 20:22:05",
            "turn-index":5,
            "utterance":"そうですね。平成のころはあまり自炊をしなかったかもしれません。"
        },
        {
            "speaker":"S",
            "time":"18.10.2020 20:22:08",
            "turn-index":6,
            "utterance":"食べ物が美味しいからですもんね、でも食べ過ぎには気をつけないと。笑"
        },
        {
            "speaker":"U",
            "time":"18.10.2020 20:24:06",
            "turn-index":7,
            "utterance":"確かにそうですね。平成について何か知ってることありますか？"
        },
        {
            "speaker":"S",
            "time":"18.10.2020 20:24:15",
            "turn-index":8,
            "utterance":"涼しいですしなにかスポーツがしてみたいですね！"
        },
        {
            "speaker":"U",
            "time":"18.10.2020 20:25:08",
            "turn-index":9,
            "utterance":"そうですね。平成最後に流行ったスポーツといえばラグビーですかね。"
        },
        {
            "speaker":"S",
            "time":"18.10.2020 20:25:14",
            "turn-index":10,
            "utterance":"好きなもの食べるとストレスの解消にもなり、グッスリ眠れますね〜"
        },
        {
            "speaker":"U",
            "time":"18.10.2020 20:25:40",
            "turn-index":11,
            "utterance":"そうかも。平成の間は睡眠時間が短かった気がします。"
        },
        {
            "speaker":"S",
            "time":"18.10.2020 20:25:46",
            "turn-index":12,
            "utterance":"運動していたらしっかり布団で寝て疲れを取ることが重要ですね！"
        },
        {
            "speaker":"U",
            "time":"18.10.2020 20:26:10",
            "turn-index":13,
            "utterance":"それも大事ですね。ところで、半沢直樹みてましたか？"
        },
        {
            "speaker":"S",
            "time":"18.10.2020 20:26:15",
            "turn-index":14,
            "utterance":"何かしたいスポーツがあったりしますか？"
        },
        {
            "speaker":"U",
            "time":"18.10.2020 20:26:38",
            "turn-index":15,
            "utterance":"スポーツは特にいいかなあ。半沢直樹について話しましょうよ。"
        },
        {
            "speaker":"S",
            "time":"18.10.2020 20:26:43",
            "turn-index":16,
            "utterance":"食べることは幸せですよね、何が一番好きですか？"
        },
        {
            "speaker":"U",
            "time":"18.10.2020 20:27:08",
            "turn-index":17,
            "utterance":"食べ物ではありませんが、半沢直樹は好きでしたね。"
        },
        {
            "speaker":"S",
            "time":"18.10.2020 20:27:10",
            "turn-index":18,
            "utterance":"外食とかの繰り返しだとスポーツをしないとですね、何かやられていますか？"
        },
        {
            "speaker":"U",
            "time":"18.10.2020 20:27:45",
            "turn-index":19,
            "utterance":"特にはないですね。半沢直樹で印象に残っているシーンとかありますか？"
        },
        {
            "speaker":"S",
            "time":"18.10.2020 20:27:48",
            "turn-index":20,
            "utterance":"あまり寝れていないのですか？体調が心配ですね、大丈夫ですか？"
        },
        {
            "speaker":"U",
            "time":"18.10.2020 20:28:38",
            "turn-index":21,
            "utterance":"今は大丈夫です。私は半沢直樹では大和田常務が結構好きだったんですけど、そちらはどうですか？"
        },
        {
            "speaker":"S",
            "time":"18.10.2020 20:28:40",
            "turn-index":22,
            "utterance":"外食では普段何を食べているんですか？"
        },
        {
            "speaker":"U",
            "time":"18.10.2020 20:31:18",
            "turn-index":23,
            "utterance":"寿司とかですね。そういえば、半沢直樹でも料亭とかのシーンが多かったですね。"
        },
        {
            "speaker":"S",
            "time":"18.10.2020 20:31:20",
            "turn-index":24,
            "utterance":"布団に入る時間が遅いとかはないですか？"
        },
        {
            "speaker":"U",
            "time":"18.10.2020 20:31:40",
            "turn-index":25,
            "utterance":"それはないですね。半沢直樹で好きな人とかいますか。"
        },
        {
            "speaker":"S",
            "time":"18.10.2020 20:31:41",
            "turn-index":26,
            "utterance":"早めに寝て、ちゃんと布団で寝ることが健康の基本です！"
        },
        {
            "speaker":"U",
            "time":"18.10.2020 20:32:22",
            "turn-index":27,
            "utterance":"それは大事ですね。半沢直樹の登場人物みたいな働き方していたら体を壊しそうですね。"
        },
        {
            "speaker":"S",
            "time":"18.10.2020 20:32:23",
            "turn-index":28,
            "utterance":"夜更かし気味なんですね、体調には気をつけてください。笑"
        },
        {
            "speaker":"U",
            "time":"18.10.2020 20:33:02",
            "turn-index":29,
            "utterance":"はい、ありがとうございます。半沢直樹を見て健康には気を付けようと思いました。"
        },
        {
            "speaker":"S",
            "time":"18.10.2020 20:33:03",
            "turn-index":30,
            "utterance":"いろいろお話できて楽しかったです！"
        }
    ]
}