{
    "dialogue-id":"MM2_22",
    "group-id":"",
    "speaker-id":"MMI2020",
    "turns":[
        {
            "speaker":"S",
            "time":"18.10.2020 23:04:32",
            "turn-index":0,
            "utterance":"こんにちは、健康管理を補助するボットです！対話を始めましょう！"
        },
        {
            "speaker":"U",
            "time":"18.10.2020 23:04:52",
            "turn-index":1,
            "utterance":"闇金ウシジマくんについて話したいです"
        },
        {
            "speaker":"S",
            "time":"18.10.2020 23:04:52",
            "turn-index":2,
            "utterance":"最近秋ですね！秋といえば「食欲の秋」ですね！"
        },
        {
            "speaker":"U",
            "time":"18.10.2020 23:05:08",
            "turn-index":3,
            "utterance":"ですねぇ、私は栗を食べるのが好きです"
        },
        {
            "speaker":"S",
            "time":"18.10.2020 23:05:09",
            "turn-index":4,
            "utterance":"食べ物が美味しいからですもんね、でも食べ過ぎには気をつけないと。笑"
        },
        {
            "speaker":"U",
            "time":"18.10.2020 23:05:20",
            "turn-index":5,
            "utterance":"確かに、体重計が怖いです"
        },
        {
            "speaker":"S",
            "time":"18.10.2020 23:05:20",
            "turn-index":6,
            "utterance":"自炊していらっしゃるんですね！すごいです！"
        },
        {
            "speaker":"U",
            "time":"18.10.2020 23:05:33",
            "turn-index":7,
            "utterance":"外食は高いですから"
        },
        {
            "speaker":"S",
            "time":"18.10.2020 23:05:34",
            "turn-index":8,
            "utterance":"涼しいですしなにかスポーツがしてみたいですね！"
        },
        {
            "speaker":"U",
            "time":"18.10.2020 23:05:55",
            "turn-index":9,
            "utterance":"ですねぇ。最近クライミングをしてみたいと思っていまして"
        },
        {
            "speaker":"S",
            "time":"18.10.2020 23:05:56",
            "turn-index":10,
            "utterance":"好きなもの食べるとストレスの解消にもなり、グッスリ眠れますね〜"
        },
        {
            "speaker":"U",
            "time":"18.10.2020 23:06:18",
            "turn-index":11,
            "utterance":"食べることは好きです。逆に食べすぎて眠れないことがありますが"
        },
        {
            "speaker":"S",
            "time":"18.10.2020 23:06:19",
            "turn-index":12,
            "utterance":"運動していたらしっかり布団で寝て疲れを取ることが重要ですね！"
        },
        {
            "speaker":"U",
            "time":"18.10.2020 23:06:42",
            "turn-index":13,
            "utterance":"今度はウイルスバスターについて話しましょう"
        },
        {
            "speaker":"S",
            "time":"18.10.2020 23:06:43",
            "turn-index":14,
            "utterance":"何かしたいスポーツがあったりしますか？"
        },
        {
            "speaker":"U",
            "time":"18.10.2020 23:07:12",
            "turn-index":15,
            "utterance":"クライミングですね"
        },
        {
            "speaker":"S",
            "time":"18.10.2020 23:07:14",
            "turn-index":16,
            "utterance":"あまり寝れていないのですか？体調が心配ですね、大丈夫ですか？"
        },
        {
            "speaker":"U",
            "time":"18.10.2020 23:07:37",
            "turn-index":17,
            "utterance":"たまに眠れないことがありますが、大丈夫です"
        },
        {
            "speaker":"S",
            "time":"18.10.2020 23:07:39",
            "turn-index":18,
            "utterance":"食べることは幸せですよね、何が一番好きですか？"
        },
        {
            "speaker":"U",
            "time":"18.10.2020 23:07:45",
            "turn-index":19,
            "utterance":"ハンバーグです"
        },
        {
            "speaker":"S",
            "time":"18.10.2020 23:07:47",
            "turn-index":20,
            "utterance":"秋といえば美味しいものってなんでしたっけ？"
        },
        {
            "speaker":"U",
            "time":"18.10.2020 23:07:58",
            "turn-index":21,
            "utterance":"栗ですね"
        },
        {
            "speaker":"S",
            "time":"18.10.2020 23:08:00",
            "turn-index":22,
            "utterance":"外食とかの繰り返しだとスポーツをしないとですね、何かやられていますか？"
        },
        {
            "speaker":"U",
            "time":"18.10.2020 23:08:09",
            "turn-index":23,
            "utterance":"ランニングをしています"
        },
        {
            "speaker":"S",
            "time":"18.10.2020 23:08:10",
            "turn-index":24,
            "utterance":"夜更かし気味なんですね、体調には気をつけてください。笑"
        },
        {
            "speaker":"U",
            "time":"18.10.2020 23:08:20",
            "turn-index":25,
            "utterance":"特に寒い時期ですしね"
        },
        {
            "speaker":"S",
            "time":"18.10.2020 23:08:21",
            "turn-index":26,
            "utterance":"布団に入る時間が遅いとかはないですか？"
        },
        {
            "speaker":"U",
            "time":"18.10.2020 23:08:34",
            "turn-index":27,
            "utterance":"あります。0時過ぎちゃいますね"
        },
        {
            "speaker":"S",
            "time":"18.10.2020 23:08:35",
            "turn-index":28,
            "utterance":"早めに寝て、ちゃんと布団で寝ることが健康の基本です！"
        },
        {
            "speaker":"U",
            "time":"18.10.2020 23:08:47",
            "turn-index":29,
            "utterance":"耳が痛い、なかなか仕事が忙しくて"
        },
        {
            "speaker":"S",
            "time":"18.10.2020 23:08:48",
            "turn-index":30,
            "utterance":"いろいろお話できて楽しかったです！"
        }
    ]
}