{
    "dialogue-id":"MM2_21",
    "group-id":"",
    "speaker-id":"MMI2020",
    "turns":[
        {
            "speaker":"S",
            "time":"19.10.2020 00:18:37",
            "turn-index":0,
            "utterance":"こんにちは、健康管理を補助するボットです！対話を始めましょう！"
        },
        {
            "speaker":"U",
            "time":"19.10.2020 00:18:47",
            "turn-index":1,
            "utterance":"こんばんは。よろしくお願いします。"
        },
        {
            "speaker":"S",
            "time":"19.10.2020 00:18:48",
            "turn-index":2,
            "utterance":"最近秋ですね！秋といえば「食欲の秋」ですね！"
        },
        {
            "speaker":"U",
            "time":"19.10.2020 00:19:07",
            "turn-index":3,
            "utterance":"そうですね。美味しいものもたくさんあり、日本酒がおいしいです。"
        },
        {
            "speaker":"S",
            "time":"19.10.2020 00:19:07",
            "turn-index":4,
            "utterance":"食べ物が美味しいからですもんね、でも食べ過ぎには気をつけないと。笑"
        },
        {
            "speaker":"U",
            "time":"19.10.2020 00:19:23",
            "turn-index":5,
            "utterance":"日本酒飲んでいたら食べ過ぎてしまいます笑い"
        },
        {
            "speaker":"S",
            "time":"19.10.2020 00:19:23",
            "turn-index":6,
            "utterance":"自炊していらっしゃるんですね！すごいです！"
        },
        {
            "speaker":"U",
            "time":"19.10.2020 00:19:45",
            "turn-index":7,
            "utterance":"日本酒に合うおつまみをよく自分で作りますよ"
        },
        {
            "speaker":"S",
            "time":"19.10.2020 00:19:46",
            "turn-index":8,
            "utterance":"涼しいですしなにかスポーツがしてみたいですね！"
        },
        {
            "speaker":"U",
            "time":"19.10.2020 00:20:02",
            "turn-index":9,
            "utterance":"そうですね、昼間は身体を動かして夜はお酒を飲みたいです"
        },
        {
            "speaker":"S",
            "time":"19.10.2020 00:20:03",
            "turn-index":10,
            "utterance":"好きなもの食べるとストレスの解消にもなり、グッスリ眠れますね〜"
        },
        {
            "speaker":"U",
            "time":"19.10.2020 00:20:21",
            "turn-index":11,
            "utterance":"ですよね。日本酒を飲んでいい気分で寝ています"
        },
        {
            "speaker":"S",
            "time":"19.10.2020 00:20:21",
            "turn-index":12,
            "utterance":"食べることは幸せですよね、何が一番好きですか？"
        },
        {
            "speaker":"U",
            "time":"19.10.2020 00:20:50",
            "turn-index":13,
            "utterance":"魚介類が好きですね。"
        },
        {
            "speaker":"S",
            "time":"19.10.2020 00:20:51",
            "turn-index":14,
            "utterance":"寝る場所はちゃんと布団で睡眠を取れていますか？"
        },
        {
            "speaker":"U",
            "time":"19.10.2020 00:22:15",
            "turn-index":15,
            "utterance":"そうですね。インターネットをよくやるんですがそれを見ながら寝てしまうことが多いです。"
        },
        {
            "speaker":"S",
            "time":"19.10.2020 00:22:16",
            "turn-index":16,
            "utterance":"何かしたいスポーツがあったりしますか？"
        },
        {
            "speaker":"U",
            "time":"19.10.2020 00:22:48",
            "turn-index":17,
            "utterance":"ネットの動画でよく野球を見ています"
        },
        {
            "speaker":"S",
            "time":"19.10.2020 00:22:49",
            "turn-index":18,
            "utterance":"運動していたらしっかり布団で寝て疲れを取ることが重要ですね！"
        },
        {
            "speaker":"U",
            "time":"19.10.2020 00:24:20",
            "turn-index":19,
            "utterance":"そうですね。インターネットはあまりされないんですか？"
        },
        {
            "speaker":"S",
            "time":"19.10.2020 00:24:21",
            "turn-index":20,
            "utterance":"あまり寝れていないのですか？体調が心配ですね、大丈夫ですか？"
        },
        {
            "speaker":"U",
            "time":"19.10.2020 00:24:34",
            "turn-index":21,
            "utterance":"体調は大丈夫ですよ。お気遣いありがとうございます。"
        },
        {
            "speaker":"S",
            "time":"19.10.2020 00:24:35",
            "turn-index":22,
            "utterance":"外食とかの繰り返しだとスポーツをしないとですね、何かやられていますか？"
        },
        {
            "speaker":"U",
            "time":"19.10.2020 00:26:07",
            "turn-index":23,
            "utterance":"スポーツってわけではないですけどウォーキングはしていますがだらだらと家でネットをすることが多いです。"
        },
        {
            "speaker":"S",
            "time":"19.10.2020 00:26:08",
            "turn-index":24,
            "utterance":"早めに寝て、ちゃんと布団で寝ることが健康の基本です！"
        },
        {
            "speaker":"U",
            "time":"19.10.2020 00:26:27",
            "turn-index":25,
            "utterance":"そうですよね、したいとは思っているんですがなかなかできていないです。"
        },
        {
            "speaker":"S",
            "time":"19.10.2020 00:26:29",
            "turn-index":26,
            "utterance":"夜更かし気味なんですね、体調には気をつけてください。笑"
        },
        {
            "speaker":"U",
            "time":"19.10.2020 00:26:52",
            "turn-index":27,
            "utterance":"お気遣いありがとうございます。夜更かしのせいで朝起きるのがつらいです。"
        },
        {
            "speaker":"S",
            "time":"19.10.2020 00:26:54",
            "turn-index":28,
            "utterance":"布団に入る時間が遅いとかはないですか？"
        },
        {
            "speaker":"U",
            "time":"19.10.2020 00:27:14",
            "turn-index":29,
            "utterance":"遅いですね。早くても日付が変わったあとです。"
        },
        {
            "speaker":"S",
            "time":"19.10.2020 00:27:14",
            "turn-index":30,
            "utterance":"いろいろお話できて楽しかったです！"
        }
    ]
}