{
    "dialogue-id":"MM2_11",
    "group-id":"",
    "speaker-id":"MMI2020",
    "turns":[
        {
            "speaker":"S",
            "time":"19.10.2020 00:19:46",
            "turn-index":0,
            "utterance":"こんにちは、健康管理を補助するボットです！対話を始めましょう！"
        },
        {
            "speaker":"U",
            "time":"19.10.2020 00:20:36",
            "turn-index":1,
            "utterance":"こんにちは！健康か〜。日本酒が好きで結構飲むんだけど"
        },
        {
            "speaker":"S",
            "time":"19.10.2020 00:20:37",
            "turn-index":2,
            "utterance":"最近秋ですね！秋といえば「食欲の秋」ですね！"
        },
        {
            "speaker":"U",
            "time":"19.10.2020 00:21:08",
            "turn-index":3,
            "utterance":"日本酒はごはんにも良く合うよ"
        },
        {
            "speaker":"S",
            "time":"19.10.2020 00:21:09",
            "turn-index":4,
            "utterance":"食べ物が美味しいからですもんね、でも食べ過ぎには気をつけないと。笑"
        },
        {
            "speaker":"U",
            "time":"19.10.2020 00:21:52",
            "turn-index":5,
            "utterance":"それは大丈夫！つい飲みすごちゃうんだけどね"
        },
        {
            "speaker":"S",
            "time":"19.10.2020 00:21:53",
            "turn-index":6,
            "utterance":"自炊していらっしゃるんですね！すごいです！"
        },
        {
            "speaker":"U",
            "time":"19.10.2020 00:22:14",
            "turn-index":7,
            "utterance":"たいした物は作ってないよ"
        },
        {
            "speaker":"S",
            "time":"19.10.2020 00:22:15",
            "turn-index":8,
            "utterance":"涼しいですしなにかスポーツがしてみたいですね！"
        },
        {
            "speaker":"U",
            "time":"19.10.2020 00:23:13",
            "turn-index":9,
            "utterance":"スポーツか〜。体動かすとまた酒が飲みたくなるなー"
        },
        {
            "speaker":"S",
            "time":"19.10.2020 00:23:14",
            "turn-index":10,
            "utterance":"好きなもの食べるとストレスの解消にもなり、グッスリ眠れますね〜"
        },
        {
            "speaker":"U",
            "time":"19.10.2020 00:23:50",
            "turn-index":11,
            "utterance":"う〜ん。寝酒が無いと寝れないかな。"
        },
        {
            "speaker":"S",
            "time":"19.10.2020 00:23:51",
            "turn-index":12,
            "utterance":"運動していたらしっかり布団で寝て疲れを取ることが重要ですね！"
        },
        {
            "speaker":"U",
            "time":"19.10.2020 00:24:24",
            "turn-index":13,
            "utterance":"なるほど〜寝ながらテレビとか見るのも良いかもね。"
        },
        {
            "speaker":"S",
            "time":"19.10.2020 00:24:25",
            "turn-index":14,
            "utterance":"食べることは幸せですよね、何が一番好きですか？"
        },
        {
            "speaker":"U",
            "time":"19.10.2020 00:24:42",
            "turn-index":15,
            "utterance":"和食かな"
        },
        {
            "speaker":"S",
            "time":"19.10.2020 00:24:43",
            "turn-index":16,
            "utterance":"外食とかの繰り返しだとスポーツをしないとですね、何かやられていますか？"
        },
        {
            "speaker":"U",
            "time":"19.10.2020 00:25:26",
            "turn-index":17,
            "utterance":"いや、何も。テレビでドラマばっかり見てる。半沢直樹とか。"
        },
        {
            "speaker":"S",
            "time":"19.10.2020 00:25:27",
            "turn-index":18,
            "utterance":"何かしたいスポーツがあったりしますか？"
        },
        {
            "speaker":"U",
            "time":"19.10.2020 00:26:16",
            "turn-index":19,
            "utterance":"半沢直樹の中で剣道が出て来るんだよね。ちょっと良いかもって思った。"
        },
        {
            "speaker":"S",
            "time":"19.10.2020 00:26:19",
            "turn-index":20,
            "utterance":"あまり寝れていないのですか？体調が心配ですね、大丈夫ですか？"
        },
        {
            "speaker":"U",
            "time":"19.10.2020 00:26:54",
            "turn-index":21,
            "utterance":"ありがとう。そっちは平気。ドラマとか見ないの？"
        },
        {
            "speaker":"S",
            "time":"19.10.2020 00:26:56",
            "turn-index":22,
            "utterance":"早めに寝て、ちゃんと布団で寝ることが健康の基本です！"
        },
        {
            "speaker":"U",
            "time":"19.10.2020 00:27:24",
            "turn-index":23,
            "utterance":"あ、そうか。健康管理たんとうだもんね。"
        },
        {
            "speaker":"S",
            "time":"19.10.2020 00:27:27",
            "turn-index":24,
            "utterance":"夜更かし気味なんですね、体調には気をつけてください。笑"
        },
        {
            "speaker":"U",
            "time":"19.10.2020 00:28:21",
            "turn-index":25,
            "utterance":"そだねー。半沢直樹とか見てると結構興奮しちゃって余計寝れない。"
        },
        {
            "speaker":"S",
            "time":"19.10.2020 00:28:24",
            "turn-index":26,
            "utterance":"布団に入る時間が遅いとかはないですか？"
        },
        {
            "speaker":"U",
            "time":"19.10.2020 00:28:44",
            "turn-index":27,
            "utterance":"どうだろう。普通だと思うけど。"
        },
        {
            "speaker":"S",
            "time":"19.10.2020 00:28:47",
            "turn-index":28,
            "utterance":"日によってはまだ暑かったりしますが、毎日ちゃんと食べられていますか？"
        },
        {
            "speaker":"U",
            "time":"19.10.2020 00:29:01",
            "turn-index":29,
            "utterance":"うん。"
        },
        {
            "speaker":"S",
            "time":"19.10.2020 00:29:01",
            "turn-index":30,
            "utterance":"いろいろお話できて楽しかったです！"
        }
    ]
}